flow_iri,lot_iri,process_iri,material_iri,supplier_iri,quantity,unit,accounting,scenario_role
http://w3id.org/protys/fixture#Load00000_Flow_TitaniumDioxide,http://w3id.org/protys/fixture#Load00000,http://w3id.org/protys/fixture#Load00000_Process,http://w3id.org/protys/fixture#TitaniumDioxide,http://w3id.org/protys/fixture#Supplier_A,36.2,kg,RECIPE_ONCE_PER_PROCESS,SIMULATED_PRODUCTION_CASE
http://w3id.org/protys/fixture#Load00000_Flow_AcrylicResin,http://w3id.org/protys/fixture#Load00000,http://w3id.org/protys/fixture#Load00000_Process,http://w3id.org/protys/fixture#AcrylicResin,http://w3id.org/protys/fixture#Supplier_B,54.3,kg,RECIPE_ONCE_PER_PROCESS,SIMULATED_PRODUCTION_CASE
http://w3id.org/protys/fixture#Load00000_Flow_Water,http://w3id.org/protys/fixture#Load00000,http://w3id.org/protys/fixture#Load00000_Process,http://w3id.org/protys/fixture#Water,http://w3id.org/protys/fixture#Supplier_A,88.69,kg,RECIPE_ONCE_PER_PROCESS,SIMULATED_PRODUCTION_CASE
http://w3id.org/protys/fixture#Load00000_Flow_Biocide,http://w3id.org/protys/fixture#Load00000,http://w3id.org/protys/fixture#Load00000_Process,http://w3id.org/protys/fixture#Biocide,http://w3id.org/protys/fixture#Supplier_B,1.81,kg,RECIPE_ONCE_PER_PROCESS,SIMULATED_PRODUCTION_CASE
http://w3id.org/protys/fixture#Load00001_Flow_TitaniumDioxide,http://w3id.org/protys/fixture#Load00001,http://w3id.org/protys/fixture#Load00001_Process,http://w3id.org/protys/fixture#TitaniumDioxide,http://w3id.org/protys/fixture#Supplier_A,22.8,kg,RECIPE_ONCE_PER_PROCESS,SIMULATED_PRODUCTION_CASE
http://w3id.org/protys/fixture#Load00001_Flow_AcrylicResin,http://w3id.org/protys/fixture#Load00001,http://w3id.org/protys/fixture#Load00001_Process,http://w3id.org/protys/fixture#AcrylicResin,http://w3id.org/protys/fixture#Supplier_B,34.2,kg,RECIPE_ONCE_PER_PROCESS,SIMULATED_PRODUCTION_CASE
http://w3id.org/protys/fixture#Load00001_Flow_Water,http://w3id.org/protys/fixture#Load00001,http://w3id.org/protys/fixture#Load00001_Process,http://w3id.org/protys/fixture#Water,http://w3id.org/protys/fixture#Supplier_A,55.86,kg,RECIPE_ONCE_PER_PROCESS,SIMULATED_PRODUCTION_CASE
http://w3id.org/protys/fixture#Load00001_Flow_Biocide,http://w3id.org/protys/fixture#Load00001,http://w3id.org/protys/fixture#Load00001_Process,http://w3id.org/protys/fixture#Biocide,http://w3id.org/protys/fixture#Supplier_B,1.14,kg,RECIPE_ONCE_PER_PROCESS,SIMULATED_PRODUCTION_CASE
http://w3id.org/protys/fixture#Load00002_Flow_TitaniumDioxide,http://w3id.org/protys/fixture#Load00002,http://w3id.org/protys/fixture#Load00002_Process,http://w3id.org/protys/fixture#TitaniumDioxide,http://w3id.org/protys/fixture#Supplier_A,20.6,kg,RECIPE_ONCE_PER_PROCESS,SIMULATED_PRODUCTION_CASE
http://w3id.org/protys/fixture#Load00002_Flow_AcrylicResin,http://w3id.org/protys/fixture#Load00002,http://w3id.org/protys/fixture#Load00002_Process,http://w3id.org/protys/fixture#AcrylicResin,http://w3id.org/protys/fixture#Supplier_B,30.9,kg,RECIPE_ONCE_PER_PROCESS,SIMULATED_PRODUCTION_CASE
http://w3id.org/protys/fixture#Load00002_Flow_Water,http://w3id.org/protys/fixture#Load00002,http://w3id.org/protys/fixture#Load00002_Process,http://w3id.org/protys/fixture#Water,http://w3id.org/protys/fixture#Supplier_A,50.47,kg,RECIPE_ONCE_PER_PROCESS,SIMULATED_PRODUCTION_CASE
http://w3id.org/protys/fixture#Load00002_Flow_Biocide,http://w3id.org/protys/fixture#Load00002,http://w3id.org/protys/fixture#Load00002_Process,http://w3id.org/protys/fixture#Biocide,http://w3id.org/protys/fixture#Supplier_B,1.03,kg,RECIPE_ONCE_PER_PROCESS,SIMULATED_PRODUCTION_CASE
http://w3id.org/protys/fixture#Load00003_Flow_TitaniumDioxide,http://w3id.org/protys/fixture#Load00003,http://w3id.org/protys/fixture#Load00003_Process,http://w3id.org/protys/fixture#TitaniumDioxide,http://w3id.org/protys/fixture#Supplier_A,38.8,kg,RECIPE_ONCE_PER_PROCESS,SIMULATED_PRODUCTION_CASE
http://w3id.org/protys/fixture#Load00003_Flow_AcrylicResin,http://w3id.org/protys/fixture#Load00003,http://w3id.org/protys/fixture#Load00003_Process,http://w3id.org/protys/fixture#AcrylicResin,http://w3id.org/protys/fixture#Supplier_B,58.2,kg,RECIPE_ONCE_PER_PROCESS,SIMULATED_PRODUCTION_CASE
http://w3id.org/protys/fixture#Load00003_Flow_Water,http://w3id.org/protys/fixture#Load00003,http://w3id.org/protys/fixture#Load00003_Process,http://w3id.org/protys/fixture#Water,http://w3id.org/protys/fixture#Supplier_A,95.06,kg,RECIPE_ONCE_PER_PROCESS,SIMULATED_PRODUCTION_CASE
http://w3id.org/protys/fixture#Load00003_Flow_Biocide,http://w3id.org/protys/fixture#Load00003,http://w3id.org/protys/fixture#Load00003_Process,http://w3id.org/protys/fixture#Biocide,http://w3id.org/protys/fixture#Supplier_B,1.94,kg,RECIPE_ONCE_PER_PROCESS,SIMULATED_PRODUCTION_CASE
http://w3id.org/protys/fixture#Load00004_Flow_TitaniumDioxide,http://w3id.org/protys/fixture#Load00004,http://w3id.org/protys/fixture#Load00004_Process,http://w3id.org/protys/fixture#TitaniumDioxide,http://w3id.org/protys/fixture#Supplier_A,27,kg,RECIPE_ONCE_PER_PROCESS,SIMULATED_PRODUCTION_CASE
http://w3id.org/protys/fixture#Load00004_Flow_AcrylicResin,http://w3id.org/protys/fixture#Load00004,http://w3id.org/protys/fixture#Load00004_Process,http://w3id.org/protys/fixture#AcrylicResin,http://w3id.org/protys/fixture#Supplier_B,40.5,kg,RECIPE_ONCE_PER_PROCESS,SIMULATED_PRODUCTION_CASE
http://w3id.org/protys/fixture#Load00004_Flow_Water,http://w3id.org/protys/fixture#Load00004,http://w3id.org/protys/fixture#Load00004_Process,http://w3id.org/protys/fixture#Water,http://w3id.org/protys/fixture#Supplier_A,66.15,kg,RECIPE_ONCE_PER_PROCESS,SIMULATED_PRODUCTION_CASE
http://w3id.org/protys/fixture#Load00004_Flow_Biocide,http://w3id.org/protys/fixture#Load00004,http://w3id.org/protys/fixture#Load00004_Process,http://w3id.org/protys/fixture#Biocide,http://w3id.org/protys/fixture#Supplier_B,1.35,kg,RECIPE_ONCE_PER_PROCESS,SIMULATED_PRODUCTION_CASE
http://w3id.org/protys/fixture#Load00005_Flow_TitaniumDioxide,http://w3id.org/protys/fixture#Load00005,http://w3id.org/protys/fixture#Load00005_Process,http://w3id.org/protys/fixture#TitaniumDioxide,http://w3id.org/protys/fixture#Supplier_A,26.2,kg,RECIPE_ONCE_PER_PROCESS,SIMULATED_PRODUCTION_CASE
http://w3id.org/protys/fixture#Load00005_Flow_AcrylicResin,http://w3id.org/protys/fixture#Load00005,http://w3id.org/protys/fixture#Load00005_Process,http://w3id.org/protys/fixture#AcrylicResin,http://w3id.org/protys/fixture#Supplier_B,39.3,kg,RECIPE_ONCE_PER_PROCESS,SIMULATED_PRODUCTION_CASE
http://w3id.org/protys/fixture#Load00005_Flow_Water,http://w3id.org/protys/fixture#Load00005,http://w3id.org/protys/fixture#Load00005_Process,http://w3id.org/protys/fixture#Water,http://w3id.org/protys/fixture#Supplier_A,64.19,kg,RECIPE_ONCE_PER_PROCESS,SIMULATED_PRODUCTION_CASE
http://w3id.org/protys/fixture#Load00005_Flow_Biocide,http://w3id.org/protys/fixture#Load00005,http://w3id.org/protys/fixture#Load00005_Process,http://w3id.org/protys/fixture#Biocide,http://w3id.org/protys/fixture#Supplier_B,1.31,kg,RECIPE_ONCE_PER_PROCESS,SIMULATED_PRODUCTION_CASE
http://w3id.org/protys/fixture#Load00006_Flow_TitaniumDioxide,http://w3id.org/protys/fixture#Load00006,http://w3id.org/protys/fixture#Load00006_Process,http://w3id.org/protys/fixture#TitaniumDioxide,http://w3id.org/protys/fixture#Supplier_A,25.6,kg,RECIPE_ONCE_PER_PROCESS,SIMULATED_PRODUCTION_CASE
http://w3id.org/protys/fixture#Load00006_Flow_AcrylicResin,http://w3id.org/protys/fixture#Load00006,http://w3id.org/protys/fixture#Load00006_Process,http://w3id.org/protys/fixture#AcrylicResin,http://w3id.org/protys/fixture#Supplier_B,38.4,kg,RECIPE_ONCE_PER_PROCESS,SIMULATED_PRODUCTION_CASE
http://w3id.org/protys/fixture#Load00006_Flow_Water,http://w3id.org/protys/fixture#Load00006,http://w3id.org/protys/fixture#Load00006_Process,http://w3id.org/protys/fixture#Water,http://w3id.org/protys/fixture#Supplier_A,62.72,kg,RECIPE_ONCE_PER_PROCESS,SIMULATED_PRODUCTION_CASE
http://w3id.org/protys/fixture#Load00006_Flow_Biocide,http://w3id.org/protys/fixture#Load00006,http://w3id.org/protys/fixture#Load00006_Process,http://w3id.org/protys/fixture#Biocide,http://w3id.org/protys/fixture#Supplier_B,1.28,kg,RECIPE_ONCE_PER_PROCESS,SIMULATED_PRODUCTION_CASE
http://w3id.org/protys/fixture#Load00007_Flow_TitaniumDioxide,http://w3id.org/protys/fixture#Load00007,http://w3id.org/protys/fixture#Load00007_Process,http://w3id.org/protys/fixture#TitaniumDioxide,http://w3id.org/protys/fixture#Supplier_A,23.4,kg,RECIPE_ONCE_PER_PROCESS,SIMULATED_PRODUCTION_CASE
http://w3id.org/protys/fixture#Load00007_Flow_AcrylicResin,http://w3id.org/protys/fixture#Load00007,http://w3id.org/protys/fixture#Load00007_Process,http://w3id.org/protys/fixture#AcrylicResin,http://w3id.org/protys/fixture#Supplier_B,35.1,kg,RECIPE_ONCE_PER_PROCESS,SIMULATED_PRODUCTION_CASE
http://w3id.org/protys/fixture#Load00007_Flow_Water,http://w3id.org/protys/fixture#Load00007,http://w3id.org/protys/fixture#Load00007_Process,http://w3id.org/protys/fixture#Water,http://w3id.org/protys/fixture#Supplier_A,57.33,kg,RECIPE_ONCE_PER_PROCESS,SIMULATED_PRODUCTION_CASE
http://w3id.org/protys/fixture#Load00007_Flow_Biocide,http://w3id.org/protys/fixture#Load00007,http://w3id.org/protys/fixture#Load00007_Process,http://w3id.org/protys/fixture#Biocide,http://w3id.org/protys/fixture#Supplier_B,1.17,kg,RECIPE_ONCE_PER_PROCESS,SIMULATED_PRODUCTION_CASE
http://w3id.org/protys/fixture#Load00008_Flow_TitaniumDioxide,http://w3id.org/protys/fixture#Load00008,http://w3id.org/protys/fixture#Load00008_Process,http://w3id.org/protys/fixture#TitaniumDioxide,http://w3id.org/protys/fixture#Supplier_A,38.8,kg,RECIPE_ONCE_PER_PROCESS,SIMULATED_PRODUCTION_CASE
http://w3id.org/protys/fixture#Load00008_Flow_AcrylicResin,http://w3id.org/protys/fixture#Load00008,http://w3id.org/protys/fixture#Load00008_Process,http://w3id.org/protys/fixture#AcrylicResin,http://w3id.org/protys/fixture#Supplier_B,58.2,kg,RECIPE_ONCE_PER_PROCESS,SIMULATED_PRODUCTION_CASE
http://w3id.org/protys/fixture#Load00008_Flow_Water,http://w3id.org/protys/fixture#Load00008,http://w3id.org/protys/fixture#Load00008_Process,http://w3id.org/protys/fixture#Water,http://w3id.org/protys/fixture#Supplier_A,95.06,kg,RECIPE_ONCE_PER_PROCESS,SIMULATED_PRODUCTION_CASE
http://w3id.org/protys/fixture#Load00008_Flow_Biocide,http://w3id.org/protys/fixture#Load00008,http://w3id.org/protys/fixture#Load00008_Process,http://w3id.org/protys/fixture#Biocide,http://w3id.org/protys/fixture#Supplier_B,1.94,kg,RECIPE_ONCE_PER_PROCESS,SIMULATED_PRODUCTION_CASE
http://w3id.org/protys/fixture#Load00009_Flow_TitaniumDioxide,http://w3id.org/protys/fixture#Load00009,http://w3id.org/protys/fixture#Load00009_Process,http://w3id.org/protys/fixture#TitaniumDioxide,http://w3id.org/protys/fixture#Supplier_A,22.6,kg,RECIPE_ONCE_PER_PROCESS,SIMULATED_PRODUCTION_CASE
http://w3id.org/protys/fixture#Load00009_Flow_AcrylicResin,http://w3id.org/protys/fixture#Load00009,http://w3id.org/protys/fixture#Load00009_Process,http://w3id.org/protys/fixture#AcrylicResin,http://w3id.org/protys/fixture#Supplier_B,33.9,kg,RECIPE_ONCE_PER_PROCESS,SIMULATED_PRODUCTION_CASE
http://w3id.org/protys/fixture#Load00009_Flow_Water,http://w3id.org/protys/fixture#Load00009,http://w3id.org/protys/fixture#Load00009_Process,http://w3id.org/protys/fixture#Water,http://w3id.org/protys/fixture#Supplier_A,55.37,kg,RECIPE_ONCE_PER_PROCESS,SIMULATED_PRODUCTION_CASE
http://w3id.org/protys/fixture#Load00009_Flow_Biocide,http://w3id.org/protys/fixture#Load00009,http://w3id.org/protys/fixture#Load00009_Process,http://w3id.org/protys/fixture#Biocide,http://w3id.org/protys/fixture#Supplier_B,1.13,kg,RECIPE_ONCE_PER_PROCESS,SIMULATED_PRODUCTION_CASE
http://w3id.org/protys/fixture#Load00010_Flow_TitaniumDioxide,http://w3id.org/protys/fixture#Load00010,http://w3id.org/protys/fixture#Load00010_Process,http://w3id.org/protys/fixture#TitaniumDioxide,http://w3id.org/protys/fixture#Supplier_A,37.2,kg,RECIPE_ONCE_PER_PROCESS,SIMULATED_PRODUCTION_CASE
http://w3id.org/protys/fixture#Load00010_Flow_AcrylicResin,http://w3id.org/protys/fixture#Load00010,http://w3id.org/protys/fixture#Load00010_Process,http://w3id.org/protys/fixture#AcrylicResin,http://w3id.org/protys/fixture#Supplier_B,55.8,kg,RECIPE_ONCE_PER_PROCESS,SIMULATED_PRODUCTION_CASE
http://w3id.org/protys/fixture#Load00010_Flow_Water,http://w3id.org/protys/fixture#Load00010,http://w3id.org/protys/fixture#Load00010_Process,http://w3id.org/protys/fixture#Water,http://w3id.org/protys/fixture#Supplier_A,91.14,kg,RECIPE_ONCE_PER_PROCESS,SIMULATED_PRODUCTION_CASE
http://w3id.org/protys/fixture#Load00010_Flow_Biocide,http://w3id.org/protys/fixture#Load00010,http://w3id.org/protys/fixture#Load00010_Process,http://w3id.org/protys/fixture#Biocide,http://w3id.org/protys/fixture#Supplier_B,1.86,kg,RECIPE_ONCE_PER_PROCESS,SIMULATED_PRODUCTION_CASE
http://w3id.org/protys/fixture#Load00011_Flow_TitaniumDioxide,http://w3id.org/protys/fixture#Load00011,http://w3id.org/protys/fixture#Load00011_Process,http://w3id.org/protys/fixture#TitaniumDioxide,http://w3id.org/protys/fixture#Supplier_A,38.8,kg,RECIPE_ONCE_PER_PROCESS,SIMULATED_PRODUCTION_CASE
http://w3id.org/protys/fixture#Load00011_Flow_AcrylicResin,http://w3id.org/protys/fixture#Load00011,http://w3id.org/protys/fixture#Load00011_Process,http://w3id.org/protys/fixture#AcrylicResin,http://w3id.org/protys/fixture#Supplier_B,58.2,kg,RECIPE_ONCE_PER_PROCESS,SIMULATED_PRODUCTION_CASE
http://w3id.org/protys/fixture#Load00011_Flow_Water,http://w3id.org/protys/fixture#Load00011,http://w3id.org/protys/fixture#Load00011_Process,http://w3id.org/protys/fixture#Water,http://w3id.org/protys/fixture#Supplier_A,95.06,kg,RECIPE_ONCE_PER_PROCESS,SIMULATED_PRODUCTION_CASE
http://w3id.org/protys/fixture#Load00011_Flow_Biocide,http://w3id.org/protys/fixture#Load00011,http://w3id.org/protys/fixture#Load00011_Process,http://w3id.org/protys/fixture#Biocide,http://w3id.org/protys/fixture#Supplier_B,1.94,kg,RECIPE_ONCE_PER_PROCESS,SIMULATED_PRODUCTION_CASE
http://w3id.org/protys/fixture#Load00012_Flow_TitaniumDioxide,http://w3id.org/protys/fixture#Load00012,http://w3id.org/protys/fixture#Load00012_Process,http://w3id.org/protys/fixture#TitaniumDioxide,http://w3id.org/protys/fixture#Supplier_A,33.8,kg,RECIPE_ONCE_PER_PROCESS,SIMULATED_PRODUCTION_CASE
http://w3id.org/protys/fixture#Load00012_Flow_AcrylicResin,http://w3id.org/protys/fixture#Load00012,http://w3id.org/protys/fixture#Load00012_Process,http://w3id.org/protys/fixture#AcrylicResin,http://w3id.org/protys/fixture#Supplier_B,50.7,kg,RECIPE_ONCE_PER_PROCESS,SIMULATED_PRODUCTION_CASE
http://w3id.org/protys/fixture#Load00012_Flow_Water,http://w3id.org/protys/fixture#Load00012,http://w3id.org/protys/fixture#Load00012_Process,http://w3id.org/protys/fixture#Water,http://w3id.org/protys/fixture#Supplier_A,82.81,kg,RECIPE_ONCE_PER_PROCESS,SIMULATED_PRODUCTION_CASE
http://w3id.org/protys/fixture#Load00012_Flow_Biocide,http://w3id.org/protys/fixture#Load00012,http://w3id.org/protys/fixture#Load00012_Process,http://w3id.org/protys/fixture#Biocide,http://w3id.org/protys/fixture#Supplier_B,1.69,kg,RECIPE_ONCE_PER_PROCESS,SIMULATED_PRODUCTION_CASE
http://w3id.org/protys/fixture#Load00013_Flow_TitaniumDioxide,http://w3id.org/protys/fixture#Load00013,http://w3id.org/protys/fixture#Load00013_Process,http://w3id.org/protys/fixture#TitaniumDioxide,http://w3id.org/protys/fixture#Supplier_A,22.2,kg,RECIPE_ONCE_PER_PROCESS,SIMULATED_PRODUCTION_CASE
http://w3id.org/protys/fixture#Load00013_Flow_AcrylicResin,http://w3id.org/protys/fixture#Load00013,http://w3id.org/protys/fixture#Load00013_Process,http://w3id.org/protys/fixture#AcrylicResin,http://w3id.org/protys/fixture#Supplier_B,33.3,kg,RECIPE_ONCE_PER_PROCESS,SIMULATED_PRODUCTION_CASE
http://w3id.org/protys/fixture#Load00013_Flow_Water,http://w3id.org/protys/fixture#Load00013,http://w3id.org/protys/fixture#Load00013_Process,http://w3id.org/protys/fixture#Water,http://w3id.org/protys/fixture#Supplier_A,54.39,kg,RECIPE_ONCE_PER_PROCESS,SIMULATED_PRODUCTION_CASE
http://w3id.org/protys/fixture#Load00013_Flow_Biocide,http://w3id.org/protys/fixture#Load00013,http://w3id.org/protys/fixture#Load00013_Process,http://w3id.org/protys/fixture#Biocide,http://w3id.org/protys/fixture#Supplier_B,1.11,kg,RECIPE_ONCE_PER_PROCESS,SIMULATED_PRODUCTION_CASE
http://w3id.org/protys/fixture#Load00014_Flow_TitaniumDioxide,http://w3id.org/protys/fixture#Load00014,http://w3id.org/protys/fixture#Load00014_Process,http://w3id.org/protys/fixture#TitaniumDioxide,http://w3id.org/protys/fixture#Supplier_A,35,kg,RECIPE_ONCE_PER_PROCESS,SIMULATED_PRODUCTION_CASE
http://w3id.org/protys/fixture#Load00014_Flow_AcrylicResin,http://w3id.org/protys/fixture#Load00014,http://w3id.org/protys/fixture#Load00014_Process,http://w3id.org/protys/fixture#AcrylicResin,http://w3id.org/protys/fixture#Supplier_B,52.5,kg,RECIPE_ONCE_PER_PROCESS,SIMULATED_PRODUCTION_CASE
http://w3id.org/protys/fixture#Load00014_Flow_Water,http://w3id.org/protys/fixture#Load00014,http://w3id.org/protys/fixture#Load00014_Process,http://w3id.org/protys/fixture#Water,http://w3id.org/protys/fixture#Supplier_A,85.75,kg,RECIPE_ONCE_PER_PROCESS,SIMULATED_PRODUCTION_CASE
http://w3id.org/protys/fixture#Load00014_Flow_Biocide,http://w3id.org/protys/fixture#Load00014,http://w3id.org/protys/fixture#Load00014_Process,http://w3id.org/protys/fixture#Biocide,http://w3id.org/protys/fixture#Supplier_B,1.75,kg,RECIPE_ONCE_PER_PROCESS,SIMULATED_PRODUCTION_CASE
http://w3id.org/protys/fixture#Load00015_Flow_TitaniumDioxide,http://w3id.org/protys/fixture#Load00015,http://w3id.org/protys/fixture#Load00015_Process,http://w3id.org/protys/fixture#TitaniumDioxide,http://w3id.org/protys/fixture#Supplier_A,30.8,kg,RECIPE_ONCE_PER_PROCESS,SIMULATED_PRODUCTION_CASE
http://w3id.org/protys/fixture#Load00015_Flow_AcrylicResin,http://w3id.org/protys/fixture#Load00015,http://w3id.org/protys/fixture#Load00015_Process,http://w3id.org/protys/fixture#AcrylicResin,http://w3id.org/protys/fixture#Supplier_B,46.2,kg,RECIPE_ONCE_PER_PROCESS,SIMULATED_PRODUCTION_CASE
http://w3id.org/protys/fixture#Load00015_Flow_Water,http://w3id.org/protys/fixture#Load00015,http://w3id.org/protys/fixture#Load00015_Process,http://w3id.org/protys/fixture#Water,http://w3id.org/protys/fixture#Supplier_A,75.46,kg,RECIPE_ONCE_PER_PROCESS,SIMULATED_PRODUCTION_CASE
http://w3id.org/protys/fixture#Load00015_Flow_Biocide,http://w3id.org/protys/fixture#Load00015,http://w3id.org/protys/fixture#Load00015_Process,http://w3id.org/protys/fixture#Biocide,http://w3id.org/protys/fixture#Supplier_B,1.54,kg,RECIPE_ONCE_PER_PROCESS,SIMULATED_PRODUCTION_CASE
http://w3id.org/protys/fixture#Load00016_Flow_TitaniumDioxide,http://w3id.org/protys/fixture#Load00016,http://w3id.org/protys/fixture#Load00016_Process,http://w3id.org/protys/fixture#TitaniumDioxide,http://w3id.org/protys/fixture#Supplier_A,20.8,kg,RECIPE_ONCE_PER_PROCESS,SIMULATED_PRODUCTION_CASE
http://w3id.org/protys/fixture#Load00016_Flow_AcrylicResin,http://w3id.org/protys/fixture#Load00016,http://w3id.org/protys/fixture#Load00016_Process,http://w3id.org/protys/fixture#AcrylicResin,http://w3id.org/protys/fixture#Supplier_B,31.2,kg,RECIPE_ONCE_PER_PROCESS,SIMULATED_PRODUCTION_CASE
http://w3id.org/protys/fixture#Load00016_Flow_Water,http://w3id.org/protys/fixture#Load00016,http://w3id.org/protys/fixture#Load00016_Process,http://w3id.org/protys/fixture#Water,http://w3id.org/protys/fixture#Supplier_A,50.96,kg,RECIPE_ONCE_PER_PROCESS,SIMULATED_PRODUCTION_CASE
http://w3id.org/protys/fixture#Load00016_Flow_Biocide,http://w3id.org/protys/fixture#Load00016,http://w3id.org/protys/fixture#Load00016_Process,http://w3id.org/protys/fixture#Biocide,http://w3id.org/protys/fixture#Supplier_B,1.04,kg,RECIPE_ONCE_PER_PROCESS,SIMULATED_PRODUCTION_CASE
http://w3id.org/protys/fixture#Load00017_Flow_TitaniumDioxide,http://w3id.org/protys/fixture#Load00017,http://w3id.org/protys/fixture#Load00017_Process,http://w3id.org/protys/fixture#TitaniumDioxide,http://w3id.org/protys/fixture#Supplier_A,20.6,kg,RECIPE_ONCE_PER_PROCESS,SIMULATED_PRODUCTION_CASE
http://w3id.org/protys/fixture#Load00017_Flow_AcrylicResin,http://w3id.org/protys/fixture#Load00017,http://w3id.org/protys/fixture#Load00017_Process,http://w3id.org/protys/fixture#AcrylicResin,http://w3id.org/protys/fixture#Supplier_B,30.9,kg,RECIPE_ONCE_PER_PROCESS,SIMULATED_PRODUCTION_CASE
http://w3id.org/protys/fixture#Load00017_Flow_Water,http://w3id.org/protys/fixture#Load00017,http://w3id.org/protys/fixture#Load00017_Process,http://w3id.org/protys/fixture#Water,http://w3id.org/protys/fixture#Supplier_A,50.47,kg,RECIPE_ONCE_PER_PROCESS,SIMULATED_PRODUCTION_CASE
http://w3id.org/protys/fixture#Load00017_Flow_Biocide,http://w3id.org/protys/fixture#Load00017,http://w3id.org/protys/fixture#Load00017_Process,http://w3id.org/protys/fixture#Biocide,http://w3id.org/protys/fixture#Supplier_B,1.03,kg,RECIPE_ONCE_PER_PROCESS,SIMULATED_PRODUCTION_CASE
http://w3id.org/protys/fixture#Load00018_Flow_TitaniumDioxide,http://w3id.org/protys/fixture#Load00018,http://w3id.org/protys/fixture#Load00018_Process,http://w3id.org/protys/fixture#TitaniumDioxide,http://w3id.org/protys/fixture#Supplier_A,22.2,kg,RECIPE_ONCE_PER_PROCESS,SIMULATED_PRODUCTION_CASE
http://w3id.org/protys/fixture#Load00018_Flow_AcrylicResin,http://w3id.org/protys/fixture#Load00018,http://w3id.org/protys/fixture#Load00018_Process,http://w3id.org/protys/fixture#AcrylicResin,http://w3id.org/protys/fixture#Supplier_B,33.3,kg,RECIPE_ONCE_PER_PROCESS,SIMULATED_PRODUCTION_CASE
http://w3id.org/protys/fixture#Load00018_Flow_Water,http://w3id.org/protys/fixture#Load00018,http://w3id.org/protys/fixture#Load00018_Process,http://w3id.org/protys/fixture#Water,http://w3id.org/protys/fixture#Supplier_A,54.39,kg,RECIPE_ONCE_PER_PROCESS,SIMULATED_PRODUCTION_CASE
http://w3id.org/protys/fixture#Load00018_Flow_Biocide,http://w3id.org/protys/fixture#Load00018,http://w3id.org/protys/fixture#Load00018_Process,http://w3id.org/protys/fixture#Biocide,http://w3id.org/protys/fixture#Supplier_B,1.11,kg,RECIPE_ONCE_PER_PROCESS,SIMULATED_PRODUCTION_CASE
http://w3id.org/protys/fixture#Load00019_Flow_TitaniumDioxide,http://w3id.org/protys/fixture#Load00019,http://w3id.org/protys/fixture#Load00019_Process,http://w3id.org/protys/fixture#TitaniumDioxide,http://w3id.org/protys/fixture#Supplier_A,25.4,kg,RECIPE_ONCE_PER_PROCESS,SIMULATED_PRODUCTION_CASE
http://w3id.org/protys/fixture#Load00019_Flow_AcrylicResin,http://w3id.org/protys/fixture#Load00019,http://w3id.org/protys/fixture#Load00019_Process,http://w3id.org/protys/fixture#AcrylicResin,http://w3id.org/protys/fixture#Supplier_B,38.1,kg,RECIPE_ONCE_PER_PROCESS,SIMULATED_PRODUCTION_CASE
http://w3id.org/protys/fixture#Load00019_Flow_Water,http://w3id.org/protys/fixture#Load00019,http://w3id.org/protys/fixture#Load00019_Process,http://w3id.org/protys/fixture#Water,http://w3id.org/protys/fixture#Supplier_A,62.23,kg,RECIPE_ONCE_PER_PROCESS,SIMULATED_PRODUCTION_CASE
http://w3id.org/protys/fixture#Load00019_Flow_Biocide,http://w3id.org/protys/fixture#Load00019,http://w3id.org/protys/fixture#Load00019_Process,http://w3id.org/protys/fixture#Biocide,http://w3id.org/protys/fixture#Supplier_B,1.27,kg,RECIPE_ONCE_PER_PROCESS,SIMULATED_PRODUCTION_CASE
http://w3id.org/protys/fixture#Load00020_Flow_TitaniumDioxide,http://w3id.org/protys/fixture#Load00020,http://w3id.org/protys/fixture#Load00020_Process,http://w3id.org/protys/fixture#TitaniumDioxide,http://w3id.org/protys/fixture#Supplier_A,25.8,kg,RECIPE_ONCE_PER_PROCESS,SIMULATED_PRODUCTION_CASE
http://w3id.org/protys/fixture#Load00020_Flow_AcrylicResin,http://w3id.org/protys/fixture#Load00020,http://w3id.org/protys/fixture#Load00020_Process,http://w3id.org/protys/fixture#AcrylicResin,http://w3id.org/protys/fixture#Supplier_B,38.7,kg,RECIPE_ONCE_PER_PROCESS,SIMULATED_PRODUCTION_CASE
http://w3id.org/protys/fixture#Load00020_Flow_Water,http://w3id.org/protys/fixture#Load00020,http://w3id.org/protys/fixture#Load00020_Process,http://w3id.org/protys/fixture#Water,http://w3id.org/protys/fixture#Supplier_A,63.21,kg,RECIPE_ONCE_PER_PROCESS,SIMULATED_PRODUCTION_CASE
http://w3id.org/protys/fixture#Load00020_Flow_Biocide,http://w3id.org/protys/fixture#Load00020,http://w3id.org/protys/fixture#Load00020_Process,http://w3id.org/protys/fixture#Biocide,http://w3id.org/protys/fixture#Supplier_B,1.29,kg,RECIPE_ONCE_PER_PROCESS,SIMULATED_PRODUCTION_CASE
http://w3id.org/protys/fixture#Load00021_Flow_TitaniumDioxide,http://w3id.org/protys/fixture#Load00021,http://w3id.org/protys/fixture#Load00021_Process,http://w3id.org/protys/fixture#TitaniumDioxide,http://w3id.org/protys/fixture#Supplier_A,32.8,kg,RECIPE_ONCE_PER_PROCESS,SIMULATED_PRODUCTION_CASE
http://w3id.org/protys/fixture#Load00021_Flow_AcrylicResin,http://w3id.org/protys/fixture#Load00021,http://w3id.org/protys/fixture#Load00021_Process,http://w3id.org/protys/fixture#AcrylicResin,http://w3id.org/protys/fixture#Supplier_B,49.2,kg,RECIPE_ONCE_PER_PROCESS,SIMULATED_PRODUCTION_CASE
http://w3id.org/protys/fixture#Load00021_Flow_Water,http://w3id.org/protys/fixture#Load00021,http://w3id.org/protys/fixture#Load00021_Process,http://w3id.org/protys/fixture#Water,http://w3id.org/protys/fixture#Supplier_A,80.36,kg,RECIPE_ONCE_PER_PROCESS,SIMULATED_PRODUCTION_CASE
http://w3id.org/protys/fixture#Load00021_Flow_Biocide,http://w3id.org/protys/fixture#Load00021,http://w3id.org/protys/fixture#Load00021_Process,http://w3id.org/protys/fixture#Biocide,http://w3id.org/protys/fixture#Supplier_B,1.64,kg,RECIPE_ONCE_PER_PROCESS,SIMULATED_PRODUCTION_CASE
http://w3id.org/protys/fixture#Load00022_Flow_TitaniumDioxide,http://w3id.org/protys/fixture#Load00022,http://w3id.org/protys/fixture#Load00022_Process,http://w3id.org/protys/fixture#TitaniumDioxide,http://w3id.org/protys/fixture#Supplier_A,35.4,kg,RECIPE_ONCE_PER_PROCESS,SIMULATED_PRODUCTION_CASE
http://w3id.org/protys/fixture#Load00022_Flow_AcrylicResin,http://w3id.org/protys/fixture#Load00022,http://w3id.org/protys/fixture#Load00022_Process,http://w3id.org/protys/fixture#AcrylicResin,http://w3id.org/protys/fixture#Supplier_B,53.1,kg,RECIPE_ONCE_PER_PROCESS,SIMULATED_PRODUCTION_CASE
http://w3id.org/protys/fixture#Load00022_Flow_Water,http://w3id.org/protys/fixture#Load00022,http://w3id.org/protys/fixture#Load00022_Process,http://w3id.org/protys/fixture#Water,http://w3id.org/protys/fixture#Supplier_A,86.73,kg,RECIPE_ONCE_PER_PROCESS,SIMULATED_PRODUCTION_CASE
http://w3id.org/protys/fixture#Load00022_Flow_Biocide,http://w3id.org/protys/fixture#Load00022,http://w3id.org/protys/fixture#Load00022_Process,http://w3id.org/protys/fixture#Biocide,http://w3id.org/protys/fixture#Supplier_B,1.77,kg,RECIPE_ONCE_PER_PROCESS,SIMULATED_PRODUCTION_CASE
http://w3id.org/protys/fixture#Load00023_Flow_TitaniumDioxide,http://w3id.org/protys/fixture#Load00023,http://w3id.org/protys/fixture#Load00023_Process,http://w3id.org/protys/fixture#TitaniumDioxide,http://w3id.org/protys/fixture#Supplier_A,20.6,kg,RECIPE_ONCE_PER_PROCESS,SIMULATED_PRODUCTION_CASE
http://w3id.org/protys/fixture#Load00023_Flow_AcrylicResin,http://w3id.org/protys/fixture#Load00023,http://w3id.org/protys/fixture#Load00023_Process,http://w3id.org/protys/fixture#AcrylicResin,http://w3id.org/protys/fixture#Supplier_B,30.9,kg,RECIPE_ONCE_PER_PROCESS,SIMULATED_PRODUCTION_CASE
http://w3id.org/protys/fixture#Load00023_Flow_Water,http://w3id.org/protys/fixture#Load00023,http://w3id.org/protys/fixture#Load00023_Process,http://w3id.org/protys/fixture#Water,http://w3id.org/protys/fixture#Supplier_A,50.47,kg,RECIPE_ONCE_PER_PROCESS,SIMULATED_PRODUCTION_CASE
http://w3id.org/protys/fixture#Load00023_Flow_Biocide,http://w3id.org/protys/fixture#Load00023,http://w3id.org/protys/fixture#Load00023_Process,http://w3id.org/protys/fixture#Biocide,http://w3id.org/protys/fixture#Supplier_B,1.03,kg,RECIPE_ONCE_PER_PROCESS,SIMULATED_PRODUCTION_CASE
http://w3id.org/protys/fixture#Load00024_Flow_TitaniumDioxide,http://w3id.org/protys/fixture#Load00024,http://w3id.org/protys/fixture#Load00024_Process,http://w3id.org/protys/fixture#TitaniumDioxide,http://w3id.org/protys/fixture#Supplier_A,34.2,kg,RECIPE_ONCE_PER_PROCESS,SIMULATED_PRODUCTION_CASE
http://w3id.org/protys/fixture#Load00024_Flow_AcrylicResin,http://w3id.org/protys/fixture#Load00024,http://w3id.org/protys/fixture#Load00024_Process,http://w3id.org/protys/fixture#AcrylicResin,http://w3id.org/protys/fixture#Supplier_B,51.3,kg,RECIPE_ONCE_PER_PROCESS,SIMULATED_PRODUCTION_CASE
http://w3id.org/protys/fixture#Load00024_Flow_Water,http://w3id.org/protys/fixture#Load00024,http://w3id.org/protys/fixture#Load00024_Process,http://w3id.org/protys/fixture#Water,http://w3id.org/protys/fixture#Supplier_A,83.79,kg,RECIPE_ONCE_PER_PROCESS,SIMULATED_PRODUCTION_CASE
http://w3id.org/protys/fixture#Load00024_Flow_Biocide,http://w3id.org/protys/fixture#Load00024,http://w3id.org/protys/fixture#Load00024_Process,http://w3id.org/protys/fixture#Biocide,http://w3id.org/protys/fixture#Supplier_B,1.71,kg,RECIPE_ONCE_PER_PROCESS,SIMULATED_PRODUCTION_CASE
http://w3id.org/protys/fixture#Load00025_Flow_TitaniumDioxide,http://w3id.org/protys/fixture#Load00025,http://w3id.org/protys/fixture#Load00025_Process,http://w3id.org/protys/fixture#TitaniumDioxide,http://w3id.org/protys/fixture#Supplier_A,25,kg,RECIPE_ONCE_PER_PROCESS,SIMULATED_PRODUCTION_CASE
http://w3id.org/protys/fixture#Load00025_Flow_AcrylicResin,http://w3id.org/protys/fixture#Load00025,http://w3id.org/protys/fixture#Load00025_Process,http://w3id.org/protys/fixture#AcrylicResin,http://w3id.org/protys/fixture#Supplier_B,37.5,kg,RECIPE_ONCE_PER_PROCESS,SIMULATED_PRODUCTION_CASE
http://w3id.org/protys/fixture#Load00025_Flow_Water,http://w3id.org/protys/fixture#Load00025,http://w3id.org/protys/fixture#Load00025_Process,http://w3id.org/protys/fixture#Water,http://w3id.org/protys/fixture#Supplier_A,61.25,kg,RECIPE_ONCE_PER_PROCESS,SIMULATED_PRODUCTION_CASE
http://w3id.org/protys/fixture#Load00025_Flow_Biocide,http://w3id.org/protys/fixture#Load00025,http://w3id.org/protys/fixture#Load00025_Process,http://w3id.org/protys/fixture#Biocide,http://w3id.org/protys/fixture#Supplier_B,1.25,kg,RECIPE_ONCE_PER_PROCESS,SIMULATED_PRODUCTION_CASE
http://w3id.org/protys/fixture#Load00026_Flow_TitaniumDioxide,http://w3id.org/protys/fixture#Load00026,http://w3id.org/protys/fixture#Load00026_Process,http://w3id.org/protys/fixture#TitaniumDioxide,http://w3id.org/protys/fixture#Supplier_A,38.2,kg,RECIPE_ONCE_PER_PROCESS,SIMULATED_PRODUCTION_CASE
http://w3id.org/protys/fixture#Load00026_Flow_AcrylicResin,http://w3id.org/protys/fixture#Load00026,http://w3id.org/protys/fixture#Load00026_Process,http://w3id.org/protys/fixture#AcrylicResin,http://w3id.org/protys/fixture#Supplier_B,57.3,kg,RECIPE_ONCE_PER_PROCESS,SIMULATED_PRODUCTION_CASE
http://w3id.org/protys/fixture#Load00026_Flow_Water,http://w3id.org/protys/fixture#Load00026,http://w3id.org/protys/fixture#Load00026_Process,http://w3id.org/protys/fixture#Water,http://w3id.org/protys/fixture#Supplier_A,93.59,kg,RECIPE_ONCE_PER_PROCESS,SIMULATED_PRODUCTION_CASE
http://w3id.org/protys/fixture#Load00026_Flow_Biocide,http://w3id.org/protys/fixture#Load00026,http://w3id.org/protys/fixture#Load00026_Process,http://w3id.org/protys/fixture#Biocide,http://w3id.org/protys/fixture#Supplier_B,1.91,kg,RECIPE_ONCE_PER_PROCESS,SIMULATED_PRODUCTION_CASE
http://w3id.org/protys/fixture#Load00027_Flow_TitaniumDioxide,http://w3id.org/protys/fixture#Load00027,http://w3id.org/protys/fixture#Load00027_Process,http://w3id.org/protys/fixture#TitaniumDioxide,http://w3id.org/protys/fixture#Supplier_A,36.6,kg,RECIPE_ONCE_PER_PROCESS,SIMULATED_PRODUCTION_CASE
http://w3id.org/protys/fixture#Load00027_Flow_AcrylicResin,http://w3id.org/protys/fixture#Load00027,http://w3id.org/protys/fixture#Load00027_Process,http://w3id.org/protys/fixture#AcrylicResin,http://w3id.org/protys/fixture#Supplier_B,54.9,kg,RECIPE_ONCE_PER_PROCESS,SIMULATED_PRODUCTION_CASE
http://w3id.org/protys/fixture#Load00027_Flow_Water,http://w3id.org/protys/fixture#Load00027,http://w3id.org/protys/fixture#Load00027_Process,http://w3id.org/protys/fixture#Water,http://w3id.org/protys/fixture#Supplier_A,89.67,kg,RECIPE_ONCE_PER_PROCESS,SIMULATED_PRODUCTION_CASE
http://w3id.org/protys/fixture#Load00027_Flow_Biocide,http://w3id.org/protys/fixture#Load00027,http://w3id.org/protys/fixture#Load00027_Process,http://w3id.org/protys/fixture#Biocide,http://w3id.org/protys/fixture#Supplier_B,1.83,kg,RECIPE_ONCE_PER_PROCESS,SIMULATED_PRODUCTION_CASE
http://w3id.org/protys/fixture#Load00028_Flow_TitaniumDioxide,http://w3id.org/protys/fixture#Load00028,http://w3id.org/protys/fixture#Load00028_Process,http://w3id.org/protys/fixture#TitaniumDioxide,http://w3id.org/protys/fixture#Supplier_A,37.8,kg,RECIPE_ONCE_PER_PROCESS,SIMULATED_PRODUCTION_CASE
http://w3id.org/protys/fixture#Load00028_Flow_AcrylicResin,http://w3id.org/protys/fixture#Load00028,http://w3id.org/protys/fixture#Load00028_Process,http://w3id.org/protys/fixture#AcrylicResin,http://w3id.org/protys/fixture#Supplier_B,56.7,kg,RECIPE_ONCE_PER_PROCESS,SIMULATED_PRODUCTION_CASE
http://w3id.org/protys/fixture#Load00028_Flow_Water,http://w3id.org/protys/fixture#Load00028,http://w3id.org/protys/fixture#Load00028_Process,http://w3id.org/protys/fixture#Water,http://w3id.org/protys/fixture#Supplier_A,92.61,kg,RECIPE_ONCE_PER_PROCESS,SIMULATED_PRODUCTION_CASE
http://w3id.org/protys/fixture#Load00028_Flow_Biocide,http://w3id.org/protys/fixture#Load00028,http://w3id.org/protys/fixture#Load00028_Process,http://w3id.org/protys/fixture#Biocide,http://w3id.org/protys/fixture#Supplier_B,1.89,kg,RECIPE_ONCE_PER_PROCESS,SIMULATED_PRODUCTION_CASE
http://w3id.org/protys/fixture#Load00029_Flow_TitaniumDioxide,http://w3id.org/protys/fixture#Load00029,http://w3id.org/protys/fixture#Load00029_Process,http://w3id.org/protys/fixture#TitaniumDioxide,http://w3id.org/protys/fixture#Supplier_A,33.8,kg,RECIPE_ONCE_PER_PROCESS,SIMULATED_PRODUCTION_CASE
http://w3id.org/protys/fixture#Load00029_Flow_AcrylicResin,http://w3id.org/protys/fixture#Load00029,http://w3id.org/protys/fixture#Load00029_Process,http://w3id.org/protys/fixture#AcrylicResin,http://w3id.org/protys/fixture#Supplier_B,50.7,kg,RECIPE_ONCE_PER_PROCESS,SIMULATED_PRODUCTION_CASE
http://w3id.org/protys/fixture#Load00029_Flow_Water,http://w3id.org/protys/fixture#Load00029,http://w3id.org/protys/fixture#Load00029_Process,http://w3id.org/protys/fixture#Water,http://w3id.org/protys/fixture#Supplier_A,82.81,kg,RECIPE_ONCE_PER_PROCESS,SIMULATED_PRODUCTION_CASE
http://w3id.org/protys/fixture#Load00029_Flow_Biocide,http://w3id.org/protys/fixture#Load00029,http://w3id.org/protys/fixture#Load00029_Process,http://w3id.org/protys/fixture#Biocide,http://w3id.org/protys/fixture#Supplier_B,1.69,kg,RECIPE_ONCE_PER_PROCESS,SIMULATED_PRODUCTION_CASE
http://w3id.org/protys/fixture#Load00030_Flow_TitaniumDioxide,http://w3id.org/protys/fixture#Load00030,http://w3id.org/protys/fixture#Load00030_Process,http://w3id.org/protys/fixture#TitaniumDioxide,http://w3id.org/protys/fixture#Supplier_A,30.6,kg,RECIPE_ONCE_PER_PROCESS,SIMULATED_PRODUCTION_CASE
http://w3id.org/protys/fixture#Load00030_Flow_AcrylicResin,http://w3id.org/protys/fixture#Load00030,http://w3id.org/protys/fixture#Load00030_Process,http://w3id.org/protys/fixture#AcrylicResin,http://w3id.org/protys/fixture#Supplier_B,45.9,kg,RECIPE_ONCE_PER_PROCESS,SIMULATED_PRODUCTION_CASE
http://w3id.org/protys/fixture#Load00030_Flow_Water,http://w3id.org/protys/fixture#Load00030,http://w3id.org/protys/fixture#Load00030_Process,http://w3id.org/protys/fixture#Water,http://w3id.org/protys/fixture#Supplier_A,74.97,kg,RECIPE_ONCE_PER_PROCESS,SIMULATED_PRODUCTION_CASE
http://w3id.org/protys/fixture#Load00030_Flow_Biocide,http://w3id.org/protys/fixture#Load00030,http://w3id.org/protys/fixture#Load00030_Process,http://w3id.org/protys/fixture#Biocide,http://w3id.org/protys/fixture#Supplier_B,1.53,kg,RECIPE_ONCE_PER_PROCESS,SIMULATED_PRODUCTION_CASE
http://w3id.org/protys/fixture#Load00031_Flow_TitaniumDioxide,http://w3id.org/protys/fixture#Load00031,http://w3id.org/protys/fixture#Load00031_Process,http://w3id.org/protys/fixture#TitaniumDioxide,http://w3id.org/protys/fixture#Supplier_A,25.6,kg,RECIPE_ONCE_PER_PROCESS,SIMULATED_PRODUCTION_CASE
http://w3id.org/protys/fixture#Load00031_Flow_AcrylicResin,http://w3id.org/protys/fixture#Load00031,http://w3id.org/protys/fixture#Load00031_Process,http://w3id.org/protys/fixture#AcrylicResin,http://w3id.org/protys/fixture#Supplier_B,38.4,kg,RECIPE_ONCE_PER_PROCESS,SIMULATED_PRODUCTION_CASE
http://w3id.org/protys/fixture#Load00031_Flow_Water,http://w3id.org/protys/fixture#Load00031,http://w3id.org/protys/fixture#Load00031_Process,http://w3id.org/protys/fixture#Water,http://w3id.org/protys/fixture#Supplier_A,62.72,kg,RECIPE_ONCE_PER_PROCESS,SIMULATED_PRODUCTION_CASE
http://w3id.org/protys/fixture#Load00031_Flow_Biocide,http://w3id.org/protys/fixture#Load00031,http://w3id.org/protys/fixture#Load00031_Process,http://w3id.org/protys/fixture#Biocide,http://w3id.org/protys/fixture#Supplier_B,1.28,kg,RECIPE_ONCE_PER_PROCESS,SIMULATED_PRODUCTION_CASE
http://w3id.org/protys/fixture#Load00032_Flow_TitaniumDioxide,http://w3id.org/protys/fixture#Load00032,http://w3id.org/protys/fixture#Load00032_Process,http://w3id.org/protys/fixture#TitaniumDioxide,http://w3id.org/protys/fixture#Supplier_A,31.4,kg,RECIPE_ONCE_PER_PROCESS,SIMULATED_PRODUCTION_CASE
http://w3id.org/protys/fixture#Load00032_Flow_AcrylicResin,http://w3id.org/protys/fixture#Load00032,http://w3id.org/protys/fixture#Load00032_Process,http://w3id.org/protys/fixture#AcrylicResin,http://w3id.org/protys/fixture#Supplier_B,47.1,kg,RECIPE_ONCE_PER_PROCESS,SIMULATED_PRODUCTION_CASE
http://w3id.org/protys/fixture#Load00032_Flow_Water,http://w3id.org/protys/fixture#Load00032,http://w3id.org/protys/fixture#Load00032_Process,http://w3id.org/protys/fixture#Water,http://w3id.org/protys/fixture#Supplier_A,76.93,kg,RECIPE_ONCE_PER_PROCESS,SIMULATED_PRODUCTION_CASE
http://w3id.org/protys/fixture#Load00032_Flow_Biocide,http://w3id.org/protys/fixture#Load00032,http://w3id.org/protys/fixture#Load00032_Process,http://w3id.org/protys/fixture#Biocide,http://w3id.org/protys/fixture#Supplier_B,1.57,kg,RECIPE_ONCE_PER_PROCESS,SIMULATED_PRODUCTION_CASE
http://w3id.org/protys/fixture#Load00033_Flow_TitaniumDioxide,http://w3id.org/protys/fixture#Load00033,http://w3id.org/protys/fixture#Load00033_Process,http://w3id.org/protys/fixture#TitaniumDioxide,http://w3id.org/protys/fixture#Supplier_A,35,kg,RECIPE_ONCE_PER_PROCESS,SIMULATED_PRODUCTION_CASE
http://w3id.org/protys/fixture#Load00033_Flow_AcrylicResin,http://w3id.org/protys/fixture#Load00033,http://w3id.org/protys/fixture#Load00033_Process,http://w3id.org/protys/fixture#AcrylicResin,http://w3id.org/protys/fixture#Supplier_B,52.5,kg,RECIPE_ONCE_PER_PROCESS,SIMULATED_PRODUCTION_CASE
http://w3id.org/protys/fixture#Load00033_Flow_Water,http://w3id.org/protys/fixture#Load00033,http://w3id.org/protys/fixture#Load00033_Process,http://w3id.org/protys/fixture#Water,http://w3id.org/protys/fixture#Supplier_A,85.75,kg,RECIPE_ONCE_PER_PROCESS,SIMULATED_PRODUCTION_CASE
http://w3id.org/protys/fixture#Load00033_Flow_Biocide,http://w3id.org/protys/fixture#Load00033,http://w3id.org/protys/fixture#Load00033_Process,http://w3id.org/protys/fixture#Biocide,http://w3id.org/protys/fixture#Supplier_B,1.75,kg,RECIPE_ONCE_PER_PROCESS,SIMULATED_PRODUCTION_CASE
http://w3id.org/protys/fixture#Load00034_Flow_TitaniumDioxide,http://w3id.org/protys/fixture#Load00034,http://w3id.org/protys/fixture#Load00034_Process,http://w3id.org/protys/fixture#TitaniumDioxide,http://w3id.org/protys/fixture#Supplier_A,27,kg,RECIPE_ONCE_PER_PROCESS,SIMULATED_PRODUCTION_CASE
http://w3id.org/protys/fixture#Load00034_Flow_AcrylicResin,http://w3id.org/protys/fixture#Load00034,http://w3id.org/protys/fixture#Load00034_Process,http://w3id.org/protys/fixture#AcrylicResin,http://w3id.org/protys/fixture#Supplier_B,40.5,kg,RECIPE_ONCE_PER_PROCESS,SIMULATED_PRODUCTION_CASE
http://w3id.org/protys/fixture#Load00034_Flow_Water,http://w3id.org/protys/fixture#Load00034,http://w3id.org/protys/fixture#Load00034_Process,http://w3id.org/protys/fixture#Water,http://w3id.org/protys/fixture#Supplier_A,66.15,kg,RECIPE_ONCE_PER_PROCESS,SIMULATED_PRODUCTION_CASE
http://w3id.org/protys/fixture#Load00034_Flow_Biocide,http://w3id.org/protys/fixture#Load00034,http://w3id.org/protys/fixture#Load00034_Process,http://w3id.org/protys/fixture#Biocide,http://w3id.org/protys/fixture#Supplier_B,1.35,kg,RECIPE_ONCE_PER_PROCESS,SIMULATED_PRODUCTION_CASE
http://w3id.org/protys/fixture#Load00035_Flow_TitaniumDioxide,http://w3id.org/protys/fixture#Load00035,http://w3id.org/protys/fixture#Load00035_Process,http://w3id.org/protys/fixture#TitaniumDioxide,http://w3id.org/protys/fixture#Supplier_A,20,kg,RECIPE_ONCE_PER_PROCESS,SIMULATED_PRODUCTION_CASE
http://w3id.org/protys/fixture#Load00035_Flow_AcrylicResin,http://w3id.org/protys/fixture#Load00035,http://w3id.org/protys/fixture#Load00035_Process,http://w3id.org/protys/fixture#AcrylicResin,http://w3id.org/protys/fixture#Supplier_B,30,kg,RECIPE_ONCE_PER_PROCESS,SIMULATED_PRODUCTION_CASE
http://w3id.org/protys/fixture#Load00035_Flow_Water,http://w3id.org/protys/fixture#Load00035,http://w3id.org/protys/fixture#Load00035_Process,http://w3id.org/protys/fixture#Water,http://w3id.org/protys/fixture#Supplier_A,49,kg,RECIPE_ONCE_PER_PROCESS,SIMULATED_PRODUCTION_CASE
http://w3id.org/protys/fixture#Load00035_Flow_Biocide,http://w3id.org/protys/fixture#Load00035,http://w3id.org/protys/fixture#Load00035_Process,http://w3id.org/protys/fixture#Biocide,http://w3id.org/protys/fixture#Supplier_B,1,kg,RECIPE_ONCE_PER_PROCESS,SIMULATED_PRODUCTION_CASE
http://w3id.org/protys/fixture#Load00036_Flow_TitaniumDioxide,http://w3id.org/protys/fixture#Load00036,http://w3id.org/protys/fixture#Load00036_Process,http://w3id.org/protys/fixture#TitaniumDioxide,http://w3id.org/protys/fixture#Supplier_A,39.4,kg,RECIPE_ONCE_PER_PROCESS,SIMULATED_PRODUCTION_CASE
http://w3id.org/protys/fixture#Load00036_Flow_AcrylicResin,http://w3id.org/protys/fixture#Load00036,http://w3id.org/protys/fixture#Load00036_Process,http://w3id.org/protys/fixture#AcrylicResin,http://w3id.org/protys/fixture#Supplier_B,59.1,kg,RECIPE_ONCE_PER_PROCESS,SIMULATED_PRODUCTION_CASE
http://w3id.org/protys/fixture#Load00036_Flow_Water,http://w3id.org/protys/fixture#Load00036,http://w3id.org/protys/fixture#Load00036_Process,http://w3id.org/protys/fixture#Water,http://w3id.org/protys/fixture#Supplier_A,96.53,kg,RECIPE_ONCE_PER_PROCESS,SIMULATED_PRODUCTION_CASE
http://w3id.org/protys/fixture#Load00036_Flow_Biocide,http://w3id.org/protys/fixture#Load00036,http://w3id.org/protys/fixture#Load00036_Process,http://w3id.org/protys/fixture#Biocide,http://w3id.org/protys/fixture#Supplier_B,1.97,kg,RECIPE_ONCE_PER_PROCESS,SIMULATED_PRODUCTION_CASE
http://w3id.org/protys/fixture#Load00037_Flow_TitaniumDioxide,http://w3id.org/protys/fixture#Load00037,http://w3id.org/protys/fixture#Load00037_Process,http://w3id.org/protys/fixture#TitaniumDioxide,http://w3id.org/protys/fixture#Supplier_A,24,kg,RECIPE_ONCE_PER_PROCESS,SIMULATED_PRODUCTION_CASE
http://w3id.org/protys/fixture#Load00037_Flow_AcrylicResin,http://w3id.org/protys/fixture#Load00037,http://w3id.org/protys/fixture#Load00037_Process,http://w3id.org/protys/fixture#AcrylicResin,http://w3id.org/protys/fixture#Supplier_B,36,kg,RECIPE_ONCE_PER_PROCESS,SIMULATED_PRODUCTION_CASE
http://w3id.org/protys/fixture#Load00037_Flow_Water,http://w3id.org/protys/fixture#Load00037,http://w3id.org/protys/fixture#Load00037_Process,http://w3id.org/protys/fixture#Water,http://w3id.org/protys/fixture#Supplier_A,58.8,kg,RECIPE_ONCE_PER_PROCESS,SIMULATED_PRODUCTION_CASE
http://w3id.org/protys/fixture#Load00037_Flow_Biocide,http://w3id.org/protys/fixture#Load00037,http://w3id.org/protys/fixture#Load00037_Process,http://w3id.org/protys/fixture#Biocide,http://w3id.org/protys/fixture#Supplier_B,1.2,kg,RECIPE_ONCE_PER_PROCESS,SIMULATED_PRODUCTION_CASE
http://w3id.org/protys/fixture#Load00038_Flow_TitaniumDioxide,http://w3id.org/protys/fixture#Load00038,http://w3id.org/protys/fixture#Load00038_Process,http://w3id.org/protys/fixture#TitaniumDioxide,http://w3id.org/protys/fixture#Supplier_A,37.8,kg,RECIPE_ONCE_PER_PROCESS,SIMULATED_PRODUCTION_CASE
http://w3id.org/protys/fixture#Load00038_Flow_AcrylicResin,http://w3id.org/protys/fixture#Load00038,http://w3id.org/protys/fixture#Load00038_Process,http://w3id.org/protys/fixture#AcrylicResin,http://w3id.org/protys/fixture#Supplier_B,56.7,kg,RECIPE_ONCE_PER_PROCESS,SIMULATED_PRODUCTION_CASE
http://w3id.org/protys/fixture#Load00038_Flow_Water,http://w3id.org/protys/fixture#Load00038,http://w3id.org/protys/fixture#Load00038_Process,http://w3id.org/protys/fixture#Water,http://w3id.org/protys/fixture#Supplier_A,92.61,kg,RECIPE_ONCE_PER_PROCESS,SIMULATED_PRODUCTION_CASE
http://w3id.org/protys/fixture#Load00038_Flow_Biocide,http://w3id.org/protys/fixture#Load00038,http://w3id.org/protys/fixture#Load00038_Process,http://w3id.org/protys/fixture#Biocide,http://w3id.org/protys/fixture#Supplier_B,1.89,kg,RECIPE_ONCE_PER_PROCESS,SIMULATED_PRODUCTION_CASE
http://w3id.org/protys/fixture#Load00039_Flow_TitaniumDioxide,http://w3id.org/protys/fixture#Load00039,http://w3id.org/protys/fixture#Load00039_Process,http://w3id.org/protys/fixture#TitaniumDioxide,http://w3id.org/protys/fixture#Supplier_A,30.8,kg,RECIPE_ONCE_PER_PROCESS,SIMULATED_PRODUCTION_CASE
http://w3id.org/protys/fixture#Load00039_Flow_AcrylicResin,http://w3id.org/protys/fixture#Load00039,http://w3id.org/protys/fixture#Load00039_Process,http://w3id.org/protys/fixture#AcrylicResin,http://w3id.org/protys/fixture#Supplier_B,46.2,kg,RECIPE_ONCE_PER_PROCESS,SIMULATED_PRODUCTION_CASE
http://w3id.org/protys/fixture#Load00039_Flow_Water,http://w3id.org/protys/fixture#Load00039,http://w3id.org/protys/fixture#Load00039_Process,http://w3id.org/protys/fixture#Water,http://w3id.org/protys/fixture#Supplier_A,75.46,kg,RECIPE_ONCE_PER_PROCESS,SIMULATED_PRODUCTION_CASE
http://w3id.org/protys/fixture#Load00039_Flow_Biocide,http://w3id.org/protys/fixture#Load00039,http://w3id.org/protys/fixture#Load00039_Process,http://w3id.org/protys/fixture#Biocide,http://w3id.org/protys/fixture#Supplier_B,1.54,kg,RECIPE_ONCE_PER_PROCESS,SIMULATED_PRODUCTION_CASE
http://w3id.org/protys/fixture#Load00040_Flow_TitaniumDioxide,http://w3id.org/protys/fixture#Load00040,http://w3id.org/protys/fixture#Load00040_Process,http://w3id.org/protys/fixture#TitaniumDioxide,http://w3id.org/protys/fixture#Supplier_A,28.6,kg,RECIPE_ONCE_PER_PROCESS,SIMULATED_PRODUCTION_CASE
http://w3id.org/protys/fixture#Load00040_Flow_AcrylicResin,http://w3id.org/protys/fixture#Load00040,http://w3id.org/protys/fixture#Load00040_Process,http://w3id.org/protys/fixture#AcrylicResin,http://w3id.org/protys/fixture#Supplier_B,42.9,kg,RECIPE_ONCE_PER_PROCESS,SIMULATED_PRODUCTION_CASE
http://w3id.org/protys/fixture#Load00040_Flow_Water,http://w3id.org/protys/fixture#Load00040,http://w3id.org/protys/fixture#Load00040_Process,http://w3id.org/protys/fixture#Water,http://w3id.org/protys/fixture#Supplier_A,70.07,kg,RECIPE_ONCE_PER_PROCESS,SIMULATED_PRODUCTION_CASE
http://w3id.org/protys/fixture#Load00040_Flow_Biocide,http://w3id.org/protys/fixture#Load00040,http://w3id.org/protys/fixture#Load00040_Process,http://w3id.org/protys/fixture#Biocide,http://w3id.org/protys/fixture#Supplier_B,1.43,kg,RECIPE_ONCE_PER_PROCESS,SIMULATED_PRODUCTION_CASE
http://w3id.org/protys/fixture#Load00041_Flow_TitaniumDioxide,http://w3id.org/protys/fixture#Load00041,http://w3id.org/protys/fixture#Load00041_Process,http://w3id.org/protys/fixture#TitaniumDioxide,http://w3id.org/protys/fixture#Supplier_A,27,kg,RECIPE_ONCE_PER_PROCESS,SIMULATED_PRODUCTION_CASE
http://w3id.org/protys/fixture#Load00041_Flow_AcrylicResin,http://w3id.org/protys/fixture#Load00041,http://w3id.org/protys/fixture#Load00041_Process,http://w3id.org/protys/fixture#AcrylicResin,http://w3id.org/protys/fixture#Supplier_B,40.5,kg,RECIPE_ONCE_PER_PROCESS,SIMULATED_PRODUCTION_CASE
http://w3id.org/protys/fixture#Load00041_Flow_Water,http://w3id.org/protys/fixture#Load00041,http://w3id.org/protys/fixture#Load00041_Process,http://w3id.org/protys/fixture#Water,http://w3id.org/protys/fixture#Supplier_A,66.15,kg,RECIPE_ONCE_PER_PROCESS,SIMULATED_PRODUCTION_CASE
http://w3id.org/protys/fixture#Load00041_Flow_Biocide,http://w3id.org/protys/fixture#Load00041,http://w3id.org/protys/fixture#Load00041_Process,http://w3id.org/protys/fixture#Biocide,http://w3id.org/protys/fixture#Supplier_B,1.35,kg,RECIPE_ONCE_PER_PROCESS,SIMULATED_PRODUCTION_CASE
http://w3id.org/protys/fixture#Load00042_Flow_TitaniumDioxide,http://w3id.org/protys/fixture#Load00042,http://w3id.org/protys/fixture#Load00042_Process,http://w3id.org/protys/fixture#TitaniumDioxide,http://w3id.org/protys/fixture#Supplier_A,23.8,kg,RECIPE_ONCE_PER_PROCESS,SIMULATED_PRODUCTION_CASE
http://w3id.org/protys/fixture#Load00042_Flow_AcrylicResin,http://w3id.org/protys/fixture#Load00042,http://w3id.org/protys/fixture#Load00042_Process,http://w3id.org/protys/fixture#AcrylicResin,http://w3id.org/protys/fixture#Supplier_B,35.7,kg,RECIPE_ONCE_PER_PROCESS,SIMULATED_PRODUCTION_CASE
http://w3id.org/protys/fixture#Load00042_Flow_Water,http://w3id.org/protys/fixture#Load00042,http://w3id.org/protys/fixture#Load00042_Process,http://w3id.org/protys/fixture#Water,http://w3id.org/protys/fixture#Supplier_A,58.31,kg,RECIPE_ONCE_PER_PROCESS,SIMULATED_PRODUCTION_CASE
http://w3id.org/protys/fixture#Load00042_Flow_Biocide,http://w3id.org/protys/fixture#Load00042,http://w3id.org/protys/fixture#Load00042_Process,http://w3id.org/protys/fixture#Biocide,http://w3id.org/protys/fixture#Supplier_B,1.19,kg,RECIPE_ONCE_PER_PROCESS,SIMULATED_PRODUCTION_CASE
http://w3id.org/protys/fixture#Load00043_Flow_TitaniumDioxide,http://w3id.org/protys/fixture#Load00043,http://w3id.org/protys/fixture#Load00043_Process,http://w3id.org/protys/fixture#TitaniumDioxide,http://w3id.org/protys/fixture#Supplier_A,25.4,kg,RECIPE_ONCE_PER_PROCESS,SIMULATED_PRODUCTION_CASE
http://w3id.org/protys/fixture#Load00043_Flow_AcrylicResin,http://w3id.org/protys/fixture#Load00043,http://w3id.org/protys/fixture#Load00043_Process,http://w3id.org/protys/fixture#AcrylicResin,http://w3id.org/protys/fixture#Supplier_B,38.1,kg,RECIPE_ONCE_PER_PROCESS,SIMULATED_PRODUCTION_CASE
http://w3id.org/protys/fixture#Load00043_Flow_Water,http://w3id.org/protys/fixture#Load00043,http://w3id.org/protys/fixture#Load00043_Process,http://w3id.org/protys/fixture#Water,http://w3id.org/protys/fixture#Supplier_A,62.23,kg,RECIPE_ONCE_PER_PROCESS,SIMULATED_PRODUCTION_CASE
http://w3id.org/protys/fixture#Load00043_Flow_Biocide,http://w3id.org/protys/fixture#Load00043,http://w3id.org/protys/fixture#Load00043_Process,http://w3id.org/protys/fixture#Biocide,http://w3id.org/protys/fixture#Supplier_B,1.27,kg,RECIPE_ONCE_PER_PROCESS,SIMULATED_PRODUCTION_CASE
http://w3id.org/protys/fixture#Load00044_Flow_TitaniumDioxide,http://w3id.org/protys/fixture#Load00044,http://w3id.org/protys/fixture#Load00044_Process,http://w3id.org/protys/fixture#TitaniumDioxide,http://w3id.org/protys/fixture#Supplier_A,39.4,kg,RECIPE_ONCE_PER_PROCESS,SIMULATED_PRODUCTION_CASE
http://w3id.org/protys/fixture#Load00044_Flow_AcrylicResin,http://w3id.org/protys/fixture#Load00044,http://w3id.org/protys/fixture#Load00044_Process,http://w3id.org/protys/fixture#AcrylicResin,http://w3id.org/protys/fixture#Supplier_B,59.1,kg,RECIPE_ONCE_PER_PROCESS,SIMULATED_PRODUCTION_CASE
http://w3id.org/protys/fixture#Load00044_Flow_Water,http://w3id.org/protys/fixture#Load00044,http://w3id.org/protys/fixture#Load00044_Process,http://w3id.org/protys/fixture#Water,http://w3id.org/protys/fixture#Supplier_A,96.53,kg,RECIPE_ONCE_PER_PROCESS,SIMULATED_PRODUCTION_CASE
http://w3id.org/protys/fixture#Load00044_Flow_Biocide,http://w3id.org/protys/fixture#Load00044,http://w3id.org/protys/fixture#Load00044_Process,http://w3id.org/protys/fixture#Biocide,http://w3id.org/protys/fixture#Supplier_B,1.97,kg,RECIPE_ONCE_PER_PROCESS,SIMULATED_PRODUCTION_CASE
http://w3id.org/protys/fixture#Load00045_Flow_TitaniumDioxide,http://w3id.org/protys/fixture#Load00045,http://w3id.org/protys/fixture#Load00045_Process,http://w3id.org/protys/fixture#TitaniumDioxide,http://w3id.org/protys/fixture#Supplier_A,28.6,kg,RECIPE_ONCE_PER_PROCESS,SIMULATED_PRODUCTION_CASE
http://w3id.org/protys/fixture#Load00045_Flow_AcrylicResin,http://w3id.org/protys/fixture#Load00045,http://w3id.org/protys/fixture#Load00045_Process,http://w3id.org/protys/fixture#AcrylicResin,http://w3id.org/protys/fixture#Supplier_B,42.9,kg,RECIPE_ONCE_PER_PROCESS,SIMULATED_PRODUCTION_CASE
http://w3id.org/protys/fixture#Load00045_Flow_Water,http://w3id.org/protys/fixture#Load00045,http://w3id.org/protys/fixture#Load00045_Process,http://w3id.org/protys/fixture#Water,http://w3id.org/protys/fixture#Supplier_A,70.07,kg,RECIPE_ONCE_PER_PROCESS,SIMULATED_PRODUCTION_CASE
http://w3id.org/protys/fixture#Load00045_Flow_Biocide,http://w3id.org/protys/fixture#Load00045,http://w3id.org/protys/fixture#Load00045_Process,http://w3id.org/protys/fixture#Biocide,http://w3id.org/protys/fixture#Supplier_B,1.43,kg,RECIPE_ONCE_PER_PROCESS,SIMULATED_PRODUCTION_CASE
http://w3id.org/protys/fixture#Load00046_Flow_TitaniumDioxide,http://w3id.org/protys/fixture#Load00046,http://w3id.org/protys/fixture#Load00046_Process,http://w3id.org/protys/fixture#TitaniumDioxide,http://w3id.org/protys/fixture#Supplier_A,22.6,kg,RECIPE_ONCE_PER_PROCESS,SIMULATED_PRODUCTION_CASE
http://w3id.org/protys/fixture#Load00046_Flow_AcrylicResin,http://w3id.org/protys/fixture#Load00046,http://w3id.org/protys/fixture#Load00046_Process,http://w3id.org/protys/fixture#AcrylicResin,http://w3id.org/protys/fixture#Supplier_B,33.9,kg,RECIPE_ONCE_PER_PROCESS,SIMULATED_PRODUCTION_CASE
http://w3id.org/protys/fixture#Load00046_Flow_Water,http://w3id.org/protys/fixture#Load00046,http://w3id.org/protys/fixture#Load00046_Process,http://w3id.org/protys/fixture#Water,http://w3id.org/protys/fixture#Supplier_A,55.37,kg,RECIPE_ONCE_PER_PROCESS,SIMULATED_PRODUCTION_CASE
http://w3id.org/protys/fixture#Load00046_Flow_Biocide,http://w3id.org/protys/fixture#Load00046,http://w3id.org/protys/fixture#Load00046_Process,http://w3id.org/protys/fixture#Biocide,http://w3id.org/protys/fixture#Supplier_B,1.13,kg,RECIPE_ONCE_PER_PROCESS,SIMULATED_PRODUCTION_CASE
http://w3id.org/protys/fixture#Load00047_Flow_TitaniumDioxide,http://w3id.org/protys/fixture#Load00047,http://w3id.org/protys/fixture#Load00047_Process,http://w3id.org/protys/fixture#TitaniumDioxide,http://w3id.org/protys/fixture#Supplier_A,22.2,kg,RECIPE_ONCE_PER_PROCESS,SIMULATED_PRODUCTION_CASE
http://w3id.org/protys/fixture#Load00047_Flow_AcrylicResin,http://w3id.org/protys/fixture#Load00047,http://w3id.org/protys/fixture#Load00047_Process,http://w3id.org/protys/fixture#AcrylicResin,http://w3id.org/protys/fixture#Supplier_B,33.3,kg,RECIPE_ONCE_PER_PROCESS,SIMULATED_PRODUCTION_CASE
http://w3id.org/protys/fixture#Load00047_Flow_Water,http://w3id.org/protys/fixture#Load00047,http://w3id.org/protys/fixture#Load00047_Process,http://w3id.org/protys/fixture#Water,http://w3id.org/protys/fixture#Supplier_A,54.39,kg,RECIPE_ONCE_PER_PROCESS,SIMULATED_PRODUCTION_CASE
http://w3id.org/protys/fixture#Load00047_Flow_Biocide,http://w3id.org/protys/fixture#Load00047,http://w3id.org/protys/fixture#Load00047_Process,http://w3id.org/protys/fixture#Biocide,http://w3id.org/protys/fixture#Supplier_B,1.11,kg,RECIPE_ONCE_PER_PROCESS,SIMULATED_PRODUCTION_CASE
http://w3id.org/protys/fixture#Load00048_Flow_TitaniumDioxide,http://w3id.org/protys/fixture#Load00048,http://w3id.org/protys/fixture#Load00048_Process,http://w3id.org/protys/fixture#TitaniumDioxide,http://w3id.org/protys/fixture#Supplier_A,29.6,kg,RECIPE_ONCE_PER_PROCESS,SIMULATED_PRODUCTION_CASE
http://w3id.org/protys/fixture#Load00048_Flow_AcrylicResin,http://w3id.org/protys/fixture#Load00048,http://w3id.org/protys/fixture#Load00048_Process,http://w3id.org/protys/fixture#AcrylicResin,http://w3id.org/protys/fixture#Supplier_B,44.4,kg,RECIPE_ONCE_PER_PROCESS,SIMULATED_PRODUCTION_CASE
http://w3id.org/protys/fixture#Load00048_Flow_Water,http://w3id.org/protys/fixture#Load00048,http://w3id.org/protys/fixture#Load00048_Process,http://w3id.org/protys/fixture#Water,http://w3id.org/protys/fixture#Supplier_A,72.52,kg,RECIPE_ONCE_PER_PROCESS,SIMULATED_PRODUCTION_CASE
http://w3id.org/protys/fixture#Load00048_Flow_Biocide,http://w3id.org/protys/fixture#Load00048,http://w3id.org/protys/fixture#Load00048_Process,http://w3id.org/protys/fixture#Biocide,http://w3id.org/protys/fixture#Supplier_B,1.48,kg,RECIPE_ONCE_PER_PROCESS,SIMULATED_PRODUCTION_CASE
http://w3id.org/protys/fixture#Load00049_Flow_TitaniumDioxide,http://w3id.org/protys/fixture#Load00049,http://w3id.org/protys/fixture#Load00049_Process,http://w3id.org/protys/fixture#TitaniumDioxide,http://w3id.org/protys/fixture#Supplier_A,22.4,kg,RECIPE_ONCE_PER_PROCESS,SIMULATED_PRODUCTION_CASE
http://w3id.org/protys/fixture#Load00049_Flow_AcrylicResin,http://w3id.org/protys/fixture#Load00049,http://w3id.org/protys/fixture#Load00049_Process,http://w3id.org/protys/fixture#AcrylicResin,http://w3id.org/protys/fixture#Supplier_B,33.6,kg,RECIPE_ONCE_PER_PROCESS,SIMULATED_PRODUCTION_CASE
http://w3id.org/protys/fixture#Load00049_Flow_Water,http://w3id.org/protys/fixture#Load00049,http://w3id.org/protys/fixture#Load00049_Process,http://w3id.org/protys/fixture#Water,http://w3id.org/protys/fixture#Supplier_A,54.88,kg,RECIPE_ONCE_PER_PROCESS,SIMULATED_PRODUCTION_CASE
http://w3id.org/protys/fixture#Load00049_Flow_Biocide,http://w3id.org/protys/fixture#Load00049,http://w3id.org/protys/fixture#Load00049_Process,http://w3id.org/protys/fixture#Biocide,http://w3id.org/protys/fixture#Supplier_B,1.12,kg,RECIPE_ONCE_PER_PROCESS,SIMULATED_PRODUCTION_CASE
http://w3id.org/protys/fixture#Load00050_Flow_TitaniumDioxide,http://w3id.org/protys/fixture#Load00050,http://w3id.org/protys/fixture#Load00050_Process,http://w3id.org/protys/fixture#TitaniumDioxide,http://w3id.org/protys/fixture#Supplier_A,29,kg,RECIPE_ONCE_PER_PROCESS,SIMULATED_PRODUCTION_CASE
http://w3id.org/protys/fixture#Load00050_Flow_AcrylicResin,http://w3id.org/protys/fixture#Load00050,http://w3id.org/protys/fixture#Load00050_Process,http://w3id.org/protys/fixture#AcrylicResin,http://w3id.org/protys/fixture#Supplier_B,43.5,kg,RECIPE_ONCE_PER_PROCESS,SIMULATED_PRODUCTION_CASE
http://w3id.org/protys/fixture#Load00050_Flow_Water,http://w3id.org/protys/fixture#Load00050,http://w3id.org/protys/fixture#Load00050_Process,http://w3id.org/protys/fixture#Water,http://w3id.org/protys/fixture#Supplier_A,71.05,kg,RECIPE_ONCE_PER_PROCESS,SIMULATED_PRODUCTION_CASE
http://w3id.org/protys/fixture#Load00050_Flow_Biocide,http://w3id.org/protys/fixture#Load00050,http://w3id.org/protys/fixture#Load00050_Process,http://w3id.org/protys/fixture#Biocide,http://w3id.org/protys/fixture#Supplier_B,1.45,kg,RECIPE_ONCE_PER_PROCESS,SIMULATED_PRODUCTION_CASE
http://w3id.org/protys/fixture#Load00051_Flow_TitaniumDioxide,http://w3id.org/protys/fixture#Load00051,http://w3id.org/protys/fixture#Load00051_Process,http://w3id.org/protys/fixture#TitaniumDioxide,http://w3id.org/protys/fixture#Supplier_A,28.8,kg,RECIPE_ONCE_PER_PROCESS,SIMULATED_PRODUCTION_CASE
http://w3id.org/protys/fixture#Load00051_Flow_AcrylicResin,http://w3id.org/protys/fixture#Load00051,http://w3id.org/protys/fixture#Load00051_Process,http://w3id.org/protys/fixture#AcrylicResin,http://w3id.org/protys/fixture#Supplier_B,43.2,kg,RECIPE_ONCE_PER_PROCESS,SIMULATED_PRODUCTION_CASE
http://w3id.org/protys/fixture#Load00051_Flow_Water,http://w3id.org/protys/fixture#Load00051,http://w3id.org/protys/fixture#Load00051_Process,http://w3id.org/protys/fixture#Water,http://w3id.org/protys/fixture#Supplier_A,70.56,kg,RECIPE_ONCE_PER_PROCESS,SIMULATED_PRODUCTION_CASE
http://w3id.org/protys/fixture#Load00051_Flow_Biocide,http://w3id.org/protys/fixture#Load00051,http://w3id.org/protys/fixture#Load00051_Process,http://w3id.org/protys/fixture#Biocide,http://w3id.org/protys/fixture#Supplier_B,1.44,kg,RECIPE_ONCE_PER_PROCESS,SIMULATED_PRODUCTION_CASE
http://w3id.org/protys/fixture#Load00052_Flow_TitaniumDioxide,http://w3id.org/protys/fixture#Load00052,http://w3id.org/protys/fixture#Load00052_Process,http://w3id.org/protys/fixture#TitaniumDioxide,http://w3id.org/protys/fixture#Supplier_A,35.4,kg,RECIPE_ONCE_PER_PROCESS,SIMULATED_PRODUCTION_CASE
http://w3id.org/protys/fixture#Load00052_Flow_AcrylicResin,http://w3id.org/protys/fixture#Load00052,http://w3id.org/protys/fixture#Load00052_Process,http://w3id.org/protys/fixture#AcrylicResin,http://w3id.org/protys/fixture#Supplier_B,53.1,kg,RECIPE_ONCE_PER_PROCESS,SIMULATED_PRODUCTION_CASE
http://w3id.org/protys/fixture#Load00052_Flow_Water,http://w3id.org/protys/fixture#Load00052,http://w3id.org/protys/fixture#Load00052_Process,http://w3id.org/protys/fixture#Water,http://w3id.org/protys/fixture#Supplier_A,86.73,kg,RECIPE_ONCE_PER_PROCESS,SIMULATED_PRODUCTION_CASE
http://w3id.org/protys/fixture#Load00052_Flow_Biocide,http://w3id.org/protys/fixture#Load00052,http://w3id.org/protys/fixture#Load00052_Process,http://w3id.org/protys/fixture#Biocide,http://w3id.org/protys/fixture#Supplier_B,1.77,kg,RECIPE_ONCE_PER_PROCESS,SIMULATED_PRODUCTION_CASE
http://w3id.org/protys/fixture#Load00053_Flow_TitaniumDioxide,http://w3id.org/protys/fixture#Load00053,http://w3id.org/protys/fixture#Load00053_Process,http://w3id.org/protys/fixture#TitaniumDioxide,http://w3id.org/protys/fixture#Supplier_A,26.6,kg,RECIPE_ONCE_PER_PROCESS,SIMULATED_PRODUCTION_CASE
http://w3id.org/protys/fixture#Load00053_Flow_AcrylicResin,http://w3id.org/protys/fixture#Load00053,http://w3id.org/protys/fixture#Load00053_Process,http://w3id.org/protys/fixture#AcrylicResin,http://w3id.org/protys/fixture#Supplier_B,39.9,kg,RECIPE_ONCE_PER_PROCESS,SIMULATED_PRODUCTION_CASE
http://w3id.org/protys/fixture#Load00053_Flow_Water,http://w3id.org/protys/fixture#Load00053,http://w3id.org/protys/fixture#Load00053_Process,http://w3id.org/protys/fixture#Water,http://w3id.org/protys/fixture#Supplier_A,65.17,kg,RECIPE_ONCE_PER_PROCESS,SIMULATED_PRODUCTION_CASE
http://w3id.org/protys/fixture#Load00053_Flow_Biocide,http://w3id.org/protys/fixture#Load00053,http://w3id.org/protys/fixture#Load00053_Process,http://w3id.org/protys/fixture#Biocide,http://w3id.org/protys/fixture#Supplier_B,1.33,kg,RECIPE_ONCE_PER_PROCESS,SIMULATED_PRODUCTION_CASE
http://w3id.org/protys/fixture#Load00054_Flow_TitaniumDioxide,http://w3id.org/protys/fixture#Load00054,http://w3id.org/protys/fixture#Load00054_Process,http://w3id.org/protys/fixture#TitaniumDioxide,http://w3id.org/protys/fixture#Supplier_A,21,kg,RECIPE_ONCE_PER_PROCESS,SIMULATED_PRODUCTION_CASE
http://w3id.org/protys/fixture#Load00054_Flow_AcrylicResin,http://w3id.org/protys/fixture#Load00054,http://w3id.org/protys/fixture#Load00054_Process,http://w3id.org/protys/fixture#AcrylicResin,http://w3id.org/protys/fixture#Supplier_B,31.5,kg,RECIPE_ONCE_PER_PROCESS,SIMULATED_PRODUCTION_CASE
http://w3id.org/protys/fixture#Load00054_Flow_Water,http://w3id.org/protys/fixture#Load00054,http://w3id.org/protys/fixture#Load00054_Process,http://w3id.org/protys/fixture#Water,http://w3id.org/protys/fixture#Supplier_A,51.45,kg,RECIPE_ONCE_PER_PROCESS,SIMULATED_PRODUCTION_CASE
http://w3id.org/protys/fixture#Load00054_Flow_Biocide,http://w3id.org/protys/fixture#Load00054,http://w3id.org/protys/fixture#Load00054_Process,http://w3id.org/protys/fixture#Biocide,http://w3id.org/protys/fixture#Supplier_B,1.05,kg,RECIPE_ONCE_PER_PROCESS,SIMULATED_PRODUCTION_CASE
http://w3id.org/protys/fixture#Load00055_Flow_TitaniumDioxide,http://w3id.org/protys/fixture#Load00055,http://w3id.org/protys/fixture#Load00055_Process,http://w3id.org/protys/fixture#TitaniumDioxide,http://w3id.org/protys/fixture#Supplier_A,38.6,kg,RECIPE_ONCE_PER_PROCESS,SIMULATED_PRODUCTION_CASE
http://w3id.org/protys/fixture#Load00055_Flow_AcrylicResin,http://w3id.org/protys/fixture#Load00055,http://w3id.org/protys/fixture#Load00055_Process,http://w3id.org/protys/fixture#AcrylicResin,http://w3id.org/protys/fixture#Supplier_B,57.9,kg,RECIPE_ONCE_PER_PROCESS,SIMULATED_PRODUCTION_CASE
http://w3id.org/protys/fixture#Load00055_Flow_Water,http://w3id.org/protys/fixture#Load00055,http://w3id.org/protys/fixture#Load00055_Process,http://w3id.org/protys/fixture#Water,http://w3id.org/protys/fixture#Supplier_A,94.57,kg,RECIPE_ONCE_PER_PROCESS,SIMULATED_PRODUCTION_CASE
http://w3id.org/protys/fixture#Load00055_Flow_Biocide,http://w3id.org/protys/fixture#Load00055,http://w3id.org/protys/fixture#Load00055_Process,http://w3id.org/protys/fixture#Biocide,http://w3id.org/protys/fixture#Supplier_B,1.93,kg,RECIPE_ONCE_PER_PROCESS,SIMULATED_PRODUCTION_CASE
http://w3id.org/protys/fixture#Load00056_Flow_TitaniumDioxide,http://w3id.org/protys/fixture#Load00056,http://w3id.org/protys/fixture#Load00056_Process,http://w3id.org/protys/fixture#TitaniumDioxide,http://w3id.org/protys/fixture#Supplier_A,31.6,kg,RECIPE_ONCE_PER_PROCESS,SIMULATED_PRODUCTION_CASE
http://w3id.org/protys/fixture#Load00056_Flow_AcrylicResin,http://w3id.org/protys/fixture#Load00056,http://w3id.org/protys/fixture#Load00056_Process,http://w3id.org/protys/fixture#AcrylicResin,http://w3id.org/protys/fixture#Supplier_B,47.4,kg,RECIPE_ONCE_PER_PROCESS,SIMULATED_PRODUCTION_CASE
http://w3id.org/protys/fixture#Load00056_Flow_Water,http://w3id.org/protys/fixture#Load00056,http://w3id.org/protys/fixture#Load00056_Process,http://w3id.org/protys/fixture#Water,http://w3id.org/protys/fixture#Supplier_A,77.42,kg,RECIPE_ONCE_PER_PROCESS,SIMULATED_PRODUCTION_CASE
http://w3id.org/protys/fixture#Load00056_Flow_Biocide,http://w3id.org/protys/fixture#Load00056,http://w3id.org/protys/fixture#Load00056_Process,http://w3id.org/protys/fixture#Biocide,http://w3id.org/protys/fixture#Supplier_B,1.58,kg,RECIPE_ONCE_PER_PROCESS,SIMULATED_PRODUCTION_CASE
http://w3id.org/protys/fixture#Load00057_Flow_TitaniumDioxide,http://w3id.org/protys/fixture#Load00057,http://w3id.org/protys/fixture#Load00057_Process,http://w3id.org/protys/fixture#TitaniumDioxide,http://w3id.org/protys/fixture#Supplier_A,33.6,kg,RECIPE_ONCE_PER_PROCESS,SIMULATED_PRODUCTION_CASE
http://w3id.org/protys/fixture#Load00057_Flow_AcrylicResin,http://w3id.org/protys/fixture#Load00057,http://w3id.org/protys/fixture#Load00057_Process,http://w3id.org/protys/fixture#AcrylicResin,http://w3id.org/protys/fixture#Supplier_B,50.4,kg,RECIPE_ONCE_PER_PROCESS,SIMULATED_PRODUCTION_CASE
http://w3id.org/protys/fixture#Load00057_Flow_Water,http://w3id.org/protys/fixture#Load00057,http://w3id.org/protys/fixture#Load00057_Process,http://w3id.org/protys/fixture#Water,http://w3id.org/protys/fixture#Supplier_A,82.32,kg,RECIPE_ONCE_PER_PROCESS,SIMULATED_PRODUCTION_CASE
http://w3id.org/protys/fixture#Load00057_Flow_Biocide,http://w3id.org/protys/fixture#Load00057,http://w3id.org/protys/fixture#Load00057_Process,http://w3id.org/protys/fixture#Biocide,http://w3id.org/protys/fixture#Supplier_B,1.68,kg,RECIPE_ONCE_PER_PROCESS,SIMULATED_PRODUCTION_CASE
http://w3id.org/protys/fixture#Load00058_Flow_TitaniumDioxide,http://w3id.org/protys/fixture#Load00058,http://w3id.org/protys/fixture#Load00058_Process,http://w3id.org/protys/fixture#TitaniumDioxide,http://w3id.org/protys/fixture#Supplier_A,23,kg,RECIPE_ONCE_PER_PROCESS,SIMULATED_PRODUCTION_CASE
http://w3id.org/protys/fixture#Load00058_Flow_AcrylicResin,http://w3id.org/protys/fixture#Load00058,http://w3id.org/protys/fixture#Load00058_Process,http://w3id.org/protys/fixture#AcrylicResin,http://w3id.org/protys/fixture#Supplier_B,34.5,kg,RECIPE_ONCE_PER_PROCESS,SIMULATED_PRODUCTION_CASE
http://w3id.org/protys/fixture#Load00058_Flow_Water,http://w3id.org/protys/fixture#Load00058,http://w3id.org/protys/fixture#Load00058_Process,http://w3id.org/protys/fixture#Water,http://w3id.org/protys/fixture#Supplier_A,56.35,kg,RECIPE_ONCE_PER_PROCESS,SIMULATED_PRODUCTION_CASE
http://w3id.org/protys/fixture#Load00058_Flow_Biocide,http://w3id.org/protys/fixture#Load00058,http://w3id.org/protys/fixture#Load00058_Process,http://w3id.org/protys/fixture#Biocide,http://w3id.org/protys/fixture#Supplier_B,1.15,kg,RECIPE_ONCE_PER_PROCESS,SIMULATED_PRODUCTION_CASE
http://w3id.org/protys/fixture#Load00059_Flow_TitaniumDioxide,http://w3id.org/protys/fixture#Load00059,http://w3id.org/protys/fixture#Load00059_Process,http://w3id.org/protys/fixture#TitaniumDioxide,http://w3id.org/protys/fixture#Supplier_A,29.6,kg,RECIPE_ONCE_PER_PROCESS,SIMULATED_PRODUCTION_CASE
http://w3id.org/protys/fixture#Load00059_Flow_AcrylicResin,http://w3id.org/protys/fixture#Load00059,http://w3id.org/protys/fixture#Load00059_Process,http://w3id.org/protys/fixture#AcrylicResin,http://w3id.org/protys/fixture#Supplier_B,44.4,kg,RECIPE_ONCE_PER_PROCESS,SIMULATED_PRODUCTION_CASE
http://w3id.org/protys/fixture#Load00059_Flow_Water,http://w3id.org/protys/fixture#Load00059,http://w3id.org/protys/fixture#Load00059_Process,http://w3id.org/protys/fixture#Water,http://w3id.org/protys/fixture#Supplier_A,72.52,kg,RECIPE_ONCE_PER_PROCESS,SIMULATED_PRODUCTION_CASE
http://w3id.org/protys/fixture#Load00059_Flow_Biocide,http://w3id.org/protys/fixture#Load00059,http://w3id.org/protys/fixture#Load00059_Process,http://w3id.org/protys/fixture#Biocide,http://w3id.org/protys/fixture#Supplier_B,1.48,kg,RECIPE_ONCE_PER_PROCESS,SIMULATED_PRODUCTION_CASE
http://w3id.org/protys/fixture#Load00060_Flow_TitaniumDioxide,http://w3id.org/protys/fixture#Load00060,http://w3id.org/protys/fixture#Load00060_Process,http://w3id.org/protys/fixture#TitaniumDioxide,http://w3id.org/protys/fixture#Supplier_A,22,kg,RECIPE_ONCE_PER_PROCESS,SIMULATED_PRODUCTION_CASE
http://w3id.org/protys/fixture#Load00060_Flow_AcrylicResin,http://w3id.org/protys/fixture#Load00060,http://w3id.org/protys/fixture#Load00060_Process,http://w3id.org/protys/fixture#AcrylicResin,http://w3id.org/protys/fixture#Supplier_B,33,kg,RECIPE_ONCE_PER_PROCESS,SIMULATED_PRODUCTION_CASE
http://w3id.org/protys/fixture#Load00060_Flow_Water,http://w3id.org/protys/fixture#Load00060,http://w3id.org/protys/fixture#Load00060_Process,http://w3id.org/protys/fixture#Water,http://w3id.org/protys/fixture#Supplier_A,53.9,kg,RECIPE_ONCE_PER_PROCESS,SIMULATED_PRODUCTION_CASE
http://w3id.org/protys/fixture#Load00060_Flow_Biocide,http://w3id.org/protys/fixture#Load00060,http://w3id.org/protys/fixture#Load00060_Process,http://w3id.org/protys/fixture#Biocide,http://w3id.org/protys/fixture#Supplier_B,1.1,kg,RECIPE_ONCE_PER_PROCESS,SIMULATED_PRODUCTION_CASE
http://w3id.org/protys/fixture#Load00061_Flow_TitaniumDioxide,http://w3id.org/protys/fixture#Load00061,http://w3id.org/protys/fixture#Load00061_Process,http://w3id.org/protys/fixture#TitaniumDioxide,http://w3id.org/protys/fixture#Supplier_A,34,kg,RECIPE_ONCE_PER_PROCESS,SIMULATED_PRODUCTION_CASE
http://w3id.org/protys/fixture#Load00061_Flow_AcrylicResin,http://w3id.org/protys/fixture#Load00061,http://w3id.org/protys/fixture#Load00061_Process,http://w3id.org/protys/fixture#AcrylicResin,http://w3id.org/protys/fixture#Supplier_B,51,kg,RECIPE_ONCE_PER_PROCESS,SIMULATED_PRODUCTION_CASE
http://w3id.org/protys/fixture#Load00061_Flow_Water,http://w3id.org/protys/fixture#Load00061,http://w3id.org/protys/fixture#Load00061_Process,http://w3id.org/protys/fixture#Water,http://w3id.org/protys/fixture#Supplier_A,83.3,kg,RECIPE_ONCE_PER_PROCESS,SIMULATED_PRODUCTION_CASE
http://w3id.org/protys/fixture#Load00061_Flow_Biocide,http://w3id.org/protys/fixture#Load00061,http://w3id.org/protys/fixture#Load00061_Process,http://w3id.org/protys/fixture#Biocide,http://w3id.org/protys/fixture#Supplier_B,1.7,kg,RECIPE_ONCE_PER_PROCESS,SIMULATED_PRODUCTION_CASE
http://w3id.org/protys/fixture#Load00062_Flow_TitaniumDioxide,http://w3id.org/protys/fixture#Load00062,http://w3id.org/protys/fixture#Load00062_Process,http://w3id.org/protys/fixture#TitaniumDioxide,http://w3id.org/protys/fixture#Supplier_A,27.4,kg,RECIPE_ONCE_PER_PROCESS,SIMULATED_PRODUCTION_CASE
http://w3id.org/protys/fixture#Load00062_Flow_AcrylicResin,http://w3id.org/protys/fixture#Load00062,http://w3id.org/protys/fixture#Load00062_Process,http://w3id.org/protys/fixture#AcrylicResin,http://w3id.org/protys/fixture#Supplier_B,41.1,kg,RECIPE_ONCE_PER_PROCESS,SIMULATED_PRODUCTION_CASE
http://w3id.org/protys/fixture#Load00062_Flow_Water,http://w3id.org/protys/fixture#Load00062,http://w3id.org/protys/fixture#Load00062_Process,http://w3id.org/protys/fixture#Water,http://w3id.org/protys/fixture#Supplier_A,67.13,kg,RECIPE_ONCE_PER_PROCESS,SIMULATED_PRODUCTION_CASE
http://w3id.org/protys/fixture#Load00062_Flow_Biocide,http://w3id.org/protys/fixture#Load00062,http://w3id.org/protys/fixture#Load00062_Process,http://w3id.org/protys/fixture#Biocide,http://w3id.org/protys/fixture#Supplier_B,1.37,kg,RECIPE_ONCE_PER_PROCESS,SIMULATED_PRODUCTION_CASE
http://w3id.org/protys/fixture#Load00063_Flow_TitaniumDioxide,http://w3id.org/protys/fixture#Load00063,http://w3id.org/protys/fixture#Load00063_Process,http://w3id.org/protys/fixture#TitaniumDioxide,http://w3id.org/protys/fixture#Supplier_A,36,kg,RECIPE_ONCE_PER_PROCESS,SIMULATED_PRODUCTION_CASE
http://w3id.org/protys/fixture#Load00063_Flow_AcrylicResin,http://w3id.org/protys/fixture#Load00063,http://w3id.org/protys/fixture#Load00063_Process,http://w3id.org/protys/fixture#AcrylicResin,http://w3id.org/protys/fixture#Supplier_B,54,kg,RECIPE_ONCE_PER_PROCESS,SIMULATED_PRODUCTION_CASE
http://w3id.org/protys/fixture#Load00063_Flow_Water,http://w3id.org/protys/fixture#Load00063,http://w3id.org/protys/fixture#Load00063_Process,http://w3id.org/protys/fixture#Water,http://w3id.org/protys/fixture#Supplier_A,88.2,kg,RECIPE_ONCE_PER_PROCESS,SIMULATED_PRODUCTION_CASE
http://w3id.org/protys/fixture#Load00063_Flow_Biocide,http://w3id.org/protys/fixture#Load00063,http://w3id.org/protys/fixture#Load00063_Process,http://w3id.org/protys/fixture#Biocide,http://w3id.org/protys/fixture#Supplier_B,1.8,kg,RECIPE_ONCE_PER_PROCESS,SIMULATED_PRODUCTION_CASE
http://w3id.org/protys/fixture#Load00064_Flow_TitaniumDioxide,http://w3id.org/protys/fixture#Load00064,http://w3id.org/protys/fixture#Load00064_Process,http://w3id.org/protys/fixture#TitaniumDioxide,http://w3id.org/protys/fixture#Supplier_A,35.8,kg,RECIPE_ONCE_PER_PROCESS,SIMULATED_PRODUCTION_CASE
http://w3id.org/protys/fixture#Load00064_Flow_AcrylicResin,http://w3id.org/protys/fixture#Load00064,http://w3id.org/protys/fixture#Load00064_Process,http://w3id.org/protys/fixture#AcrylicResin,http://w3id.org/protys/fixture#Supplier_B,53.7,kg,RECIPE_ONCE_PER_PROCESS,SIMULATED_PRODUCTION_CASE
http://w3id.org/protys/fixture#Load00064_Flow_Water,http://w3id.org/protys/fixture#Load00064,http://w3id.org/protys/fixture#Load00064_Process,http://w3id.org/protys/fixture#Water,http://w3id.org/protys/fixture#Supplier_A,87.71,kg,RECIPE_ONCE_PER_PROCESS,SIMULATED_PRODUCTION_CASE
http://w3id.org/protys/fixture#Load00064_Flow_Biocide,http://w3id.org/protys/fixture#Load00064,http://w3id.org/protys/fixture#Load00064_Process,http://w3id.org/protys/fixture#Biocide,http://w3id.org/protys/fixture#Supplier_B,1.79,kg,RECIPE_ONCE_PER_PROCESS,SIMULATED_PRODUCTION_CASE
http://w3id.org/protys/fixture#Load00065_Flow_TitaniumDioxide,http://w3id.org/protys/fixture#Load00065,http://w3id.org/protys/fixture#Load00065_Process,http://w3id.org/protys/fixture#TitaniumDioxide,http://w3id.org/protys/fixture#Supplier_A,29.2,kg,RECIPE_ONCE_PER_PROCESS,SIMULATED_PRODUCTION_CASE
http://w3id.org/protys/fixture#Load00065_Flow_AcrylicResin,http://w3id.org/protys/fixture#Load00065,http://w3id.org/protys/fixture#Load00065_Process,http://w3id.org/protys/fixture#AcrylicResin,http://w3id.org/protys/fixture#Supplier_B,43.8,kg,RECIPE_ONCE_PER_PROCESS,SIMULATED_PRODUCTION_CASE
http://w3id.org/protys/fixture#Load00065_Flow_Water,http://w3id.org/protys/fixture#Load00065,http://w3id.org/protys/fixture#Load00065_Process,http://w3id.org/protys/fixture#Water,http://w3id.org/protys/fixture#Supplier_A,71.54,kg,RECIPE_ONCE_PER_PROCESS,SIMULATED_PRODUCTION_CASE
http://w3id.org/protys/fixture#Load00065_Flow_Biocide,http://w3id.org/protys/fixture#Load00065,http://w3id.org/protys/fixture#Load00065_Process,http://w3id.org/protys/fixture#Biocide,http://w3id.org/protys/fixture#Supplier_B,1.46,kg,RECIPE_ONCE_PER_PROCESS,SIMULATED_PRODUCTION_CASE
http://w3id.org/protys/fixture#Load00066_Flow_TitaniumDioxide,http://w3id.org/protys/fixture#Load00066,http://w3id.org/protys/fixture#Load00066_Process,http://w3id.org/protys/fixture#TitaniumDioxide,http://w3id.org/protys/fixture#Supplier_A,34.6,kg,RECIPE_ONCE_PER_PROCESS,SIMULATED_PRODUCTION_CASE
http://w3id.org/protys/fixture#Load00066_Flow_AcrylicResin,http://w3id.org/protys/fixture#Load00066,http://w3id.org/protys/fixture#Load00066_Process,http://w3id.org/protys/fixture#AcrylicResin,http://w3id.org/protys/fixture#Supplier_B,51.9,kg,RECIPE_ONCE_PER_PROCESS,SIMULATED_PRODUCTION_CASE
http://w3id.org/protys/fixture#Load00066_Flow_Water,http://w3id.org/protys/fixture#Load00066,http://w3id.org/protys/fixture#Load00066_Process,http://w3id.org/protys/fixture#Water,http://w3id.org/protys/fixture#Supplier_A,84.77,kg,RECIPE_ONCE_PER_PROCESS,SIMULATED_PRODUCTION_CASE
http://w3id.org/protys/fixture#Load00066_Flow_Biocide,http://w3id.org/protys/fixture#Load00066,http://w3id.org/protys/fixture#Load00066_Process,http://w3id.org/protys/fixture#Biocide,http://w3id.org/protys/fixture#Supplier_B,1.73,kg,RECIPE_ONCE_PER_PROCESS,SIMULATED_PRODUCTION_CASE
http://w3id.org/protys/fixture#Load00067_Flow_TitaniumDioxide,http://w3id.org/protys/fixture#Load00067,http://w3id.org/protys/fixture#Load00067_Process,http://w3id.org/protys/fixture#TitaniumDioxide,http://w3id.org/protys/fixture#Supplier_A,24.8,kg,RECIPE_ONCE_PER_PROCESS,SIMULATED_PRODUCTION_CASE
http://w3id.org/protys/fixture#Load00067_Flow_AcrylicResin,http://w3id.org/protys/fixture#Load00067,http://w3id.org/protys/fixture#Load00067_Process,http://w3id.org/protys/fixture#AcrylicResin,http://w3id.org/protys/fixture#Supplier_B,37.2,kg,RECIPE_ONCE_PER_PROCESS,SIMULATED_PRODUCTION_CASE
http://w3id.org/protys/fixture#Load00067_Flow_Water,http://w3id.org/protys/fixture#Load00067,http://w3id.org/protys/fixture#Load00067_Process,http://w3id.org/protys/fixture#Water,http://w3id.org/protys/fixture#Supplier_A,60.76,kg,RECIPE_ONCE_PER_PROCESS,SIMULATED_PRODUCTION_CASE
http://w3id.org/protys/fixture#Load00067_Flow_Biocide,http://w3id.org/protys/fixture#Load00067,http://w3id.org/protys/fixture#Load00067_Process,http://w3id.org/protys/fixture#Biocide,http://w3id.org/protys/fixture#Supplier_B,1.24,kg,RECIPE_ONCE_PER_PROCESS,SIMULATED_PRODUCTION_CASE
http://w3id.org/protys/fixture#Load00068_Flow_TitaniumDioxide,http://w3id.org/protys/fixture#Load00068,http://w3id.org/protys/fixture#Load00068_Process,http://w3id.org/protys/fixture#TitaniumDioxide,http://w3id.org/protys/fixture#Supplier_A,38,kg,RECIPE_ONCE_PER_PROCESS,SIMULATED_PRODUCTION_CASE
http://w3id.org/protys/fixture#Load00068_Flow_AcrylicResin,http://w3id.org/protys/fixture#Load00068,http://w3id.org/protys/fixture#Load00068_Process,http://w3id.org/protys/fixture#AcrylicResin,http://w3id.org/protys/fixture#Supplier_B,57,kg,RECIPE_ONCE_PER_PROCESS,SIMULATED_PRODUCTION_CASE
http://w3id.org/protys/fixture#Load00068_Flow_Water,http://w3id.org/protys/fixture#Load00068,http://w3id.org/protys/fixture#Load00068_Process,http://w3id.org/protys/fixture#Water,http://w3id.org/protys/fixture#Supplier_A,93.1,kg,RECIPE_ONCE_PER_PROCESS,SIMULATED_PRODUCTION_CASE
http://w3id.org/protys/fixture#Load00068_Flow_Biocide,http://w3id.org/protys/fixture#Load00068,http://w3id.org/protys/fixture#Load00068_Process,http://w3id.org/protys/fixture#Biocide,http://w3id.org/protys/fixture#Supplier_B,1.9,kg,RECIPE_ONCE_PER_PROCESS,SIMULATED_PRODUCTION_CASE
http://w3id.org/protys/fixture#Load00069_Flow_TitaniumDioxide,http://w3id.org/protys/fixture#Load00069,http://w3id.org/protys/fixture#Load00069_Process,http://w3id.org/protys/fixture#TitaniumDioxide,http://w3id.org/protys/fixture#Supplier_A,21.6,kg,RECIPE_ONCE_PER_PROCESS,SIMULATED_PRODUCTION_CASE
http://w3id.org/protys/fixture#Load00069_Flow_AcrylicResin,http://w3id.org/protys/fixture#Load00069,http://w3id.org/protys/fixture#Load00069_Process,http://w3id.org/protys/fixture#AcrylicResin,http://w3id.org/protys/fixture#Supplier_B,32.4,kg,RECIPE_ONCE_PER_PROCESS,SIMULATED_PRODUCTION_CASE
http://w3id.org/protys/fixture#Load00069_Flow_Water,http://w3id.org/protys/fixture#Load00069,http://w3id.org/protys/fixture#Load00069_Process,http://w3id.org/protys/fixture#Water,http://w3id.org/protys/fixture#Supplier_A,52.92,kg,RECIPE_ONCE_PER_PROCESS,SIMULATED_PRODUCTION_CASE
http://w3id.org/protys/fixture#Load00069_Flow_Biocide,http://w3id.org/protys/fixture#Load00069,http://w3id.org/protys/fixture#Load00069_Process,http://w3id.org/protys/fixture#Biocide,http://w3id.org/protys/fixture#Supplier_B,1.08,kg,RECIPE_ONCE_PER_PROCESS,SIMULATED_PRODUCTION_CASE
http://w3id.org/protys/fixture#Load00070_Flow_TitaniumDioxide,http://w3id.org/protys/fixture#Load00070,http://w3id.org/protys/fixture#Load00070_Process,http://w3id.org/protys/fixture#TitaniumDioxide,http://w3id.org/protys/fixture#Supplier_A,21,kg,RECIPE_ONCE_PER_PROCESS,SIMULATED_PRODUCTION_CASE
http://w3id.org/protys/fixture#Load00070_Flow_AcrylicResin,http://w3id.org/protys/fixture#Load00070,http://w3id.org/protys/fixture#Load00070_Process,http://w3id.org/protys/fixture#AcrylicResin,http://w3id.org/protys/fixture#Supplier_B,31.5,kg,RECIPE_ONCE_PER_PROCESS,SIMULATED_PRODUCTION_CASE
http://w3id.org/protys/fixture#Load00070_Flow_Water,http://w3id.org/protys/fixture#Load00070,http://w3id.org/protys/fixture#Load00070_Process,http://w3id.org/protys/fixture#Water,http://w3id.org/protys/fixture#Supplier_A,51.45,kg,RECIPE_ONCE_PER_PROCESS,SIMULATED_PRODUCTION_CASE
http://w3id.org/protys/fixture#Load00070_Flow_Biocide,http://w3id.org/protys/fixture#Load00070,http://w3id.org/protys/fixture#Load00070_Process,http://w3id.org/protys/fixture#Biocide,http://w3id.org/protys/fixture#Supplier_B,1.05,kg,RECIPE_ONCE_PER_PROCESS,SIMULATED_PRODUCTION_CASE
http://w3id.org/protys/fixture#Load00071_Flow_TitaniumDioxide,http://w3id.org/protys/fixture#Load00071,http://w3id.org/protys/fixture#Load00071_Process,http://w3id.org/protys/fixture#TitaniumDioxide,http://w3id.org/protys/fixture#Supplier_A,36.8,kg,RECIPE_ONCE_PER_PROCESS,SIMULATED_PRODUCTION_CASE
http://w3id.org/protys/fixture#Load00071_Flow_AcrylicResin,http://w3id.org/protys/fixture#Load00071,http://w3id.org/protys/fixture#Load00071_Process,http://w3id.org/protys/fixture#AcrylicResin,http://w3id.org/protys/fixture#Supplier_B,55.2,kg,RECIPE_ONCE_PER_PROCESS,SIMULATED_PRODUCTION_CASE
http://w3id.org/protys/fixture#Load00071_Flow_Water,http://w3id.org/protys/fixture#Load00071,http://w3id.org/protys/fixture#Load00071_Process,http://w3id.org/protys/fixture#Water,http://w3id.org/protys/fixture#Supplier_A,90.16,kg,RECIPE_ONCE_PER_PROCESS,SIMULATED_PRODUCTION_CASE
http://w3id.org/protys/fixture#Load00071_Flow_Biocide,http://w3id.org/protys/fixture#Load00071,http://w3id.org/protys/fixture#Load00071_Process,http://w3id.org/protys/fixture#Biocide,http://w3id.org/protys/fixture#Supplier_B,1.84,kg,RECIPE_ONCE_PER_PROCESS,SIMULATED_PRODUCTION_CASE
http://w3id.org/protys/fixture#Load00072_Flow_TitaniumDioxide,http://w3id.org/protys/fixture#Load00072,http://w3id.org/protys/fixture#Load00072_Process,http://w3id.org/protys/fixture#TitaniumDioxide,http://w3id.org/protys/fixture#Supplier_A,25.8,kg,RECIPE_ONCE_PER_PROCESS,SIMULATED_PRODUCTION_CASE
http://w3id.org/protys/fixture#Load00072_Flow_AcrylicResin,http://w3id.org/protys/fixture#Load00072,http://w3id.org/protys/fixture#Load00072_Process,http://w3id.org/protys/fixture#AcrylicResin,http://w3id.org/protys/fixture#Supplier_B,38.7,kg,RECIPE_ONCE_PER_PROCESS,SIMULATED_PRODUCTION_CASE
http://w3id.org/protys/fixture#Load00072_Flow_Water,http://w3id.org/protys/fixture#Load00072,http://w3id.org/protys/fixture#Load00072_Process,http://w3id.org/protys/fixture#Water,http://w3id.org/protys/fixture#Supplier_A,63.21,kg,RECIPE_ONCE_PER_PROCESS,SIMULATED_PRODUCTION_CASE
http://w3id.org/protys/fixture#Load00072_Flow_Biocide,http://w3id.org/protys/fixture#Load00072,http://w3id.org/protys/fixture#Load00072_Process,http://w3id.org/protys/fixture#Biocide,http://w3id.org/protys/fixture#Supplier_B,1.29,kg,RECIPE_ONCE_PER_PROCESS,SIMULATED_PRODUCTION_CASE
http://w3id.org/protys/fixture#Load00073_Flow_TitaniumDioxide,http://w3id.org/protys/fixture#Load00073,http://w3id.org/protys/fixture#Load00073_Process,http://w3id.org/protys/fixture#TitaniumDioxide,http://w3id.org/protys/fixture#Supplier_A,39.6,kg,RECIPE_ONCE_PER_PROCESS,SIMULATED_PRODUCTION_CASE
http://w3id.org/protys/fixture#Load00073_Flow_AcrylicResin,http://w3id.org/protys/fixture#Load00073,http://w3id.org/protys/fixture#Load00073_Process,http://w3id.org/protys/fixture#AcrylicResin,http://w3id.org/protys/fixture#Supplier_B,59.4,kg,RECIPE_ONCE_PER_PROCESS,SIMULATED_PRODUCTION_CASE
http://w3id.org/protys/fixture#Load00073_Flow_Water,http://w3id.org/protys/fixture#Load00073,http://w3id.org/protys/fixture#Load00073_Process,http://w3id.org/protys/fixture#Water,http://w3id.org/protys/fixture#Supplier_A,97.02,kg,RECIPE_ONCE_PER_PROCESS,SIMULATED_PRODUCTION_CASE
http://w3id.org/protys/fixture#Load00073_Flow_Biocide,http://w3id.org/protys/fixture#Load00073,http://w3id.org/protys/fixture#Load00073_Process,http://w3id.org/protys/fixture#Biocide,http://w3id.org/protys/fixture#Supplier_B,1.98,kg,RECIPE_ONCE_PER_PROCESS,SIMULATED_PRODUCTION_CASE
http://w3id.org/protys/fixture#Load00074_Flow_TitaniumDioxide,http://w3id.org/protys/fixture#Load00074,http://w3id.org/protys/fixture#Load00074_Process,http://w3id.org/protys/fixture#TitaniumDioxide,http://w3id.org/protys/fixture#Supplier_A,27.4,kg,RECIPE_ONCE_PER_PROCESS,SIMULATED_PRODUCTION_CASE
http://w3id.org/protys/fixture#Load00074_Flow_AcrylicResin,http://w3id.org/protys/fixture#Load00074,http://w3id.org/protys/fixture#Load00074_Process,http://w3id.org/protys/fixture#AcrylicResin,http://w3id.org/protys/fixture#Supplier_B,41.1,kg,RECIPE_ONCE_PER_PROCESS,SIMULATED_PRODUCTION_CASE
http://w3id.org/protys/fixture#Load00074_Flow_Water,http://w3id.org/protys/fixture#Load00074,http://w3id.org/protys/fixture#Load00074_Process,http://w3id.org/protys/fixture#Water,http://w3id.org/protys/fixture#Supplier_A,67.13,kg,RECIPE_ONCE_PER_PROCESS,SIMULATED_PRODUCTION_CASE
http://w3id.org/protys/fixture#Load00074_Flow_Biocide,http://w3id.org/protys/fixture#Load00074,http://w3id.org/protys/fixture#Load00074_Process,http://w3id.org/protys/fixture#Biocide,http://w3id.org/protys/fixture#Supplier_B,1.37,kg,RECIPE_ONCE_PER_PROCESS,SIMULATED_PRODUCTION_CASE
http://w3id.org/protys/fixture#Load00075_Flow_TitaniumDioxide,http://w3id.org/protys/fixture#Load00075,http://w3id.org/protys/fixture#Load00075_Process,http://w3id.org/protys/fixture#TitaniumDioxide,http://w3id.org/protys/fixture#Supplier_A,22,kg,RECIPE_ONCE_PER_PROCESS,SIMULATED_PRODUCTION_CASE
http://w3id.org/protys/fixture#Load00075_Flow_AcrylicResin,http://w3id.org/protys/fixture#Load00075,http://w3id.org/protys/fixture#Load00075_Process,http://w3id.org/protys/fixture#AcrylicResin,http://w3id.org/protys/fixture#Supplier_B,33,kg,RECIPE_ONCE_PER_PROCESS,SIMULATED_PRODUCTION_CASE
http://w3id.org/protys/fixture#Load00075_Flow_Water,http://w3id.org/protys/fixture#Load00075,http://w3id.org/protys/fixture#Load00075_Process,http://w3id.org/protys/fixture#Water,http://w3id.org/protys/fixture#Supplier_A,53.9,kg,RECIPE_ONCE_PER_PROCESS,SIMULATED_PRODUCTION_CASE
http://w3id.org/protys/fixture#Load00075_Flow_Biocide,http://w3id.org/protys/fixture#Load00075,http://w3id.org/protys/fixture#Load00075_Process,http://w3id.org/protys/fixture#Biocide,http://w3id.org/protys/fixture#Supplier_B,1.1,kg,RECIPE_ONCE_PER_PROCESS,SIMULATED_PRODUCTION_CASE
http://w3id.org/protys/fixture#Load00076_Flow_TitaniumDioxide,http://w3id.org/protys/fixture#Load00076,http://w3id.org/protys/fixture#Load00076_Process,http://w3id.org/protys/fixture#TitaniumDioxide,http://w3id.org/protys/fixture#Supplier_A,25.8,kg,RECIPE_ONCE_PER_PROCESS,SIMULATED_PRODUCTION_CASE
http://w3id.org/protys/fixture#Load00076_Flow_AcrylicResin,http://w3id.org/protys/fixture#Load00076,http://w3id.org/protys/fixture#Load00076_Process,http://w3id.org/protys/fixture#AcrylicResin,http://w3id.org/protys/fixture#Supplier_B,38.7,kg,RECIPE_ONCE_PER_PROCESS,SIMULATED_PRODUCTION_CASE
http://w3id.org/protys/fixture#Load00076_Flow_Water,http://w3id.org/protys/fixture#Load00076,http://w3id.org/protys/fixture#Load00076_Process,http://w3id.org/protys/fixture#Water,http://w3id.org/protys/fixture#Supplier_A,63.21,kg,RECIPE_ONCE_PER_PROCESS,SIMULATED_PRODUCTION_CASE
http://w3id.org/protys/fixture#Load00076_Flow_Biocide,http://w3id.org/protys/fixture#Load00076,http://w3id.org/protys/fixture#Load00076_Process,http://w3id.org/protys/fixture#Biocide,http://w3id.org/protys/fixture#Supplier_B,1.29,kg,RECIPE_ONCE_PER_PROCESS,SIMULATED_PRODUCTION_CASE
http://w3id.org/protys/fixture#Load00077_Flow_TitaniumDioxide,http://w3id.org/protys/fixture#Load00077,http://w3id.org/protys/fixture#Load00077_Process,http://w3id.org/protys/fixture#TitaniumDioxide,http://w3id.org/protys/fixture#Supplier_A,22.4,kg,RECIPE_ONCE_PER_PROCESS,SIMULATED_PRODUCTION_CASE
http://w3id.org/protys/fixture#Load00077_Flow_AcrylicResin,http://w3id.org/protys/fixture#Load00077,http://w3id.org/protys/fixture#Load00077_Process,http://w3id.org/protys/fixture#AcrylicResin,http://w3id.org/protys/fixture#Supplier_B,33.6,kg,RECIPE_ONCE_PER_PROCESS,SIMULATED_PRODUCTION_CASE
http://w3id.org/protys/fixture#Load00077_Flow_Water,http://w3id.org/protys/fixture#Load00077,http://w3id.org/protys/fixture#Load00077_Process,http://w3id.org/protys/fixture#Water,http://w3id.org/protys/fixture#Supplier_A,54.88,kg,RECIPE_ONCE_PER_PROCESS,SIMULATED_PRODUCTION_CASE
http://w3id.org/protys/fixture#Load00077_Flow_Biocide,http://w3id.org/protys/fixture#Load00077,http://w3id.org/protys/fixture#Load00077_Process,http://w3id.org/protys/fixture#Biocide,http://w3id.org/protys/fixture#Supplier_B,1.12,kg,RECIPE_ONCE_PER_PROCESS,SIMULATED_PRODUCTION_CASE
http://w3id.org/protys/fixture#Load00078_Flow_TitaniumDioxide,http://w3id.org/protys/fixture#Load00078,http://w3id.org/protys/fixture#Load00078_Process,http://w3id.org/protys/fixture#TitaniumDioxide,http://w3id.org/protys/fixture#Supplier_A,29.6,kg,RECIPE_ONCE_PER_PROCESS,SIMULATED_PRODUCTION_CASE
http://w3id.org/protys/fixture#Load00078_Flow_AcrylicResin,http://w3id.org/protys/fixture#Load00078,http://w3id.org/protys/fixture#Load00078_Process,http://w3id.org/protys/fixture#AcrylicResin,http://w3id.org/protys/fixture#Supplier_B,44.4,kg,RECIPE_ONCE_PER_PROCESS,SIMULATED_PRODUCTION_CASE
http://w3id.org/protys/fixture#Load00078_Flow_Water,http://w3id.org/protys/fixture#Load00078,http://w3id.org/protys/fixture#Load00078_Process,http://w3id.org/protys/fixture#Water,http://w3id.org/protys/fixture#Supplier_A,72.52,kg,RECIPE_ONCE_PER_PROCESS,SIMULATED_PRODUCTION_CASE
http://w3id.org/protys/fixture#Load00078_Flow_Biocide,http://w3id.org/protys/fixture#Load00078,http://w3id.org/protys/fixture#Load00078_Process,http://w3id.org/protys/fixture#Biocide,http://w3id.org/protys/fixture#Supplier_B,1.48,kg,RECIPE_ONCE_PER_PROCESS,SIMULATED_PRODUCTION_CASE
http://w3id.org/protys/fixture#Load00079_Flow_TitaniumDioxide,http://w3id.org/protys/fixture#Load00079,http://w3id.org/protys/fixture#Load00079_Process,http://w3id.org/protys/fixture#TitaniumDioxide,http://w3id.org/protys/fixture#Supplier_A,27,kg,RECIPE_ONCE_PER_PROCESS,SIMULATED_PRODUCTION_CASE
http://w3id.org/protys/fixture#Load00079_Flow_AcrylicResin,http://w3id.org/protys/fixture#Load00079,http://w3id.org/protys/fixture#Load00079_Process,http://w3id.org/protys/fixture#AcrylicResin,http://w3id.org/protys/fixture#Supplier_B,40.5,kg,RECIPE_ONCE_PER_PROCESS,SIMULATED_PRODUCTION_CASE
http://w3id.org/protys/fixture#Load00079_Flow_Water,http://w3id.org/protys/fixture#Load00079,http://w3id.org/protys/fixture#Load00079_Process,http://w3id.org/protys/fixture#Water,http://w3id.org/protys/fixture#Supplier_A,66.15,kg,RECIPE_ONCE_PER_PROCESS,SIMULATED_PRODUCTION_CASE
http://w3id.org/protys/fixture#Load00079_Flow_Biocide,http://w3id.org/protys/fixture#Load00079,http://w3id.org/protys/fixture#Load00079_Process,http://w3id.org/protys/fixture#Biocide,http://w3id.org/protys/fixture#Supplier_B,1.35,kg,RECIPE_ONCE_PER_PROCESS,SIMULATED_PRODUCTION_CASE
http://w3id.org/protys/fixture#Load00080_Flow_TitaniumDioxide,http://w3id.org/protys/fixture#Load00080,http://w3id.org/protys/fixture#Load00080_Process,http://w3id.org/protys/fixture#TitaniumDioxide,http://w3id.org/protys/fixture#Supplier_A,31.6,kg,RECIPE_ONCE_PER_PROCESS,SIMULATED_PRODUCTION_CASE
http://w3id.org/protys/fixture#Load00080_Flow_AcrylicResin,http://w3id.org/protys/fixture#Load00080,http://w3id.org/protys/fixture#Load00080_Process,http://w3id.org/protys/fixture#AcrylicResin,http://w3id.org/protys/fixture#Supplier_B,47.4,kg,RECIPE_ONCE_PER_PROCESS,SIMULATED_PRODUCTION_CASE
http://w3id.org/protys/fixture#Load00080_Flow_Water,http://w3id.org/protys/fixture#Load00080,http://w3id.org/protys/fixture#Load00080_Process,http://w3id.org/protys/fixture#Water,http://w3id.org/protys/fixture#Supplier_A,77.42,kg,RECIPE_ONCE_PER_PROCESS,SIMULATED_PRODUCTION_CASE
http://w3id.org/protys/fixture#Load00080_Flow_Biocide,http://w3id.org/protys/fixture#Load00080,http://w3id.org/protys/fixture#Load00080_Process,http://w3id.org/protys/fixture#Biocide,http://w3id.org/protys/fixture#Supplier_B,1.58,kg,RECIPE_ONCE_PER_PROCESS,SIMULATED_PRODUCTION_CASE
http://w3id.org/protys/fixture#Load00081_Flow_TitaniumDioxide,http://w3id.org/protys/fixture#Load00081,http://w3id.org/protys/fixture#Load00081_Process,http://w3id.org/protys/fixture#TitaniumDioxide,http://w3id.org/protys/fixture#Supplier_A,36.2,kg,RECIPE_ONCE_PER_PROCESS,SIMULATED_PRODUCTION_CASE
http://w3id.org/protys/fixture#Load00081_Flow_AcrylicResin,http://w3id.org/protys/fixture#Load00081,http://w3id.org/protys/fixture#Load00081_Process,http://w3id.org/protys/fixture#AcrylicResin,http://w3id.org/protys/fixture#Supplier_B,54.3,kg,RECIPE_ONCE_PER_PROCESS,SIMULATED_PRODUCTION_CASE
http://w3id.org/protys/fixture#Load00081_Flow_Water,http://w3id.org/protys/fixture#Load00081,http://w3id.org/protys/fixture#Load00081_Process,http://w3id.org/protys/fixture#Water,http://w3id.org/protys/fixture#Supplier_A,88.69,kg,RECIPE_ONCE_PER_PROCESS,SIMULATED_PRODUCTION_CASE
http://w3id.org/protys/fixture#Load00081_Flow_Biocide,http://w3id.org/protys/fixture#Load00081,http://w3id.org/protys/fixture#Load00081_Process,http://w3id.org/protys/fixture#Biocide,http://w3id.org/protys/fixture#Supplier_B,1.81,kg,RECIPE_ONCE_PER_PROCESS,SIMULATED_PRODUCTION_CASE
http://w3id.org/protys/fixture#Load00082_Flow_TitaniumDioxide,http://w3id.org/protys/fixture#Load00082,http://w3id.org/protys/fixture#Load00082_Process,http://w3id.org/protys/fixture#TitaniumDioxide,http://w3id.org/protys/fixture#Supplier_A,29.2,kg,RECIPE_ONCE_PER_PROCESS,SIMULATED_PRODUCTION_CASE
http://w3id.org/protys/fixture#Load00082_Flow_AcrylicResin,http://w3id.org/protys/fixture#Load00082,http://w3id.org/protys/fixture#Load00082_Process,http://w3id.org/protys/fixture#AcrylicResin,http://w3id.org/protys/fixture#Supplier_B,43.8,kg,RECIPE_ONCE_PER_PROCESS,SIMULATED_PRODUCTION_CASE
http://w3id.org/protys/fixture#Load00082_Flow_Water,http://w3id.org/protys/fixture#Load00082,http://w3id.org/protys/fixture#Load00082_Process,http://w3id.org/protys/fixture#Water,http://w3id.org/protys/fixture#Supplier_A,71.54,kg,RECIPE_ONCE_PER_PROCESS,SIMULATED_PRODUCTION_CASE
http://w3id.org/protys/fixture#Load00082_Flow_Biocide,http://w3id.org/protys/fixture#Load00082,http://w3id.org/protys/fixture#Load00082_Process,http://w3id.org/protys/fixture#Biocide,http://w3id.org/protys/fixture#Supplier_B,1.46,kg,RECIPE_ONCE_PER_PROCESS,SIMULATED_PRODUCTION_CASE
http://w3id.org/protys/fixture#Load00083_Flow_TitaniumDioxide,http://w3id.org/protys/fixture#Load00083,http://w3id.org/protys/fixture#Load00083_Process,http://w3id.org/protys/fixture#TitaniumDioxide,http://w3id.org/protys/fixture#Supplier_A,24,kg,RECIPE_ONCE_PER_PROCESS,SIMULATED_PRODUCTION_CASE
http://w3id.org/protys/fixture#Load00083_Flow_AcrylicResin,http://w3id.org/protys/fixture#Load00083,http://w3id.org/protys/fixture#Load00083_Process,http://w3id.org/protys/fixture#AcrylicResin,http://w3id.org/protys/fixture#Supplier_B,36,kg,RECIPE_ONCE_PER_PROCESS,SIMULATED_PRODUCTION_CASE
http://w3id.org/protys/fixture#Load00083_Flow_Water,http://w3id.org/protys/fixture#Load00083,http://w3id.org/protys/fixture#Load00083_Process,http://w3id.org/protys/fixture#Water,http://w3id.org/protys/fixture#Supplier_A,58.8,kg,RECIPE_ONCE_PER_PROCESS,SIMULATED_PRODUCTION_CASE
http://w3id.org/protys/fixture#Load00083_Flow_Biocide,http://w3id.org/protys/fixture#Load00083,http://w3id.org/protys/fixture#Load00083_Process,http://w3id.org/protys/fixture#Biocide,http://w3id.org/protys/fixture#Supplier_B,1.2,kg,RECIPE_ONCE_PER_PROCESS,SIMULATED_PRODUCTION_CASE
http://w3id.org/protys/fixture#Load00084_Flow_TitaniumDioxide,http://w3id.org/protys/fixture#Load00084,http://w3id.org/protys/fixture#Load00084_Process,http://w3id.org/protys/fixture#TitaniumDioxide,http://w3id.org/protys/fixture#Supplier_A,29.4,kg,RECIPE_ONCE_PER_PROCESS,SIMULATED_PRODUCTION_CASE
http://w3id.org/protys/fixture#Load00084_Flow_AcrylicResin,http://w3id.org/protys/fixture#Load00084,http://w3id.org/protys/fixture#Load00084_Process,http://w3id.org/protys/fixture#AcrylicResin,http://w3id.org/protys/fixture#Supplier_B,44.1,kg,RECIPE_ONCE_PER_PROCESS,SIMULATED_PRODUCTION_CASE
http://w3id.org/protys/fixture#Load00084_Flow_Water,http://w3id.org/protys/fixture#Load00084,http://w3id.org/protys/fixture#Load00084_Process,http://w3id.org/protys/fixture#Water,http://w3id.org/protys/fixture#Supplier_A,72.03,kg,RECIPE_ONCE_PER_PROCESS,SIMULATED_PRODUCTION_CASE
http://w3id.org/protys/fixture#Load00084_Flow_Biocide,http://w3id.org/protys/fixture#Load00084,http://w3id.org/protys/fixture#Load00084_Process,http://w3id.org/protys/fixture#Biocide,http://w3id.org/protys/fixture#Supplier_B,1.47,kg,RECIPE_ONCE_PER_PROCESS,SIMULATED_PRODUCTION_CASE
http://w3id.org/protys/fixture#Load00085_Flow_TitaniumDioxide,http://w3id.org/protys/fixture#Load00085,http://w3id.org/protys/fixture#Load00085_Process,http://w3id.org/protys/fixture#TitaniumDioxide,http://w3id.org/protys/fixture#Supplier_A,29,kg,RECIPE_ONCE_PER_PROCESS,SIMULATED_PRODUCTION_CASE
http://w3id.org/protys/fixture#Load00085_Flow_AcrylicResin,http://w3id.org/protys/fixture#Load00085,http://w3id.org/protys/fixture#Load00085_Process,http://w3id.org/protys/fixture#AcrylicResin,http://w3id.org/protys/fixture#Supplier_B,43.5,kg,RECIPE_ONCE_PER_PROCESS,SIMULATED_PRODUCTION_CASE
http://w3id.org/protys/fixture#Load00085_Flow_Water,http://w3id.org/protys/fixture#Load00085,http://w3id.org/protys/fixture#Load00085_Process,http://w3id.org/protys/fixture#Water,http://w3id.org/protys/fixture#Supplier_A,71.05,kg,RECIPE_ONCE_PER_PROCESS,SIMULATED_PRODUCTION_CASE
http://w3id.org/protys/fixture#Load00085_Flow_Biocide,http://w3id.org/protys/fixture#Load00085,http://w3id.org/protys/fixture#Load00085_Process,http://w3id.org/protys/fixture#Biocide,http://w3id.org/protys/fixture#Supplier_B,1.45,kg,RECIPE_ONCE_PER_PROCESS,SIMULATED_PRODUCTION_CASE
http://w3id.org/protys/fixture#Load00086_Flow_TitaniumDioxide,http://w3id.org/protys/fixture#Load00086,http://w3id.org/protys/fixture#Load00086_Process,http://w3id.org/protys/fixture#TitaniumDioxide,http://w3id.org/protys/fixture#Supplier_A,25.2,kg,RECIPE_ONCE_PER_PROCESS,SIMULATED_PRODUCTION_CASE
http://w3id.org/protys/fixture#Load00086_Flow_AcrylicResin,http://w3id.org/protys/fixture#Load00086,http://w3id.org/protys/fixture#Load00086_Process,http://w3id.org/protys/fixture#AcrylicResin,http://w3id.org/protys/fixture#Supplier_B,37.8,kg,RECIPE_ONCE_PER_PROCESS,SIMULATED_PRODUCTION_CASE
http://w3id.org/protys/fixture#Load00086_Flow_Water,http://w3id.org/protys/fixture#Load00086,http://w3id.org/protys/fixture#Load00086_Process,http://w3id.org/protys/fixture#Water,http://w3id.org/protys/fixture#Supplier_A,61.74,kg,RECIPE_ONCE_PER_PROCESS,SIMULATED_PRODUCTION_CASE
http://w3id.org/protys/fixture#Load00086_Flow_Biocide,http://w3id.org/protys/fixture#Load00086,http://w3id.org/protys/fixture#Load00086_Process,http://w3id.org/protys/fixture#Biocide,http://w3id.org/protys/fixture#Supplier_B,1.26,kg,RECIPE_ONCE_PER_PROCESS,SIMULATED_PRODUCTION_CASE
http://w3id.org/protys/fixture#Load00087_Flow_TitaniumDioxide,http://w3id.org/protys/fixture#Load00087,http://w3id.org/protys/fixture#Load00087_Process,http://w3id.org/protys/fixture#TitaniumDioxide,http://w3id.org/protys/fixture#Supplier_A,37,kg,RECIPE_ONCE_PER_PROCESS,SIMULATED_PRODUCTION_CASE
http://w3id.org/protys/fixture#Load00087_Flow_AcrylicResin,http://w3id.org/protys/fixture#Load00087,http://w3id.org/protys/fixture#Load00087_Process,http://w3id.org/protys/fixture#AcrylicResin,http://w3id.org/protys/fixture#Supplier_B,55.5,kg,RECIPE_ONCE_PER_PROCESS,SIMULATED_PRODUCTION_CASE
http://w3id.org/protys/fixture#Load00087_Flow_Water,http://w3id.org/protys/fixture#Load00087,http://w3id.org/protys/fixture#Load00087_Process,http://w3id.org/protys/fixture#Water,http://w3id.org/protys/fixture#Supplier_A,90.65,kg,RECIPE_ONCE_PER_PROCESS,SIMULATED_PRODUCTION_CASE
http://w3id.org/protys/fixture#Load00087_Flow_Biocide,http://w3id.org/protys/fixture#Load00087,http://w3id.org/protys/fixture#Load00087_Process,http://w3id.org/protys/fixture#Biocide,http://w3id.org/protys/fixture#Supplier_B,1.85,kg,RECIPE_ONCE_PER_PROCESS,SIMULATED_PRODUCTION_CASE
http://w3id.org/protys/fixture#Load00088_Flow_TitaniumDioxide,http://w3id.org/protys/fixture#Load00088,http://w3id.org/protys/fixture#Load00088_Process,http://w3id.org/protys/fixture#TitaniumDioxide,http://w3id.org/protys/fixture#Supplier_A,26.8,kg,RECIPE_ONCE_PER_PROCESS,SIMULATED_PRODUCTION_CASE
http://w3id.org/protys/fixture#Load00088_Flow_AcrylicResin,http://w3id.org/protys/fixture#Load00088,http://w3id.org/protys/fixture#Load00088_Process,http://w3id.org/protys/fixture#AcrylicResin,http://w3id.org/protys/fixture#Supplier_B,40.2,kg,RECIPE_ONCE_PER_PROCESS,SIMULATED_PRODUCTION_CASE
http://w3id.org/protys/fixture#Load00088_Flow_Water,http://w3id.org/protys/fixture#Load00088,http://w3id.org/protys/fixture#Load00088_Process,http://w3id.org/protys/fixture#Water,http://w3id.org/protys/fixture#Supplier_A,65.66,kg,RECIPE_ONCE_PER_PROCESS,SIMULATED_PRODUCTION_CASE
http://w3id.org/protys/fixture#Load00088_Flow_Biocide,http://w3id.org/protys/fixture#Load00088,http://w3id.org/protys/fixture#Load00088_Process,http://w3id.org/protys/fixture#Biocide,http://w3id.org/protys/fixture#Supplier_B,1.34,kg,RECIPE_ONCE_PER_PROCESS,SIMULATED_PRODUCTION_CASE
http://w3id.org/protys/fixture#Load00089_Flow_TitaniumDioxide,http://w3id.org/protys/fixture#Load00089,http://w3id.org/protys/fixture#Load00089_Process,http://w3id.org/protys/fixture#TitaniumDioxide,http://w3id.org/protys/fixture#Supplier_A,37.8,kg,RECIPE_ONCE_PER_PROCESS,SIMULATED_PRODUCTION_CASE
http://w3id.org/protys/fixture#Load00089_Flow_AcrylicResin,http://w3id.org/protys/fixture#Load00089,http://w3id.org/protys/fixture#Load00089_Process,http://w3id.org/protys/fixture#AcrylicResin,http://w3id.org/protys/fixture#Supplier_B,56.7,kg,RECIPE_ONCE_PER_PROCESS,SIMULATED_PRODUCTION_CASE
http://w3id.org/protys/fixture#Load00089_Flow_Water,http://w3id.org/protys/fixture#Load00089,http://w3id.org/protys/fixture#Load00089_Process,http://w3id.org/protys/fixture#Water,http://w3id.org/protys/fixture#Supplier_A,92.61,kg,RECIPE_ONCE_PER_PROCESS,SIMULATED_PRODUCTION_CASE
http://w3id.org/protys/fixture#Load00089_Flow_Biocide,http://w3id.org/protys/fixture#Load00089,http://w3id.org/protys/fixture#Load00089_Process,http://w3id.org/protys/fixture#Biocide,http://w3id.org/protys/fixture#Supplier_B,1.89,kg,RECIPE_ONCE_PER_PROCESS,SIMULATED_PRODUCTION_CASE
http://w3id.org/protys/fixture#Load00090_Flow_TitaniumDioxide,http://w3id.org/protys/fixture#Load00090,http://w3id.org/protys/fixture#Load00090_Process,http://w3id.org/protys/fixture#TitaniumDioxide,http://w3id.org/protys/fixture#Supplier_A,37.4,kg,RECIPE_ONCE_PER_PROCESS,SIMULATED_PRODUCTION_CASE
http://w3id.org/protys/fixture#Load00090_Flow_AcrylicResin,http://w3id.org/protys/fixture#Load00090,http://w3id.org/protys/fixture#Load00090_Process,http://w3id.org/protys/fixture#AcrylicResin,http://w3id.org/protys/fixture#Supplier_B,56.1,kg,RECIPE_ONCE_PER_PROCESS,SIMULATED_PRODUCTION_CASE
http://w3id.org/protys/fixture#Load00090_Flow_Water,http://w3id.org/protys/fixture#Load00090,http://w3id.org/protys/fixture#Load00090_Process,http://w3id.org/protys/fixture#Water,http://w3id.org/protys/fixture#Supplier_A,91.63,kg,RECIPE_ONCE_PER_PROCESS,SIMULATED_PRODUCTION_CASE
http://w3id.org/protys/fixture#Load00090_Flow_Biocide,http://w3id.org/protys/fixture#Load00090,http://w3id.org/protys/fixture#Load00090_Process,http://w3id.org/protys/fixture#Biocide,http://w3id.org/protys/fixture#Supplier_B,1.87,kg,RECIPE_ONCE_PER_PROCESS,SIMULATED_PRODUCTION_CASE
http://w3id.org/protys/fixture#Load00091_Flow_TitaniumDioxide,http://w3id.org/protys/fixture#Load00091,http://w3id.org/protys/fixture#Load00091_Process,http://w3id.org/protys/fixture#TitaniumDioxide,http://w3id.org/protys/fixture#Supplier_A,36.4,kg,RECIPE_ONCE_PER_PROCESS,SIMULATED_PRODUCTION_CASE
http://w3id.org/protys/fixture#Load00091_Flow_AcrylicResin,http://w3id.org/protys/fixture#Load00091,http://w3id.org/protys/fixture#Load00091_Process,http://w3id.org/protys/fixture#AcrylicResin,http://w3id.org/protys/fixture#Supplier_B,54.6,kg,RECIPE_ONCE_PER_PROCESS,SIMULATED_PRODUCTION_CASE
http://w3id.org/protys/fixture#Load00091_Flow_Water,http://w3id.org/protys/fixture#Load00091,http://w3id.org/protys/fixture#Load00091_Process,http://w3id.org/protys/fixture#Water,http://w3id.org/protys/fixture#Supplier_A,89.18,kg,RECIPE_ONCE_PER_PROCESS,SIMULATED_PRODUCTION_CASE
http://w3id.org/protys/fixture#Load00091_Flow_Biocide,http://w3id.org/protys/fixture#Load00091,http://w3id.org/protys/fixture#Load00091_Process,http://w3id.org/protys/fixture#Biocide,http://w3id.org/protys/fixture#Supplier_B,1.82,kg,RECIPE_ONCE_PER_PROCESS,SIMULATED_PRODUCTION_CASE
http://w3id.org/protys/fixture#Load00092_Flow_TitaniumDioxide,http://w3id.org/protys/fixture#Load00092,http://w3id.org/protys/fixture#Load00092_Process,http://w3id.org/protys/fixture#TitaniumDioxide,http://w3id.org/protys/fixture#Supplier_A,21.8,kg,RECIPE_ONCE_PER_PROCESS,SIMULATED_PRODUCTION_CASE
http://w3id.org/protys/fixture#Load00092_Flow_AcrylicResin,http://w3id.org/protys/fixture#Load00092,http://w3id.org/protys/fixture#Load00092_Process,http://w3id.org/protys/fixture#AcrylicResin,http://w3id.org/protys/fixture#Supplier_B,32.7,kg,RECIPE_ONCE_PER_PROCESS,SIMULATED_PRODUCTION_CASE
http://w3id.org/protys/fixture#Load00092_Flow_Water,http://w3id.org/protys/fixture#Load00092,http://w3id.org/protys/fixture#Load00092_Process,http://w3id.org/protys/fixture#Water,http://w3id.org/protys/fixture#Supplier_A,53.41,kg,RECIPE_ONCE_PER_PROCESS,SIMULATED_PRODUCTION_CASE
http://w3id.org/protys/fixture#Load00092_Flow_Biocide,http://w3id.org/protys/fixture#Load00092,http://w3id.org/protys/fixture#Load00092_Process,http://w3id.org/protys/fixture#Biocide,http://w3id.org/protys/fixture#Supplier_B,1.09,kg,RECIPE_ONCE_PER_PROCESS,SIMULATED_PRODUCTION_CASE
http://w3id.org/protys/fixture#Load00093_Flow_TitaniumDioxide,http://w3id.org/protys/fixture#Load00093,http://w3id.org/protys/fixture#Load00093_Process,http://w3id.org/protys/fixture#TitaniumDioxide,http://w3id.org/protys/fixture#Supplier_A,35.4,kg,RECIPE_ONCE_PER_PROCESS,SIMULATED_PRODUCTION_CASE
http://w3id.org/protys/fixture#Load00093_Flow_AcrylicResin,http://w3id.org/protys/fixture#Load00093,http://w3id.org/protys/fixture#Load00093_Process,http://w3id.org/protys/fixture#AcrylicResin,http://w3id.org/protys/fixture#Supplier_B,53.1,kg,RECIPE_ONCE_PER_PROCESS,SIMULATED_PRODUCTION_CASE
http://w3id.org/protys/fixture#Load00093_Flow_Water,http://w3id.org/protys/fixture#Load00093,http://w3id.org/protys/fixture#Load00093_Process,http://w3id.org/protys/fixture#Water,http://w3id.org/protys/fixture#Supplier_A,86.73,kg,RECIPE_ONCE_PER_PROCESS,SIMULATED_PRODUCTION_CASE
http://w3id.org/protys/fixture#Load00093_Flow_Biocide,http://w3id.org/protys/fixture#Load00093,http://w3id.org/protys/fixture#Load00093_Process,http://w3id.org/protys/fixture#Biocide,http://w3id.org/protys/fixture#Supplier_B,1.77,kg,RECIPE_ONCE_PER_PROCESS,SIMULATED_PRODUCTION_CASE
http://w3id.org/protys/fixture#Load00094_Flow_TitaniumDioxide,http://w3id.org/protys/fixture#Load00094,http://w3id.org/protys/fixture#Load00094_Process,http://w3id.org/protys/fixture#TitaniumDioxide,http://w3id.org/protys/fixture#Supplier_A,36.2,kg,RECIPE_ONCE_PER_PROCESS,SIMULATED_PRODUCTION_CASE
http://w3id.org/protys/fixture#Load00094_Flow_AcrylicResin,http://w3id.org/protys/fixture#Load00094,http://w3id.org/protys/fixture#Load00094_Process,http://w3id.org/protys/fixture#AcrylicResin,http://w3id.org/protys/fixture#Supplier_B,54.3,kg,RECIPE_ONCE_PER_PROCESS,SIMULATED_PRODUCTION_CASE
http://w3id.org/protys/fixture#Load00094_Flow_Water,http://w3id.org/protys/fixture#Load00094,http://w3id.org/protys/fixture#Load00094_Process,http://w3id.org/protys/fixture#Water,http://w3id.org/protys/fixture#Supplier_A,88.69,kg,RECIPE_ONCE_PER_PROCESS,SIMULATED_PRODUCTION_CASE
http://w3id.org/protys/fixture#Load00094_Flow_Biocide,http://w3id.org/protys/fixture#Load00094,http://w3id.org/protys/fixture#Load00094_Process,http://w3id.org/protys/fixture#Biocide,http://w3id.org/protys/fixture#Supplier_B,1.81,kg,RECIPE_ONCE_PER_PROCESS,SIMULATED_PRODUCTION_CASE
http://w3id.org/protys/fixture#Load00095_Flow_TitaniumDioxide,http://w3id.org/protys/fixture#Load00095,http://w3id.org/protys/fixture#Load00095_Process,http://w3id.org/protys/fixture#TitaniumDioxide,http://w3id.org/protys/fixture#Supplier_A,24.2,kg,RECIPE_ONCE_PER_PROCESS,SIMULATED_PRODUCTION_CASE
http://w3id.org/protys/fixture#Load00095_Flow_AcrylicResin,http://w3id.org/protys/fixture#Load00095,http://w3id.org/protys/fixture#Load00095_Process,http://w3id.org/protys/fixture#AcrylicResin,http://w3id.org/protys/fixture#Supplier_B,36.3,kg,RECIPE_ONCE_PER_PROCESS,SIMULATED_PRODUCTION_CASE
http://w3id.org/protys/fixture#Load00095_Flow_Water,http://w3id.org/protys/fixture#Load00095,http://w3id.org/protys/fixture#Load00095_Process,http://w3id.org/protys/fixture#Water,http://w3id.org/protys/fixture#Supplier_A,59.29,kg,RECIPE_ONCE_PER_PROCESS,SIMULATED_PRODUCTION_CASE
http://w3id.org/protys/fixture#Load00095_Flow_Biocide,http://w3id.org/protys/fixture#Load00095,http://w3id.org/protys/fixture#Load00095_Process,http://w3id.org/protys/fixture#Biocide,http://w3id.org/protys/fixture#Supplier_B,1.21,kg,RECIPE_ONCE_PER_PROCESS,SIMULATED_PRODUCTION_CASE
http://w3id.org/protys/fixture#Load00096_Flow_TitaniumDioxide,http://w3id.org/protys/fixture#Load00096,http://w3id.org/protys/fixture#Load00096_Process,http://w3id.org/protys/fixture#TitaniumDioxide,http://w3id.org/protys/fixture#Supplier_A,33.6,kg,RECIPE_ONCE_PER_PROCESS,SIMULATED_PRODUCTION_CASE
http://w3id.org/protys/fixture#Load00096_Flow_AcrylicResin,http://w3id.org/protys/fixture#Load00096,http://w3id.org/protys/fixture#Load00096_Process,http://w3id.org/protys/fixture#AcrylicResin,http://w3id.org/protys/fixture#Supplier_B,50.4,kg,RECIPE_ONCE_PER_PROCESS,SIMULATED_PRODUCTION_CASE
http://w3id.org/protys/fixture#Load00096_Flow_Water,http://w3id.org/protys/fixture#Load00096,http://w3id.org/protys/fixture#Load00096_Process,http://w3id.org/protys/fixture#Water,http://w3id.org/protys/fixture#Supplier_A,82.32,kg,RECIPE_ONCE_PER_PROCESS,SIMULATED_PRODUCTION_CASE
http://w3id.org/protys/fixture#Load00096_Flow_Biocide,http://w3id.org/protys/fixture#Load00096,http://w3id.org/protys/fixture#Load00096_Process,http://w3id.org/protys/fixture#Biocide,http://w3id.org/protys/fixture#Supplier_B,1.68,kg,RECIPE_ONCE_PER_PROCESS,SIMULATED_PRODUCTION_CASE
http://w3id.org/protys/fixture#Load00097_Flow_TitaniumDioxide,http://w3id.org/protys/fixture#Load00097,http://w3id.org/protys/fixture#Load00097_Process,http://w3id.org/protys/fixture#TitaniumDioxide,http://w3id.org/protys/fixture#Supplier_A,38.6,kg,RECIPE_ONCE_PER_PROCESS,SIMULATED_PRODUCTION_CASE
http://w3id.org/protys/fixture#Load00097_Flow_AcrylicResin,http://w3id.org/protys/fixture#Load00097,http://w3id.org/protys/fixture#Load00097_Process,http://w3id.org/protys/fixture#AcrylicResin,http://w3id.org/protys/fixture#Supplier_B,57.9,kg,RECIPE_ONCE_PER_PROCESS,SIMULATED_PRODUCTION_CASE
http://w3id.org/protys/fixture#Load00097_Flow_Water,http://w3id.org/protys/fixture#Load00097,http://w3id.org/protys/fixture#Load00097_Process,http://w3id.org/protys/fixture#Water,http://w3id.org/protys/fixture#Supplier_A,94.57,kg,RECIPE_ONCE_PER_PROCESS,SIMULATED_PRODUCTION_CASE
http://w3id.org/protys/fixture#Load00097_Flow_Biocide,http://w3id.org/protys/fixture#Load00097,http://w3id.org/protys/fixture#Load00097_Process,http://w3id.org/protys/fixture#Biocide,http://w3id.org/protys/fixture#Supplier_B,1.93,kg,RECIPE_ONCE_PER_PROCESS,SIMULATED_PRODUCTION_CASE
http://w3id.org/protys/fixture#Load00098_Flow_TitaniumDioxide,http://w3id.org/protys/fixture#Load00098,http://w3id.org/protys/fixture#Load00098_Process,http://w3id.org/protys/fixture#TitaniumDioxide,http://w3id.org/protys/fixture#Supplier_A,26.2,kg,RECIPE_ONCE_PER_PROCESS,SIMULATED_PRODUCTION_CASE
http://w3id.org/protys/fixture#Load00098_Flow_AcrylicResin,http://w3id.org/protys/fixture#Load00098,http://w3id.org/protys/fixture#Load00098_Process,http://w3id.org/protys/fixture#AcrylicResin,http://w3id.org/protys/fixture#Supplier_B,39.3,kg,RECIPE_ONCE_PER_PROCESS,SIMULATED_PRODUCTION_CASE
http://w3id.org/protys/fixture#Load00098_Flow_Water,http://w3id.org/protys/fixture#Load00098,http://w3id.org/protys/fixture#Load00098_Process,http://w3id.org/protys/fixture#Water,http://w3id.org/protys/fixture#Supplier_A,64.19,kg,RECIPE_ONCE_PER_PROCESS,SIMULATED_PRODUCTION_CASE
http://w3id.org/protys/fixture#Load00098_Flow_Biocide,http://w3id.org/protys/fixture#Load00098,http://w3id.org/protys/fixture#Load00098_Process,http://w3id.org/protys/fixture#Biocide,http://w3id.org/protys/fixture#Supplier_B,1.31,kg,RECIPE_ONCE_PER_PROCESS,SIMULATED_PRODUCTION_CASE
http://w3id.org/protys/fixture#Load00099_Flow_TitaniumDioxide,http://w3id.org/protys/fixture#Load00099,http://w3id.org/protys/fixture#Load00099_Process,http://w3id.org/protys/fixture#TitaniumDioxide,http://w3id.org/protys/fixture#Supplier_A,24,kg,RECIPE_ONCE_PER_PROCESS,SIMULATED_PRODUCTION_CASE
http://w3id.org/protys/fixture#Load00099_Flow_AcrylicResin,http://w3id.org/protys/fixture#Load00099,http://w3id.org/protys/fixture#Load00099_Process,http://w3id.org/protys/fixture#AcrylicResin,http://w3id.org/protys/fixture#Supplier_B,36,kg,RECIPE_ONCE_PER_PROCESS,SIMULATED_PRODUCTION_CASE
http://w3id.org/protys/fixture#Load00099_Flow_Water,http://w3id.org/protys/fixture#Load00099,http://w3id.org/protys/fixture#Load00099_Process,http://w3id.org/protys/fixture#Water,http://w3id.org/protys/fixture#Supplier_A,58.8,kg,RECIPE_ONCE_PER_PROCESS,SIMULATED_PRODUCTION_CASE
http://w3id.org/protys/fixture#Load00099_Flow_Biocide,http://w3id.org/protys/fixture#Load00099,http://w3id.org/protys/fixture#Load00099_Process,http://w3id.org/protys/fixture#Biocide,http://w3id.org/protys/fixture#Supplier_B,1.2,kg,RECIPE_ONCE_PER_PROCESS,SIMULATED_PRODUCTION_CASE
