operation_iri,lot_iri,manufacturing_process_iri,lci_representation_iri,energy_value,energy_unit,factor_iri,inventory_scope,scenario_role
http://w3id.org/protys/fixture#Load00000_Op1,http://w3id.org/protys/fixture#Load00000,http://w3id.org/protys/fixture#Load00000_Process,http://w3id.org/protys/fixture#Load00000_LCIProcess,0,kWh,http://w3id.org/protys/fixture#GridFactor,ELECTRICITY_CONSUMED_IN_PRODUCTION_ONLY,SIMULATED_PRODUCTION_CASE
http://w3id.org/protys/fixture#Load00000_Op2,http://w3id.org/protys/fixture#Load00000,http://w3id.org/protys/fixture#Load00000_Process,http://w3id.org/protys/fixture#Load00000_LCIProcess,10,kWh,http://w3id.org/protys/fixture#GridFactor,ELECTRICITY_CONSUMED_IN_PRODUCTION_ONLY,SIMULATED_PRODUCTION_CASE
http://w3id.org/protys/fixture#Load00000_Op3,http://w3id.org/protys/fixture#Load00000,http://w3id.org/protys/fixture#Load00000_Process,http://w3id.org/protys/fixture#Load00000_LCIProcess,75,kWh,http://w3id.org/protys/fixture#GridFactor,ELECTRICITY_CONSUMED_IN_PRODUCTION_ONLY,SIMULATED_PRODUCTION_CASE
http://w3id.org/protys/fixture#Load00000_Op4,http://w3id.org/protys/fixture#Load00000,http://w3id.org/protys/fixture#Load00000_Process,http://w3id.org/protys/fixture#Load00000_LCIProcess,26.666667,kWh,http://w3id.org/protys/fixture#GridFactor,ELECTRICITY_CONSUMED_IN_PRODUCTION_ONLY,SIMULATED_PRODUCTION_CASE
http://w3id.org/protys/fixture#Load00000_Op5,http://w3id.org/protys/fixture#Load00000,http://w3id.org/protys/fixture#Load00000_Process,http://w3id.org/protys/fixture#Load00000_LCIProcess,3.333333,kWh,http://w3id.org/protys/fixture#GridFactor,ELECTRICITY_CONSUMED_IN_PRODUCTION_ONLY,SIMULATED_PRODUCTION_CASE
http://w3id.org/protys/fixture#Load00000_Op6,http://w3id.org/protys/fixture#Load00000,http://w3id.org/protys/fixture#Load00000_Process,http://w3id.org/protys/fixture#Load00000_LCIProcess,0,kWh,http://w3id.org/protys/fixture#GridFactor,ELECTRICITY_CONSUMED_IN_PRODUCTION_ONLY,SIMULATED_PRODUCTION_CASE
http://w3id.org/protys/fixture#Load00000_Op7,http://w3id.org/protys/fixture#Load00000,http://w3id.org/protys/fixture#Load00000_Process,http://w3id.org/protys/fixture#Load00000_LCIProcess,0.333333,kWh,http://w3id.org/protys/fixture#GridFactor,ELECTRICITY_CONSUMED_IN_PRODUCTION_ONLY,SIMULATED_PRODUCTION_CASE
http://w3id.org/protys/fixture#Load00001_Op1,http://w3id.org/protys/fixture#Load00001,http://w3id.org/protys/fixture#Load00001_Process,http://w3id.org/protys/fixture#Load00001_LCIProcess,0,kWh,http://w3id.org/protys/fixture#GridFactor,ELECTRICITY_CONSUMED_IN_PRODUCTION_ONLY,SIMULATED_PRODUCTION_CASE
http://w3id.org/protys/fixture#Load00001_Op2,http://w3id.org/protys/fixture#Load00001,http://w3id.org/protys/fixture#Load00001_Process,http://w3id.org/protys/fixture#Load00001_LCIProcess,10,kWh,http://w3id.org/protys/fixture#GridFactor,ELECTRICITY_CONSUMED_IN_PRODUCTION_ONLY,SIMULATED_PRODUCTION_CASE
http://w3id.org/protys/fixture#Load00001_Op3,http://w3id.org/protys/fixture#Load00001,http://w3id.org/protys/fixture#Load00001_Process,http://w3id.org/protys/fixture#Load00001_LCIProcess,75,kWh,http://w3id.org/protys/fixture#GridFactor,ELECTRICITY_CONSUMED_IN_PRODUCTION_ONLY,SIMULATED_PRODUCTION_CASE
http://w3id.org/protys/fixture#Load00001_Op4,http://w3id.org/protys/fixture#Load00001,http://w3id.org/protys/fixture#Load00001_Process,http://w3id.org/protys/fixture#Load00001_LCIProcess,26.666667,kWh,http://w3id.org/protys/fixture#GridFactor,ELECTRICITY_CONSUMED_IN_PRODUCTION_ONLY,SIMULATED_PRODUCTION_CASE
http://w3id.org/protys/fixture#Load00001_Op5,http://w3id.org/protys/fixture#Load00001,http://w3id.org/protys/fixture#Load00001_Process,http://w3id.org/protys/fixture#Load00001_LCIProcess,3.333333,kWh,http://w3id.org/protys/fixture#GridFactor,ELECTRICITY_CONSUMED_IN_PRODUCTION_ONLY,SIMULATED_PRODUCTION_CASE
http://w3id.org/protys/fixture#Load00001_Op6,http://w3id.org/protys/fixture#Load00001,http://w3id.org/protys/fixture#Load00001_Process,http://w3id.org/protys/fixture#Load00001_LCIProcess,0,kWh,http://w3id.org/protys/fixture#GridFactor,ELECTRICITY_CONSUMED_IN_PRODUCTION_ONLY,SIMULATED_PRODUCTION_CASE
http://w3id.org/protys/fixture#Load00001_Op7,http://w3id.org/protys/fixture#Load00001,http://w3id.org/protys/fixture#Load00001_Process,http://w3id.org/protys/fixture#Load00001_LCIProcess,0.333333,kWh,http://w3id.org/protys/fixture#GridFactor,ELECTRICITY_CONSUMED_IN_PRODUCTION_ONLY,SIMULATED_PRODUCTION_CASE
http://w3id.org/protys/fixture#Load00002_Op1,http://w3id.org/protys/fixture#Load00002,http://w3id.org/protys/fixture#Load00002_Process,http://w3id.org/protys/fixture#Load00002_LCIProcess,0,kWh,http://w3id.org/protys/fixture#GridFactor,ELECTRICITY_CONSUMED_IN_PRODUCTION_ONLY,SIMULATED_PRODUCTION_CASE
http://w3id.org/protys/fixture#Load00002_Op2,http://w3id.org/protys/fixture#Load00002,http://w3id.org/protys/fixture#Load00002_Process,http://w3id.org/protys/fixture#Load00002_LCIProcess,10,kWh,http://w3id.org/protys/fixture#GridFactor,ELECTRICITY_CONSUMED_IN_PRODUCTION_ONLY,SIMULATED_PRODUCTION_CASE
http://w3id.org/protys/fixture#Load00002_Op3,http://w3id.org/protys/fixture#Load00002,http://w3id.org/protys/fixture#Load00002_Process,http://w3id.org/protys/fixture#Load00002_LCIProcess,75,kWh,http://w3id.org/protys/fixture#GridFactor,ELECTRICITY_CONSUMED_IN_PRODUCTION_ONLY,SIMULATED_PRODUCTION_CASE
http://w3id.org/protys/fixture#Load00002_Op4,http://w3id.org/protys/fixture#Load00002,http://w3id.org/protys/fixture#Load00002_Process,http://w3id.org/protys/fixture#Load00002_LCIProcess,26.666667,kWh,http://w3id.org/protys/fixture#GridFactor,ELECTRICITY_CONSUMED_IN_PRODUCTION_ONLY,SIMULATED_PRODUCTION_CASE
http://w3id.org/protys/fixture#Load00002_Op5,http://w3id.org/protys/fixture#Load00002,http://w3id.org/protys/fixture#Load00002_Process,http://w3id.org/protys/fixture#Load00002_LCIProcess,3.333333,kWh,http://w3id.org/protys/fixture#GridFactor,ELECTRICITY_CONSUMED_IN_PRODUCTION_ONLY,SIMULATED_PRODUCTION_CASE
http://w3id.org/protys/fixture#Load00002_Op6,http://w3id.org/protys/fixture#Load00002,http://w3id.org/protys/fixture#Load00002_Process,http://w3id.org/protys/fixture#Load00002_LCIProcess,0,kWh,http://w3id.org/protys/fixture#GridFactor,ELECTRICITY_CONSUMED_IN_PRODUCTION_ONLY,SIMULATED_PRODUCTION_CASE
http://w3id.org/protys/fixture#Load00002_Op7,http://w3id.org/protys/fixture#Load00002,http://w3id.org/protys/fixture#Load00002_Process,http://w3id.org/protys/fixture#Load00002_LCIProcess,0.333333,kWh,http://w3id.org/protys/fixture#GridFactor,ELECTRICITY_CONSUMED_IN_PRODUCTION_ONLY,SIMULATED_PRODUCTION_CASE
http://w3id.org/protys/fixture#Load00003_Op1,http://w3id.org/protys/fixture#Load00003,http://w3id.org/protys/fixture#Load00003_Process,http://w3id.org/protys/fixture#Load00003_LCIProcess,0,kWh,http://w3id.org/protys/fixture#GridFactor,ELECTRICITY_CONSUMED_IN_PRODUCTION_ONLY,SIMULATED_PRODUCTION_CASE
http://w3id.org/protys/fixture#Load00003_Op2,http://w3id.org/protys/fixture#Load00003,http://w3id.org/protys/fixture#Load00003_Process,http://w3id.org/protys/fixture#Load00003_LCIProcess,10,kWh,http://w3id.org/protys/fixture#GridFactor,ELECTRICITY_CONSUMED_IN_PRODUCTION_ONLY,SIMULATED_PRODUCTION_CASE
http://w3id.org/protys/fixture#Load00003_Op3,http://w3id.org/protys/fixture#Load00003,http://w3id.org/protys/fixture#Load00003_Process,http://w3id.org/protys/fixture#Load00003_LCIProcess,75,kWh,http://w3id.org/protys/fixture#GridFactor,ELECTRICITY_CONSUMED_IN_PRODUCTION_ONLY,SIMULATED_PRODUCTION_CASE
http://w3id.org/protys/fixture#Load00003_Op4,http://w3id.org/protys/fixture#Load00003,http://w3id.org/protys/fixture#Load00003_Process,http://w3id.org/protys/fixture#Load00003_LCIProcess,26.666667,kWh,http://w3id.org/protys/fixture#GridFactor,ELECTRICITY_CONSUMED_IN_PRODUCTION_ONLY,SIMULATED_PRODUCTION_CASE
http://w3id.org/protys/fixture#Load00003_Op5,http://w3id.org/protys/fixture#Load00003,http://w3id.org/protys/fixture#Load00003_Process,http://w3id.org/protys/fixture#Load00003_LCIProcess,3.333333,kWh,http://w3id.org/protys/fixture#GridFactor,ELECTRICITY_CONSUMED_IN_PRODUCTION_ONLY,SIMULATED_PRODUCTION_CASE
http://w3id.org/protys/fixture#Load00003_Op6,http://w3id.org/protys/fixture#Load00003,http://w3id.org/protys/fixture#Load00003_Process,http://w3id.org/protys/fixture#Load00003_LCIProcess,0,kWh,http://w3id.org/protys/fixture#GridFactor,ELECTRICITY_CONSUMED_IN_PRODUCTION_ONLY,SIMULATED_PRODUCTION_CASE
http://w3id.org/protys/fixture#Load00003_Op7,http://w3id.org/protys/fixture#Load00003,http://w3id.org/protys/fixture#Load00003_Process,http://w3id.org/protys/fixture#Load00003_LCIProcess,0.333333,kWh,http://w3id.org/protys/fixture#GridFactor,ELECTRICITY_CONSUMED_IN_PRODUCTION_ONLY,SIMULATED_PRODUCTION_CASE
http://w3id.org/protys/fixture#Load00004_Op1,http://w3id.org/protys/fixture#Load00004,http://w3id.org/protys/fixture#Load00004_Process,http://w3id.org/protys/fixture#Load00004_LCIProcess,0,kWh,http://w3id.org/protys/fixture#GridFactor,ELECTRICITY_CONSUMED_IN_PRODUCTION_ONLY,SIMULATED_PRODUCTION_CASE
http://w3id.org/protys/fixture#Load00004_Op2,http://w3id.org/protys/fixture#Load00004,http://w3id.org/protys/fixture#Load00004_Process,http://w3id.org/protys/fixture#Load00004_LCIProcess,10,kWh,http://w3id.org/protys/fixture#GridFactor,ELECTRICITY_CONSUMED_IN_PRODUCTION_ONLY,SIMULATED_PRODUCTION_CASE
http://w3id.org/protys/fixture#Load00004_Op3,http://w3id.org/protys/fixture#Load00004,http://w3id.org/protys/fixture#Load00004_Process,http://w3id.org/protys/fixture#Load00004_LCIProcess,75,kWh,http://w3id.org/protys/fixture#GridFactor,ELECTRICITY_CONSUMED_IN_PRODUCTION_ONLY,SIMULATED_PRODUCTION_CASE
http://w3id.org/protys/fixture#Load00004_Op4,http://w3id.org/protys/fixture#Load00004,http://w3id.org/protys/fixture#Load00004_Process,http://w3id.org/protys/fixture#Load00004_LCIProcess,26.666667,kWh,http://w3id.org/protys/fixture#GridFactor,ELECTRICITY_CONSUMED_IN_PRODUCTION_ONLY,SIMULATED_PRODUCTION_CASE
http://w3id.org/protys/fixture#Load00004_Op5,http://w3id.org/protys/fixture#Load00004,http://w3id.org/protys/fixture#Load00004_Process,http://w3id.org/protys/fixture#Load00004_LCIProcess,3.333333,kWh,http://w3id.org/protys/fixture#GridFactor,ELECTRICITY_CONSUMED_IN_PRODUCTION_ONLY,SIMULATED_PRODUCTION_CASE
http://w3id.org/protys/fixture#Load00004_Op6,http://w3id.org/protys/fixture#Load00004,http://w3id.org/protys/fixture#Load00004_Process,http://w3id.org/protys/fixture#Load00004_LCIProcess,0,kWh,http://w3id.org/protys/fixture#GridFactor,ELECTRICITY_CONSUMED_IN_PRODUCTION_ONLY,SIMULATED_PRODUCTION_CASE
http://w3id.org/protys/fixture#Load00004_Op7,http://w3id.org/protys/fixture#Load00004,http://w3id.org/protys/fixture#Load00004_Process,http://w3id.org/protys/fixture#Load00004_LCIProcess,0.333333,kWh,http://w3id.org/protys/fixture#GridFactor,ELECTRICITY_CONSUMED_IN_PRODUCTION_ONLY,SIMULATED_PRODUCTION_CASE
http://w3id.org/protys/fixture#Load00005_Op1,http://w3id.org/protys/fixture#Load00005,http://w3id.org/protys/fixture#Load00005_Process,http://w3id.org/protys/fixture#Load00005_LCIProcess,0,kWh,http://w3id.org/protys/fixture#GridFactor,ELECTRICITY_CONSUMED_IN_PRODUCTION_ONLY,SIMULATED_PRODUCTION_CASE
http://w3id.org/protys/fixture#Load00005_Op2,http://w3id.org/protys/fixture#Load00005,http://w3id.org/protys/fixture#Load00005_Process,http://w3id.org/protys/fixture#Load00005_LCIProcess,10,kWh,http://w3id.org/protys/fixture#GridFactor,ELECTRICITY_CONSUMED_IN_PRODUCTION_ONLY,SIMULATED_PRODUCTION_CASE
http://w3id.org/protys/fixture#Load00005_Op3,http://w3id.org/protys/fixture#Load00005,http://w3id.org/protys/fixture#Load00005_Process,http://w3id.org/protys/fixture#Load00005_LCIProcess,75,kWh,http://w3id.org/protys/fixture#GridFactor,ELECTRICITY_CONSUMED_IN_PRODUCTION_ONLY,SIMULATED_PRODUCTION_CASE
http://w3id.org/protys/fixture#Load00005_Op4,http://w3id.org/protys/fixture#Load00005,http://w3id.org/protys/fixture#Load00005_Process,http://w3id.org/protys/fixture#Load00005_LCIProcess,26.666667,kWh,http://w3id.org/protys/fixture#GridFactor,ELECTRICITY_CONSUMED_IN_PRODUCTION_ONLY,SIMULATED_PRODUCTION_CASE
http://w3id.org/protys/fixture#Load00005_Op5,http://w3id.org/protys/fixture#Load00005,http://w3id.org/protys/fixture#Load00005_Process,http://w3id.org/protys/fixture#Load00005_LCIProcess,3.333333,kWh,http://w3id.org/protys/fixture#GridFactor,ELECTRICITY_CONSUMED_IN_PRODUCTION_ONLY,SIMULATED_PRODUCTION_CASE
http://w3id.org/protys/fixture#Load00005_Op6,http://w3id.org/protys/fixture#Load00005,http://w3id.org/protys/fixture#Load00005_Process,http://w3id.org/protys/fixture#Load00005_LCIProcess,0,kWh,http://w3id.org/protys/fixture#GridFactor,ELECTRICITY_CONSUMED_IN_PRODUCTION_ONLY,SIMULATED_PRODUCTION_CASE
http://w3id.org/protys/fixture#Load00005_Op7,http://w3id.org/protys/fixture#Load00005,http://w3id.org/protys/fixture#Load00005_Process,http://w3id.org/protys/fixture#Load00005_LCIProcess,0.333333,kWh,http://w3id.org/protys/fixture#GridFactor,ELECTRICITY_CONSUMED_IN_PRODUCTION_ONLY,SIMULATED_PRODUCTION_CASE
http://w3id.org/protys/fixture#Load00006_Op1,http://w3id.org/protys/fixture#Load00006,http://w3id.org/protys/fixture#Load00006_Process,http://w3id.org/protys/fixture#Load00006_LCIProcess,0,kWh,http://w3id.org/protys/fixture#GridFactor,ELECTRICITY_CONSUMED_IN_PRODUCTION_ONLY,SIMULATED_PRODUCTION_CASE
http://w3id.org/protys/fixture#Load00006_Op2,http://w3id.org/protys/fixture#Load00006,http://w3id.org/protys/fixture#Load00006_Process,http://w3id.org/protys/fixture#Load00006_LCIProcess,10,kWh,http://w3id.org/protys/fixture#GridFactor,ELECTRICITY_CONSUMED_IN_PRODUCTION_ONLY,SIMULATED_PRODUCTION_CASE
http://w3id.org/protys/fixture#Load00006_Op3,http://w3id.org/protys/fixture#Load00006,http://w3id.org/protys/fixture#Load00006_Process,http://w3id.org/protys/fixture#Load00006_LCIProcess,75,kWh,http://w3id.org/protys/fixture#GridFactor,ELECTRICITY_CONSUMED_IN_PRODUCTION_ONLY,SIMULATED_PRODUCTION_CASE
http://w3id.org/protys/fixture#Load00006_Op4,http://w3id.org/protys/fixture#Load00006,http://w3id.org/protys/fixture#Load00006_Process,http://w3id.org/protys/fixture#Load00006_LCIProcess,26.666667,kWh,http://w3id.org/protys/fixture#GridFactor,ELECTRICITY_CONSUMED_IN_PRODUCTION_ONLY,SIMULATED_PRODUCTION_CASE
http://w3id.org/protys/fixture#Load00006_Op5,http://w3id.org/protys/fixture#Load00006,http://w3id.org/protys/fixture#Load00006_Process,http://w3id.org/protys/fixture#Load00006_LCIProcess,3.333333,kWh,http://w3id.org/protys/fixture#GridFactor,ELECTRICITY_CONSUMED_IN_PRODUCTION_ONLY,SIMULATED_PRODUCTION_CASE
http://w3id.org/protys/fixture#Load00006_Op6,http://w3id.org/protys/fixture#Load00006,http://w3id.org/protys/fixture#Load00006_Process,http://w3id.org/protys/fixture#Load00006_LCIProcess,0,kWh,http://w3id.org/protys/fixture#GridFactor,ELECTRICITY_CONSUMED_IN_PRODUCTION_ONLY,SIMULATED_PRODUCTION_CASE
http://w3id.org/protys/fixture#Load00006_Op7,http://w3id.org/protys/fixture#Load00006,http://w3id.org/protys/fixture#Load00006_Process,http://w3id.org/protys/fixture#Load00006_LCIProcess,0.333333,kWh,http://w3id.org/protys/fixture#GridFactor,ELECTRICITY_CONSUMED_IN_PRODUCTION_ONLY,SIMULATED_PRODUCTION_CASE
http://w3id.org/protys/fixture#Load00007_Op1,http://w3id.org/protys/fixture#Load00007,http://w3id.org/protys/fixture#Load00007_Process,http://w3id.org/protys/fixture#Load00007_LCIProcess,0,kWh,http://w3id.org/protys/fixture#GridFactor,ELECTRICITY_CONSUMED_IN_PRODUCTION_ONLY,SIMULATED_PRODUCTION_CASE
http://w3id.org/protys/fixture#Load00007_Op2,http://w3id.org/protys/fixture#Load00007,http://w3id.org/protys/fixture#Load00007_Process,http://w3id.org/protys/fixture#Load00007_LCIProcess,10,kWh,http://w3id.org/protys/fixture#GridFactor,ELECTRICITY_CONSUMED_IN_PRODUCTION_ONLY,SIMULATED_PRODUCTION_CASE
http://w3id.org/protys/fixture#Load00007_Op3,http://w3id.org/protys/fixture#Load00007,http://w3id.org/protys/fixture#Load00007_Process,http://w3id.org/protys/fixture#Load00007_LCIProcess,75,kWh,http://w3id.org/protys/fixture#GridFactor,ELECTRICITY_CONSUMED_IN_PRODUCTION_ONLY,SIMULATED_PRODUCTION_CASE
http://w3id.org/protys/fixture#Load00007_Op4,http://w3id.org/protys/fixture#Load00007,http://w3id.org/protys/fixture#Load00007_Process,http://w3id.org/protys/fixture#Load00007_LCIProcess,26.666667,kWh,http://w3id.org/protys/fixture#GridFactor,ELECTRICITY_CONSUMED_IN_PRODUCTION_ONLY,SIMULATED_PRODUCTION_CASE
http://w3id.org/protys/fixture#Load00007_Op5,http://w3id.org/protys/fixture#Load00007,http://w3id.org/protys/fixture#Load00007_Process,http://w3id.org/protys/fixture#Load00007_LCIProcess,3.333333,kWh,http://w3id.org/protys/fixture#GridFactor,ELECTRICITY_CONSUMED_IN_PRODUCTION_ONLY,SIMULATED_PRODUCTION_CASE
http://w3id.org/protys/fixture#Load00007_Op6,http://w3id.org/protys/fixture#Load00007,http://w3id.org/protys/fixture#Load00007_Process,http://w3id.org/protys/fixture#Load00007_LCIProcess,0,kWh,http://w3id.org/protys/fixture#GridFactor,ELECTRICITY_CONSUMED_IN_PRODUCTION_ONLY,SIMULATED_PRODUCTION_CASE
http://w3id.org/protys/fixture#Load00007_Op7,http://w3id.org/protys/fixture#Load00007,http://w3id.org/protys/fixture#Load00007_Process,http://w3id.org/protys/fixture#Load00007_LCIProcess,0.333333,kWh,http://w3id.org/protys/fixture#GridFactor,ELECTRICITY_CONSUMED_IN_PRODUCTION_ONLY,SIMULATED_PRODUCTION_CASE
http://w3id.org/protys/fixture#Load00008_Op1,http://w3id.org/protys/fixture#Load00008,http://w3id.org/protys/fixture#Load00008_Process,http://w3id.org/protys/fixture#Load00008_LCIProcess,0,kWh,http://w3id.org/protys/fixture#GridFactor,ELECTRICITY_CONSUMED_IN_PRODUCTION_ONLY,SIMULATED_PRODUCTION_CASE
http://w3id.org/protys/fixture#Load00008_Op2,http://w3id.org/protys/fixture#Load00008,http://w3id.org/protys/fixture#Load00008_Process,http://w3id.org/protys/fixture#Load00008_LCIProcess,10,kWh,http://w3id.org/protys/fixture#GridFactor,ELECTRICITY_CONSUMED_IN_PRODUCTION_ONLY,SIMULATED_PRODUCTION_CASE
http://w3id.org/protys/fixture#Load00008_Op3,http://w3id.org/protys/fixture#Load00008,http://w3id.org/protys/fixture#Load00008_Process,http://w3id.org/protys/fixture#Load00008_LCIProcess,75,kWh,http://w3id.org/protys/fixture#GridFactor,ELECTRICITY_CONSUMED_IN_PRODUCTION_ONLY,SIMULATED_PRODUCTION_CASE
http://w3id.org/protys/fixture#Load00008_Op4,http://w3id.org/protys/fixture#Load00008,http://w3id.org/protys/fixture#Load00008_Process,http://w3id.org/protys/fixture#Load00008_LCIProcess,26.666667,kWh,http://w3id.org/protys/fixture#GridFactor,ELECTRICITY_CONSUMED_IN_PRODUCTION_ONLY,SIMULATED_PRODUCTION_CASE
http://w3id.org/protys/fixture#Load00008_Op5,http://w3id.org/protys/fixture#Load00008,http://w3id.org/protys/fixture#Load00008_Process,http://w3id.org/protys/fixture#Load00008_LCIProcess,3.333333,kWh,http://w3id.org/protys/fixture#GridFactor,ELECTRICITY_CONSUMED_IN_PRODUCTION_ONLY,SIMULATED_PRODUCTION_CASE
http://w3id.org/protys/fixture#Load00008_Op6,http://w3id.org/protys/fixture#Load00008,http://w3id.org/protys/fixture#Load00008_Process,http://w3id.org/protys/fixture#Load00008_LCIProcess,0,kWh,http://w3id.org/protys/fixture#GridFactor,ELECTRICITY_CONSUMED_IN_PRODUCTION_ONLY,SIMULATED_PRODUCTION_CASE
http://w3id.org/protys/fixture#Load00008_Op7,http://w3id.org/protys/fixture#Load00008,http://w3id.org/protys/fixture#Load00008_Process,http://w3id.org/protys/fixture#Load00008_LCIProcess,0.333333,kWh,http://w3id.org/protys/fixture#GridFactor,ELECTRICITY_CONSUMED_IN_PRODUCTION_ONLY,SIMULATED_PRODUCTION_CASE
http://w3id.org/protys/fixture#Load00009_Op1,http://w3id.org/protys/fixture#Load00009,http://w3id.org/protys/fixture#Load00009_Process,http://w3id.org/protys/fixture#Load00009_LCIProcess,0,kWh,http://w3id.org/protys/fixture#GridFactor,ELECTRICITY_CONSUMED_IN_PRODUCTION_ONLY,SIMULATED_PRODUCTION_CASE
http://w3id.org/protys/fixture#Load00009_Op2,http://w3id.org/protys/fixture#Load00009,http://w3id.org/protys/fixture#Load00009_Process,http://w3id.org/protys/fixture#Load00009_LCIProcess,10,kWh,http://w3id.org/protys/fixture#GridFactor,ELECTRICITY_CONSUMED_IN_PRODUCTION_ONLY,SIMULATED_PRODUCTION_CASE
http://w3id.org/protys/fixture#Load00009_Op3,http://w3id.org/protys/fixture#Load00009,http://w3id.org/protys/fixture#Load00009_Process,http://w3id.org/protys/fixture#Load00009_LCIProcess,75,kWh,http://w3id.org/protys/fixture#GridFactor,ELECTRICITY_CONSUMED_IN_PRODUCTION_ONLY,SIMULATED_PRODUCTION_CASE
http://w3id.org/protys/fixture#Load00009_Op4,http://w3id.org/protys/fixture#Load00009,http://w3id.org/protys/fixture#Load00009_Process,http://w3id.org/protys/fixture#Load00009_LCIProcess,26.666667,kWh,http://w3id.org/protys/fixture#GridFactor,ELECTRICITY_CONSUMED_IN_PRODUCTION_ONLY,SIMULATED_PRODUCTION_CASE
http://w3id.org/protys/fixture#Load00009_Op5,http://w3id.org/protys/fixture#Load00009,http://w3id.org/protys/fixture#Load00009_Process,http://w3id.org/protys/fixture#Load00009_LCIProcess,3.333333,kWh,http://w3id.org/protys/fixture#GridFactor,ELECTRICITY_CONSUMED_IN_PRODUCTION_ONLY,SIMULATED_PRODUCTION_CASE
http://w3id.org/protys/fixture#Load00009_Op6,http://w3id.org/protys/fixture#Load00009,http://w3id.org/protys/fixture#Load00009_Process,http://w3id.org/protys/fixture#Load00009_LCIProcess,0,kWh,http://w3id.org/protys/fixture#GridFactor,ELECTRICITY_CONSUMED_IN_PRODUCTION_ONLY,SIMULATED_PRODUCTION_CASE
http://w3id.org/protys/fixture#Load00009_Op7,http://w3id.org/protys/fixture#Load00009,http://w3id.org/protys/fixture#Load00009_Process,http://w3id.org/protys/fixture#Load00009_LCIProcess,0.333333,kWh,http://w3id.org/protys/fixture#GridFactor,ELECTRICITY_CONSUMED_IN_PRODUCTION_ONLY,SIMULATED_PRODUCTION_CASE
http://w3id.org/protys/fixture#Load00010_Op1,http://w3id.org/protys/fixture#Load00010,http://w3id.org/protys/fixture#Load00010_Process,http://w3id.org/protys/fixture#Load00010_LCIProcess,0,kWh,http://w3id.org/protys/fixture#GridFactor,ELECTRICITY_CONSUMED_IN_PRODUCTION_ONLY,SIMULATED_PRODUCTION_CASE
http://w3id.org/protys/fixture#Load00010_Op2,http://w3id.org/protys/fixture#Load00010,http://w3id.org/protys/fixture#Load00010_Process,http://w3id.org/protys/fixture#Load00010_LCIProcess,10,kWh,http://w3id.org/protys/fixture#GridFactor,ELECTRICITY_CONSUMED_IN_PRODUCTION_ONLY,SIMULATED_PRODUCTION_CASE
http://w3id.org/protys/fixture#Load00010_Op3,http://w3id.org/protys/fixture#Load00010,http://w3id.org/protys/fixture#Load00010_Process,http://w3id.org/protys/fixture#Load00010_LCIProcess,75,kWh,http://w3id.org/protys/fixture#GridFactor,ELECTRICITY_CONSUMED_IN_PRODUCTION_ONLY,SIMULATED_PRODUCTION_CASE
http://w3id.org/protys/fixture#Load00010_Op4,http://w3id.org/protys/fixture#Load00010,http://w3id.org/protys/fixture#Load00010_Process,http://w3id.org/protys/fixture#Load00010_LCIProcess,26.666667,kWh,http://w3id.org/protys/fixture#GridFactor,ELECTRICITY_CONSUMED_IN_PRODUCTION_ONLY,SIMULATED_PRODUCTION_CASE
http://w3id.org/protys/fixture#Load00010_Op5,http://w3id.org/protys/fixture#Load00010,http://w3id.org/protys/fixture#Load00010_Process,http://w3id.org/protys/fixture#Load00010_LCIProcess,3.333333,kWh,http://w3id.org/protys/fixture#GridFactor,ELECTRICITY_CONSUMED_IN_PRODUCTION_ONLY,SIMULATED_PRODUCTION_CASE
http://w3id.org/protys/fixture#Load00010_Op6,http://w3id.org/protys/fixture#Load00010,http://w3id.org/protys/fixture#Load00010_Process,http://w3id.org/protys/fixture#Load00010_LCIProcess,0,kWh,http://w3id.org/protys/fixture#GridFactor,ELECTRICITY_CONSUMED_IN_PRODUCTION_ONLY,SIMULATED_PRODUCTION_CASE
http://w3id.org/protys/fixture#Load00010_Op7,http://w3id.org/protys/fixture#Load00010,http://w3id.org/protys/fixture#Load00010_Process,http://w3id.org/protys/fixture#Load00010_LCIProcess,0.333333,kWh,http://w3id.org/protys/fixture#GridFactor,ELECTRICITY_CONSUMED_IN_PRODUCTION_ONLY,SIMULATED_PRODUCTION_CASE
http://w3id.org/protys/fixture#Load00011_Op1,http://w3id.org/protys/fixture#Load00011,http://w3id.org/protys/fixture#Load00011_Process,http://w3id.org/protys/fixture#Load00011_LCIProcess,0,kWh,http://w3id.org/protys/fixture#GridFactor,ELECTRICITY_CONSUMED_IN_PRODUCTION_ONLY,SIMULATED_PRODUCTION_CASE
http://w3id.org/protys/fixture#Load00011_Op2,http://w3id.org/protys/fixture#Load00011,http://w3id.org/protys/fixture#Load00011_Process,http://w3id.org/protys/fixture#Load00011_LCIProcess,10,kWh,http://w3id.org/protys/fixture#GridFactor,ELECTRICITY_CONSUMED_IN_PRODUCTION_ONLY,SIMULATED_PRODUCTION_CASE
http://w3id.org/protys/fixture#Load00011_Op3,http://w3id.org/protys/fixture#Load00011,http://w3id.org/protys/fixture#Load00011_Process,http://w3id.org/protys/fixture#Load00011_LCIProcess,75,kWh,http://w3id.org/protys/fixture#GridFactor,ELECTRICITY_CONSUMED_IN_PRODUCTION_ONLY,SIMULATED_PRODUCTION_CASE
http://w3id.org/protys/fixture#Load00011_Op4,http://w3id.org/protys/fixture#Load00011,http://w3id.org/protys/fixture#Load00011_Process,http://w3id.org/protys/fixture#Load00011_LCIProcess,26.666667,kWh,http://w3id.org/protys/fixture#GridFactor,ELECTRICITY_CONSUMED_IN_PRODUCTION_ONLY,SIMULATED_PRODUCTION_CASE
http://w3id.org/protys/fixture#Load00011_Op5,http://w3id.org/protys/fixture#Load00011,http://w3id.org/protys/fixture#Load00011_Process,http://w3id.org/protys/fixture#Load00011_LCIProcess,3.333333,kWh,http://w3id.org/protys/fixture#GridFactor,ELECTRICITY_CONSUMED_IN_PRODUCTION_ONLY,SIMULATED_PRODUCTION_CASE
http://w3id.org/protys/fixture#Load00011_Op6,http://w3id.org/protys/fixture#Load00011,http://w3id.org/protys/fixture#Load00011_Process,http://w3id.org/protys/fixture#Load00011_LCIProcess,0,kWh,http://w3id.org/protys/fixture#GridFactor,ELECTRICITY_CONSUMED_IN_PRODUCTION_ONLY,SIMULATED_PRODUCTION_CASE
http://w3id.org/protys/fixture#Load00011_Op7,http://w3id.org/protys/fixture#Load00011,http://w3id.org/protys/fixture#Load00011_Process,http://w3id.org/protys/fixture#Load00011_LCIProcess,0.333333,kWh,http://w3id.org/protys/fixture#GridFactor,ELECTRICITY_CONSUMED_IN_PRODUCTION_ONLY,SIMULATED_PRODUCTION_CASE
http://w3id.org/protys/fixture#Load00012_Op1,http://w3id.org/protys/fixture#Load00012,http://w3id.org/protys/fixture#Load00012_Process,http://w3id.org/protys/fixture#Load00012_LCIProcess,0,kWh,http://w3id.org/protys/fixture#GridFactor,ELECTRICITY_CONSUMED_IN_PRODUCTION_ONLY,SIMULATED_PRODUCTION_CASE
http://w3id.org/protys/fixture#Load00012_Op2,http://w3id.org/protys/fixture#Load00012,http://w3id.org/protys/fixture#Load00012_Process,http://w3id.org/protys/fixture#Load00012_LCIProcess,10,kWh,http://w3id.org/protys/fixture#GridFactor,ELECTRICITY_CONSUMED_IN_PRODUCTION_ONLY,SIMULATED_PRODUCTION_CASE
http://w3id.org/protys/fixture#Load00012_Op3,http://w3id.org/protys/fixture#Load00012,http://w3id.org/protys/fixture#Load00012_Process,http://w3id.org/protys/fixture#Load00012_LCIProcess,75,kWh,http://w3id.org/protys/fixture#GridFactor,ELECTRICITY_CONSUMED_IN_PRODUCTION_ONLY,SIMULATED_PRODUCTION_CASE
http://w3id.org/protys/fixture#Load00012_Op4,http://w3id.org/protys/fixture#Load00012,http://w3id.org/protys/fixture#Load00012_Process,http://w3id.org/protys/fixture#Load00012_LCIProcess,26.666667,kWh,http://w3id.org/protys/fixture#GridFactor,ELECTRICITY_CONSUMED_IN_PRODUCTION_ONLY,SIMULATED_PRODUCTION_CASE
http://w3id.org/protys/fixture#Load00012_Op5,http://w3id.org/protys/fixture#Load00012,http://w3id.org/protys/fixture#Load00012_Process,http://w3id.org/protys/fixture#Load00012_LCIProcess,3.333333,kWh,http://w3id.org/protys/fixture#GridFactor,ELECTRICITY_CONSUMED_IN_PRODUCTION_ONLY,SIMULATED_PRODUCTION_CASE
http://w3id.org/protys/fixture#Load00012_Op6,http://w3id.org/protys/fixture#Load00012,http://w3id.org/protys/fixture#Load00012_Process,http://w3id.org/protys/fixture#Load00012_LCIProcess,0,kWh,http://w3id.org/protys/fixture#GridFactor,ELECTRICITY_CONSUMED_IN_PRODUCTION_ONLY,SIMULATED_PRODUCTION_CASE
http://w3id.org/protys/fixture#Load00012_Op7,http://w3id.org/protys/fixture#Load00012,http://w3id.org/protys/fixture#Load00012_Process,http://w3id.org/protys/fixture#Load00012_LCIProcess,0.333333,kWh,http://w3id.org/protys/fixture#GridFactor,ELECTRICITY_CONSUMED_IN_PRODUCTION_ONLY,SIMULATED_PRODUCTION_CASE
http://w3id.org/protys/fixture#Load00013_Op1,http://w3id.org/protys/fixture#Load00013,http://w3id.org/protys/fixture#Load00013_Process,http://w3id.org/protys/fixture#Load00013_LCIProcess,0,kWh,http://w3id.org/protys/fixture#GridFactor,ELECTRICITY_CONSUMED_IN_PRODUCTION_ONLY,SIMULATED_PRODUCTION_CASE
http://w3id.org/protys/fixture#Load00013_Op2,http://w3id.org/protys/fixture#Load00013,http://w3id.org/protys/fixture#Load00013_Process,http://w3id.org/protys/fixture#Load00013_LCIProcess,10,kWh,http://w3id.org/protys/fixture#GridFactor,ELECTRICITY_CONSUMED_IN_PRODUCTION_ONLY,SIMULATED_PRODUCTION_CASE
http://w3id.org/protys/fixture#Load00013_Op3,http://w3id.org/protys/fixture#Load00013,http://w3id.org/protys/fixture#Load00013_Process,http://w3id.org/protys/fixture#Load00013_LCIProcess,75,kWh,http://w3id.org/protys/fixture#GridFactor,ELECTRICITY_CONSUMED_IN_PRODUCTION_ONLY,SIMULATED_PRODUCTION_CASE
http://w3id.org/protys/fixture#Load00013_Op4,http://w3id.org/protys/fixture#Load00013,http://w3id.org/protys/fixture#Load00013_Process,http://w3id.org/protys/fixture#Load00013_LCIProcess,26.666667,kWh,http://w3id.org/protys/fixture#GridFactor,ELECTRICITY_CONSUMED_IN_PRODUCTION_ONLY,SIMULATED_PRODUCTION_CASE
http://w3id.org/protys/fixture#Load00013_Op5,http://w3id.org/protys/fixture#Load00013,http://w3id.org/protys/fixture#Load00013_Process,http://w3id.org/protys/fixture#Load00013_LCIProcess,3.333333,kWh,http://w3id.org/protys/fixture#GridFactor,ELECTRICITY_CONSUMED_IN_PRODUCTION_ONLY,SIMULATED_PRODUCTION_CASE
http://w3id.org/protys/fixture#Load00013_Op6,http://w3id.org/protys/fixture#Load00013,http://w3id.org/protys/fixture#Load00013_Process,http://w3id.org/protys/fixture#Load00013_LCIProcess,0,kWh,http://w3id.org/protys/fixture#GridFactor,ELECTRICITY_CONSUMED_IN_PRODUCTION_ONLY,SIMULATED_PRODUCTION_CASE
http://w3id.org/protys/fixture#Load00013_Op7,http://w3id.org/protys/fixture#Load00013,http://w3id.org/protys/fixture#Load00013_Process,http://w3id.org/protys/fixture#Load00013_LCIProcess,0.333333,kWh,http://w3id.org/protys/fixture#GridFactor,ELECTRICITY_CONSUMED_IN_PRODUCTION_ONLY,SIMULATED_PRODUCTION_CASE
http://w3id.org/protys/fixture#Load00014_Op1,http://w3id.org/protys/fixture#Load00014,http://w3id.org/protys/fixture#Load00014_Process,http://w3id.org/protys/fixture#Load00014_LCIProcess,0,kWh,http://w3id.org/protys/fixture#GridFactor,ELECTRICITY_CONSUMED_IN_PRODUCTION_ONLY,SIMULATED_PRODUCTION_CASE
http://w3id.org/protys/fixture#Load00014_Op2,http://w3id.org/protys/fixture#Load00014,http://w3id.org/protys/fixture#Load00014_Process,http://w3id.org/protys/fixture#Load00014_LCIProcess,10,kWh,http://w3id.org/protys/fixture#GridFactor,ELECTRICITY_CONSUMED_IN_PRODUCTION_ONLY,SIMULATED_PRODUCTION_CASE
http://w3id.org/protys/fixture#Load00014_Op3,http://w3id.org/protys/fixture#Load00014,http://w3id.org/protys/fixture#Load00014_Process,http://w3id.org/protys/fixture#Load00014_LCIProcess,75,kWh,http://w3id.org/protys/fixture#GridFactor,ELECTRICITY_CONSUMED_IN_PRODUCTION_ONLY,SIMULATED_PRODUCTION_CASE
http://w3id.org/protys/fixture#Load00014_Op4,http://w3id.org/protys/fixture#Load00014,http://w3id.org/protys/fixture#Load00014_Process,http://w3id.org/protys/fixture#Load00014_LCIProcess,26.666667,kWh,http://w3id.org/protys/fixture#GridFactor,ELECTRICITY_CONSUMED_IN_PRODUCTION_ONLY,SIMULATED_PRODUCTION_CASE
http://w3id.org/protys/fixture#Load00014_Op5,http://w3id.org/protys/fixture#Load00014,http://w3id.org/protys/fixture#Load00014_Process,http://w3id.org/protys/fixture#Load00014_LCIProcess,3.333333,kWh,http://w3id.org/protys/fixture#GridFactor,ELECTRICITY_CONSUMED_IN_PRODUCTION_ONLY,SIMULATED_PRODUCTION_CASE
http://w3id.org/protys/fixture#Load00014_Op6,http://w3id.org/protys/fixture#Load00014,http://w3id.org/protys/fixture#Load00014_Process,http://w3id.org/protys/fixture#Load00014_LCIProcess,0,kWh,http://w3id.org/protys/fixture#GridFactor,ELECTRICITY_CONSUMED_IN_PRODUCTION_ONLY,SIMULATED_PRODUCTION_CASE
http://w3id.org/protys/fixture#Load00014_Op7,http://w3id.org/protys/fixture#Load00014,http://w3id.org/protys/fixture#Load00014_Process,http://w3id.org/protys/fixture#Load00014_LCIProcess,0.333333,kWh,http://w3id.org/protys/fixture#GridFactor,ELECTRICITY_CONSUMED_IN_PRODUCTION_ONLY,SIMULATED_PRODUCTION_CASE
http://w3id.org/protys/fixture#Load00015_Op1,http://w3id.org/protys/fixture#Load00015,http://w3id.org/protys/fixture#Load00015_Process,http://w3id.org/protys/fixture#Load00015_LCIProcess,0,kWh,http://w3id.org/protys/fixture#GridFactor,ELECTRICITY_CONSUMED_IN_PRODUCTION_ONLY,SIMULATED_PRODUCTION_CASE
http://w3id.org/protys/fixture#Load00015_Op2,http://w3id.org/protys/fixture#Load00015,http://w3id.org/protys/fixture#Load00015_Process,http://w3id.org/protys/fixture#Load00015_LCIProcess,10,kWh,http://w3id.org/protys/fixture#GridFactor,ELECTRICITY_CONSUMED_IN_PRODUCTION_ONLY,SIMULATED_PRODUCTION_CASE
http://w3id.org/protys/fixture#Load00015_Op3,http://w3id.org/protys/fixture#Load00015,http://w3id.org/protys/fixture#Load00015_Process,http://w3id.org/protys/fixture#Load00015_LCIProcess,75,kWh,http://w3id.org/protys/fixture#GridFactor,ELECTRICITY_CONSUMED_IN_PRODUCTION_ONLY,SIMULATED_PRODUCTION_CASE
http://w3id.org/protys/fixture#Load00015_Op4,http://w3id.org/protys/fixture#Load00015,http://w3id.org/protys/fixture#Load00015_Process,http://w3id.org/protys/fixture#Load00015_LCIProcess,26.666667,kWh,http://w3id.org/protys/fixture#GridFactor,ELECTRICITY_CONSUMED_IN_PRODUCTION_ONLY,SIMULATED_PRODUCTION_CASE
http://w3id.org/protys/fixture#Load00015_Op5,http://w3id.org/protys/fixture#Load00015,http://w3id.org/protys/fixture#Load00015_Process,http://w3id.org/protys/fixture#Load00015_LCIProcess,3.333333,kWh,http://w3id.org/protys/fixture#GridFactor,ELECTRICITY_CONSUMED_IN_PRODUCTION_ONLY,SIMULATED_PRODUCTION_CASE
http://w3id.org/protys/fixture#Load00015_Op6,http://w3id.org/protys/fixture#Load00015,http://w3id.org/protys/fixture#Load00015_Process,http://w3id.org/protys/fixture#Load00015_LCIProcess,0,kWh,http://w3id.org/protys/fixture#GridFactor,ELECTRICITY_CONSUMED_IN_PRODUCTION_ONLY,SIMULATED_PRODUCTION_CASE
http://w3id.org/protys/fixture#Load00015_Op7,http://w3id.org/protys/fixture#Load00015,http://w3id.org/protys/fixture#Load00015_Process,http://w3id.org/protys/fixture#Load00015_LCIProcess,0.333333,kWh,http://w3id.org/protys/fixture#GridFactor,ELECTRICITY_CONSUMED_IN_PRODUCTION_ONLY,SIMULATED_PRODUCTION_CASE
http://w3id.org/protys/fixture#Load00016_Op1,http://w3id.org/protys/fixture#Load00016,http://w3id.org/protys/fixture#Load00016_Process,http://w3id.org/protys/fixture#Load00016_LCIProcess,0,kWh,http://w3id.org/protys/fixture#GridFactor,ELECTRICITY_CONSUMED_IN_PRODUCTION_ONLY,SIMULATED_PRODUCTION_CASE
http://w3id.org/protys/fixture#Load00016_Op2,http://w3id.org/protys/fixture#Load00016,http://w3id.org/protys/fixture#Load00016_Process,http://w3id.org/protys/fixture#Load00016_LCIProcess,10,kWh,http://w3id.org/protys/fixture#GridFactor,ELECTRICITY_CONSUMED_IN_PRODUCTION_ONLY,SIMULATED_PRODUCTION_CASE
http://w3id.org/protys/fixture#Load00016_Op3,http://w3id.org/protys/fixture#Load00016,http://w3id.org/protys/fixture#Load00016_Process,http://w3id.org/protys/fixture#Load00016_LCIProcess,75,kWh,http://w3id.org/protys/fixture#GridFactor,ELECTRICITY_CONSUMED_IN_PRODUCTION_ONLY,SIMULATED_PRODUCTION_CASE
http://w3id.org/protys/fixture#Load00016_Op4,http://w3id.org/protys/fixture#Load00016,http://w3id.org/protys/fixture#Load00016_Process,http://w3id.org/protys/fixture#Load00016_LCIProcess,26.666667,kWh,http://w3id.org/protys/fixture#GridFactor,ELECTRICITY_CONSUMED_IN_PRODUCTION_ONLY,SIMULATED_PRODUCTION_CASE
http://w3id.org/protys/fixture#Load00016_Op5,http://w3id.org/protys/fixture#Load00016,http://w3id.org/protys/fixture#Load00016_Process,http://w3id.org/protys/fixture#Load00016_LCIProcess,3.333333,kWh,http://w3id.org/protys/fixture#GridFactor,ELECTRICITY_CONSUMED_IN_PRODUCTION_ONLY,SIMULATED_PRODUCTION_CASE
http://w3id.org/protys/fixture#Load00016_Op6,http://w3id.org/protys/fixture#Load00016,http://w3id.org/protys/fixture#Load00016_Process,http://w3id.org/protys/fixture#Load00016_LCIProcess,0,kWh,http://w3id.org/protys/fixture#GridFactor,ELECTRICITY_CONSUMED_IN_PRODUCTION_ONLY,SIMULATED_PRODUCTION_CASE
http://w3id.org/protys/fixture#Load00016_Op7,http://w3id.org/protys/fixture#Load00016,http://w3id.org/protys/fixture#Load00016_Process,http://w3id.org/protys/fixture#Load00016_LCIProcess,0.333333,kWh,http://w3id.org/protys/fixture#GridFactor,ELECTRICITY_CONSUMED_IN_PRODUCTION_ONLY,SIMULATED_PRODUCTION_CASE
http://w3id.org/protys/fixture#Load00017_Op1,http://w3id.org/protys/fixture#Load00017,http://w3id.org/protys/fixture#Load00017_Process,http://w3id.org/protys/fixture#Load00017_LCIProcess,0,kWh,http://w3id.org/protys/fixture#GridFactor,ELECTRICITY_CONSUMED_IN_PRODUCTION_ONLY,SIMULATED_PRODUCTION_CASE
http://w3id.org/protys/fixture#Load00017_Op2,http://w3id.org/protys/fixture#Load00017,http://w3id.org/protys/fixture#Load00017_Process,http://w3id.org/protys/fixture#Load00017_LCIProcess,10,kWh,http://w3id.org/protys/fixture#GridFactor,ELECTRICITY_CONSUMED_IN_PRODUCTION_ONLY,SIMULATED_PRODUCTION_CASE
http://w3id.org/protys/fixture#Load00017_Op3,http://w3id.org/protys/fixture#Load00017,http://w3id.org/protys/fixture#Load00017_Process,http://w3id.org/protys/fixture#Load00017_LCIProcess,75,kWh,http://w3id.org/protys/fixture#GridFactor,ELECTRICITY_CONSUMED_IN_PRODUCTION_ONLY,SIMULATED_PRODUCTION_CASE
http://w3id.org/protys/fixture#Load00017_Op4,http://w3id.org/protys/fixture#Load00017,http://w3id.org/protys/fixture#Load00017_Process,http://w3id.org/protys/fixture#Load00017_LCIProcess,26.666667,kWh,http://w3id.org/protys/fixture#GridFactor,ELECTRICITY_CONSUMED_IN_PRODUCTION_ONLY,SIMULATED_PRODUCTION_CASE
http://w3id.org/protys/fixture#Load00017_Op5,http://w3id.org/protys/fixture#Load00017,http://w3id.org/protys/fixture#Load00017_Process,http://w3id.org/protys/fixture#Load00017_LCIProcess,3.333333,kWh,http://w3id.org/protys/fixture#GridFactor,ELECTRICITY_CONSUMED_IN_PRODUCTION_ONLY,SIMULATED_PRODUCTION_CASE
http://w3id.org/protys/fixture#Load00017_Op6,http://w3id.org/protys/fixture#Load00017,http://w3id.org/protys/fixture#Load00017_Process,http://w3id.org/protys/fixture#Load00017_LCIProcess,0,kWh,http://w3id.org/protys/fixture#GridFactor,ELECTRICITY_CONSUMED_IN_PRODUCTION_ONLY,SIMULATED_PRODUCTION_CASE
http://w3id.org/protys/fixture#Load00017_Op7,http://w3id.org/protys/fixture#Load00017,http://w3id.org/protys/fixture#Load00017_Process,http://w3id.org/protys/fixture#Load00017_LCIProcess,0.333333,kWh,http://w3id.org/protys/fixture#GridFactor,ELECTRICITY_CONSUMED_IN_PRODUCTION_ONLY,SIMULATED_PRODUCTION_CASE
http://w3id.org/protys/fixture#Load00018_Op1,http://w3id.org/protys/fixture#Load00018,http://w3id.org/protys/fixture#Load00018_Process,http://w3id.org/protys/fixture#Load00018_LCIProcess,0,kWh,http://w3id.org/protys/fixture#GridFactor,ELECTRICITY_CONSUMED_IN_PRODUCTION_ONLY,SIMULATED_PRODUCTION_CASE
http://w3id.org/protys/fixture#Load00018_Op2,http://w3id.org/protys/fixture#Load00018,http://w3id.org/protys/fixture#Load00018_Process,http://w3id.org/protys/fixture#Load00018_LCIProcess,10,kWh,http://w3id.org/protys/fixture#GridFactor,ELECTRICITY_CONSUMED_IN_PRODUCTION_ONLY,SIMULATED_PRODUCTION_CASE
http://w3id.org/protys/fixture#Load00018_Op3,http://w3id.org/protys/fixture#Load00018,http://w3id.org/protys/fixture#Load00018_Process,http://w3id.org/protys/fixture#Load00018_LCIProcess,75,kWh,http://w3id.org/protys/fixture#GridFactor,ELECTRICITY_CONSUMED_IN_PRODUCTION_ONLY,SIMULATED_PRODUCTION_CASE
http://w3id.org/protys/fixture#Load00018_Op4,http://w3id.org/protys/fixture#Load00018,http://w3id.org/protys/fixture#Load00018_Process,http://w3id.org/protys/fixture#Load00018_LCIProcess,26.666667,kWh,http://w3id.org/protys/fixture#GridFactor,ELECTRICITY_CONSUMED_IN_PRODUCTION_ONLY,SIMULATED_PRODUCTION_CASE
http://w3id.org/protys/fixture#Load00018_Op5,http://w3id.org/protys/fixture#Load00018,http://w3id.org/protys/fixture#Load00018_Process,http://w3id.org/protys/fixture#Load00018_LCIProcess,3.333333,kWh,http://w3id.org/protys/fixture#GridFactor,ELECTRICITY_CONSUMED_IN_PRODUCTION_ONLY,SIMULATED_PRODUCTION_CASE
http://w3id.org/protys/fixture#Load00018_Op6,http://w3id.org/protys/fixture#Load00018,http://w3id.org/protys/fixture#Load00018_Process,http://w3id.org/protys/fixture#Load00018_LCIProcess,0,kWh,http://w3id.org/protys/fixture#GridFactor,ELECTRICITY_CONSUMED_IN_PRODUCTION_ONLY,SIMULATED_PRODUCTION_CASE
http://w3id.org/protys/fixture#Load00018_Op7,http://w3id.org/protys/fixture#Load00018,http://w3id.org/protys/fixture#Load00018_Process,http://w3id.org/protys/fixture#Load00018_LCIProcess,0.333333,kWh,http://w3id.org/protys/fixture#GridFactor,ELECTRICITY_CONSUMED_IN_PRODUCTION_ONLY,SIMULATED_PRODUCTION_CASE
http://w3id.org/protys/fixture#Load00019_Op1,http://w3id.org/protys/fixture#Load00019,http://w3id.org/protys/fixture#Load00019_Process,http://w3id.org/protys/fixture#Load00019_LCIProcess,0,kWh,http://w3id.org/protys/fixture#GridFactor,ELECTRICITY_CONSUMED_IN_PRODUCTION_ONLY,SIMULATED_PRODUCTION_CASE
http://w3id.org/protys/fixture#Load00019_Op2,http://w3id.org/protys/fixture#Load00019,http://w3id.org/protys/fixture#Load00019_Process,http://w3id.org/protys/fixture#Load00019_LCIProcess,10,kWh,http://w3id.org/protys/fixture#GridFactor,ELECTRICITY_CONSUMED_IN_PRODUCTION_ONLY,SIMULATED_PRODUCTION_CASE
http://w3id.org/protys/fixture#Load00019_Op3,http://w3id.org/protys/fixture#Load00019,http://w3id.org/protys/fixture#Load00019_Process,http://w3id.org/protys/fixture#Load00019_LCIProcess,75,kWh,http://w3id.org/protys/fixture#GridFactor,ELECTRICITY_CONSUMED_IN_PRODUCTION_ONLY,SIMULATED_PRODUCTION_CASE
http://w3id.org/protys/fixture#Load00019_Op4,http://w3id.org/protys/fixture#Load00019,http://w3id.org/protys/fixture#Load00019_Process,http://w3id.org/protys/fixture#Load00019_LCIProcess,26.666667,kWh,http://w3id.org/protys/fixture#GridFactor,ELECTRICITY_CONSUMED_IN_PRODUCTION_ONLY,SIMULATED_PRODUCTION_CASE
http://w3id.org/protys/fixture#Load00019_Op5,http://w3id.org/protys/fixture#Load00019,http://w3id.org/protys/fixture#Load00019_Process,http://w3id.org/protys/fixture#Load00019_LCIProcess,3.333333,kWh,http://w3id.org/protys/fixture#GridFactor,ELECTRICITY_CONSUMED_IN_PRODUCTION_ONLY,SIMULATED_PRODUCTION_CASE
http://w3id.org/protys/fixture#Load00019_Op6,http://w3id.org/protys/fixture#Load00019,http://w3id.org/protys/fixture#Load00019_Process,http://w3id.org/protys/fixture#Load00019_LCIProcess,0,kWh,http://w3id.org/protys/fixture#GridFactor,ELECTRICITY_CONSUMED_IN_PRODUCTION_ONLY,SIMULATED_PRODUCTION_CASE
http://w3id.org/protys/fixture#Load00019_Op7,http://w3id.org/protys/fixture#Load00019,http://w3id.org/protys/fixture#Load00019_Process,http://w3id.org/protys/fixture#Load00019_LCIProcess,0.333333,kWh,http://w3id.org/protys/fixture#GridFactor,ELECTRICITY_CONSUMED_IN_PRODUCTION_ONLY,SIMULATED_PRODUCTION_CASE
http://w3id.org/protys/fixture#Load00020_Op1,http://w3id.org/protys/fixture#Load00020,http://w3id.org/protys/fixture#Load00020_Process,http://w3id.org/protys/fixture#Load00020_LCIProcess,0,kWh,http://w3id.org/protys/fixture#GridFactor,ELECTRICITY_CONSUMED_IN_PRODUCTION_ONLY,SIMULATED_PRODUCTION_CASE
http://w3id.org/protys/fixture#Load00020_Op2,http://w3id.org/protys/fixture#Load00020,http://w3id.org/protys/fixture#Load00020_Process,http://w3id.org/protys/fixture#Load00020_LCIProcess,10,kWh,http://w3id.org/protys/fixture#GridFactor,ELECTRICITY_CONSUMED_IN_PRODUCTION_ONLY,SIMULATED_PRODUCTION_CASE
http://w3id.org/protys/fixture#Load00020_Op3,http://w3id.org/protys/fixture#Load00020,http://w3id.org/protys/fixture#Load00020_Process,http://w3id.org/protys/fixture#Load00020_LCIProcess,75,kWh,http://w3id.org/protys/fixture#GridFactor,ELECTRICITY_CONSUMED_IN_PRODUCTION_ONLY,SIMULATED_PRODUCTION_CASE
http://w3id.org/protys/fixture#Load00020_Op4,http://w3id.org/protys/fixture#Load00020,http://w3id.org/protys/fixture#Load00020_Process,http://w3id.org/protys/fixture#Load00020_LCIProcess,26.666667,kWh,http://w3id.org/protys/fixture#GridFactor,ELECTRICITY_CONSUMED_IN_PRODUCTION_ONLY,SIMULATED_PRODUCTION_CASE
http://w3id.org/protys/fixture#Load00020_Op5,http://w3id.org/protys/fixture#Load00020,http://w3id.org/protys/fixture#Load00020_Process,http://w3id.org/protys/fixture#Load00020_LCIProcess,3.333333,kWh,http://w3id.org/protys/fixture#GridFactor,ELECTRICITY_CONSUMED_IN_PRODUCTION_ONLY,SIMULATED_PRODUCTION_CASE
http://w3id.org/protys/fixture#Load00020_Op6,http://w3id.org/protys/fixture#Load00020,http://w3id.org/protys/fixture#Load00020_Process,http://w3id.org/protys/fixture#Load00020_LCIProcess,0,kWh,http://w3id.org/protys/fixture#GridFactor,ELECTRICITY_CONSUMED_IN_PRODUCTION_ONLY,SIMULATED_PRODUCTION_CASE
http://w3id.org/protys/fixture#Load00020_Op7,http://w3id.org/protys/fixture#Load00020,http://w3id.org/protys/fixture#Load00020_Process,http://w3id.org/protys/fixture#Load00020_LCIProcess,0.333333,kWh,http://w3id.org/protys/fixture#GridFactor,ELECTRICITY_CONSUMED_IN_PRODUCTION_ONLY,SIMULATED_PRODUCTION_CASE
http://w3id.org/protys/fixture#Load00021_Op1,http://w3id.org/protys/fixture#Load00021,http://w3id.org/protys/fixture#Load00021_Process,http://w3id.org/protys/fixture#Load00021_LCIProcess,0,kWh,http://w3id.org/protys/fixture#GridFactor,ELECTRICITY_CONSUMED_IN_PRODUCTION_ONLY,SIMULATED_PRODUCTION_CASE
http://w3id.org/protys/fixture#Load00021_Op2,http://w3id.org/protys/fixture#Load00021,http://w3id.org/protys/fixture#Load00021_Process,http://w3id.org/protys/fixture#Load00021_LCIProcess,10,kWh,http://w3id.org/protys/fixture#GridFactor,ELECTRICITY_CONSUMED_IN_PRODUCTION_ONLY,SIMULATED_PRODUCTION_CASE
http://w3id.org/protys/fixture#Load00021_Op3,http://w3id.org/protys/fixture#Load00021,http://w3id.org/protys/fixture#Load00021_Process,http://w3id.org/protys/fixture#Load00021_LCIProcess,75,kWh,http://w3id.org/protys/fixture#GridFactor,ELECTRICITY_CONSUMED_IN_PRODUCTION_ONLY,SIMULATED_PRODUCTION_CASE
http://w3id.org/protys/fixture#Load00021_Op4,http://w3id.org/protys/fixture#Load00021,http://w3id.org/protys/fixture#Load00021_Process,http://w3id.org/protys/fixture#Load00021_LCIProcess,26.666667,kWh,http://w3id.org/protys/fixture#GridFactor,ELECTRICITY_CONSUMED_IN_PRODUCTION_ONLY,SIMULATED_PRODUCTION_CASE
http://w3id.org/protys/fixture#Load00021_Op5,http://w3id.org/protys/fixture#Load00021,http://w3id.org/protys/fixture#Load00021_Process,http://w3id.org/protys/fixture#Load00021_LCIProcess,3.333333,kWh,http://w3id.org/protys/fixture#GridFactor,ELECTRICITY_CONSUMED_IN_PRODUCTION_ONLY,SIMULATED_PRODUCTION_CASE
http://w3id.org/protys/fixture#Load00021_Op6,http://w3id.org/protys/fixture#Load00021,http://w3id.org/protys/fixture#Load00021_Process,http://w3id.org/protys/fixture#Load00021_LCIProcess,0,kWh,http://w3id.org/protys/fixture#GridFactor,ELECTRICITY_CONSUMED_IN_PRODUCTION_ONLY,SIMULATED_PRODUCTION_CASE
http://w3id.org/protys/fixture#Load00021_Op7,http://w3id.org/protys/fixture#Load00021,http://w3id.org/protys/fixture#Load00021_Process,http://w3id.org/protys/fixture#Load00021_LCIProcess,0.333333,kWh,http://w3id.org/protys/fixture#GridFactor,ELECTRICITY_CONSUMED_IN_PRODUCTION_ONLY,SIMULATED_PRODUCTION_CASE
http://w3id.org/protys/fixture#Load00022_Op1,http://w3id.org/protys/fixture#Load00022,http://w3id.org/protys/fixture#Load00022_Process,http://w3id.org/protys/fixture#Load00022_LCIProcess,0,kWh,http://w3id.org/protys/fixture#GridFactor,ELECTRICITY_CONSUMED_IN_PRODUCTION_ONLY,SIMULATED_PRODUCTION_CASE
http://w3id.org/protys/fixture#Load00022_Op2,http://w3id.org/protys/fixture#Load00022,http://w3id.org/protys/fixture#Load00022_Process,http://w3id.org/protys/fixture#Load00022_LCIProcess,10,kWh,http://w3id.org/protys/fixture#GridFactor,ELECTRICITY_CONSUMED_IN_PRODUCTION_ONLY,SIMULATED_PRODUCTION_CASE
http://w3id.org/protys/fixture#Load00022_Op3,http://w3id.org/protys/fixture#Load00022,http://w3id.org/protys/fixture#Load00022_Process,http://w3id.org/protys/fixture#Load00022_LCIProcess,75,kWh,http://w3id.org/protys/fixture#GridFactor,ELECTRICITY_CONSUMED_IN_PRODUCTION_ONLY,SIMULATED_PRODUCTION_CASE
http://w3id.org/protys/fixture#Load00022_Op4,http://w3id.org/protys/fixture#Load00022,http://w3id.org/protys/fixture#Load00022_Process,http://w3id.org/protys/fixture#Load00022_LCIProcess,26.666667,kWh,http://w3id.org/protys/fixture#GridFactor,ELECTRICITY_CONSUMED_IN_PRODUCTION_ONLY,SIMULATED_PRODUCTION_CASE
http://w3id.org/protys/fixture#Load00022_Op5,http://w3id.org/protys/fixture#Load00022,http://w3id.org/protys/fixture#Load00022_Process,http://w3id.org/protys/fixture#Load00022_LCIProcess,3.333333,kWh,http://w3id.org/protys/fixture#GridFactor,ELECTRICITY_CONSUMED_IN_PRODUCTION_ONLY,SIMULATED_PRODUCTION_CASE
http://w3id.org/protys/fixture#Load00022_Op6,http://w3id.org/protys/fixture#Load00022,http://w3id.org/protys/fixture#Load00022_Process,http://w3id.org/protys/fixture#Load00022_LCIProcess,0,kWh,http://w3id.org/protys/fixture#GridFactor,ELECTRICITY_CONSUMED_IN_PRODUCTION_ONLY,SIMULATED_PRODUCTION_CASE
http://w3id.org/protys/fixture#Load00022_Op7,http://w3id.org/protys/fixture#Load00022,http://w3id.org/protys/fixture#Load00022_Process,http://w3id.org/protys/fixture#Load00022_LCIProcess,0.333333,kWh,http://w3id.org/protys/fixture#GridFactor,ELECTRICITY_CONSUMED_IN_PRODUCTION_ONLY,SIMULATED_PRODUCTION_CASE
http://w3id.org/protys/fixture#Load00023_Op1,http://w3id.org/protys/fixture#Load00023,http://w3id.org/protys/fixture#Load00023_Process,http://w3id.org/protys/fixture#Load00023_LCIProcess,0,kWh,http://w3id.org/protys/fixture#GridFactor,ELECTRICITY_CONSUMED_IN_PRODUCTION_ONLY,SIMULATED_PRODUCTION_CASE
http://w3id.org/protys/fixture#Load00023_Op2,http://w3id.org/protys/fixture#Load00023,http://w3id.org/protys/fixture#Load00023_Process,http://w3id.org/protys/fixture#Load00023_LCIProcess,10,kWh,http://w3id.org/protys/fixture#GridFactor,ELECTRICITY_CONSUMED_IN_PRODUCTION_ONLY,SIMULATED_PRODUCTION_CASE
http://w3id.org/protys/fixture#Load00023_Op3,http://w3id.org/protys/fixture#Load00023,http://w3id.org/protys/fixture#Load00023_Process,http://w3id.org/protys/fixture#Load00023_LCIProcess,75,kWh,http://w3id.org/protys/fixture#GridFactor,ELECTRICITY_CONSUMED_IN_PRODUCTION_ONLY,SIMULATED_PRODUCTION_CASE
http://w3id.org/protys/fixture#Load00023_Op4,http://w3id.org/protys/fixture#Load00023,http://w3id.org/protys/fixture#Load00023_Process,http://w3id.org/protys/fixture#Load00023_LCIProcess,26.666667,kWh,http://w3id.org/protys/fixture#GridFactor,ELECTRICITY_CONSUMED_IN_PRODUCTION_ONLY,SIMULATED_PRODUCTION_CASE
http://w3id.org/protys/fixture#Load00023_Op5,http://w3id.org/protys/fixture#Load00023,http://w3id.org/protys/fixture#Load00023_Process,http://w3id.org/protys/fixture#Load00023_LCIProcess,3.333333,kWh,http://w3id.org/protys/fixture#GridFactor,ELECTRICITY_CONSUMED_IN_PRODUCTION_ONLY,SIMULATED_PRODUCTION_CASE
http://w3id.org/protys/fixture#Load00023_Op6,http://w3id.org/protys/fixture#Load00023,http://w3id.org/protys/fixture#Load00023_Process,http://w3id.org/protys/fixture#Load00023_LCIProcess,0,kWh,http://w3id.org/protys/fixture#GridFactor,ELECTRICITY_CONSUMED_IN_PRODUCTION_ONLY,SIMULATED_PRODUCTION_CASE
http://w3id.org/protys/fixture#Load00023_Op7,http://w3id.org/protys/fixture#Load00023,http://w3id.org/protys/fixture#Load00023_Process,http://w3id.org/protys/fixture#Load00023_LCIProcess,0.333333,kWh,http://w3id.org/protys/fixture#GridFactor,ELECTRICITY_CONSUMED_IN_PRODUCTION_ONLY,SIMULATED_PRODUCTION_CASE
http://w3id.org/protys/fixture#Load00024_Op1,http://w3id.org/protys/fixture#Load00024,http://w3id.org/protys/fixture#Load00024_Process,http://w3id.org/protys/fixture#Load00024_LCIProcess,0,kWh,http://w3id.org/protys/fixture#GridFactor,ELECTRICITY_CONSUMED_IN_PRODUCTION_ONLY,SIMULATED_PRODUCTION_CASE
http://w3id.org/protys/fixture#Load00024_Op2,http://w3id.org/protys/fixture#Load00024,http://w3id.org/protys/fixture#Load00024_Process,http://w3id.org/protys/fixture#Load00024_LCIProcess,10,kWh,http://w3id.org/protys/fixture#GridFactor,ELECTRICITY_CONSUMED_IN_PRODUCTION_ONLY,SIMULATED_PRODUCTION_CASE
http://w3id.org/protys/fixture#Load00024_Op3,http://w3id.org/protys/fixture#Load00024,http://w3id.org/protys/fixture#Load00024_Process,http://w3id.org/protys/fixture#Load00024_LCIProcess,75,kWh,http://w3id.org/protys/fixture#GridFactor,ELECTRICITY_CONSUMED_IN_PRODUCTION_ONLY,SIMULATED_PRODUCTION_CASE
http://w3id.org/protys/fixture#Load00024_Op4,http://w3id.org/protys/fixture#Load00024,http://w3id.org/protys/fixture#Load00024_Process,http://w3id.org/protys/fixture#Load00024_LCIProcess,26.666667,kWh,http://w3id.org/protys/fixture#GridFactor,ELECTRICITY_CONSUMED_IN_PRODUCTION_ONLY,SIMULATED_PRODUCTION_CASE
http://w3id.org/protys/fixture#Load00024_Op5,http://w3id.org/protys/fixture#Load00024,http://w3id.org/protys/fixture#Load00024_Process,http://w3id.org/protys/fixture#Load00024_LCIProcess,3.333333,kWh,http://w3id.org/protys/fixture#GridFactor,ELECTRICITY_CONSUMED_IN_PRODUCTION_ONLY,SIMULATED_PRODUCTION_CASE
http://w3id.org/protys/fixture#Load00024_Op6,http://w3id.org/protys/fixture#Load00024,http://w3id.org/protys/fixture#Load00024_Process,http://w3id.org/protys/fixture#Load00024_LCIProcess,0,kWh,http://w3id.org/protys/fixture#GridFactor,ELECTRICITY_CONSUMED_IN_PRODUCTION_ONLY,SIMULATED_PRODUCTION_CASE
http://w3id.org/protys/fixture#Load00024_Op7,http://w3id.org/protys/fixture#Load00024,http://w3id.org/protys/fixture#Load00024_Process,http://w3id.org/protys/fixture#Load00024_LCIProcess,0.333333,kWh,http://w3id.org/protys/fixture#GridFactor,ELECTRICITY_CONSUMED_IN_PRODUCTION_ONLY,SIMULATED_PRODUCTION_CASE
http://w3id.org/protys/fixture#Load00025_Op1,http://w3id.org/protys/fixture#Load00025,http://w3id.org/protys/fixture#Load00025_Process,http://w3id.org/protys/fixture#Load00025_LCIProcess,0,kWh,http://w3id.org/protys/fixture#GridFactor,ELECTRICITY_CONSUMED_IN_PRODUCTION_ONLY,SIMULATED_PRODUCTION_CASE
http://w3id.org/protys/fixture#Load00025_Op2,http://w3id.org/protys/fixture#Load00025,http://w3id.org/protys/fixture#Load00025_Process,http://w3id.org/protys/fixture#Load00025_LCIProcess,10,kWh,http://w3id.org/protys/fixture#GridFactor,ELECTRICITY_CONSUMED_IN_PRODUCTION_ONLY,SIMULATED_PRODUCTION_CASE
http://w3id.org/protys/fixture#Load00025_Op3,http://w3id.org/protys/fixture#Load00025,http://w3id.org/protys/fixture#Load00025_Process,http://w3id.org/protys/fixture#Load00025_LCIProcess,75,kWh,http://w3id.org/protys/fixture#GridFactor,ELECTRICITY_CONSUMED_IN_PRODUCTION_ONLY,SIMULATED_PRODUCTION_CASE
http://w3id.org/protys/fixture#Load00025_Op4,http://w3id.org/protys/fixture#Load00025,http://w3id.org/protys/fixture#Load00025_Process,http://w3id.org/protys/fixture#Load00025_LCIProcess,26.666667,kWh,http://w3id.org/protys/fixture#GridFactor,ELECTRICITY_CONSUMED_IN_PRODUCTION_ONLY,SIMULATED_PRODUCTION_CASE
http://w3id.org/protys/fixture#Load00025_Op5,http://w3id.org/protys/fixture#Load00025,http://w3id.org/protys/fixture#Load00025_Process,http://w3id.org/protys/fixture#Load00025_LCIProcess,3.333333,kWh,http://w3id.org/protys/fixture#GridFactor,ELECTRICITY_CONSUMED_IN_PRODUCTION_ONLY,SIMULATED_PRODUCTION_CASE
http://w3id.org/protys/fixture#Load00025_Op6,http://w3id.org/protys/fixture#Load00025,http://w3id.org/protys/fixture#Load00025_Process,http://w3id.org/protys/fixture#Load00025_LCIProcess,0,kWh,http://w3id.org/protys/fixture#GridFactor,ELECTRICITY_CONSUMED_IN_PRODUCTION_ONLY,SIMULATED_PRODUCTION_CASE
http://w3id.org/protys/fixture#Load00025_Op7,http://w3id.org/protys/fixture#Load00025,http://w3id.org/protys/fixture#Load00025_Process,http://w3id.org/protys/fixture#Load00025_LCIProcess,0.333333,kWh,http://w3id.org/protys/fixture#GridFactor,ELECTRICITY_CONSUMED_IN_PRODUCTION_ONLY,SIMULATED_PRODUCTION_CASE
http://w3id.org/protys/fixture#Load00026_Op1,http://w3id.org/protys/fixture#Load00026,http://w3id.org/protys/fixture#Load00026_Process,http://w3id.org/protys/fixture#Load00026_LCIProcess,0,kWh,http://w3id.org/protys/fixture#GridFactor,ELECTRICITY_CONSUMED_IN_PRODUCTION_ONLY,SIMULATED_PRODUCTION_CASE
http://w3id.org/protys/fixture#Load00026_Op2,http://w3id.org/protys/fixture#Load00026,http://w3id.org/protys/fixture#Load00026_Process,http://w3id.org/protys/fixture#Load00026_LCIProcess,10,kWh,http://w3id.org/protys/fixture#GridFactor,ELECTRICITY_CONSUMED_IN_PRODUCTION_ONLY,SIMULATED_PRODUCTION_CASE
http://w3id.org/protys/fixture#Load00026_Op3,http://w3id.org/protys/fixture#Load00026,http://w3id.org/protys/fixture#Load00026_Process,http://w3id.org/protys/fixture#Load00026_LCIProcess,75,kWh,http://w3id.org/protys/fixture#GridFactor,ELECTRICITY_CONSUMED_IN_PRODUCTION_ONLY,SIMULATED_PRODUCTION_CASE
http://w3id.org/protys/fixture#Load00026_Op4,http://w3id.org/protys/fixture#Load00026,http://w3id.org/protys/fixture#Load00026_Process,http://w3id.org/protys/fixture#Load00026_LCIProcess,26.666667,kWh,http://w3id.org/protys/fixture#GridFactor,ELECTRICITY_CONSUMED_IN_PRODUCTION_ONLY,SIMULATED_PRODUCTION_CASE
http://w3id.org/protys/fixture#Load00026_Op5,http://w3id.org/protys/fixture#Load00026,http://w3id.org/protys/fixture#Load00026_Process,http://w3id.org/protys/fixture#Load00026_LCIProcess,3.333333,kWh,http://w3id.org/protys/fixture#GridFactor,ELECTRICITY_CONSUMED_IN_PRODUCTION_ONLY,SIMULATED_PRODUCTION_CASE
http://w3id.org/protys/fixture#Load00026_Op6,http://w3id.org/protys/fixture#Load00026,http://w3id.org/protys/fixture#Load00026_Process,http://w3id.org/protys/fixture#Load00026_LCIProcess,0,kWh,http://w3id.org/protys/fixture#GridFactor,ELECTRICITY_CONSUMED_IN_PRODUCTION_ONLY,SIMULATED_PRODUCTION_CASE
http://w3id.org/protys/fixture#Load00026_Op7,http://w3id.org/protys/fixture#Load00026,http://w3id.org/protys/fixture#Load00026_Process,http://w3id.org/protys/fixture#Load00026_LCIProcess,0.333333,kWh,http://w3id.org/protys/fixture#GridFactor,ELECTRICITY_CONSUMED_IN_PRODUCTION_ONLY,SIMULATED_PRODUCTION_CASE
http://w3id.org/protys/fixture#Load00027_Op1,http://w3id.org/protys/fixture#Load00027,http://w3id.org/protys/fixture#Load00027_Process,http://w3id.org/protys/fixture#Load00027_LCIProcess,0,kWh,http://w3id.org/protys/fixture#GridFactor,ELECTRICITY_CONSUMED_IN_PRODUCTION_ONLY,SIMULATED_PRODUCTION_CASE
http://w3id.org/protys/fixture#Load00027_Op2,http://w3id.org/protys/fixture#Load00027,http://w3id.org/protys/fixture#Load00027_Process,http://w3id.org/protys/fixture#Load00027_LCIProcess,10,kWh,http://w3id.org/protys/fixture#GridFactor,ELECTRICITY_CONSUMED_IN_PRODUCTION_ONLY,SIMULATED_PRODUCTION_CASE
http://w3id.org/protys/fixture#Load00027_Op3,http://w3id.org/protys/fixture#Load00027,http://w3id.org/protys/fixture#Load00027_Process,http://w3id.org/protys/fixture#Load00027_LCIProcess,75,kWh,http://w3id.org/protys/fixture#GridFactor,ELECTRICITY_CONSUMED_IN_PRODUCTION_ONLY,SIMULATED_PRODUCTION_CASE
http://w3id.org/protys/fixture#Load00027_Op4,http://w3id.org/protys/fixture#Load00027,http://w3id.org/protys/fixture#Load00027_Process,http://w3id.org/protys/fixture#Load00027_LCIProcess,26.666667,kWh,http://w3id.org/protys/fixture#GridFactor,ELECTRICITY_CONSUMED_IN_PRODUCTION_ONLY,SIMULATED_PRODUCTION_CASE
http://w3id.org/protys/fixture#Load00027_Op5,http://w3id.org/protys/fixture#Load00027,http://w3id.org/protys/fixture#Load00027_Process,http://w3id.org/protys/fixture#Load00027_LCIProcess,3.333333,kWh,http://w3id.org/protys/fixture#GridFactor,ELECTRICITY_CONSUMED_IN_PRODUCTION_ONLY,SIMULATED_PRODUCTION_CASE
http://w3id.org/protys/fixture#Load00027_Op6,http://w3id.org/protys/fixture#Load00027,http://w3id.org/protys/fixture#Load00027_Process,http://w3id.org/protys/fixture#Load00027_LCIProcess,0,kWh,http://w3id.org/protys/fixture#GridFactor,ELECTRICITY_CONSUMED_IN_PRODUCTION_ONLY,SIMULATED_PRODUCTION_CASE
http://w3id.org/protys/fixture#Load00027_Op7,http://w3id.org/protys/fixture#Load00027,http://w3id.org/protys/fixture#Load00027_Process,http://w3id.org/protys/fixture#Load00027_LCIProcess,0.333333,kWh,http://w3id.org/protys/fixture#GridFactor,ELECTRICITY_CONSUMED_IN_PRODUCTION_ONLY,SIMULATED_PRODUCTION_CASE
http://w3id.org/protys/fixture#Load00028_Op1,http://w3id.org/protys/fixture#Load00028,http://w3id.org/protys/fixture#Load00028_Process,http://w3id.org/protys/fixture#Load00028_LCIProcess,0,kWh,http://w3id.org/protys/fixture#GridFactor,ELECTRICITY_CONSUMED_IN_PRODUCTION_ONLY,SIMULATED_PRODUCTION_CASE
http://w3id.org/protys/fixture#Load00028_Op2,http://w3id.org/protys/fixture#Load00028,http://w3id.org/protys/fixture#Load00028_Process,http://w3id.org/protys/fixture#Load00028_LCIProcess,10,kWh,http://w3id.org/protys/fixture#GridFactor,ELECTRICITY_CONSUMED_IN_PRODUCTION_ONLY,SIMULATED_PRODUCTION_CASE
http://w3id.org/protys/fixture#Load00028_Op3,http://w3id.org/protys/fixture#Load00028,http://w3id.org/protys/fixture#Load00028_Process,http://w3id.org/protys/fixture#Load00028_LCIProcess,75,kWh,http://w3id.org/protys/fixture#GridFactor,ELECTRICITY_CONSUMED_IN_PRODUCTION_ONLY,SIMULATED_PRODUCTION_CASE
http://w3id.org/protys/fixture#Load00028_Op4,http://w3id.org/protys/fixture#Load00028,http://w3id.org/protys/fixture#Load00028_Process,http://w3id.org/protys/fixture#Load00028_LCIProcess,26.666667,kWh,http://w3id.org/protys/fixture#GridFactor,ELECTRICITY_CONSUMED_IN_PRODUCTION_ONLY,SIMULATED_PRODUCTION_CASE
http://w3id.org/protys/fixture#Load00028_Op5,http://w3id.org/protys/fixture#Load00028,http://w3id.org/protys/fixture#Load00028_Process,http://w3id.org/protys/fixture#Load00028_LCIProcess,3.333333,kWh,http://w3id.org/protys/fixture#GridFactor,ELECTRICITY_CONSUMED_IN_PRODUCTION_ONLY,SIMULATED_PRODUCTION_CASE
http://w3id.org/protys/fixture#Load00028_Op6,http://w3id.org/protys/fixture#Load00028,http://w3id.org/protys/fixture#Load00028_Process,http://w3id.org/protys/fixture#Load00028_LCIProcess,0,kWh,http://w3id.org/protys/fixture#GridFactor,ELECTRICITY_CONSUMED_IN_PRODUCTION_ONLY,SIMULATED_PRODUCTION_CASE
http://w3id.org/protys/fixture#Load00028_Op7,http://w3id.org/protys/fixture#Load00028,http://w3id.org/protys/fixture#Load00028_Process,http://w3id.org/protys/fixture#Load00028_LCIProcess,0.333333,kWh,http://w3id.org/protys/fixture#GridFactor,ELECTRICITY_CONSUMED_IN_PRODUCTION_ONLY,SIMULATED_PRODUCTION_CASE
http://w3id.org/protys/fixture#Load00029_Op1,http://w3id.org/protys/fixture#Load00029,http://w3id.org/protys/fixture#Load00029_Process,http://w3id.org/protys/fixture#Load00029_LCIProcess,0,kWh,http://w3id.org/protys/fixture#GridFactor,ELECTRICITY_CONSUMED_IN_PRODUCTION_ONLY,SIMULATED_PRODUCTION_CASE
http://w3id.org/protys/fixture#Load00029_Op2,http://w3id.org/protys/fixture#Load00029,http://w3id.org/protys/fixture#Load00029_Process,http://w3id.org/protys/fixture#Load00029_LCIProcess,10,kWh,http://w3id.org/protys/fixture#GridFactor,ELECTRICITY_CONSUMED_IN_PRODUCTION_ONLY,SIMULATED_PRODUCTION_CASE
http://w3id.org/protys/fixture#Load00029_Op3,http://w3id.org/protys/fixture#Load00029,http://w3id.org/protys/fixture#Load00029_Process,http://w3id.org/protys/fixture#Load00029_LCIProcess,75,kWh,http://w3id.org/protys/fixture#GridFactor,ELECTRICITY_CONSUMED_IN_PRODUCTION_ONLY,SIMULATED_PRODUCTION_CASE
http://w3id.org/protys/fixture#Load00029_Op4,http://w3id.org/protys/fixture#Load00029,http://w3id.org/protys/fixture#Load00029_Process,http://w3id.org/protys/fixture#Load00029_LCIProcess,26.666667,kWh,http://w3id.org/protys/fixture#GridFactor,ELECTRICITY_CONSUMED_IN_PRODUCTION_ONLY,SIMULATED_PRODUCTION_CASE
http://w3id.org/protys/fixture#Load00029_Op5,http://w3id.org/protys/fixture#Load00029,http://w3id.org/protys/fixture#Load00029_Process,http://w3id.org/protys/fixture#Load00029_LCIProcess,3.333333,kWh,http://w3id.org/protys/fixture#GridFactor,ELECTRICITY_CONSUMED_IN_PRODUCTION_ONLY,SIMULATED_PRODUCTION_CASE
http://w3id.org/protys/fixture#Load00029_Op6,http://w3id.org/protys/fixture#Load00029,http://w3id.org/protys/fixture#Load00029_Process,http://w3id.org/protys/fixture#Load00029_LCIProcess,0,kWh,http://w3id.org/protys/fixture#GridFactor,ELECTRICITY_CONSUMED_IN_PRODUCTION_ONLY,SIMULATED_PRODUCTION_CASE
http://w3id.org/protys/fixture#Load00029_Op7,http://w3id.org/protys/fixture#Load00029,http://w3id.org/protys/fixture#Load00029_Process,http://w3id.org/protys/fixture#Load00029_LCIProcess,0.333333,kWh,http://w3id.org/protys/fixture#GridFactor,ELECTRICITY_CONSUMED_IN_PRODUCTION_ONLY,SIMULATED_PRODUCTION_CASE
http://w3id.org/protys/fixture#Load00030_Op1,http://w3id.org/protys/fixture#Load00030,http://w3id.org/protys/fixture#Load00030_Process,http://w3id.org/protys/fixture#Load00030_LCIProcess,0,kWh,http://w3id.org/protys/fixture#GridFactor,ELECTRICITY_CONSUMED_IN_PRODUCTION_ONLY,SIMULATED_PRODUCTION_CASE
http://w3id.org/protys/fixture#Load00030_Op2,http://w3id.org/protys/fixture#Load00030,http://w3id.org/protys/fixture#Load00030_Process,http://w3id.org/protys/fixture#Load00030_LCIProcess,10,kWh,http://w3id.org/protys/fixture#GridFactor,ELECTRICITY_CONSUMED_IN_PRODUCTION_ONLY,SIMULATED_PRODUCTION_CASE
http://w3id.org/protys/fixture#Load00030_Op3,http://w3id.org/protys/fixture#Load00030,http://w3id.org/protys/fixture#Load00030_Process,http://w3id.org/protys/fixture#Load00030_LCIProcess,75,kWh,http://w3id.org/protys/fixture#GridFactor,ELECTRICITY_CONSUMED_IN_PRODUCTION_ONLY,SIMULATED_PRODUCTION_CASE
http://w3id.org/protys/fixture#Load00030_Op4,http://w3id.org/protys/fixture#Load00030,http://w3id.org/protys/fixture#Load00030_Process,http://w3id.org/protys/fixture#Load00030_LCIProcess,26.666667,kWh,http://w3id.org/protys/fixture#GridFactor,ELECTRICITY_CONSUMED_IN_PRODUCTION_ONLY,SIMULATED_PRODUCTION_CASE
http://w3id.org/protys/fixture#Load00030_Op5,http://w3id.org/protys/fixture#Load00030,http://w3id.org/protys/fixture#Load00030_Process,http://w3id.org/protys/fixture#Load00030_LCIProcess,3.333333,kWh,http://w3id.org/protys/fixture#GridFactor,ELECTRICITY_CONSUMED_IN_PRODUCTION_ONLY,SIMULATED_PRODUCTION_CASE
http://w3id.org/protys/fixture#Load00030_Op6,http://w3id.org/protys/fixture#Load00030,http://w3id.org/protys/fixture#Load00030_Process,http://w3id.org/protys/fixture#Load00030_LCIProcess,0,kWh,http://w3id.org/protys/fixture#GridFactor,ELECTRICITY_CONSUMED_IN_PRODUCTION_ONLY,SIMULATED_PRODUCTION_CASE
http://w3id.org/protys/fixture#Load00030_Op7,http://w3id.org/protys/fixture#Load00030,http://w3id.org/protys/fixture#Load00030_Process,http://w3id.org/protys/fixture#Load00030_LCIProcess,0.333333,kWh,http://w3id.org/protys/fixture#GridFactor,ELECTRICITY_CONSUMED_IN_PRODUCTION_ONLY,SIMULATED_PRODUCTION_CASE
http://w3id.org/protys/fixture#Load00031_Op1,http://w3id.org/protys/fixture#Load00031,http://w3id.org/protys/fixture#Load00031_Process,http://w3id.org/protys/fixture#Load00031_LCIProcess,0,kWh,http://w3id.org/protys/fixture#GridFactor,ELECTRICITY_CONSUMED_IN_PRODUCTION_ONLY,SIMULATED_PRODUCTION_CASE
http://w3id.org/protys/fixture#Load00031_Op2,http://w3id.org/protys/fixture#Load00031,http://w3id.org/protys/fixture#Load00031_Process,http://w3id.org/protys/fixture#Load00031_LCIProcess,10,kWh,http://w3id.org/protys/fixture#GridFactor,ELECTRICITY_CONSUMED_IN_PRODUCTION_ONLY,SIMULATED_PRODUCTION_CASE
http://w3id.org/protys/fixture#Load00031_Op3,http://w3id.org/protys/fixture#Load00031,http://w3id.org/protys/fixture#Load00031_Process,http://w3id.org/protys/fixture#Load00031_LCIProcess,75,kWh,http://w3id.org/protys/fixture#GridFactor,ELECTRICITY_CONSUMED_IN_PRODUCTION_ONLY,SIMULATED_PRODUCTION_CASE
http://w3id.org/protys/fixture#Load00031_Op4,http://w3id.org/protys/fixture#Load00031,http://w3id.org/protys/fixture#Load00031_Process,http://w3id.org/protys/fixture#Load00031_LCIProcess,26.666667,kWh,http://w3id.org/protys/fixture#GridFactor,ELECTRICITY_CONSUMED_IN_PRODUCTION_ONLY,SIMULATED_PRODUCTION_CASE
http://w3id.org/protys/fixture#Load00031_Op5,http://w3id.org/protys/fixture#Load00031,http://w3id.org/protys/fixture#Load00031_Process,http://w3id.org/protys/fixture#Load00031_LCIProcess,3.333333,kWh,http://w3id.org/protys/fixture#GridFactor,ELECTRICITY_CONSUMED_IN_PRODUCTION_ONLY,SIMULATED_PRODUCTION_CASE
http://w3id.org/protys/fixture#Load00031_Op6,http://w3id.org/protys/fixture#Load00031,http://w3id.org/protys/fixture#Load00031_Process,http://w3id.org/protys/fixture#Load00031_LCIProcess,0,kWh,http://w3id.org/protys/fixture#GridFactor,ELECTRICITY_CONSUMED_IN_PRODUCTION_ONLY,SIMULATED_PRODUCTION_CASE
http://w3id.org/protys/fixture#Load00031_Op7,http://w3id.org/protys/fixture#Load00031,http://w3id.org/protys/fixture#Load00031_Process,http://w3id.org/protys/fixture#Load00031_LCIProcess,0.333333,kWh,http://w3id.org/protys/fixture#GridFactor,ELECTRICITY_CONSUMED_IN_PRODUCTION_ONLY,SIMULATED_PRODUCTION_CASE
http://w3id.org/protys/fixture#Load00032_Op1,http://w3id.org/protys/fixture#Load00032,http://w3id.org/protys/fixture#Load00032_Process,http://w3id.org/protys/fixture#Load00032_LCIProcess,0,kWh,http://w3id.org/protys/fixture#GridFactor,ELECTRICITY_CONSUMED_IN_PRODUCTION_ONLY,SIMULATED_PRODUCTION_CASE
http://w3id.org/protys/fixture#Load00032_Op2,http://w3id.org/protys/fixture#Load00032,http://w3id.org/protys/fixture#Load00032_Process,http://w3id.org/protys/fixture#Load00032_LCIProcess,10,kWh,http://w3id.org/protys/fixture#GridFactor,ELECTRICITY_CONSUMED_IN_PRODUCTION_ONLY,SIMULATED_PRODUCTION_CASE
http://w3id.org/protys/fixture#Load00032_Op3,http://w3id.org/protys/fixture#Load00032,http://w3id.org/protys/fixture#Load00032_Process,http://w3id.org/protys/fixture#Load00032_LCIProcess,75,kWh,http://w3id.org/protys/fixture#GridFactor,ELECTRICITY_CONSUMED_IN_PRODUCTION_ONLY,SIMULATED_PRODUCTION_CASE
http://w3id.org/protys/fixture#Load00032_Op4,http://w3id.org/protys/fixture#Load00032,http://w3id.org/protys/fixture#Load00032_Process,http://w3id.org/protys/fixture#Load00032_LCIProcess,26.666667,kWh,http://w3id.org/protys/fixture#GridFactor,ELECTRICITY_CONSUMED_IN_PRODUCTION_ONLY,SIMULATED_PRODUCTION_CASE
http://w3id.org/protys/fixture#Load00032_Op5,http://w3id.org/protys/fixture#Load00032,http://w3id.org/protys/fixture#Load00032_Process,http://w3id.org/protys/fixture#Load00032_LCIProcess,3.333333,kWh,http://w3id.org/protys/fixture#GridFactor,ELECTRICITY_CONSUMED_IN_PRODUCTION_ONLY,SIMULATED_PRODUCTION_CASE
http://w3id.org/protys/fixture#Load00032_Op6,http://w3id.org/protys/fixture#Load00032,http://w3id.org/protys/fixture#Load00032_Process,http://w3id.org/protys/fixture#Load00032_LCIProcess,0,kWh,http://w3id.org/protys/fixture#GridFactor,ELECTRICITY_CONSUMED_IN_PRODUCTION_ONLY,SIMULATED_PRODUCTION_CASE
http://w3id.org/protys/fixture#Load00032_Op7,http://w3id.org/protys/fixture#Load00032,http://w3id.org/protys/fixture#Load00032_Process,http://w3id.org/protys/fixture#Load00032_LCIProcess,0.333333,kWh,http://w3id.org/protys/fixture#GridFactor,ELECTRICITY_CONSUMED_IN_PRODUCTION_ONLY,SIMULATED_PRODUCTION_CASE
http://w3id.org/protys/fixture#Load00033_Op1,http://w3id.org/protys/fixture#Load00033,http://w3id.org/protys/fixture#Load00033_Process,http://w3id.org/protys/fixture#Load00033_LCIProcess,0,kWh,http://w3id.org/protys/fixture#GridFactor,ELECTRICITY_CONSUMED_IN_PRODUCTION_ONLY,SIMULATED_PRODUCTION_CASE
http://w3id.org/protys/fixture#Load00033_Op2,http://w3id.org/protys/fixture#Load00033,http://w3id.org/protys/fixture#Load00033_Process,http://w3id.org/protys/fixture#Load00033_LCIProcess,10,kWh,http://w3id.org/protys/fixture#GridFactor,ELECTRICITY_CONSUMED_IN_PRODUCTION_ONLY,SIMULATED_PRODUCTION_CASE
http://w3id.org/protys/fixture#Load00033_Op3,http://w3id.org/protys/fixture#Load00033,http://w3id.org/protys/fixture#Load00033_Process,http://w3id.org/protys/fixture#Load00033_LCIProcess,75,kWh,http://w3id.org/protys/fixture#GridFactor,ELECTRICITY_CONSUMED_IN_PRODUCTION_ONLY,SIMULATED_PRODUCTION_CASE
http://w3id.org/protys/fixture#Load00033_Op4,http://w3id.org/protys/fixture#Load00033,http://w3id.org/protys/fixture#Load00033_Process,http://w3id.org/protys/fixture#Load00033_LCIProcess,26.666667,kWh,http://w3id.org/protys/fixture#GridFactor,ELECTRICITY_CONSUMED_IN_PRODUCTION_ONLY,SIMULATED_PRODUCTION_CASE
http://w3id.org/protys/fixture#Load00033_Op5,http://w3id.org/protys/fixture#Load00033,http://w3id.org/protys/fixture#Load00033_Process,http://w3id.org/protys/fixture#Load00033_LCIProcess,3.333333,kWh,http://w3id.org/protys/fixture#GridFactor,ELECTRICITY_CONSUMED_IN_PRODUCTION_ONLY,SIMULATED_PRODUCTION_CASE
http://w3id.org/protys/fixture#Load00033_Op6,http://w3id.org/protys/fixture#Load00033,http://w3id.org/protys/fixture#Load00033_Process,http://w3id.org/protys/fixture#Load00033_LCIProcess,0,kWh,http://w3id.org/protys/fixture#GridFactor,ELECTRICITY_CONSUMED_IN_PRODUCTION_ONLY,SIMULATED_PRODUCTION_CASE
http://w3id.org/protys/fixture#Load00033_Op7,http://w3id.org/protys/fixture#Load00033,http://w3id.org/protys/fixture#Load00033_Process,http://w3id.org/protys/fixture#Load00033_LCIProcess,0.333333,kWh,http://w3id.org/protys/fixture#GridFactor,ELECTRICITY_CONSUMED_IN_PRODUCTION_ONLY,SIMULATED_PRODUCTION_CASE
http://w3id.org/protys/fixture#Load00034_Op1,http://w3id.org/protys/fixture#Load00034,http://w3id.org/protys/fixture#Load00034_Process,http://w3id.org/protys/fixture#Load00034_LCIProcess,0,kWh,http://w3id.org/protys/fixture#GridFactor,ELECTRICITY_CONSUMED_IN_PRODUCTION_ONLY,SIMULATED_PRODUCTION_CASE
http://w3id.org/protys/fixture#Load00034_Op2,http://w3id.org/protys/fixture#Load00034,http://w3id.org/protys/fixture#Load00034_Process,http://w3id.org/protys/fixture#Load00034_LCIProcess,10,kWh,http://w3id.org/protys/fixture#GridFactor,ELECTRICITY_CONSUMED_IN_PRODUCTION_ONLY,SIMULATED_PRODUCTION_CASE
http://w3id.org/protys/fixture#Load00034_Op3,http://w3id.org/protys/fixture#Load00034,http://w3id.org/protys/fixture#Load00034_Process,http://w3id.org/protys/fixture#Load00034_LCIProcess,75,kWh,http://w3id.org/protys/fixture#GridFactor,ELECTRICITY_CONSUMED_IN_PRODUCTION_ONLY,SIMULATED_PRODUCTION_CASE
http://w3id.org/protys/fixture#Load00034_Op4,http://w3id.org/protys/fixture#Load00034,http://w3id.org/protys/fixture#Load00034_Process,http://w3id.org/protys/fixture#Load00034_LCIProcess,26.666667,kWh,http://w3id.org/protys/fixture#GridFactor,ELECTRICITY_CONSUMED_IN_PRODUCTION_ONLY,SIMULATED_PRODUCTION_CASE
http://w3id.org/protys/fixture#Load00034_Op5,http://w3id.org/protys/fixture#Load00034,http://w3id.org/protys/fixture#Load00034_Process,http://w3id.org/protys/fixture#Load00034_LCIProcess,3.333333,kWh,http://w3id.org/protys/fixture#GridFactor,ELECTRICITY_CONSUMED_IN_PRODUCTION_ONLY,SIMULATED_PRODUCTION_CASE
http://w3id.org/protys/fixture#Load00034_Op6,http://w3id.org/protys/fixture#Load00034,http://w3id.org/protys/fixture#Load00034_Process,http://w3id.org/protys/fixture#Load00034_LCIProcess,0,kWh,http://w3id.org/protys/fixture#GridFactor,ELECTRICITY_CONSUMED_IN_PRODUCTION_ONLY,SIMULATED_PRODUCTION_CASE
http://w3id.org/protys/fixture#Load00034_Op7,http://w3id.org/protys/fixture#Load00034,http://w3id.org/protys/fixture#Load00034_Process,http://w3id.org/protys/fixture#Load00034_LCIProcess,0.333333,kWh,http://w3id.org/protys/fixture#GridFactor,ELECTRICITY_CONSUMED_IN_PRODUCTION_ONLY,SIMULATED_PRODUCTION_CASE
http://w3id.org/protys/fixture#Load00035_Op1,http://w3id.org/protys/fixture#Load00035,http://w3id.org/protys/fixture#Load00035_Process,http://w3id.org/protys/fixture#Load00035_LCIProcess,0,kWh,http://w3id.org/protys/fixture#GridFactor,ELECTRICITY_CONSUMED_IN_PRODUCTION_ONLY,SIMULATED_PRODUCTION_CASE
http://w3id.org/protys/fixture#Load00035_Op2,http://w3id.org/protys/fixture#Load00035,http://w3id.org/protys/fixture#Load00035_Process,http://w3id.org/protys/fixture#Load00035_LCIProcess,10,kWh,http://w3id.org/protys/fixture#GridFactor,ELECTRICITY_CONSUMED_IN_PRODUCTION_ONLY,SIMULATED_PRODUCTION_CASE
http://w3id.org/protys/fixture#Load00035_Op3,http://w3id.org/protys/fixture#Load00035,http://w3id.org/protys/fixture#Load00035_Process,http://w3id.org/protys/fixture#Load00035_LCIProcess,75,kWh,http://w3id.org/protys/fixture#GridFactor,ELECTRICITY_CONSUMED_IN_PRODUCTION_ONLY,SIMULATED_PRODUCTION_CASE
http://w3id.org/protys/fixture#Load00035_Op4,http://w3id.org/protys/fixture#Load00035,http://w3id.org/protys/fixture#Load00035_Process,http://w3id.org/protys/fixture#Load00035_LCIProcess,26.666667,kWh,http://w3id.org/protys/fixture#GridFactor,ELECTRICITY_CONSUMED_IN_PRODUCTION_ONLY,SIMULATED_PRODUCTION_CASE
http://w3id.org/protys/fixture#Load00035_Op5,http://w3id.org/protys/fixture#Load00035,http://w3id.org/protys/fixture#Load00035_Process,http://w3id.org/protys/fixture#Load00035_LCIProcess,3.333333,kWh,http://w3id.org/protys/fixture#GridFactor,ELECTRICITY_CONSUMED_IN_PRODUCTION_ONLY,SIMULATED_PRODUCTION_CASE
http://w3id.org/protys/fixture#Load00035_Op6,http://w3id.org/protys/fixture#Load00035,http://w3id.org/protys/fixture#Load00035_Process,http://w3id.org/protys/fixture#Load00035_LCIProcess,0,kWh,http://w3id.org/protys/fixture#GridFactor,ELECTRICITY_CONSUMED_IN_PRODUCTION_ONLY,SIMULATED_PRODUCTION_CASE
http://w3id.org/protys/fixture#Load00035_Op7,http://w3id.org/protys/fixture#Load00035,http://w3id.org/protys/fixture#Load00035_Process,http://w3id.org/protys/fixture#Load00035_LCIProcess,0.333333,kWh,http://w3id.org/protys/fixture#GridFactor,ELECTRICITY_CONSUMED_IN_PRODUCTION_ONLY,SIMULATED_PRODUCTION_CASE
http://w3id.org/protys/fixture#Load00036_Op1,http://w3id.org/protys/fixture#Load00036,http://w3id.org/protys/fixture#Load00036_Process,http://w3id.org/protys/fixture#Load00036_LCIProcess,0,kWh,http://w3id.org/protys/fixture#GridFactor,ELECTRICITY_CONSUMED_IN_PRODUCTION_ONLY,SIMULATED_PRODUCTION_CASE
http://w3id.org/protys/fixture#Load00036_Op2,http://w3id.org/protys/fixture#Load00036,http://w3id.org/protys/fixture#Load00036_Process,http://w3id.org/protys/fixture#Load00036_LCIProcess,10,kWh,http://w3id.org/protys/fixture#GridFactor,ELECTRICITY_CONSUMED_IN_PRODUCTION_ONLY,SIMULATED_PRODUCTION_CASE
http://w3id.org/protys/fixture#Load00036_Op3,http://w3id.org/protys/fixture#Load00036,http://w3id.org/protys/fixture#Load00036_Process,http://w3id.org/protys/fixture#Load00036_LCIProcess,75,kWh,http://w3id.org/protys/fixture#GridFactor,ELECTRICITY_CONSUMED_IN_PRODUCTION_ONLY,SIMULATED_PRODUCTION_CASE
http://w3id.org/protys/fixture#Load00036_Op4,http://w3id.org/protys/fixture#Load00036,http://w3id.org/protys/fixture#Load00036_Process,http://w3id.org/protys/fixture#Load00036_LCIProcess,26.666667,kWh,http://w3id.org/protys/fixture#GridFactor,ELECTRICITY_CONSUMED_IN_PRODUCTION_ONLY,SIMULATED_PRODUCTION_CASE
http://w3id.org/protys/fixture#Load00036_Op5,http://w3id.org/protys/fixture#Load00036,http://w3id.org/protys/fixture#Load00036_Process,http://w3id.org/protys/fixture#Load00036_LCIProcess,3.333333,kWh,http://w3id.org/protys/fixture#GridFactor,ELECTRICITY_CONSUMED_IN_PRODUCTION_ONLY,SIMULATED_PRODUCTION_CASE
http://w3id.org/protys/fixture#Load00036_Op6,http://w3id.org/protys/fixture#Load00036,http://w3id.org/protys/fixture#Load00036_Process,http://w3id.org/protys/fixture#Load00036_LCIProcess,0,kWh,http://w3id.org/protys/fixture#GridFactor,ELECTRICITY_CONSUMED_IN_PRODUCTION_ONLY,SIMULATED_PRODUCTION_CASE
http://w3id.org/protys/fixture#Load00036_Op7,http://w3id.org/protys/fixture#Load00036,http://w3id.org/protys/fixture#Load00036_Process,http://w3id.org/protys/fixture#Load00036_LCIProcess,0.333333,kWh,http://w3id.org/protys/fixture#GridFactor,ELECTRICITY_CONSUMED_IN_PRODUCTION_ONLY,SIMULATED_PRODUCTION_CASE
http://w3id.org/protys/fixture#Load00037_Op1,http://w3id.org/protys/fixture#Load00037,http://w3id.org/protys/fixture#Load00037_Process,http://w3id.org/protys/fixture#Load00037_LCIProcess,0,kWh,http://w3id.org/protys/fixture#GridFactor,ELECTRICITY_CONSUMED_IN_PRODUCTION_ONLY,SIMULATED_PRODUCTION_CASE
http://w3id.org/protys/fixture#Load00037_Op2,http://w3id.org/protys/fixture#Load00037,http://w3id.org/protys/fixture#Load00037_Process,http://w3id.org/protys/fixture#Load00037_LCIProcess,10,kWh,http://w3id.org/protys/fixture#GridFactor,ELECTRICITY_CONSUMED_IN_PRODUCTION_ONLY,SIMULATED_PRODUCTION_CASE
http://w3id.org/protys/fixture#Load00037_Op3,http://w3id.org/protys/fixture#Load00037,http://w3id.org/protys/fixture#Load00037_Process,http://w3id.org/protys/fixture#Load00037_LCIProcess,75,kWh,http://w3id.org/protys/fixture#GridFactor,ELECTRICITY_CONSUMED_IN_PRODUCTION_ONLY,SIMULATED_PRODUCTION_CASE
http://w3id.org/protys/fixture#Load00037_Op4,http://w3id.org/protys/fixture#Load00037,http://w3id.org/protys/fixture#Load00037_Process,http://w3id.org/protys/fixture#Load00037_LCIProcess,26.666667,kWh,http://w3id.org/protys/fixture#GridFactor,ELECTRICITY_CONSUMED_IN_PRODUCTION_ONLY,SIMULATED_PRODUCTION_CASE
http://w3id.org/protys/fixture#Load00037_Op5,http://w3id.org/protys/fixture#Load00037,http://w3id.org/protys/fixture#Load00037_Process,http://w3id.org/protys/fixture#Load00037_LCIProcess,3.333333,kWh,http://w3id.org/protys/fixture#GridFactor,ELECTRICITY_CONSUMED_IN_PRODUCTION_ONLY,SIMULATED_PRODUCTION_CASE
http://w3id.org/protys/fixture#Load00037_Op6,http://w3id.org/protys/fixture#Load00037,http://w3id.org/protys/fixture#Load00037_Process,http://w3id.org/protys/fixture#Load00037_LCIProcess,0,kWh,http://w3id.org/protys/fixture#GridFactor,ELECTRICITY_CONSUMED_IN_PRODUCTION_ONLY,SIMULATED_PRODUCTION_CASE
http://w3id.org/protys/fixture#Load00037_Op7,http://w3id.org/protys/fixture#Load00037,http://w3id.org/protys/fixture#Load00037_Process,http://w3id.org/protys/fixture#Load00037_LCIProcess,0.333333,kWh,http://w3id.org/protys/fixture#GridFactor,ELECTRICITY_CONSUMED_IN_PRODUCTION_ONLY,SIMULATED_PRODUCTION_CASE
http://w3id.org/protys/fixture#Load00038_Op1,http://w3id.org/protys/fixture#Load00038,http://w3id.org/protys/fixture#Load00038_Process,http://w3id.org/protys/fixture#Load00038_LCIProcess,0,kWh,http://w3id.org/protys/fixture#GridFactor,ELECTRICITY_CONSUMED_IN_PRODUCTION_ONLY,SIMULATED_PRODUCTION_CASE
http://w3id.org/protys/fixture#Load00038_Op2,http://w3id.org/protys/fixture#Load00038,http://w3id.org/protys/fixture#Load00038_Process,http://w3id.org/protys/fixture#Load00038_LCIProcess,10,kWh,http://w3id.org/protys/fixture#GridFactor,ELECTRICITY_CONSUMED_IN_PRODUCTION_ONLY,SIMULATED_PRODUCTION_CASE
http://w3id.org/protys/fixture#Load00038_Op3,http://w3id.org/protys/fixture#Load00038,http://w3id.org/protys/fixture#Load00038_Process,http://w3id.org/protys/fixture#Load00038_LCIProcess,75,kWh,http://w3id.org/protys/fixture#GridFactor,ELECTRICITY_CONSUMED_IN_PRODUCTION_ONLY,SIMULATED_PRODUCTION_CASE
http://w3id.org/protys/fixture#Load00038_Op4,http://w3id.org/protys/fixture#Load00038,http://w3id.org/protys/fixture#Load00038_Process,http://w3id.org/protys/fixture#Load00038_LCIProcess,26.666667,kWh,http://w3id.org/protys/fixture#GridFactor,ELECTRICITY_CONSUMED_IN_PRODUCTION_ONLY,SIMULATED_PRODUCTION_CASE
http://w3id.org/protys/fixture#Load00038_Op5,http://w3id.org/protys/fixture#Load00038,http://w3id.org/protys/fixture#Load00038_Process,http://w3id.org/protys/fixture#Load00038_LCIProcess,3.333333,kWh,http://w3id.org/protys/fixture#GridFactor,ELECTRICITY_CONSUMED_IN_PRODUCTION_ONLY,SIMULATED_PRODUCTION_CASE
http://w3id.org/protys/fixture#Load00038_Op6,http://w3id.org/protys/fixture#Load00038,http://w3id.org/protys/fixture#Load00038_Process,http://w3id.org/protys/fixture#Load00038_LCIProcess,0,kWh,http://w3id.org/protys/fixture#GridFactor,ELECTRICITY_CONSUMED_IN_PRODUCTION_ONLY,SIMULATED_PRODUCTION_CASE
http://w3id.org/protys/fixture#Load00038_Op7,http://w3id.org/protys/fixture#Load00038,http://w3id.org/protys/fixture#Load00038_Process,http://w3id.org/protys/fixture#Load00038_LCIProcess,0.333333,kWh,http://w3id.org/protys/fixture#GridFactor,ELECTRICITY_CONSUMED_IN_PRODUCTION_ONLY,SIMULATED_PRODUCTION_CASE
http://w3id.org/protys/fixture#Load00039_Op1,http://w3id.org/protys/fixture#Load00039,http://w3id.org/protys/fixture#Load00039_Process,http://w3id.org/protys/fixture#Load00039_LCIProcess,0,kWh,http://w3id.org/protys/fixture#GridFactor,ELECTRICITY_CONSUMED_IN_PRODUCTION_ONLY,SIMULATED_PRODUCTION_CASE
http://w3id.org/protys/fixture#Load00039_Op2,http://w3id.org/protys/fixture#Load00039,http://w3id.org/protys/fixture#Load00039_Process,http://w3id.org/protys/fixture#Load00039_LCIProcess,10,kWh,http://w3id.org/protys/fixture#GridFactor,ELECTRICITY_CONSUMED_IN_PRODUCTION_ONLY,SIMULATED_PRODUCTION_CASE
http://w3id.org/protys/fixture#Load00039_Op3,http://w3id.org/protys/fixture#Load00039,http://w3id.org/protys/fixture#Load00039_Process,http://w3id.org/protys/fixture#Load00039_LCIProcess,75,kWh,http://w3id.org/protys/fixture#GridFactor,ELECTRICITY_CONSUMED_IN_PRODUCTION_ONLY,SIMULATED_PRODUCTION_CASE
http://w3id.org/protys/fixture#Load00039_Op4,http://w3id.org/protys/fixture#Load00039,http://w3id.org/protys/fixture#Load00039_Process,http://w3id.org/protys/fixture#Load00039_LCIProcess,26.666667,kWh,http://w3id.org/protys/fixture#GridFactor,ELECTRICITY_CONSUMED_IN_PRODUCTION_ONLY,SIMULATED_PRODUCTION_CASE
http://w3id.org/protys/fixture#Load00039_Op5,http://w3id.org/protys/fixture#Load00039,http://w3id.org/protys/fixture#Load00039_Process,http://w3id.org/protys/fixture#Load00039_LCIProcess,3.333333,kWh,http://w3id.org/protys/fixture#GridFactor,ELECTRICITY_CONSUMED_IN_PRODUCTION_ONLY,SIMULATED_PRODUCTION_CASE
http://w3id.org/protys/fixture#Load00039_Op6,http://w3id.org/protys/fixture#Load00039,http://w3id.org/protys/fixture#Load00039_Process,http://w3id.org/protys/fixture#Load00039_LCIProcess,0,kWh,http://w3id.org/protys/fixture#GridFactor,ELECTRICITY_CONSUMED_IN_PRODUCTION_ONLY,SIMULATED_PRODUCTION_CASE
http://w3id.org/protys/fixture#Load00039_Op7,http://w3id.org/protys/fixture#Load00039,http://w3id.org/protys/fixture#Load00039_Process,http://w3id.org/protys/fixture#Load00039_LCIProcess,0.333333,kWh,http://w3id.org/protys/fixture#GridFactor,ELECTRICITY_CONSUMED_IN_PRODUCTION_ONLY,SIMULATED_PRODUCTION_CASE
http://w3id.org/protys/fixture#Load00040_Op1,http://w3id.org/protys/fixture#Load00040,http://w3id.org/protys/fixture#Load00040_Process,http://w3id.org/protys/fixture#Load00040_LCIProcess,0,kWh,http://w3id.org/protys/fixture#GridFactor,ELECTRICITY_CONSUMED_IN_PRODUCTION_ONLY,SIMULATED_PRODUCTION_CASE
http://w3id.org/protys/fixture#Load00040_Op2,http://w3id.org/protys/fixture#Load00040,http://w3id.org/protys/fixture#Load00040_Process,http://w3id.org/protys/fixture#Load00040_LCIProcess,10,kWh,http://w3id.org/protys/fixture#GridFactor,ELECTRICITY_CONSUMED_IN_PRODUCTION_ONLY,SIMULATED_PRODUCTION_CASE
http://w3id.org/protys/fixture#Load00040_Op3,http://w3id.org/protys/fixture#Load00040,http://w3id.org/protys/fixture#Load00040_Process,http://w3id.org/protys/fixture#Load00040_LCIProcess,75,kWh,http://w3id.org/protys/fixture#GridFactor,ELECTRICITY_CONSUMED_IN_PRODUCTION_ONLY,SIMULATED_PRODUCTION_CASE
http://w3id.org/protys/fixture#Load00040_Op4,http://w3id.org/protys/fixture#Load00040,http://w3id.org/protys/fixture#Load00040_Process,http://w3id.org/protys/fixture#Load00040_LCIProcess,26.666667,kWh,http://w3id.org/protys/fixture#GridFactor,ELECTRICITY_CONSUMED_IN_PRODUCTION_ONLY,SIMULATED_PRODUCTION_CASE
http://w3id.org/protys/fixture#Load00040_Op5,http://w3id.org/protys/fixture#Load00040,http://w3id.org/protys/fixture#Load00040_Process,http://w3id.org/protys/fixture#Load00040_LCIProcess,3.333333,kWh,http://w3id.org/protys/fixture#GridFactor,ELECTRICITY_CONSUMED_IN_PRODUCTION_ONLY,SIMULATED_PRODUCTION_CASE
http://w3id.org/protys/fixture#Load00040_Op6,http://w3id.org/protys/fixture#Load00040,http://w3id.org/protys/fixture#Load00040_Process,http://w3id.org/protys/fixture#Load00040_LCIProcess,0,kWh,http://w3id.org/protys/fixture#GridFactor,ELECTRICITY_CONSUMED_IN_PRODUCTION_ONLY,SIMULATED_PRODUCTION_CASE
http://w3id.org/protys/fixture#Load00040_Op7,http://w3id.org/protys/fixture#Load00040,http://w3id.org/protys/fixture#Load00040_Process,http://w3id.org/protys/fixture#Load00040_LCIProcess,0.333333,kWh,http://w3id.org/protys/fixture#GridFactor,ELECTRICITY_CONSUMED_IN_PRODUCTION_ONLY,SIMULATED_PRODUCTION_CASE
http://w3id.org/protys/fixture#Load00041_Op1,http://w3id.org/protys/fixture#Load00041,http://w3id.org/protys/fixture#Load00041_Process,http://w3id.org/protys/fixture#Load00041_LCIProcess,0,kWh,http://w3id.org/protys/fixture#GridFactor,ELECTRICITY_CONSUMED_IN_PRODUCTION_ONLY,SIMULATED_PRODUCTION_CASE
http://w3id.org/protys/fixture#Load00041_Op2,http://w3id.org/protys/fixture#Load00041,http://w3id.org/protys/fixture#Load00041_Process,http://w3id.org/protys/fixture#Load00041_LCIProcess,10,kWh,http://w3id.org/protys/fixture#GridFactor,ELECTRICITY_CONSUMED_IN_PRODUCTION_ONLY,SIMULATED_PRODUCTION_CASE
http://w3id.org/protys/fixture#Load00041_Op3,http://w3id.org/protys/fixture#Load00041,http://w3id.org/protys/fixture#Load00041_Process,http://w3id.org/protys/fixture#Load00041_LCIProcess,75,kWh,http://w3id.org/protys/fixture#GridFactor,ELECTRICITY_CONSUMED_IN_PRODUCTION_ONLY,SIMULATED_PRODUCTION_CASE
http://w3id.org/protys/fixture#Load00041_Op4,http://w3id.org/protys/fixture#Load00041,http://w3id.org/protys/fixture#Load00041_Process,http://w3id.org/protys/fixture#Load00041_LCIProcess,26.666667,kWh,http://w3id.org/protys/fixture#GridFactor,ELECTRICITY_CONSUMED_IN_PRODUCTION_ONLY,SIMULATED_PRODUCTION_CASE
http://w3id.org/protys/fixture#Load00041_Op5,http://w3id.org/protys/fixture#Load00041,http://w3id.org/protys/fixture#Load00041_Process,http://w3id.org/protys/fixture#Load00041_LCIProcess,3.333333,kWh,http://w3id.org/protys/fixture#GridFactor,ELECTRICITY_CONSUMED_IN_PRODUCTION_ONLY,SIMULATED_PRODUCTION_CASE
http://w3id.org/protys/fixture#Load00041_Op6,http://w3id.org/protys/fixture#Load00041,http://w3id.org/protys/fixture#Load00041_Process,http://w3id.org/protys/fixture#Load00041_LCIProcess,0,kWh,http://w3id.org/protys/fixture#GridFactor,ELECTRICITY_CONSUMED_IN_PRODUCTION_ONLY,SIMULATED_PRODUCTION_CASE
http://w3id.org/protys/fixture#Load00041_Op7,http://w3id.org/protys/fixture#Load00041,http://w3id.org/protys/fixture#Load00041_Process,http://w3id.org/protys/fixture#Load00041_LCIProcess,0.333333,kWh,http://w3id.org/protys/fixture#GridFactor,ELECTRICITY_CONSUMED_IN_PRODUCTION_ONLY,SIMULATED_PRODUCTION_CASE
http://w3id.org/protys/fixture#Load00042_Op1,http://w3id.org/protys/fixture#Load00042,http://w3id.org/protys/fixture#Load00042_Process,http://w3id.org/protys/fixture#Load00042_LCIProcess,0,kWh,http://w3id.org/protys/fixture#GridFactor,ELECTRICITY_CONSUMED_IN_PRODUCTION_ONLY,SIMULATED_PRODUCTION_CASE
http://w3id.org/protys/fixture#Load00042_Op2,http://w3id.org/protys/fixture#Load00042,http://w3id.org/protys/fixture#Load00042_Process,http://w3id.org/protys/fixture#Load00042_LCIProcess,10,kWh,http://w3id.org/protys/fixture#GridFactor,ELECTRICITY_CONSUMED_IN_PRODUCTION_ONLY,SIMULATED_PRODUCTION_CASE
http://w3id.org/protys/fixture#Load00042_Op3,http://w3id.org/protys/fixture#Load00042,http://w3id.org/protys/fixture#Load00042_Process,http://w3id.org/protys/fixture#Load00042_LCIProcess,75,kWh,http://w3id.org/protys/fixture#GridFactor,ELECTRICITY_CONSUMED_IN_PRODUCTION_ONLY,SIMULATED_PRODUCTION_CASE
http://w3id.org/protys/fixture#Load00042_Op4,http://w3id.org/protys/fixture#Load00042,http://w3id.org/protys/fixture#Load00042_Process,http://w3id.org/protys/fixture#Load00042_LCIProcess,26.666667,kWh,http://w3id.org/protys/fixture#GridFactor,ELECTRICITY_CONSUMED_IN_PRODUCTION_ONLY,SIMULATED_PRODUCTION_CASE
http://w3id.org/protys/fixture#Load00042_Op5,http://w3id.org/protys/fixture#Load00042,http://w3id.org/protys/fixture#Load00042_Process,http://w3id.org/protys/fixture#Load00042_LCIProcess,3.333333,kWh,http://w3id.org/protys/fixture#GridFactor,ELECTRICITY_CONSUMED_IN_PRODUCTION_ONLY,SIMULATED_PRODUCTION_CASE
http://w3id.org/protys/fixture#Load00042_Op6,http://w3id.org/protys/fixture#Load00042,http://w3id.org/protys/fixture#Load00042_Process,http://w3id.org/protys/fixture#Load00042_LCIProcess,0,kWh,http://w3id.org/protys/fixture#GridFactor,ELECTRICITY_CONSUMED_IN_PRODUCTION_ONLY,SIMULATED_PRODUCTION_CASE
http://w3id.org/protys/fixture#Load00042_Op7,http://w3id.org/protys/fixture#Load00042,http://w3id.org/protys/fixture#Load00042_Process,http://w3id.org/protys/fixture#Load00042_LCIProcess,0.333333,kWh,http://w3id.org/protys/fixture#GridFactor,ELECTRICITY_CONSUMED_IN_PRODUCTION_ONLY,SIMULATED_PRODUCTION_CASE
http://w3id.org/protys/fixture#Load00043_Op1,http://w3id.org/protys/fixture#Load00043,http://w3id.org/protys/fixture#Load00043_Process,http://w3id.org/protys/fixture#Load00043_LCIProcess,0,kWh,http://w3id.org/protys/fixture#GridFactor,ELECTRICITY_CONSUMED_IN_PRODUCTION_ONLY,SIMULATED_PRODUCTION_CASE
http://w3id.org/protys/fixture#Load00043_Op2,http://w3id.org/protys/fixture#Load00043,http://w3id.org/protys/fixture#Load00043_Process,http://w3id.org/protys/fixture#Load00043_LCIProcess,10,kWh,http://w3id.org/protys/fixture#GridFactor,ELECTRICITY_CONSUMED_IN_PRODUCTION_ONLY,SIMULATED_PRODUCTION_CASE
http://w3id.org/protys/fixture#Load00043_Op3,http://w3id.org/protys/fixture#Load00043,http://w3id.org/protys/fixture#Load00043_Process,http://w3id.org/protys/fixture#Load00043_LCIProcess,75,kWh,http://w3id.org/protys/fixture#GridFactor,ELECTRICITY_CONSUMED_IN_PRODUCTION_ONLY,SIMULATED_PRODUCTION_CASE
http://w3id.org/protys/fixture#Load00043_Op4,http://w3id.org/protys/fixture#Load00043,http://w3id.org/protys/fixture#Load00043_Process,http://w3id.org/protys/fixture#Load00043_LCIProcess,26.666667,kWh,http://w3id.org/protys/fixture#GridFactor,ELECTRICITY_CONSUMED_IN_PRODUCTION_ONLY,SIMULATED_PRODUCTION_CASE
http://w3id.org/protys/fixture#Load00043_Op5,http://w3id.org/protys/fixture#Load00043,http://w3id.org/protys/fixture#Load00043_Process,http://w3id.org/protys/fixture#Load00043_LCIProcess,3.333333,kWh,http://w3id.org/protys/fixture#GridFactor,ELECTRICITY_CONSUMED_IN_PRODUCTION_ONLY,SIMULATED_PRODUCTION_CASE
http://w3id.org/protys/fixture#Load00043_Op6,http://w3id.org/protys/fixture#Load00043,http://w3id.org/protys/fixture#Load00043_Process,http://w3id.org/protys/fixture#Load00043_LCIProcess,0,kWh,http://w3id.org/protys/fixture#GridFactor,ELECTRICITY_CONSUMED_IN_PRODUCTION_ONLY,SIMULATED_PRODUCTION_CASE
http://w3id.org/protys/fixture#Load00043_Op7,http://w3id.org/protys/fixture#Load00043,http://w3id.org/protys/fixture#Load00043_Process,http://w3id.org/protys/fixture#Load00043_LCIProcess,0.333333,kWh,http://w3id.org/protys/fixture#GridFactor,ELECTRICITY_CONSUMED_IN_PRODUCTION_ONLY,SIMULATED_PRODUCTION_CASE
http://w3id.org/protys/fixture#Load00044_Op1,http://w3id.org/protys/fixture#Load00044,http://w3id.org/protys/fixture#Load00044_Process,http://w3id.org/protys/fixture#Load00044_LCIProcess,0,kWh,http://w3id.org/protys/fixture#GridFactor,ELECTRICITY_CONSUMED_IN_PRODUCTION_ONLY,SIMULATED_PRODUCTION_CASE
http://w3id.org/protys/fixture#Load00044_Op2,http://w3id.org/protys/fixture#Load00044,http://w3id.org/protys/fixture#Load00044_Process,http://w3id.org/protys/fixture#Load00044_LCIProcess,10,kWh,http://w3id.org/protys/fixture#GridFactor,ELECTRICITY_CONSUMED_IN_PRODUCTION_ONLY,SIMULATED_PRODUCTION_CASE
http://w3id.org/protys/fixture#Load00044_Op3,http://w3id.org/protys/fixture#Load00044,http://w3id.org/protys/fixture#Load00044_Process,http://w3id.org/protys/fixture#Load00044_LCIProcess,75,kWh,http://w3id.org/protys/fixture#GridFactor,ELECTRICITY_CONSUMED_IN_PRODUCTION_ONLY,SIMULATED_PRODUCTION_CASE
http://w3id.org/protys/fixture#Load00044_Op4,http://w3id.org/protys/fixture#Load00044,http://w3id.org/protys/fixture#Load00044_Process,http://w3id.org/protys/fixture#Load00044_LCIProcess,26.666667,kWh,http://w3id.org/protys/fixture#GridFactor,ELECTRICITY_CONSUMED_IN_PRODUCTION_ONLY,SIMULATED_PRODUCTION_CASE
http://w3id.org/protys/fixture#Load00044_Op5,http://w3id.org/protys/fixture#Load00044,http://w3id.org/protys/fixture#Load00044_Process,http://w3id.org/protys/fixture#Load00044_LCIProcess,3.333333,kWh,http://w3id.org/protys/fixture#GridFactor,ELECTRICITY_CONSUMED_IN_PRODUCTION_ONLY,SIMULATED_PRODUCTION_CASE
http://w3id.org/protys/fixture#Load00044_Op6,http://w3id.org/protys/fixture#Load00044,http://w3id.org/protys/fixture#Load00044_Process,http://w3id.org/protys/fixture#Load00044_LCIProcess,0,kWh,http://w3id.org/protys/fixture#GridFactor,ELECTRICITY_CONSUMED_IN_PRODUCTION_ONLY,SIMULATED_PRODUCTION_CASE
http://w3id.org/protys/fixture#Load00044_Op7,http://w3id.org/protys/fixture#Load00044,http://w3id.org/protys/fixture#Load00044_Process,http://w3id.org/protys/fixture#Load00044_LCIProcess,0.333333,kWh,http://w3id.org/protys/fixture#GridFactor,ELECTRICITY_CONSUMED_IN_PRODUCTION_ONLY,SIMULATED_PRODUCTION_CASE
http://w3id.org/protys/fixture#Load00045_Op1,http://w3id.org/protys/fixture#Load00045,http://w3id.org/protys/fixture#Load00045_Process,http://w3id.org/protys/fixture#Load00045_LCIProcess,0,kWh,http://w3id.org/protys/fixture#GridFactor,ELECTRICITY_CONSUMED_IN_PRODUCTION_ONLY,SIMULATED_PRODUCTION_CASE
http://w3id.org/protys/fixture#Load00045_Op2,http://w3id.org/protys/fixture#Load00045,http://w3id.org/protys/fixture#Load00045_Process,http://w3id.org/protys/fixture#Load00045_LCIProcess,10,kWh,http://w3id.org/protys/fixture#GridFactor,ELECTRICITY_CONSUMED_IN_PRODUCTION_ONLY,SIMULATED_PRODUCTION_CASE
http://w3id.org/protys/fixture#Load00045_Op3,http://w3id.org/protys/fixture#Load00045,http://w3id.org/protys/fixture#Load00045_Process,http://w3id.org/protys/fixture#Load00045_LCIProcess,75,kWh,http://w3id.org/protys/fixture#GridFactor,ELECTRICITY_CONSUMED_IN_PRODUCTION_ONLY,SIMULATED_PRODUCTION_CASE
http://w3id.org/protys/fixture#Load00045_Op4,http://w3id.org/protys/fixture#Load00045,http://w3id.org/protys/fixture#Load00045_Process,http://w3id.org/protys/fixture#Load00045_LCIProcess,26.666667,kWh,http://w3id.org/protys/fixture#GridFactor,ELECTRICITY_CONSUMED_IN_PRODUCTION_ONLY,SIMULATED_PRODUCTION_CASE
http://w3id.org/protys/fixture#Load00045_Op5,http://w3id.org/protys/fixture#Load00045,http://w3id.org/protys/fixture#Load00045_Process,http://w3id.org/protys/fixture#Load00045_LCIProcess,3.333333,kWh,http://w3id.org/protys/fixture#GridFactor,ELECTRICITY_CONSUMED_IN_PRODUCTION_ONLY,SIMULATED_PRODUCTION_CASE
http://w3id.org/protys/fixture#Load00045_Op6,http://w3id.org/protys/fixture#Load00045,http://w3id.org/protys/fixture#Load00045_Process,http://w3id.org/protys/fixture#Load00045_LCIProcess,0,kWh,http://w3id.org/protys/fixture#GridFactor,ELECTRICITY_CONSUMED_IN_PRODUCTION_ONLY,SIMULATED_PRODUCTION_CASE
http://w3id.org/protys/fixture#Load00045_Op7,http://w3id.org/protys/fixture#Load00045,http://w3id.org/protys/fixture#Load00045_Process,http://w3id.org/protys/fixture#Load00045_LCIProcess,0.333333,kWh,http://w3id.org/protys/fixture#GridFactor,ELECTRICITY_CONSUMED_IN_PRODUCTION_ONLY,SIMULATED_PRODUCTION_CASE
http://w3id.org/protys/fixture#Load00046_Op1,http://w3id.org/protys/fixture#Load00046,http://w3id.org/protys/fixture#Load00046_Process,http://w3id.org/protys/fixture#Load00046_LCIProcess,0,kWh,http://w3id.org/protys/fixture#GridFactor,ELECTRICITY_CONSUMED_IN_PRODUCTION_ONLY,SIMULATED_PRODUCTION_CASE
http://w3id.org/protys/fixture#Load00046_Op2,http://w3id.org/protys/fixture#Load00046,http://w3id.org/protys/fixture#Load00046_Process,http://w3id.org/protys/fixture#Load00046_LCIProcess,10,kWh,http://w3id.org/protys/fixture#GridFactor,ELECTRICITY_CONSUMED_IN_PRODUCTION_ONLY,SIMULATED_PRODUCTION_CASE
http://w3id.org/protys/fixture#Load00046_Op3,http://w3id.org/protys/fixture#Load00046,http://w3id.org/protys/fixture#Load00046_Process,http://w3id.org/protys/fixture#Load00046_LCIProcess,75,kWh,http://w3id.org/protys/fixture#GridFactor,ELECTRICITY_CONSUMED_IN_PRODUCTION_ONLY,SIMULATED_PRODUCTION_CASE
http://w3id.org/protys/fixture#Load00046_Op4,http://w3id.org/protys/fixture#Load00046,http://w3id.org/protys/fixture#Load00046_Process,http://w3id.org/protys/fixture#Load00046_LCIProcess,26.666667,kWh,http://w3id.org/protys/fixture#GridFactor,ELECTRICITY_CONSUMED_IN_PRODUCTION_ONLY,SIMULATED_PRODUCTION_CASE
http://w3id.org/protys/fixture#Load00046_Op5,http://w3id.org/protys/fixture#Load00046,http://w3id.org/protys/fixture#Load00046_Process,http://w3id.org/protys/fixture#Load00046_LCIProcess,3.333333,kWh,http://w3id.org/protys/fixture#GridFactor,ELECTRICITY_CONSUMED_IN_PRODUCTION_ONLY,SIMULATED_PRODUCTION_CASE
http://w3id.org/protys/fixture#Load00046_Op6,http://w3id.org/protys/fixture#Load00046,http://w3id.org/protys/fixture#Load00046_Process,http://w3id.org/protys/fixture#Load00046_LCIProcess,0,kWh,http://w3id.org/protys/fixture#GridFactor,ELECTRICITY_CONSUMED_IN_PRODUCTION_ONLY,SIMULATED_PRODUCTION_CASE
http://w3id.org/protys/fixture#Load00046_Op7,http://w3id.org/protys/fixture#Load00046,http://w3id.org/protys/fixture#Load00046_Process,http://w3id.org/protys/fixture#Load00046_LCIProcess,0.333333,kWh,http://w3id.org/protys/fixture#GridFactor,ELECTRICITY_CONSUMED_IN_PRODUCTION_ONLY,SIMULATED_PRODUCTION_CASE
http://w3id.org/protys/fixture#Load00047_Op1,http://w3id.org/protys/fixture#Load00047,http://w3id.org/protys/fixture#Load00047_Process,http://w3id.org/protys/fixture#Load00047_LCIProcess,0,kWh,http://w3id.org/protys/fixture#GridFactor,ELECTRICITY_CONSUMED_IN_PRODUCTION_ONLY,SIMULATED_PRODUCTION_CASE
http://w3id.org/protys/fixture#Load00047_Op2,http://w3id.org/protys/fixture#Load00047,http://w3id.org/protys/fixture#Load00047_Process,http://w3id.org/protys/fixture#Load00047_LCIProcess,10,kWh,http://w3id.org/protys/fixture#GridFactor,ELECTRICITY_CONSUMED_IN_PRODUCTION_ONLY,SIMULATED_PRODUCTION_CASE
http://w3id.org/protys/fixture#Load00047_Op3,http://w3id.org/protys/fixture#Load00047,http://w3id.org/protys/fixture#Load00047_Process,http://w3id.org/protys/fixture#Load00047_LCIProcess,75,kWh,http://w3id.org/protys/fixture#GridFactor,ELECTRICITY_CONSUMED_IN_PRODUCTION_ONLY,SIMULATED_PRODUCTION_CASE
http://w3id.org/protys/fixture#Load00047_Op4,http://w3id.org/protys/fixture#Load00047,http://w3id.org/protys/fixture#Load00047_Process,http://w3id.org/protys/fixture#Load00047_LCIProcess,26.666667,kWh,http://w3id.org/protys/fixture#GridFactor,ELECTRICITY_CONSUMED_IN_PRODUCTION_ONLY,SIMULATED_PRODUCTION_CASE
http://w3id.org/protys/fixture#Load00047_Op5,http://w3id.org/protys/fixture#Load00047,http://w3id.org/protys/fixture#Load00047_Process,http://w3id.org/protys/fixture#Load00047_LCIProcess,3.333333,kWh,http://w3id.org/protys/fixture#GridFactor,ELECTRICITY_CONSUMED_IN_PRODUCTION_ONLY,SIMULATED_PRODUCTION_CASE
http://w3id.org/protys/fixture#Load00047_Op6,http://w3id.org/protys/fixture#Load00047,http://w3id.org/protys/fixture#Load00047_Process,http://w3id.org/protys/fixture#Load00047_LCIProcess,0,kWh,http://w3id.org/protys/fixture#GridFactor,ELECTRICITY_CONSUMED_IN_PRODUCTION_ONLY,SIMULATED_PRODUCTION_CASE
http://w3id.org/protys/fixture#Load00047_Op7,http://w3id.org/protys/fixture#Load00047,http://w3id.org/protys/fixture#Load00047_Process,http://w3id.org/protys/fixture#Load00047_LCIProcess,0.333333,kWh,http://w3id.org/protys/fixture#GridFactor,ELECTRICITY_CONSUMED_IN_PRODUCTION_ONLY,SIMULATED_PRODUCTION_CASE
http://w3id.org/protys/fixture#Load00048_Op1,http://w3id.org/protys/fixture#Load00048,http://w3id.org/protys/fixture#Load00048_Process,http://w3id.org/protys/fixture#Load00048_LCIProcess,0,kWh,http://w3id.org/protys/fixture#GridFactor,ELECTRICITY_CONSUMED_IN_PRODUCTION_ONLY,SIMULATED_PRODUCTION_CASE
http://w3id.org/protys/fixture#Load00048_Op2,http://w3id.org/protys/fixture#Load00048,http://w3id.org/protys/fixture#Load00048_Process,http://w3id.org/protys/fixture#Load00048_LCIProcess,10,kWh,http://w3id.org/protys/fixture#GridFactor,ELECTRICITY_CONSUMED_IN_PRODUCTION_ONLY,SIMULATED_PRODUCTION_CASE
http://w3id.org/protys/fixture#Load00048_Op3,http://w3id.org/protys/fixture#Load00048,http://w3id.org/protys/fixture#Load00048_Process,http://w3id.org/protys/fixture#Load00048_LCIProcess,75,kWh,http://w3id.org/protys/fixture#GridFactor,ELECTRICITY_CONSUMED_IN_PRODUCTION_ONLY,SIMULATED_PRODUCTION_CASE
http://w3id.org/protys/fixture#Load00048_Op4,http://w3id.org/protys/fixture#Load00048,http://w3id.org/protys/fixture#Load00048_Process,http://w3id.org/protys/fixture#Load00048_LCIProcess,26.666667,kWh,http://w3id.org/protys/fixture#GridFactor,ELECTRICITY_CONSUMED_IN_PRODUCTION_ONLY,SIMULATED_PRODUCTION_CASE
http://w3id.org/protys/fixture#Load00048_Op5,http://w3id.org/protys/fixture#Load00048,http://w3id.org/protys/fixture#Load00048_Process,http://w3id.org/protys/fixture#Load00048_LCIProcess,3.333333,kWh,http://w3id.org/protys/fixture#GridFactor,ELECTRICITY_CONSUMED_IN_PRODUCTION_ONLY,SIMULATED_PRODUCTION_CASE
http://w3id.org/protys/fixture#Load00048_Op6,http://w3id.org/protys/fixture#Load00048,http://w3id.org/protys/fixture#Load00048_Process,http://w3id.org/protys/fixture#Load00048_LCIProcess,0,kWh,http://w3id.org/protys/fixture#GridFactor,ELECTRICITY_CONSUMED_IN_PRODUCTION_ONLY,SIMULATED_PRODUCTION_CASE
http://w3id.org/protys/fixture#Load00048_Op7,http://w3id.org/protys/fixture#Load00048,http://w3id.org/protys/fixture#Load00048_Process,http://w3id.org/protys/fixture#Load00048_LCIProcess,0.333333,kWh,http://w3id.org/protys/fixture#GridFactor,ELECTRICITY_CONSUMED_IN_PRODUCTION_ONLY,SIMULATED_PRODUCTION_CASE
http://w3id.org/protys/fixture#Load00049_Op1,http://w3id.org/protys/fixture#Load00049,http://w3id.org/protys/fixture#Load00049_Process,http://w3id.org/protys/fixture#Load00049_LCIProcess,0,kWh,http://w3id.org/protys/fixture#GridFactor,ELECTRICITY_CONSUMED_IN_PRODUCTION_ONLY,SIMULATED_PRODUCTION_CASE
http://w3id.org/protys/fixture#Load00049_Op2,http://w3id.org/protys/fixture#Load00049,http://w3id.org/protys/fixture#Load00049_Process,http://w3id.org/protys/fixture#Load00049_LCIProcess,10,kWh,http://w3id.org/protys/fixture#GridFactor,ELECTRICITY_CONSUMED_IN_PRODUCTION_ONLY,SIMULATED_PRODUCTION_CASE
http://w3id.org/protys/fixture#Load00049_Op3,http://w3id.org/protys/fixture#Load00049,http://w3id.org/protys/fixture#Load00049_Process,http://w3id.org/protys/fixture#Load00049_LCIProcess,75,kWh,http://w3id.org/protys/fixture#GridFactor,ELECTRICITY_CONSUMED_IN_PRODUCTION_ONLY,SIMULATED_PRODUCTION_CASE
http://w3id.org/protys/fixture#Load00049_Op4,http://w3id.org/protys/fixture#Load00049,http://w3id.org/protys/fixture#Load00049_Process,http://w3id.org/protys/fixture#Load00049_LCIProcess,26.666667,kWh,http://w3id.org/protys/fixture#GridFactor,ELECTRICITY_CONSUMED_IN_PRODUCTION_ONLY,SIMULATED_PRODUCTION_CASE
http://w3id.org/protys/fixture#Load00049_Op5,http://w3id.org/protys/fixture#Load00049,http://w3id.org/protys/fixture#Load00049_Process,http://w3id.org/protys/fixture#Load00049_LCIProcess,3.333333,kWh,http://w3id.org/protys/fixture#GridFactor,ELECTRICITY_CONSUMED_IN_PRODUCTION_ONLY,SIMULATED_PRODUCTION_CASE
http://w3id.org/protys/fixture#Load00049_Op6,http://w3id.org/protys/fixture#Load00049,http://w3id.org/protys/fixture#Load00049_Process,http://w3id.org/protys/fixture#Load00049_LCIProcess,0,kWh,http://w3id.org/protys/fixture#GridFactor,ELECTRICITY_CONSUMED_IN_PRODUCTION_ONLY,SIMULATED_PRODUCTION_CASE
http://w3id.org/protys/fixture#Load00049_Op7,http://w3id.org/protys/fixture#Load00049,http://w3id.org/protys/fixture#Load00049_Process,http://w3id.org/protys/fixture#Load00049_LCIProcess,0.333333,kWh,http://w3id.org/protys/fixture#GridFactor,ELECTRICITY_CONSUMED_IN_PRODUCTION_ONLY,SIMULATED_PRODUCTION_CASE
http://w3id.org/protys/fixture#Load00050_Op1,http://w3id.org/protys/fixture#Load00050,http://w3id.org/protys/fixture#Load00050_Process,http://w3id.org/protys/fixture#Load00050_LCIProcess,0,kWh,http://w3id.org/protys/fixture#GridFactor,ELECTRICITY_CONSUMED_IN_PRODUCTION_ONLY,SIMULATED_PRODUCTION_CASE
http://w3id.org/protys/fixture#Load00050_Op2,http://w3id.org/protys/fixture#Load00050,http://w3id.org/protys/fixture#Load00050_Process,http://w3id.org/protys/fixture#Load00050_LCIProcess,10,kWh,http://w3id.org/protys/fixture#GridFactor,ELECTRICITY_CONSUMED_IN_PRODUCTION_ONLY,SIMULATED_PRODUCTION_CASE
http://w3id.org/protys/fixture#Load00050_Op3,http://w3id.org/protys/fixture#Load00050,http://w3id.org/protys/fixture#Load00050_Process,http://w3id.org/protys/fixture#Load00050_LCIProcess,75,kWh,http://w3id.org/protys/fixture#GridFactor,ELECTRICITY_CONSUMED_IN_PRODUCTION_ONLY,SIMULATED_PRODUCTION_CASE
http://w3id.org/protys/fixture#Load00050_Op4,http://w3id.org/protys/fixture#Load00050,http://w3id.org/protys/fixture#Load00050_Process,http://w3id.org/protys/fixture#Load00050_LCIProcess,26.666667,kWh,http://w3id.org/protys/fixture#GridFactor,ELECTRICITY_CONSUMED_IN_PRODUCTION_ONLY,SIMULATED_PRODUCTION_CASE
http://w3id.org/protys/fixture#Load00050_Op5,http://w3id.org/protys/fixture#Load00050,http://w3id.org/protys/fixture#Load00050_Process,http://w3id.org/protys/fixture#Load00050_LCIProcess,3.333333,kWh,http://w3id.org/protys/fixture#GridFactor,ELECTRICITY_CONSUMED_IN_PRODUCTION_ONLY,SIMULATED_PRODUCTION_CASE
http://w3id.org/protys/fixture#Load00050_Op6,http://w3id.org/protys/fixture#Load00050,http://w3id.org/protys/fixture#Load00050_Process,http://w3id.org/protys/fixture#Load00050_LCIProcess,0,kWh,http://w3id.org/protys/fixture#GridFactor,ELECTRICITY_CONSUMED_IN_PRODUCTION_ONLY,SIMULATED_PRODUCTION_CASE
http://w3id.org/protys/fixture#Load00050_Op7,http://w3id.org/protys/fixture#Load00050,http://w3id.org/protys/fixture#Load00050_Process,http://w3id.org/protys/fixture#Load00050_LCIProcess,0.333333,kWh,http://w3id.org/protys/fixture#GridFactor,ELECTRICITY_CONSUMED_IN_PRODUCTION_ONLY,SIMULATED_PRODUCTION_CASE
http://w3id.org/protys/fixture#Load00051_Op1,http://w3id.org/protys/fixture#Load00051,http://w3id.org/protys/fixture#Load00051_Process,http://w3id.org/protys/fixture#Load00051_LCIProcess,0,kWh,http://w3id.org/protys/fixture#GridFactor,ELECTRICITY_CONSUMED_IN_PRODUCTION_ONLY,SIMULATED_PRODUCTION_CASE
http://w3id.org/protys/fixture#Load00051_Op2,http://w3id.org/protys/fixture#Load00051,http://w3id.org/protys/fixture#Load00051_Process,http://w3id.org/protys/fixture#Load00051_LCIProcess,10,kWh,http://w3id.org/protys/fixture#GridFactor,ELECTRICITY_CONSUMED_IN_PRODUCTION_ONLY,SIMULATED_PRODUCTION_CASE
http://w3id.org/protys/fixture#Load00051_Op3,http://w3id.org/protys/fixture#Load00051,http://w3id.org/protys/fixture#Load00051_Process,http://w3id.org/protys/fixture#Load00051_LCIProcess,75,kWh,http://w3id.org/protys/fixture#GridFactor,ELECTRICITY_CONSUMED_IN_PRODUCTION_ONLY,SIMULATED_PRODUCTION_CASE
http://w3id.org/protys/fixture#Load00051_Op4,http://w3id.org/protys/fixture#Load00051,http://w3id.org/protys/fixture#Load00051_Process,http://w3id.org/protys/fixture#Load00051_LCIProcess,26.666667,kWh,http://w3id.org/protys/fixture#GridFactor,ELECTRICITY_CONSUMED_IN_PRODUCTION_ONLY,SIMULATED_PRODUCTION_CASE
http://w3id.org/protys/fixture#Load00051_Op5,http://w3id.org/protys/fixture#Load00051,http://w3id.org/protys/fixture#Load00051_Process,http://w3id.org/protys/fixture#Load00051_LCIProcess,3.333333,kWh,http://w3id.org/protys/fixture#GridFactor,ELECTRICITY_CONSUMED_IN_PRODUCTION_ONLY,SIMULATED_PRODUCTION_CASE
http://w3id.org/protys/fixture#Load00051_Op6,http://w3id.org/protys/fixture#Load00051,http://w3id.org/protys/fixture#Load00051_Process,http://w3id.org/protys/fixture#Load00051_LCIProcess,0,kWh,http://w3id.org/protys/fixture#GridFactor,ELECTRICITY_CONSUMED_IN_PRODUCTION_ONLY,SIMULATED_PRODUCTION_CASE
http://w3id.org/protys/fixture#Load00051_Op7,http://w3id.org/protys/fixture#Load00051,http://w3id.org/protys/fixture#Load00051_Process,http://w3id.org/protys/fixture#Load00051_LCIProcess,0.333333,kWh,http://w3id.org/protys/fixture#GridFactor,ELECTRICITY_CONSUMED_IN_PRODUCTION_ONLY,SIMULATED_PRODUCTION_CASE
http://w3id.org/protys/fixture#Load00052_Op1,http://w3id.org/protys/fixture#Load00052,http://w3id.org/protys/fixture#Load00052_Process,http://w3id.org/protys/fixture#Load00052_LCIProcess,0,kWh,http://w3id.org/protys/fixture#GridFactor,ELECTRICITY_CONSUMED_IN_PRODUCTION_ONLY,SIMULATED_PRODUCTION_CASE
http://w3id.org/protys/fixture#Load00052_Op2,http://w3id.org/protys/fixture#Load00052,http://w3id.org/protys/fixture#Load00052_Process,http://w3id.org/protys/fixture#Load00052_LCIProcess,10,kWh,http://w3id.org/protys/fixture#GridFactor,ELECTRICITY_CONSUMED_IN_PRODUCTION_ONLY,SIMULATED_PRODUCTION_CASE
http://w3id.org/protys/fixture#Load00052_Op3,http://w3id.org/protys/fixture#Load00052,http://w3id.org/protys/fixture#Load00052_Process,http://w3id.org/protys/fixture#Load00052_LCIProcess,75,kWh,http://w3id.org/protys/fixture#GridFactor,ELECTRICITY_CONSUMED_IN_PRODUCTION_ONLY,SIMULATED_PRODUCTION_CASE
http://w3id.org/protys/fixture#Load00052_Op4,http://w3id.org/protys/fixture#Load00052,http://w3id.org/protys/fixture#Load00052_Process,http://w3id.org/protys/fixture#Load00052_LCIProcess,26.666667,kWh,http://w3id.org/protys/fixture#GridFactor,ELECTRICITY_CONSUMED_IN_PRODUCTION_ONLY,SIMULATED_PRODUCTION_CASE
http://w3id.org/protys/fixture#Load00052_Op5,http://w3id.org/protys/fixture#Load00052,http://w3id.org/protys/fixture#Load00052_Process,http://w3id.org/protys/fixture#Load00052_LCIProcess,3.333333,kWh,http://w3id.org/protys/fixture#GridFactor,ELECTRICITY_CONSUMED_IN_PRODUCTION_ONLY,SIMULATED_PRODUCTION_CASE
http://w3id.org/protys/fixture#Load00052_Op6,http://w3id.org/protys/fixture#Load00052,http://w3id.org/protys/fixture#Load00052_Process,http://w3id.org/protys/fixture#Load00052_LCIProcess,0,kWh,http://w3id.org/protys/fixture#GridFactor,ELECTRICITY_CONSUMED_IN_PRODUCTION_ONLY,SIMULATED_PRODUCTION_CASE
http://w3id.org/protys/fixture#Load00052_Op7,http://w3id.org/protys/fixture#Load00052,http://w3id.org/protys/fixture#Load00052_Process,http://w3id.org/protys/fixture#Load00052_LCIProcess,0.333333,kWh,http://w3id.org/protys/fixture#GridFactor,ELECTRICITY_CONSUMED_IN_PRODUCTION_ONLY,SIMULATED_PRODUCTION_CASE
http://w3id.org/protys/fixture#Load00053_Op1,http://w3id.org/protys/fixture#Load00053,http://w3id.org/protys/fixture#Load00053_Process,http://w3id.org/protys/fixture#Load00053_LCIProcess,0,kWh,http://w3id.org/protys/fixture#GridFactor,ELECTRICITY_CONSUMED_IN_PRODUCTION_ONLY,SIMULATED_PRODUCTION_CASE
http://w3id.org/protys/fixture#Load00053_Op2,http://w3id.org/protys/fixture#Load00053,http://w3id.org/protys/fixture#Load00053_Process,http://w3id.org/protys/fixture#Load00053_LCIProcess,10,kWh,http://w3id.org/protys/fixture#GridFactor,ELECTRICITY_CONSUMED_IN_PRODUCTION_ONLY,SIMULATED_PRODUCTION_CASE
http://w3id.org/protys/fixture#Load00053_Op3,http://w3id.org/protys/fixture#Load00053,http://w3id.org/protys/fixture#Load00053_Process,http://w3id.org/protys/fixture#Load00053_LCIProcess,75,kWh,http://w3id.org/protys/fixture#GridFactor,ELECTRICITY_CONSUMED_IN_PRODUCTION_ONLY,SIMULATED_PRODUCTION_CASE
http://w3id.org/protys/fixture#Load00053_Op4,http://w3id.org/protys/fixture#Load00053,http://w3id.org/protys/fixture#Load00053_Process,http://w3id.org/protys/fixture#Load00053_LCIProcess,26.666667,kWh,http://w3id.org/protys/fixture#GridFactor,ELECTRICITY_CONSUMED_IN_PRODUCTION_ONLY,SIMULATED_PRODUCTION_CASE
http://w3id.org/protys/fixture#Load00053_Op5,http://w3id.org/protys/fixture#Load00053,http://w3id.org/protys/fixture#Load00053_Process,http://w3id.org/protys/fixture#Load00053_LCIProcess,3.333333,kWh,http://w3id.org/protys/fixture#GridFactor,ELECTRICITY_CONSUMED_IN_PRODUCTION_ONLY,SIMULATED_PRODUCTION_CASE
http://w3id.org/protys/fixture#Load00053_Op6,http://w3id.org/protys/fixture#Load00053,http://w3id.org/protys/fixture#Load00053_Process,http://w3id.org/protys/fixture#Load00053_LCIProcess,0,kWh,http://w3id.org/protys/fixture#GridFactor,ELECTRICITY_CONSUMED_IN_PRODUCTION_ONLY,SIMULATED_PRODUCTION_CASE
http://w3id.org/protys/fixture#Load00053_Op7,http://w3id.org/protys/fixture#Load00053,http://w3id.org/protys/fixture#Load00053_Process,http://w3id.org/protys/fixture#Load00053_LCIProcess,0.333333,kWh,http://w3id.org/protys/fixture#GridFactor,ELECTRICITY_CONSUMED_IN_PRODUCTION_ONLY,SIMULATED_PRODUCTION_CASE
http://w3id.org/protys/fixture#Load00054_Op1,http://w3id.org/protys/fixture#Load00054,http://w3id.org/protys/fixture#Load00054_Process,http://w3id.org/protys/fixture#Load00054_LCIProcess,0,kWh,http://w3id.org/protys/fixture#GridFactor,ELECTRICITY_CONSUMED_IN_PRODUCTION_ONLY,SIMULATED_PRODUCTION_CASE
http://w3id.org/protys/fixture#Load00054_Op2,http://w3id.org/protys/fixture#Load00054,http://w3id.org/protys/fixture#Load00054_Process,http://w3id.org/protys/fixture#Load00054_LCIProcess,10,kWh,http://w3id.org/protys/fixture#GridFactor,ELECTRICITY_CONSUMED_IN_PRODUCTION_ONLY,SIMULATED_PRODUCTION_CASE
http://w3id.org/protys/fixture#Load00054_Op3,http://w3id.org/protys/fixture#Load00054,http://w3id.org/protys/fixture#Load00054_Process,http://w3id.org/protys/fixture#Load00054_LCIProcess,75,kWh,http://w3id.org/protys/fixture#GridFactor,ELECTRICITY_CONSUMED_IN_PRODUCTION_ONLY,SIMULATED_PRODUCTION_CASE
http://w3id.org/protys/fixture#Load00054_Op4,http://w3id.org/protys/fixture#Load00054,http://w3id.org/protys/fixture#Load00054_Process,http://w3id.org/protys/fixture#Load00054_LCIProcess,26.666667,kWh,http://w3id.org/protys/fixture#GridFactor,ELECTRICITY_CONSUMED_IN_PRODUCTION_ONLY,SIMULATED_PRODUCTION_CASE
http://w3id.org/protys/fixture#Load00054_Op5,http://w3id.org/protys/fixture#Load00054,http://w3id.org/protys/fixture#Load00054_Process,http://w3id.org/protys/fixture#Load00054_LCIProcess,3.333333,kWh,http://w3id.org/protys/fixture#GridFactor,ELECTRICITY_CONSUMED_IN_PRODUCTION_ONLY,SIMULATED_PRODUCTION_CASE
http://w3id.org/protys/fixture#Load00054_Op6,http://w3id.org/protys/fixture#Load00054,http://w3id.org/protys/fixture#Load00054_Process,http://w3id.org/protys/fixture#Load00054_LCIProcess,0,kWh,http://w3id.org/protys/fixture#GridFactor,ELECTRICITY_CONSUMED_IN_PRODUCTION_ONLY,SIMULATED_PRODUCTION_CASE
http://w3id.org/protys/fixture#Load00054_Op7,http://w3id.org/protys/fixture#Load00054,http://w3id.org/protys/fixture#Load00054_Process,http://w3id.org/protys/fixture#Load00054_LCIProcess,0.333333,kWh,http://w3id.org/protys/fixture#GridFactor,ELECTRICITY_CONSUMED_IN_PRODUCTION_ONLY,SIMULATED_PRODUCTION_CASE
http://w3id.org/protys/fixture#Load00055_Op1,http://w3id.org/protys/fixture#Load00055,http://w3id.org/protys/fixture#Load00055_Process,http://w3id.org/protys/fixture#Load00055_LCIProcess,0,kWh,http://w3id.org/protys/fixture#GridFactor,ELECTRICITY_CONSUMED_IN_PRODUCTION_ONLY,SIMULATED_PRODUCTION_CASE
http://w3id.org/protys/fixture#Load00055_Op2,http://w3id.org/protys/fixture#Load00055,http://w3id.org/protys/fixture#Load00055_Process,http://w3id.org/protys/fixture#Load00055_LCIProcess,10,kWh,http://w3id.org/protys/fixture#GridFactor,ELECTRICITY_CONSUMED_IN_PRODUCTION_ONLY,SIMULATED_PRODUCTION_CASE
http://w3id.org/protys/fixture#Load00055_Op3,http://w3id.org/protys/fixture#Load00055,http://w3id.org/protys/fixture#Load00055_Process,http://w3id.org/protys/fixture#Load00055_LCIProcess,75,kWh,http://w3id.org/protys/fixture#GridFactor,ELECTRICITY_CONSUMED_IN_PRODUCTION_ONLY,SIMULATED_PRODUCTION_CASE
http://w3id.org/protys/fixture#Load00055_Op4,http://w3id.org/protys/fixture#Load00055,http://w3id.org/protys/fixture#Load00055_Process,http://w3id.org/protys/fixture#Load00055_LCIProcess,26.666667,kWh,http://w3id.org/protys/fixture#GridFactor,ELECTRICITY_CONSUMED_IN_PRODUCTION_ONLY,SIMULATED_PRODUCTION_CASE
http://w3id.org/protys/fixture#Load00055_Op5,http://w3id.org/protys/fixture#Load00055,http://w3id.org/protys/fixture#Load00055_Process,http://w3id.org/protys/fixture#Load00055_LCIProcess,3.333333,kWh,http://w3id.org/protys/fixture#GridFactor,ELECTRICITY_CONSUMED_IN_PRODUCTION_ONLY,SIMULATED_PRODUCTION_CASE
http://w3id.org/protys/fixture#Load00055_Op6,http://w3id.org/protys/fixture#Load00055,http://w3id.org/protys/fixture#Load00055_Process,http://w3id.org/protys/fixture#Load00055_LCIProcess,0,kWh,http://w3id.org/protys/fixture#GridFactor,ELECTRICITY_CONSUMED_IN_PRODUCTION_ONLY,SIMULATED_PRODUCTION_CASE
http://w3id.org/protys/fixture#Load00055_Op7,http://w3id.org/protys/fixture#Load00055,http://w3id.org/protys/fixture#Load00055_Process,http://w3id.org/protys/fixture#Load00055_LCIProcess,0.333333,kWh,http://w3id.org/protys/fixture#GridFactor,ELECTRICITY_CONSUMED_IN_PRODUCTION_ONLY,SIMULATED_PRODUCTION_CASE
http://w3id.org/protys/fixture#Load00056_Op1,http://w3id.org/protys/fixture#Load00056,http://w3id.org/protys/fixture#Load00056_Process,http://w3id.org/protys/fixture#Load00056_LCIProcess,0,kWh,http://w3id.org/protys/fixture#GridFactor,ELECTRICITY_CONSUMED_IN_PRODUCTION_ONLY,SIMULATED_PRODUCTION_CASE
http://w3id.org/protys/fixture#Load00056_Op2,http://w3id.org/protys/fixture#Load00056,http://w3id.org/protys/fixture#Load00056_Process,http://w3id.org/protys/fixture#Load00056_LCIProcess,10,kWh,http://w3id.org/protys/fixture#GridFactor,ELECTRICITY_CONSUMED_IN_PRODUCTION_ONLY,SIMULATED_PRODUCTION_CASE
http://w3id.org/protys/fixture#Load00056_Op3,http://w3id.org/protys/fixture#Load00056,http://w3id.org/protys/fixture#Load00056_Process,http://w3id.org/protys/fixture#Load00056_LCIProcess,75,kWh,http://w3id.org/protys/fixture#GridFactor,ELECTRICITY_CONSUMED_IN_PRODUCTION_ONLY,SIMULATED_PRODUCTION_CASE
http://w3id.org/protys/fixture#Load00056_Op4,http://w3id.org/protys/fixture#Load00056,http://w3id.org/protys/fixture#Load00056_Process,http://w3id.org/protys/fixture#Load00056_LCIProcess,26.666667,kWh,http://w3id.org/protys/fixture#GridFactor,ELECTRICITY_CONSUMED_IN_PRODUCTION_ONLY,SIMULATED_PRODUCTION_CASE
http://w3id.org/protys/fixture#Load00056_Op5,http://w3id.org/protys/fixture#Load00056,http://w3id.org/protys/fixture#Load00056_Process,http://w3id.org/protys/fixture#Load00056_LCIProcess,3.333333,kWh,http://w3id.org/protys/fixture#GridFactor,ELECTRICITY_CONSUMED_IN_PRODUCTION_ONLY,SIMULATED_PRODUCTION_CASE
http://w3id.org/protys/fixture#Load00056_Op6,http://w3id.org/protys/fixture#Load00056,http://w3id.org/protys/fixture#Load00056_Process,http://w3id.org/protys/fixture#Load00056_LCIProcess,0,kWh,http://w3id.org/protys/fixture#GridFactor,ELECTRICITY_CONSUMED_IN_PRODUCTION_ONLY,SIMULATED_PRODUCTION_CASE
http://w3id.org/protys/fixture#Load00056_Op7,http://w3id.org/protys/fixture#Load00056,http://w3id.org/protys/fixture#Load00056_Process,http://w3id.org/protys/fixture#Load00056_LCIProcess,0.333333,kWh,http://w3id.org/protys/fixture#GridFactor,ELECTRICITY_CONSUMED_IN_PRODUCTION_ONLY,SIMULATED_PRODUCTION_CASE
http://w3id.org/protys/fixture#Load00057_Op1,http://w3id.org/protys/fixture#Load00057,http://w3id.org/protys/fixture#Load00057_Process,http://w3id.org/protys/fixture#Load00057_LCIProcess,0,kWh,http://w3id.org/protys/fixture#GridFactor,ELECTRICITY_CONSUMED_IN_PRODUCTION_ONLY,SIMULATED_PRODUCTION_CASE
http://w3id.org/protys/fixture#Load00057_Op2,http://w3id.org/protys/fixture#Load00057,http://w3id.org/protys/fixture#Load00057_Process,http://w3id.org/protys/fixture#Load00057_LCIProcess,10,kWh,http://w3id.org/protys/fixture#GridFactor,ELECTRICITY_CONSUMED_IN_PRODUCTION_ONLY,SIMULATED_PRODUCTION_CASE
http://w3id.org/protys/fixture#Load00057_Op3,http://w3id.org/protys/fixture#Load00057,http://w3id.org/protys/fixture#Load00057_Process,http://w3id.org/protys/fixture#Load00057_LCIProcess,75,kWh,http://w3id.org/protys/fixture#GridFactor,ELECTRICITY_CONSUMED_IN_PRODUCTION_ONLY,SIMULATED_PRODUCTION_CASE
http://w3id.org/protys/fixture#Load00057_Op4,http://w3id.org/protys/fixture#Load00057,http://w3id.org/protys/fixture#Load00057_Process,http://w3id.org/protys/fixture#Load00057_LCIProcess,26.666667,kWh,http://w3id.org/protys/fixture#GridFactor,ELECTRICITY_CONSUMED_IN_PRODUCTION_ONLY,SIMULATED_PRODUCTION_CASE
http://w3id.org/protys/fixture#Load00057_Op5,http://w3id.org/protys/fixture#Load00057,http://w3id.org/protys/fixture#Load00057_Process,http://w3id.org/protys/fixture#Load00057_LCIProcess,3.333333,kWh,http://w3id.org/protys/fixture#GridFactor,ELECTRICITY_CONSUMED_IN_PRODUCTION_ONLY,SIMULATED_PRODUCTION_CASE
http://w3id.org/protys/fixture#Load00057_Op6,http://w3id.org/protys/fixture#Load00057,http://w3id.org/protys/fixture#Load00057_Process,http://w3id.org/protys/fixture#Load00057_LCIProcess,0,kWh,http://w3id.org/protys/fixture#GridFactor,ELECTRICITY_CONSUMED_IN_PRODUCTION_ONLY,SIMULATED_PRODUCTION_CASE
http://w3id.org/protys/fixture#Load00057_Op7,http://w3id.org/protys/fixture#Load00057,http://w3id.org/protys/fixture#Load00057_Process,http://w3id.org/protys/fixture#Load00057_LCIProcess,0.333333,kWh,http://w3id.org/protys/fixture#GridFactor,ELECTRICITY_CONSUMED_IN_PRODUCTION_ONLY,SIMULATED_PRODUCTION_CASE
http://w3id.org/protys/fixture#Load00058_Op1,http://w3id.org/protys/fixture#Load00058,http://w3id.org/protys/fixture#Load00058_Process,http://w3id.org/protys/fixture#Load00058_LCIProcess,0,kWh,http://w3id.org/protys/fixture#GridFactor,ELECTRICITY_CONSUMED_IN_PRODUCTION_ONLY,SIMULATED_PRODUCTION_CASE
http://w3id.org/protys/fixture#Load00058_Op2,http://w3id.org/protys/fixture#Load00058,http://w3id.org/protys/fixture#Load00058_Process,http://w3id.org/protys/fixture#Load00058_LCIProcess,10,kWh,http://w3id.org/protys/fixture#GridFactor,ELECTRICITY_CONSUMED_IN_PRODUCTION_ONLY,SIMULATED_PRODUCTION_CASE
http://w3id.org/protys/fixture#Load00058_Op3,http://w3id.org/protys/fixture#Load00058,http://w3id.org/protys/fixture#Load00058_Process,http://w3id.org/protys/fixture#Load00058_LCIProcess,75,kWh,http://w3id.org/protys/fixture#GridFactor,ELECTRICITY_CONSUMED_IN_PRODUCTION_ONLY,SIMULATED_PRODUCTION_CASE
http://w3id.org/protys/fixture#Load00058_Op4,http://w3id.org/protys/fixture#Load00058,http://w3id.org/protys/fixture#Load00058_Process,http://w3id.org/protys/fixture#Load00058_LCIProcess,26.666667,kWh,http://w3id.org/protys/fixture#GridFactor,ELECTRICITY_CONSUMED_IN_PRODUCTION_ONLY,SIMULATED_PRODUCTION_CASE
http://w3id.org/protys/fixture#Load00058_Op5,http://w3id.org/protys/fixture#Load00058,http://w3id.org/protys/fixture#Load00058_Process,http://w3id.org/protys/fixture#Load00058_LCIProcess,3.333333,kWh,http://w3id.org/protys/fixture#GridFactor,ELECTRICITY_CONSUMED_IN_PRODUCTION_ONLY,SIMULATED_PRODUCTION_CASE
http://w3id.org/protys/fixture#Load00058_Op6,http://w3id.org/protys/fixture#Load00058,http://w3id.org/protys/fixture#Load00058_Process,http://w3id.org/protys/fixture#Load00058_LCIProcess,0,kWh,http://w3id.org/protys/fixture#GridFactor,ELECTRICITY_CONSUMED_IN_PRODUCTION_ONLY,SIMULATED_PRODUCTION_CASE
http://w3id.org/protys/fixture#Load00058_Op7,http://w3id.org/protys/fixture#Load00058,http://w3id.org/protys/fixture#Load00058_Process,http://w3id.org/protys/fixture#Load00058_LCIProcess,0.333333,kWh,http://w3id.org/protys/fixture#GridFactor,ELECTRICITY_CONSUMED_IN_PRODUCTION_ONLY,SIMULATED_PRODUCTION_CASE
http://w3id.org/protys/fixture#Load00059_Op1,http://w3id.org/protys/fixture#Load00059,http://w3id.org/protys/fixture#Load00059_Process,http://w3id.org/protys/fixture#Load00059_LCIProcess,0,kWh,http://w3id.org/protys/fixture#GridFactor,ELECTRICITY_CONSUMED_IN_PRODUCTION_ONLY,SIMULATED_PRODUCTION_CASE
http://w3id.org/protys/fixture#Load00059_Op2,http://w3id.org/protys/fixture#Load00059,http://w3id.org/protys/fixture#Load00059_Process,http://w3id.org/protys/fixture#Load00059_LCIProcess,10,kWh,http://w3id.org/protys/fixture#GridFactor,ELECTRICITY_CONSUMED_IN_PRODUCTION_ONLY,SIMULATED_PRODUCTION_CASE
http://w3id.org/protys/fixture#Load00059_Op3,http://w3id.org/protys/fixture#Load00059,http://w3id.org/protys/fixture#Load00059_Process,http://w3id.org/protys/fixture#Load00059_LCIProcess,75,kWh,http://w3id.org/protys/fixture#GridFactor,ELECTRICITY_CONSUMED_IN_PRODUCTION_ONLY,SIMULATED_PRODUCTION_CASE
http://w3id.org/protys/fixture#Load00059_Op4,http://w3id.org/protys/fixture#Load00059,http://w3id.org/protys/fixture#Load00059_Process,http://w3id.org/protys/fixture#Load00059_LCIProcess,26.666667,kWh,http://w3id.org/protys/fixture#GridFactor,ELECTRICITY_CONSUMED_IN_PRODUCTION_ONLY,SIMULATED_PRODUCTION_CASE
http://w3id.org/protys/fixture#Load00059_Op5,http://w3id.org/protys/fixture#Load00059,http://w3id.org/protys/fixture#Load00059_Process,http://w3id.org/protys/fixture#Load00059_LCIProcess,3.333333,kWh,http://w3id.org/protys/fixture#GridFactor,ELECTRICITY_CONSUMED_IN_PRODUCTION_ONLY,SIMULATED_PRODUCTION_CASE
http://w3id.org/protys/fixture#Load00059_Op6,http://w3id.org/protys/fixture#Load00059,http://w3id.org/protys/fixture#Load00059_Process,http://w3id.org/protys/fixture#Load00059_LCIProcess,0,kWh,http://w3id.org/protys/fixture#GridFactor,ELECTRICITY_CONSUMED_IN_PRODUCTION_ONLY,SIMULATED_PRODUCTION_CASE
http://w3id.org/protys/fixture#Load00059_Op7,http://w3id.org/protys/fixture#Load00059,http://w3id.org/protys/fixture#Load00059_Process,http://w3id.org/protys/fixture#Load00059_LCIProcess,0.333333,kWh,http://w3id.org/protys/fixture#GridFactor,ELECTRICITY_CONSUMED_IN_PRODUCTION_ONLY,SIMULATED_PRODUCTION_CASE
http://w3id.org/protys/fixture#Load00060_Op1,http://w3id.org/protys/fixture#Load00060,http://w3id.org/protys/fixture#Load00060_Process,http://w3id.org/protys/fixture#Load00060_LCIProcess,0,kWh,http://w3id.org/protys/fixture#GridFactor,ELECTRICITY_CONSUMED_IN_PRODUCTION_ONLY,SIMULATED_PRODUCTION_CASE
http://w3id.org/protys/fixture#Load00060_Op2,http://w3id.org/protys/fixture#Load00060,http://w3id.org/protys/fixture#Load00060_Process,http://w3id.org/protys/fixture#Load00060_LCIProcess,10,kWh,http://w3id.org/protys/fixture#GridFactor,ELECTRICITY_CONSUMED_IN_PRODUCTION_ONLY,SIMULATED_PRODUCTION_CASE
http://w3id.org/protys/fixture#Load00060_Op3,http://w3id.org/protys/fixture#Load00060,http://w3id.org/protys/fixture#Load00060_Process,http://w3id.org/protys/fixture#Load00060_LCIProcess,75,kWh,http://w3id.org/protys/fixture#GridFactor,ELECTRICITY_CONSUMED_IN_PRODUCTION_ONLY,SIMULATED_PRODUCTION_CASE
http://w3id.org/protys/fixture#Load00060_Op4,http://w3id.org/protys/fixture#Load00060,http://w3id.org/protys/fixture#Load00060_Process,http://w3id.org/protys/fixture#Load00060_LCIProcess,26.666667,kWh,http://w3id.org/protys/fixture#GridFactor,ELECTRICITY_CONSUMED_IN_PRODUCTION_ONLY,SIMULATED_PRODUCTION_CASE
http://w3id.org/protys/fixture#Load00060_Op5,http://w3id.org/protys/fixture#Load00060,http://w3id.org/protys/fixture#Load00060_Process,http://w3id.org/protys/fixture#Load00060_LCIProcess,3.333333,kWh,http://w3id.org/protys/fixture#GridFactor,ELECTRICITY_CONSUMED_IN_PRODUCTION_ONLY,SIMULATED_PRODUCTION_CASE
http://w3id.org/protys/fixture#Load00060_Op6,http://w3id.org/protys/fixture#Load00060,http://w3id.org/protys/fixture#Load00060_Process,http://w3id.org/protys/fixture#Load00060_LCIProcess,0,kWh,http://w3id.org/protys/fixture#GridFactor,ELECTRICITY_CONSUMED_IN_PRODUCTION_ONLY,SIMULATED_PRODUCTION_CASE
http://w3id.org/protys/fixture#Load00060_Op7,http://w3id.org/protys/fixture#Load00060,http://w3id.org/protys/fixture#Load00060_Process,http://w3id.org/protys/fixture#Load00060_LCIProcess,0.333333,kWh,http://w3id.org/protys/fixture#GridFactor,ELECTRICITY_CONSUMED_IN_PRODUCTION_ONLY,SIMULATED_PRODUCTION_CASE
http://w3id.org/protys/fixture#Load00061_Op1,http://w3id.org/protys/fixture#Load00061,http://w3id.org/protys/fixture#Load00061_Process,http://w3id.org/protys/fixture#Load00061_LCIProcess,0,kWh,http://w3id.org/protys/fixture#GridFactor,ELECTRICITY_CONSUMED_IN_PRODUCTION_ONLY,SIMULATED_PRODUCTION_CASE
http://w3id.org/protys/fixture#Load00061_Op2,http://w3id.org/protys/fixture#Load00061,http://w3id.org/protys/fixture#Load00061_Process,http://w3id.org/protys/fixture#Load00061_LCIProcess,10,kWh,http://w3id.org/protys/fixture#GridFactor,ELECTRICITY_CONSUMED_IN_PRODUCTION_ONLY,SIMULATED_PRODUCTION_CASE
http://w3id.org/protys/fixture#Load00061_Op3,http://w3id.org/protys/fixture#Load00061,http://w3id.org/protys/fixture#Load00061_Process,http://w3id.org/protys/fixture#Load00061_LCIProcess,75,kWh,http://w3id.org/protys/fixture#GridFactor,ELECTRICITY_CONSUMED_IN_PRODUCTION_ONLY,SIMULATED_PRODUCTION_CASE
http://w3id.org/protys/fixture#Load00061_Op4,http://w3id.org/protys/fixture#Load00061,http://w3id.org/protys/fixture#Load00061_Process,http://w3id.org/protys/fixture#Load00061_LCIProcess,26.666667,kWh,http://w3id.org/protys/fixture#GridFactor,ELECTRICITY_CONSUMED_IN_PRODUCTION_ONLY,SIMULATED_PRODUCTION_CASE
http://w3id.org/protys/fixture#Load00061_Op5,http://w3id.org/protys/fixture#Load00061,http://w3id.org/protys/fixture#Load00061_Process,http://w3id.org/protys/fixture#Load00061_LCIProcess,3.333333,kWh,http://w3id.org/protys/fixture#GridFactor,ELECTRICITY_CONSUMED_IN_PRODUCTION_ONLY,SIMULATED_PRODUCTION_CASE
http://w3id.org/protys/fixture#Load00061_Op6,http://w3id.org/protys/fixture#Load00061,http://w3id.org/protys/fixture#Load00061_Process,http://w3id.org/protys/fixture#Load00061_LCIProcess,0,kWh,http://w3id.org/protys/fixture#GridFactor,ELECTRICITY_CONSUMED_IN_PRODUCTION_ONLY,SIMULATED_PRODUCTION_CASE
http://w3id.org/protys/fixture#Load00061_Op7,http://w3id.org/protys/fixture#Load00061,http://w3id.org/protys/fixture#Load00061_Process,http://w3id.org/protys/fixture#Load00061_LCIProcess,0.333333,kWh,http://w3id.org/protys/fixture#GridFactor,ELECTRICITY_CONSUMED_IN_PRODUCTION_ONLY,SIMULATED_PRODUCTION_CASE
http://w3id.org/protys/fixture#Load00062_Op1,http://w3id.org/protys/fixture#Load00062,http://w3id.org/protys/fixture#Load00062_Process,http://w3id.org/protys/fixture#Load00062_LCIProcess,0,kWh,http://w3id.org/protys/fixture#GridFactor,ELECTRICITY_CONSUMED_IN_PRODUCTION_ONLY,SIMULATED_PRODUCTION_CASE
http://w3id.org/protys/fixture#Load00062_Op2,http://w3id.org/protys/fixture#Load00062,http://w3id.org/protys/fixture#Load00062_Process,http://w3id.org/protys/fixture#Load00062_LCIProcess,10,kWh,http://w3id.org/protys/fixture#GridFactor,ELECTRICITY_CONSUMED_IN_PRODUCTION_ONLY,SIMULATED_PRODUCTION_CASE
http://w3id.org/protys/fixture#Load00062_Op3,http://w3id.org/protys/fixture#Load00062,http://w3id.org/protys/fixture#Load00062_Process,http://w3id.org/protys/fixture#Load00062_LCIProcess,75,kWh,http://w3id.org/protys/fixture#GridFactor,ELECTRICITY_CONSUMED_IN_PRODUCTION_ONLY,SIMULATED_PRODUCTION_CASE
http://w3id.org/protys/fixture#Load00062_Op4,http://w3id.org/protys/fixture#Load00062,http://w3id.org/protys/fixture#Load00062_Process,http://w3id.org/protys/fixture#Load00062_LCIProcess,26.666667,kWh,http://w3id.org/protys/fixture#GridFactor,ELECTRICITY_CONSUMED_IN_PRODUCTION_ONLY,SIMULATED_PRODUCTION_CASE
http://w3id.org/protys/fixture#Load00062_Op5,http://w3id.org/protys/fixture#Load00062,http://w3id.org/protys/fixture#Load00062_Process,http://w3id.org/protys/fixture#Load00062_LCIProcess,3.333333,kWh,http://w3id.org/protys/fixture#GridFactor,ELECTRICITY_CONSUMED_IN_PRODUCTION_ONLY,SIMULATED_PRODUCTION_CASE
http://w3id.org/protys/fixture#Load00062_Op6,http://w3id.org/protys/fixture#Load00062,http://w3id.org/protys/fixture#Load00062_Process,http://w3id.org/protys/fixture#Load00062_LCIProcess,0,kWh,http://w3id.org/protys/fixture#GridFactor,ELECTRICITY_CONSUMED_IN_PRODUCTION_ONLY,SIMULATED_PRODUCTION_CASE
http://w3id.org/protys/fixture#Load00062_Op7,http://w3id.org/protys/fixture#Load00062,http://w3id.org/protys/fixture#Load00062_Process,http://w3id.org/protys/fixture#Load00062_LCIProcess,0.333333,kWh,http://w3id.org/protys/fixture#GridFactor,ELECTRICITY_CONSUMED_IN_PRODUCTION_ONLY,SIMULATED_PRODUCTION_CASE
http://w3id.org/protys/fixture#Load00063_Op1,http://w3id.org/protys/fixture#Load00063,http://w3id.org/protys/fixture#Load00063_Process,http://w3id.org/protys/fixture#Load00063_LCIProcess,0,kWh,http://w3id.org/protys/fixture#GridFactor,ELECTRICITY_CONSUMED_IN_PRODUCTION_ONLY,SIMULATED_PRODUCTION_CASE
http://w3id.org/protys/fixture#Load00063_Op2,http://w3id.org/protys/fixture#Load00063,http://w3id.org/protys/fixture#Load00063_Process,http://w3id.org/protys/fixture#Load00063_LCIProcess,10,kWh,http://w3id.org/protys/fixture#GridFactor,ELECTRICITY_CONSUMED_IN_PRODUCTION_ONLY,SIMULATED_PRODUCTION_CASE
http://w3id.org/protys/fixture#Load00063_Op3,http://w3id.org/protys/fixture#Load00063,http://w3id.org/protys/fixture#Load00063_Process,http://w3id.org/protys/fixture#Load00063_LCIProcess,75,kWh,http://w3id.org/protys/fixture#GridFactor,ELECTRICITY_CONSUMED_IN_PRODUCTION_ONLY,SIMULATED_PRODUCTION_CASE
http://w3id.org/protys/fixture#Load00063_Op4,http://w3id.org/protys/fixture#Load00063,http://w3id.org/protys/fixture#Load00063_Process,http://w3id.org/protys/fixture#Load00063_LCIProcess,26.666667,kWh,http://w3id.org/protys/fixture#GridFactor,ELECTRICITY_CONSUMED_IN_PRODUCTION_ONLY,SIMULATED_PRODUCTION_CASE
http://w3id.org/protys/fixture#Load00063_Op5,http://w3id.org/protys/fixture#Load00063,http://w3id.org/protys/fixture#Load00063_Process,http://w3id.org/protys/fixture#Load00063_LCIProcess,3.333333,kWh,http://w3id.org/protys/fixture#GridFactor,ELECTRICITY_CONSUMED_IN_PRODUCTION_ONLY,SIMULATED_PRODUCTION_CASE
http://w3id.org/protys/fixture#Load00063_Op6,http://w3id.org/protys/fixture#Load00063,http://w3id.org/protys/fixture#Load00063_Process,http://w3id.org/protys/fixture#Load00063_LCIProcess,0,kWh,http://w3id.org/protys/fixture#GridFactor,ELECTRICITY_CONSUMED_IN_PRODUCTION_ONLY,SIMULATED_PRODUCTION_CASE
http://w3id.org/protys/fixture#Load00063_Op7,http://w3id.org/protys/fixture#Load00063,http://w3id.org/protys/fixture#Load00063_Process,http://w3id.org/protys/fixture#Load00063_LCIProcess,0.333333,kWh,http://w3id.org/protys/fixture#GridFactor,ELECTRICITY_CONSUMED_IN_PRODUCTION_ONLY,SIMULATED_PRODUCTION_CASE
http://w3id.org/protys/fixture#Load00064_Op1,http://w3id.org/protys/fixture#Load00064,http://w3id.org/protys/fixture#Load00064_Process,http://w3id.org/protys/fixture#Load00064_LCIProcess,0,kWh,http://w3id.org/protys/fixture#GridFactor,ELECTRICITY_CONSUMED_IN_PRODUCTION_ONLY,SIMULATED_PRODUCTION_CASE
http://w3id.org/protys/fixture#Load00064_Op2,http://w3id.org/protys/fixture#Load00064,http://w3id.org/protys/fixture#Load00064_Process,http://w3id.org/protys/fixture#Load00064_LCIProcess,10,kWh,http://w3id.org/protys/fixture#GridFactor,ELECTRICITY_CONSUMED_IN_PRODUCTION_ONLY,SIMULATED_PRODUCTION_CASE
http://w3id.org/protys/fixture#Load00064_Op3,http://w3id.org/protys/fixture#Load00064,http://w3id.org/protys/fixture#Load00064_Process,http://w3id.org/protys/fixture#Load00064_LCIProcess,75,kWh,http://w3id.org/protys/fixture#GridFactor,ELECTRICITY_CONSUMED_IN_PRODUCTION_ONLY,SIMULATED_PRODUCTION_CASE
http://w3id.org/protys/fixture#Load00064_Op4,http://w3id.org/protys/fixture#Load00064,http://w3id.org/protys/fixture#Load00064_Process,http://w3id.org/protys/fixture#Load00064_LCIProcess,26.666667,kWh,http://w3id.org/protys/fixture#GridFactor,ELECTRICITY_CONSUMED_IN_PRODUCTION_ONLY,SIMULATED_PRODUCTION_CASE
http://w3id.org/protys/fixture#Load00064_Op5,http://w3id.org/protys/fixture#Load00064,http://w3id.org/protys/fixture#Load00064_Process,http://w3id.org/protys/fixture#Load00064_LCIProcess,3.333333,kWh,http://w3id.org/protys/fixture#GridFactor,ELECTRICITY_CONSUMED_IN_PRODUCTION_ONLY,SIMULATED_PRODUCTION_CASE
http://w3id.org/protys/fixture#Load00064_Op6,http://w3id.org/protys/fixture#Load00064,http://w3id.org/protys/fixture#Load00064_Process,http://w3id.org/protys/fixture#Load00064_LCIProcess,0,kWh,http://w3id.org/protys/fixture#GridFactor,ELECTRICITY_CONSUMED_IN_PRODUCTION_ONLY,SIMULATED_PRODUCTION_CASE
http://w3id.org/protys/fixture#Load00064_Op7,http://w3id.org/protys/fixture#Load00064,http://w3id.org/protys/fixture#Load00064_Process,http://w3id.org/protys/fixture#Load00064_LCIProcess,0.333333,kWh,http://w3id.org/protys/fixture#GridFactor,ELECTRICITY_CONSUMED_IN_PRODUCTION_ONLY,SIMULATED_PRODUCTION_CASE
http://w3id.org/protys/fixture#Load00065_Op1,http://w3id.org/protys/fixture#Load00065,http://w3id.org/protys/fixture#Load00065_Process,http://w3id.org/protys/fixture#Load00065_LCIProcess,0,kWh,http://w3id.org/protys/fixture#GridFactor,ELECTRICITY_CONSUMED_IN_PRODUCTION_ONLY,SIMULATED_PRODUCTION_CASE
http://w3id.org/protys/fixture#Load00065_Op2,http://w3id.org/protys/fixture#Load00065,http://w3id.org/protys/fixture#Load00065_Process,http://w3id.org/protys/fixture#Load00065_LCIProcess,10,kWh,http://w3id.org/protys/fixture#GridFactor,ELECTRICITY_CONSUMED_IN_PRODUCTION_ONLY,SIMULATED_PRODUCTION_CASE
http://w3id.org/protys/fixture#Load00065_Op3,http://w3id.org/protys/fixture#Load00065,http://w3id.org/protys/fixture#Load00065_Process,http://w3id.org/protys/fixture#Load00065_LCIProcess,75,kWh,http://w3id.org/protys/fixture#GridFactor,ELECTRICITY_CONSUMED_IN_PRODUCTION_ONLY,SIMULATED_PRODUCTION_CASE
http://w3id.org/protys/fixture#Load00065_Op4,http://w3id.org/protys/fixture#Load00065,http://w3id.org/protys/fixture#Load00065_Process,http://w3id.org/protys/fixture#Load00065_LCIProcess,26.666667,kWh,http://w3id.org/protys/fixture#GridFactor,ELECTRICITY_CONSUMED_IN_PRODUCTION_ONLY,SIMULATED_PRODUCTION_CASE
http://w3id.org/protys/fixture#Load00065_Op5,http://w3id.org/protys/fixture#Load00065,http://w3id.org/protys/fixture#Load00065_Process,http://w3id.org/protys/fixture#Load00065_LCIProcess,3.333333,kWh,http://w3id.org/protys/fixture#GridFactor,ELECTRICITY_CONSUMED_IN_PRODUCTION_ONLY,SIMULATED_PRODUCTION_CASE
http://w3id.org/protys/fixture#Load00065_Op6,http://w3id.org/protys/fixture#Load00065,http://w3id.org/protys/fixture#Load00065_Process,http://w3id.org/protys/fixture#Load00065_LCIProcess,0,kWh,http://w3id.org/protys/fixture#GridFactor,ELECTRICITY_CONSUMED_IN_PRODUCTION_ONLY,SIMULATED_PRODUCTION_CASE
http://w3id.org/protys/fixture#Load00065_Op7,http://w3id.org/protys/fixture#Load00065,http://w3id.org/protys/fixture#Load00065_Process,http://w3id.org/protys/fixture#Load00065_LCIProcess,0.333333,kWh,http://w3id.org/protys/fixture#GridFactor,ELECTRICITY_CONSUMED_IN_PRODUCTION_ONLY,SIMULATED_PRODUCTION_CASE
http://w3id.org/protys/fixture#Load00066_Op1,http://w3id.org/protys/fixture#Load00066,http://w3id.org/protys/fixture#Load00066_Process,http://w3id.org/protys/fixture#Load00066_LCIProcess,0,kWh,http://w3id.org/protys/fixture#GridFactor,ELECTRICITY_CONSUMED_IN_PRODUCTION_ONLY,SIMULATED_PRODUCTION_CASE
http://w3id.org/protys/fixture#Load00066_Op2,http://w3id.org/protys/fixture#Load00066,http://w3id.org/protys/fixture#Load00066_Process,http://w3id.org/protys/fixture#Load00066_LCIProcess,10,kWh,http://w3id.org/protys/fixture#GridFactor,ELECTRICITY_CONSUMED_IN_PRODUCTION_ONLY,SIMULATED_PRODUCTION_CASE
http://w3id.org/protys/fixture#Load00066_Op3,http://w3id.org/protys/fixture#Load00066,http://w3id.org/protys/fixture#Load00066_Process,http://w3id.org/protys/fixture#Load00066_LCIProcess,75,kWh,http://w3id.org/protys/fixture#GridFactor,ELECTRICITY_CONSUMED_IN_PRODUCTION_ONLY,SIMULATED_PRODUCTION_CASE
http://w3id.org/protys/fixture#Load00066_Op4,http://w3id.org/protys/fixture#Load00066,http://w3id.org/protys/fixture#Load00066_Process,http://w3id.org/protys/fixture#Load00066_LCIProcess,26.666667,kWh,http://w3id.org/protys/fixture#GridFactor,ELECTRICITY_CONSUMED_IN_PRODUCTION_ONLY,SIMULATED_PRODUCTION_CASE
http://w3id.org/protys/fixture#Load00066_Op5,http://w3id.org/protys/fixture#Load00066,http://w3id.org/protys/fixture#Load00066_Process,http://w3id.org/protys/fixture#Load00066_LCIProcess,3.333333,kWh,http://w3id.org/protys/fixture#GridFactor,ELECTRICITY_CONSUMED_IN_PRODUCTION_ONLY,SIMULATED_PRODUCTION_CASE
http://w3id.org/protys/fixture#Load00066_Op6,http://w3id.org/protys/fixture#Load00066,http://w3id.org/protys/fixture#Load00066_Process,http://w3id.org/protys/fixture#Load00066_LCIProcess,0,kWh,http://w3id.org/protys/fixture#GridFactor,ELECTRICITY_CONSUMED_IN_PRODUCTION_ONLY,SIMULATED_PRODUCTION_CASE
http://w3id.org/protys/fixture#Load00066_Op7,http://w3id.org/protys/fixture#Load00066,http://w3id.org/protys/fixture#Load00066_Process,http://w3id.org/protys/fixture#Load00066_LCIProcess,0.333333,kWh,http://w3id.org/protys/fixture#GridFactor,ELECTRICITY_CONSUMED_IN_PRODUCTION_ONLY,SIMULATED_PRODUCTION_CASE
http://w3id.org/protys/fixture#Load00067_Op1,http://w3id.org/protys/fixture#Load00067,http://w3id.org/protys/fixture#Load00067_Process,http://w3id.org/protys/fixture#Load00067_LCIProcess,0,kWh,http://w3id.org/protys/fixture#GridFactor,ELECTRICITY_CONSUMED_IN_PRODUCTION_ONLY,SIMULATED_PRODUCTION_CASE
http://w3id.org/protys/fixture#Load00067_Op2,http://w3id.org/protys/fixture#Load00067,http://w3id.org/protys/fixture#Load00067_Process,http://w3id.org/protys/fixture#Load00067_LCIProcess,10,kWh,http://w3id.org/protys/fixture#GridFactor,ELECTRICITY_CONSUMED_IN_PRODUCTION_ONLY,SIMULATED_PRODUCTION_CASE
http://w3id.org/protys/fixture#Load00067_Op3,http://w3id.org/protys/fixture#Load00067,http://w3id.org/protys/fixture#Load00067_Process,http://w3id.org/protys/fixture#Load00067_LCIProcess,75,kWh,http://w3id.org/protys/fixture#GridFactor,ELECTRICITY_CONSUMED_IN_PRODUCTION_ONLY,SIMULATED_PRODUCTION_CASE
http://w3id.org/protys/fixture#Load00067_Op4,http://w3id.org/protys/fixture#Load00067,http://w3id.org/protys/fixture#Load00067_Process,http://w3id.org/protys/fixture#Load00067_LCIProcess,26.666667,kWh,http://w3id.org/protys/fixture#GridFactor,ELECTRICITY_CONSUMED_IN_PRODUCTION_ONLY,SIMULATED_PRODUCTION_CASE
http://w3id.org/protys/fixture#Load00067_Op5,http://w3id.org/protys/fixture#Load00067,http://w3id.org/protys/fixture#Load00067_Process,http://w3id.org/protys/fixture#Load00067_LCIProcess,3.333333,kWh,http://w3id.org/protys/fixture#GridFactor,ELECTRICITY_CONSUMED_IN_PRODUCTION_ONLY,SIMULATED_PRODUCTION_CASE
http://w3id.org/protys/fixture#Load00067_Op6,http://w3id.org/protys/fixture#Load00067,http://w3id.org/protys/fixture#Load00067_Process,http://w3id.org/protys/fixture#Load00067_LCIProcess,0,kWh,http://w3id.org/protys/fixture#GridFactor,ELECTRICITY_CONSUMED_IN_PRODUCTION_ONLY,SIMULATED_PRODUCTION_CASE
http://w3id.org/protys/fixture#Load00067_Op7,http://w3id.org/protys/fixture#Load00067,http://w3id.org/protys/fixture#Load00067_Process,http://w3id.org/protys/fixture#Load00067_LCIProcess,0.333333,kWh,http://w3id.org/protys/fixture#GridFactor,ELECTRICITY_CONSUMED_IN_PRODUCTION_ONLY,SIMULATED_PRODUCTION_CASE
http://w3id.org/protys/fixture#Load00068_Op1,http://w3id.org/protys/fixture#Load00068,http://w3id.org/protys/fixture#Load00068_Process,http://w3id.org/protys/fixture#Load00068_LCIProcess,0,kWh,http://w3id.org/protys/fixture#GridFactor,ELECTRICITY_CONSUMED_IN_PRODUCTION_ONLY,SIMULATED_PRODUCTION_CASE
http://w3id.org/protys/fixture#Load00068_Op2,http://w3id.org/protys/fixture#Load00068,http://w3id.org/protys/fixture#Load00068_Process,http://w3id.org/protys/fixture#Load00068_LCIProcess,10,kWh,http://w3id.org/protys/fixture#GridFactor,ELECTRICITY_CONSUMED_IN_PRODUCTION_ONLY,SIMULATED_PRODUCTION_CASE
http://w3id.org/protys/fixture#Load00068_Op3,http://w3id.org/protys/fixture#Load00068,http://w3id.org/protys/fixture#Load00068_Process,http://w3id.org/protys/fixture#Load00068_LCIProcess,75,kWh,http://w3id.org/protys/fixture#GridFactor,ELECTRICITY_CONSUMED_IN_PRODUCTION_ONLY,SIMULATED_PRODUCTION_CASE
http://w3id.org/protys/fixture#Load00068_Op4,http://w3id.org/protys/fixture#Load00068,http://w3id.org/protys/fixture#Load00068_Process,http://w3id.org/protys/fixture#Load00068_LCIProcess,26.666667,kWh,http://w3id.org/protys/fixture#GridFactor,ELECTRICITY_CONSUMED_IN_PRODUCTION_ONLY,SIMULATED_PRODUCTION_CASE
http://w3id.org/protys/fixture#Load00068_Op5,http://w3id.org/protys/fixture#Load00068,http://w3id.org/protys/fixture#Load00068_Process,http://w3id.org/protys/fixture#Load00068_LCIProcess,3.333333,kWh,http://w3id.org/protys/fixture#GridFactor,ELECTRICITY_CONSUMED_IN_PRODUCTION_ONLY,SIMULATED_PRODUCTION_CASE
http://w3id.org/protys/fixture#Load00068_Op6,http://w3id.org/protys/fixture#Load00068,http://w3id.org/protys/fixture#Load00068_Process,http://w3id.org/protys/fixture#Load00068_LCIProcess,0,kWh,http://w3id.org/protys/fixture#GridFactor,ELECTRICITY_CONSUMED_IN_PRODUCTION_ONLY,SIMULATED_PRODUCTION_CASE
http://w3id.org/protys/fixture#Load00068_Op7,http://w3id.org/protys/fixture#Load00068,http://w3id.org/protys/fixture#Load00068_Process,http://w3id.org/protys/fixture#Load00068_LCIProcess,0.333333,kWh,http://w3id.org/protys/fixture#GridFactor,ELECTRICITY_CONSUMED_IN_PRODUCTION_ONLY,SIMULATED_PRODUCTION_CASE
http://w3id.org/protys/fixture#Load00069_Op1,http://w3id.org/protys/fixture#Load00069,http://w3id.org/protys/fixture#Load00069_Process,http://w3id.org/protys/fixture#Load00069_LCIProcess,0,kWh,http://w3id.org/protys/fixture#GridFactor,ELECTRICITY_CONSUMED_IN_PRODUCTION_ONLY,SIMULATED_PRODUCTION_CASE
http://w3id.org/protys/fixture#Load00069_Op2,http://w3id.org/protys/fixture#Load00069,http://w3id.org/protys/fixture#Load00069_Process,http://w3id.org/protys/fixture#Load00069_LCIProcess,10,kWh,http://w3id.org/protys/fixture#GridFactor,ELECTRICITY_CONSUMED_IN_PRODUCTION_ONLY,SIMULATED_PRODUCTION_CASE
http://w3id.org/protys/fixture#Load00069_Op3,http://w3id.org/protys/fixture#Load00069,http://w3id.org/protys/fixture#Load00069_Process,http://w3id.org/protys/fixture#Load00069_LCIProcess,75,kWh,http://w3id.org/protys/fixture#GridFactor,ELECTRICITY_CONSUMED_IN_PRODUCTION_ONLY,SIMULATED_PRODUCTION_CASE
http://w3id.org/protys/fixture#Load00069_Op4,http://w3id.org/protys/fixture#Load00069,http://w3id.org/protys/fixture#Load00069_Process,http://w3id.org/protys/fixture#Load00069_LCIProcess,26.666667,kWh,http://w3id.org/protys/fixture#GridFactor,ELECTRICITY_CONSUMED_IN_PRODUCTION_ONLY,SIMULATED_PRODUCTION_CASE
http://w3id.org/protys/fixture#Load00069_Op5,http://w3id.org/protys/fixture#Load00069,http://w3id.org/protys/fixture#Load00069_Process,http://w3id.org/protys/fixture#Load00069_LCIProcess,3.333333,kWh,http://w3id.org/protys/fixture#GridFactor,ELECTRICITY_CONSUMED_IN_PRODUCTION_ONLY,SIMULATED_PRODUCTION_CASE
http://w3id.org/protys/fixture#Load00069_Op6,http://w3id.org/protys/fixture#Load00069,http://w3id.org/protys/fixture#Load00069_Process,http://w3id.org/protys/fixture#Load00069_LCIProcess,0,kWh,http://w3id.org/protys/fixture#GridFactor,ELECTRICITY_CONSUMED_IN_PRODUCTION_ONLY,SIMULATED_PRODUCTION_CASE
http://w3id.org/protys/fixture#Load00069_Op7,http://w3id.org/protys/fixture#Load00069,http://w3id.org/protys/fixture#Load00069_Process,http://w3id.org/protys/fixture#Load00069_LCIProcess,0.333333,kWh,http://w3id.org/protys/fixture#GridFactor,ELECTRICITY_CONSUMED_IN_PRODUCTION_ONLY,SIMULATED_PRODUCTION_CASE
http://w3id.org/protys/fixture#Load00070_Op1,http://w3id.org/protys/fixture#Load00070,http://w3id.org/protys/fixture#Load00070_Process,http://w3id.org/protys/fixture#Load00070_LCIProcess,0,kWh,http://w3id.org/protys/fixture#GridFactor,ELECTRICITY_CONSUMED_IN_PRODUCTION_ONLY,SIMULATED_PRODUCTION_CASE
http://w3id.org/protys/fixture#Load00070_Op2,http://w3id.org/protys/fixture#Load00070,http://w3id.org/protys/fixture#Load00070_Process,http://w3id.org/protys/fixture#Load00070_LCIProcess,10,kWh,http://w3id.org/protys/fixture#GridFactor,ELECTRICITY_CONSUMED_IN_PRODUCTION_ONLY,SIMULATED_PRODUCTION_CASE
http://w3id.org/protys/fixture#Load00070_Op3,http://w3id.org/protys/fixture#Load00070,http://w3id.org/protys/fixture#Load00070_Process,http://w3id.org/protys/fixture#Load00070_LCIProcess,75,kWh,http://w3id.org/protys/fixture#GridFactor,ELECTRICITY_CONSUMED_IN_PRODUCTION_ONLY,SIMULATED_PRODUCTION_CASE
http://w3id.org/protys/fixture#Load00070_Op4,http://w3id.org/protys/fixture#Load00070,http://w3id.org/protys/fixture#Load00070_Process,http://w3id.org/protys/fixture#Load00070_LCIProcess,26.666667,kWh,http://w3id.org/protys/fixture#GridFactor,ELECTRICITY_CONSUMED_IN_PRODUCTION_ONLY,SIMULATED_PRODUCTION_CASE
http://w3id.org/protys/fixture#Load00070_Op5,http://w3id.org/protys/fixture#Load00070,http://w3id.org/protys/fixture#Load00070_Process,http://w3id.org/protys/fixture#Load00070_LCIProcess,3.333333,kWh,http://w3id.org/protys/fixture#GridFactor,ELECTRICITY_CONSUMED_IN_PRODUCTION_ONLY,SIMULATED_PRODUCTION_CASE
http://w3id.org/protys/fixture#Load00070_Op6,http://w3id.org/protys/fixture#Load00070,http://w3id.org/protys/fixture#Load00070_Process,http://w3id.org/protys/fixture#Load00070_LCIProcess,0,kWh,http://w3id.org/protys/fixture#GridFactor,ELECTRICITY_CONSUMED_IN_PRODUCTION_ONLY,SIMULATED_PRODUCTION_CASE
http://w3id.org/protys/fixture#Load00070_Op7,http://w3id.org/protys/fixture#Load00070,http://w3id.org/protys/fixture#Load00070_Process,http://w3id.org/protys/fixture#Load00070_LCIProcess,0.333333,kWh,http://w3id.org/protys/fixture#GridFactor,ELECTRICITY_CONSUMED_IN_PRODUCTION_ONLY,SIMULATED_PRODUCTION_CASE
http://w3id.org/protys/fixture#Load00071_Op1,http://w3id.org/protys/fixture#Load00071,http://w3id.org/protys/fixture#Load00071_Process,http://w3id.org/protys/fixture#Load00071_LCIProcess,0,kWh,http://w3id.org/protys/fixture#GridFactor,ELECTRICITY_CONSUMED_IN_PRODUCTION_ONLY,SIMULATED_PRODUCTION_CASE
http://w3id.org/protys/fixture#Load00071_Op2,http://w3id.org/protys/fixture#Load00071,http://w3id.org/protys/fixture#Load00071_Process,http://w3id.org/protys/fixture#Load00071_LCIProcess,10,kWh,http://w3id.org/protys/fixture#GridFactor,ELECTRICITY_CONSUMED_IN_PRODUCTION_ONLY,SIMULATED_PRODUCTION_CASE
http://w3id.org/protys/fixture#Load00071_Op3,http://w3id.org/protys/fixture#Load00071,http://w3id.org/protys/fixture#Load00071_Process,http://w3id.org/protys/fixture#Load00071_LCIProcess,75,kWh,http://w3id.org/protys/fixture#GridFactor,ELECTRICITY_CONSUMED_IN_PRODUCTION_ONLY,SIMULATED_PRODUCTION_CASE
http://w3id.org/protys/fixture#Load00071_Op4,http://w3id.org/protys/fixture#Load00071,http://w3id.org/protys/fixture#Load00071_Process,http://w3id.org/protys/fixture#Load00071_LCIProcess,26.666667,kWh,http://w3id.org/protys/fixture#GridFactor,ELECTRICITY_CONSUMED_IN_PRODUCTION_ONLY,SIMULATED_PRODUCTION_CASE
http://w3id.org/protys/fixture#Load00071_Op5,http://w3id.org/protys/fixture#Load00071,http://w3id.org/protys/fixture#Load00071_Process,http://w3id.org/protys/fixture#Load00071_LCIProcess,3.333333,kWh,http://w3id.org/protys/fixture#GridFactor,ELECTRICITY_CONSUMED_IN_PRODUCTION_ONLY,SIMULATED_PRODUCTION_CASE
http://w3id.org/protys/fixture#Load00071_Op6,http://w3id.org/protys/fixture#Load00071,http://w3id.org/protys/fixture#Load00071_Process,http://w3id.org/protys/fixture#Load00071_LCIProcess,0,kWh,http://w3id.org/protys/fixture#GridFactor,ELECTRICITY_CONSUMED_IN_PRODUCTION_ONLY,SIMULATED_PRODUCTION_CASE
http://w3id.org/protys/fixture#Load00071_Op7,http://w3id.org/protys/fixture#Load00071,http://w3id.org/protys/fixture#Load00071_Process,http://w3id.org/protys/fixture#Load00071_LCIProcess,0.333333,kWh,http://w3id.org/protys/fixture#GridFactor,ELECTRICITY_CONSUMED_IN_PRODUCTION_ONLY,SIMULATED_PRODUCTION_CASE
http://w3id.org/protys/fixture#Load00072_Op1,http://w3id.org/protys/fixture#Load00072,http://w3id.org/protys/fixture#Load00072_Process,http://w3id.org/protys/fixture#Load00072_LCIProcess,0,kWh,http://w3id.org/protys/fixture#GridFactor,ELECTRICITY_CONSUMED_IN_PRODUCTION_ONLY,SIMULATED_PRODUCTION_CASE
http://w3id.org/protys/fixture#Load00072_Op2,http://w3id.org/protys/fixture#Load00072,http://w3id.org/protys/fixture#Load00072_Process,http://w3id.org/protys/fixture#Load00072_LCIProcess,10,kWh,http://w3id.org/protys/fixture#GridFactor,ELECTRICITY_CONSUMED_IN_PRODUCTION_ONLY,SIMULATED_PRODUCTION_CASE
http://w3id.org/protys/fixture#Load00072_Op3,http://w3id.org/protys/fixture#Load00072,http://w3id.org/protys/fixture#Load00072_Process,http://w3id.org/protys/fixture#Load00072_LCIProcess,75,kWh,http://w3id.org/protys/fixture#GridFactor,ELECTRICITY_CONSUMED_IN_PRODUCTION_ONLY,SIMULATED_PRODUCTION_CASE
http://w3id.org/protys/fixture#Load00072_Op4,http://w3id.org/protys/fixture#Load00072,http://w3id.org/protys/fixture#Load00072_Process,http://w3id.org/protys/fixture#Load00072_LCIProcess,26.666667,kWh,http://w3id.org/protys/fixture#GridFactor,ELECTRICITY_CONSUMED_IN_PRODUCTION_ONLY,SIMULATED_PRODUCTION_CASE
http://w3id.org/protys/fixture#Load00072_Op5,http://w3id.org/protys/fixture#Load00072,http://w3id.org/protys/fixture#Load00072_Process,http://w3id.org/protys/fixture#Load00072_LCIProcess,3.333333,kWh,http://w3id.org/protys/fixture#GridFactor,ELECTRICITY_CONSUMED_IN_PRODUCTION_ONLY,SIMULATED_PRODUCTION_CASE
http://w3id.org/protys/fixture#Load00072_Op6,http://w3id.org/protys/fixture#Load00072,http://w3id.org/protys/fixture#Load00072_Process,http://w3id.org/protys/fixture#Load00072_LCIProcess,0,kWh,http://w3id.org/protys/fixture#GridFactor,ELECTRICITY_CONSUMED_IN_PRODUCTION_ONLY,SIMULATED_PRODUCTION_CASE
http://w3id.org/protys/fixture#Load00072_Op7,http://w3id.org/protys/fixture#Load00072,http://w3id.org/protys/fixture#Load00072_Process,http://w3id.org/protys/fixture#Load00072_LCIProcess,0.333333,kWh,http://w3id.org/protys/fixture#GridFactor,ELECTRICITY_CONSUMED_IN_PRODUCTION_ONLY,SIMULATED_PRODUCTION_CASE
http://w3id.org/protys/fixture#Load00073_Op1,http://w3id.org/protys/fixture#Load00073,http://w3id.org/protys/fixture#Load00073_Process,http://w3id.org/protys/fixture#Load00073_LCIProcess,0,kWh,http://w3id.org/protys/fixture#GridFactor,ELECTRICITY_CONSUMED_IN_PRODUCTION_ONLY,SIMULATED_PRODUCTION_CASE
http://w3id.org/protys/fixture#Load00073_Op2,http://w3id.org/protys/fixture#Load00073,http://w3id.org/protys/fixture#Load00073_Process,http://w3id.org/protys/fixture#Load00073_LCIProcess,10,kWh,http://w3id.org/protys/fixture#GridFactor,ELECTRICITY_CONSUMED_IN_PRODUCTION_ONLY,SIMULATED_PRODUCTION_CASE
http://w3id.org/protys/fixture#Load00073_Op3,http://w3id.org/protys/fixture#Load00073,http://w3id.org/protys/fixture#Load00073_Process,http://w3id.org/protys/fixture#Load00073_LCIProcess,75,kWh,http://w3id.org/protys/fixture#GridFactor,ELECTRICITY_CONSUMED_IN_PRODUCTION_ONLY,SIMULATED_PRODUCTION_CASE
http://w3id.org/protys/fixture#Load00073_Op4,http://w3id.org/protys/fixture#Load00073,http://w3id.org/protys/fixture#Load00073_Process,http://w3id.org/protys/fixture#Load00073_LCIProcess,26.666667,kWh,http://w3id.org/protys/fixture#GridFactor,ELECTRICITY_CONSUMED_IN_PRODUCTION_ONLY,SIMULATED_PRODUCTION_CASE
http://w3id.org/protys/fixture#Load00073_Op5,http://w3id.org/protys/fixture#Load00073,http://w3id.org/protys/fixture#Load00073_Process,http://w3id.org/protys/fixture#Load00073_LCIProcess,3.333333,kWh,http://w3id.org/protys/fixture#GridFactor,ELECTRICITY_CONSUMED_IN_PRODUCTION_ONLY,SIMULATED_PRODUCTION_CASE
http://w3id.org/protys/fixture#Load00073_Op6,http://w3id.org/protys/fixture#Load00073,http://w3id.org/protys/fixture#Load00073_Process,http://w3id.org/protys/fixture#Load00073_LCIProcess,0,kWh,http://w3id.org/protys/fixture#GridFactor,ELECTRICITY_CONSUMED_IN_PRODUCTION_ONLY,SIMULATED_PRODUCTION_CASE
http://w3id.org/protys/fixture#Load00073_Op7,http://w3id.org/protys/fixture#Load00073,http://w3id.org/protys/fixture#Load00073_Process,http://w3id.org/protys/fixture#Load00073_LCIProcess,0.333333,kWh,http://w3id.org/protys/fixture#GridFactor,ELECTRICITY_CONSUMED_IN_PRODUCTION_ONLY,SIMULATED_PRODUCTION_CASE
http://w3id.org/protys/fixture#Load00074_Op1,http://w3id.org/protys/fixture#Load00074,http://w3id.org/protys/fixture#Load00074_Process,http://w3id.org/protys/fixture#Load00074_LCIProcess,0,kWh,http://w3id.org/protys/fixture#GridFactor,ELECTRICITY_CONSUMED_IN_PRODUCTION_ONLY,SIMULATED_PRODUCTION_CASE
http://w3id.org/protys/fixture#Load00074_Op2,http://w3id.org/protys/fixture#Load00074,http://w3id.org/protys/fixture#Load00074_Process,http://w3id.org/protys/fixture#Load00074_LCIProcess,10,kWh,http://w3id.org/protys/fixture#GridFactor,ELECTRICITY_CONSUMED_IN_PRODUCTION_ONLY,SIMULATED_PRODUCTION_CASE
http://w3id.org/protys/fixture#Load00074_Op3,http://w3id.org/protys/fixture#Load00074,http://w3id.org/protys/fixture#Load00074_Process,http://w3id.org/protys/fixture#Load00074_LCIProcess,75,kWh,http://w3id.org/protys/fixture#GridFactor,ELECTRICITY_CONSUMED_IN_PRODUCTION_ONLY,SIMULATED_PRODUCTION_CASE
http://w3id.org/protys/fixture#Load00074_Op4,http://w3id.org/protys/fixture#Load00074,http://w3id.org/protys/fixture#Load00074_Process,http://w3id.org/protys/fixture#Load00074_LCIProcess,26.666667,kWh,http://w3id.org/protys/fixture#GridFactor,ELECTRICITY_CONSUMED_IN_PRODUCTION_ONLY,SIMULATED_PRODUCTION_CASE
http://w3id.org/protys/fixture#Load00074_Op5,http://w3id.org/protys/fixture#Load00074,http://w3id.org/protys/fixture#Load00074_Process,http://w3id.org/protys/fixture#Load00074_LCIProcess,3.333333,kWh,http://w3id.org/protys/fixture#GridFactor,ELECTRICITY_CONSUMED_IN_PRODUCTION_ONLY,SIMULATED_PRODUCTION_CASE
http://w3id.org/protys/fixture#Load00074_Op6,http://w3id.org/protys/fixture#Load00074,http://w3id.org/protys/fixture#Load00074_Process,http://w3id.org/protys/fixture#Load00074_LCIProcess,0,kWh,http://w3id.org/protys/fixture#GridFactor,ELECTRICITY_CONSUMED_IN_PRODUCTION_ONLY,SIMULATED_PRODUCTION_CASE
http://w3id.org/protys/fixture#Load00074_Op7,http://w3id.org/protys/fixture#Load00074,http://w3id.org/protys/fixture#Load00074_Process,http://w3id.org/protys/fixture#Load00074_LCIProcess,0.333333,kWh,http://w3id.org/protys/fixture#GridFactor,ELECTRICITY_CONSUMED_IN_PRODUCTION_ONLY,SIMULATED_PRODUCTION_CASE
http://w3id.org/protys/fixture#Load00075_Op1,http://w3id.org/protys/fixture#Load00075,http://w3id.org/protys/fixture#Load00075_Process,http://w3id.org/protys/fixture#Load00075_LCIProcess,0,kWh,http://w3id.org/protys/fixture#GridFactor,ELECTRICITY_CONSUMED_IN_PRODUCTION_ONLY,SIMULATED_PRODUCTION_CASE
http://w3id.org/protys/fixture#Load00075_Op2,http://w3id.org/protys/fixture#Load00075,http://w3id.org/protys/fixture#Load00075_Process,http://w3id.org/protys/fixture#Load00075_LCIProcess,10,kWh,http://w3id.org/protys/fixture#GridFactor,ELECTRICITY_CONSUMED_IN_PRODUCTION_ONLY,SIMULATED_PRODUCTION_CASE
http://w3id.org/protys/fixture#Load00075_Op3,http://w3id.org/protys/fixture#Load00075,http://w3id.org/protys/fixture#Load00075_Process,http://w3id.org/protys/fixture#Load00075_LCIProcess,75,kWh,http://w3id.org/protys/fixture#GridFactor,ELECTRICITY_CONSUMED_IN_PRODUCTION_ONLY,SIMULATED_PRODUCTION_CASE
http://w3id.org/protys/fixture#Load00075_Op4,http://w3id.org/protys/fixture#Load00075,http://w3id.org/protys/fixture#Load00075_Process,http://w3id.org/protys/fixture#Load00075_LCIProcess,26.666667,kWh,http://w3id.org/protys/fixture#GridFactor,ELECTRICITY_CONSUMED_IN_PRODUCTION_ONLY,SIMULATED_PRODUCTION_CASE
http://w3id.org/protys/fixture#Load00075_Op5,http://w3id.org/protys/fixture#Load00075,http://w3id.org/protys/fixture#Load00075_Process,http://w3id.org/protys/fixture#Load00075_LCIProcess,3.333333,kWh,http://w3id.org/protys/fixture#GridFactor,ELECTRICITY_CONSUMED_IN_PRODUCTION_ONLY,SIMULATED_PRODUCTION_CASE
http://w3id.org/protys/fixture#Load00075_Op6,http://w3id.org/protys/fixture#Load00075,http://w3id.org/protys/fixture#Load00075_Process,http://w3id.org/protys/fixture#Load00075_LCIProcess,0,kWh,http://w3id.org/protys/fixture#GridFactor,ELECTRICITY_CONSUMED_IN_PRODUCTION_ONLY,SIMULATED_PRODUCTION_CASE
http://w3id.org/protys/fixture#Load00075_Op7,http://w3id.org/protys/fixture#Load00075,http://w3id.org/protys/fixture#Load00075_Process,http://w3id.org/protys/fixture#Load00075_LCIProcess,0.333333,kWh,http://w3id.org/protys/fixture#GridFactor,ELECTRICITY_CONSUMED_IN_PRODUCTION_ONLY,SIMULATED_PRODUCTION_CASE
http://w3id.org/protys/fixture#Load00076_Op1,http://w3id.org/protys/fixture#Load00076,http://w3id.org/protys/fixture#Load00076_Process,http://w3id.org/protys/fixture#Load00076_LCIProcess,0,kWh,http://w3id.org/protys/fixture#GridFactor,ELECTRICITY_CONSUMED_IN_PRODUCTION_ONLY,SIMULATED_PRODUCTION_CASE
http://w3id.org/protys/fixture#Load00076_Op2,http://w3id.org/protys/fixture#Load00076,http://w3id.org/protys/fixture#Load00076_Process,http://w3id.org/protys/fixture#Load00076_LCIProcess,10,kWh,http://w3id.org/protys/fixture#GridFactor,ELECTRICITY_CONSUMED_IN_PRODUCTION_ONLY,SIMULATED_PRODUCTION_CASE
http://w3id.org/protys/fixture#Load00076_Op3,http://w3id.org/protys/fixture#Load00076,http://w3id.org/protys/fixture#Load00076_Process,http://w3id.org/protys/fixture#Load00076_LCIProcess,75,kWh,http://w3id.org/protys/fixture#GridFactor,ELECTRICITY_CONSUMED_IN_PRODUCTION_ONLY,SIMULATED_PRODUCTION_CASE
http://w3id.org/protys/fixture#Load00076_Op4,http://w3id.org/protys/fixture#Load00076,http://w3id.org/protys/fixture#Load00076_Process,http://w3id.org/protys/fixture#Load00076_LCIProcess,26.666667,kWh,http://w3id.org/protys/fixture#GridFactor,ELECTRICITY_CONSUMED_IN_PRODUCTION_ONLY,SIMULATED_PRODUCTION_CASE
http://w3id.org/protys/fixture#Load00076_Op5,http://w3id.org/protys/fixture#Load00076,http://w3id.org/protys/fixture#Load00076_Process,http://w3id.org/protys/fixture#Load00076_LCIProcess,3.333333,kWh,http://w3id.org/protys/fixture#GridFactor,ELECTRICITY_CONSUMED_IN_PRODUCTION_ONLY,SIMULATED_PRODUCTION_CASE
http://w3id.org/protys/fixture#Load00076_Op6,http://w3id.org/protys/fixture#Load00076,http://w3id.org/protys/fixture#Load00076_Process,http://w3id.org/protys/fixture#Load00076_LCIProcess,0,kWh,http://w3id.org/protys/fixture#GridFactor,ELECTRICITY_CONSUMED_IN_PRODUCTION_ONLY,SIMULATED_PRODUCTION_CASE
http://w3id.org/protys/fixture#Load00076_Op7,http://w3id.org/protys/fixture#Load00076,http://w3id.org/protys/fixture#Load00076_Process,http://w3id.org/protys/fixture#Load00076_LCIProcess,0.333333,kWh,http://w3id.org/protys/fixture#GridFactor,ELECTRICITY_CONSUMED_IN_PRODUCTION_ONLY,SIMULATED_PRODUCTION_CASE
http://w3id.org/protys/fixture#Load00077_Op1,http://w3id.org/protys/fixture#Load00077,http://w3id.org/protys/fixture#Load00077_Process,http://w3id.org/protys/fixture#Load00077_LCIProcess,0,kWh,http://w3id.org/protys/fixture#GridFactor,ELECTRICITY_CONSUMED_IN_PRODUCTION_ONLY,SIMULATED_PRODUCTION_CASE
http://w3id.org/protys/fixture#Load00077_Op2,http://w3id.org/protys/fixture#Load00077,http://w3id.org/protys/fixture#Load00077_Process,http://w3id.org/protys/fixture#Load00077_LCIProcess,10,kWh,http://w3id.org/protys/fixture#GridFactor,ELECTRICITY_CONSUMED_IN_PRODUCTION_ONLY,SIMULATED_PRODUCTION_CASE
http://w3id.org/protys/fixture#Load00077_Op3,http://w3id.org/protys/fixture#Load00077,http://w3id.org/protys/fixture#Load00077_Process,http://w3id.org/protys/fixture#Load00077_LCIProcess,75,kWh,http://w3id.org/protys/fixture#GridFactor,ELECTRICITY_CONSUMED_IN_PRODUCTION_ONLY,SIMULATED_PRODUCTION_CASE
http://w3id.org/protys/fixture#Load00077_Op4,http://w3id.org/protys/fixture#Load00077,http://w3id.org/protys/fixture#Load00077_Process,http://w3id.org/protys/fixture#Load00077_LCIProcess,26.666667,kWh,http://w3id.org/protys/fixture#GridFactor,ELECTRICITY_CONSUMED_IN_PRODUCTION_ONLY,SIMULATED_PRODUCTION_CASE
http://w3id.org/protys/fixture#Load00077_Op5,http://w3id.org/protys/fixture#Load00077,http://w3id.org/protys/fixture#Load00077_Process,http://w3id.org/protys/fixture#Load00077_LCIProcess,3.333333,kWh,http://w3id.org/protys/fixture#GridFactor,ELECTRICITY_CONSUMED_IN_PRODUCTION_ONLY,SIMULATED_PRODUCTION_CASE
http://w3id.org/protys/fixture#Load00077_Op6,http://w3id.org/protys/fixture#Load00077,http://w3id.org/protys/fixture#Load00077_Process,http://w3id.org/protys/fixture#Load00077_LCIProcess,0,kWh,http://w3id.org/protys/fixture#GridFactor,ELECTRICITY_CONSUMED_IN_PRODUCTION_ONLY,SIMULATED_PRODUCTION_CASE
http://w3id.org/protys/fixture#Load00077_Op7,http://w3id.org/protys/fixture#Load00077,http://w3id.org/protys/fixture#Load00077_Process,http://w3id.org/protys/fixture#Load00077_LCIProcess,0.333333,kWh,http://w3id.org/protys/fixture#GridFactor,ELECTRICITY_CONSUMED_IN_PRODUCTION_ONLY,SIMULATED_PRODUCTION_CASE
http://w3id.org/protys/fixture#Load00078_Op1,http://w3id.org/protys/fixture#Load00078,http://w3id.org/protys/fixture#Load00078_Process,http://w3id.org/protys/fixture#Load00078_LCIProcess,0,kWh,http://w3id.org/protys/fixture#GridFactor,ELECTRICITY_CONSUMED_IN_PRODUCTION_ONLY,SIMULATED_PRODUCTION_CASE
http://w3id.org/protys/fixture#Load00078_Op2,http://w3id.org/protys/fixture#Load00078,http://w3id.org/protys/fixture#Load00078_Process,http://w3id.org/protys/fixture#Load00078_LCIProcess,10,kWh,http://w3id.org/protys/fixture#GridFactor,ELECTRICITY_CONSUMED_IN_PRODUCTION_ONLY,SIMULATED_PRODUCTION_CASE
http://w3id.org/protys/fixture#Load00078_Op3,http://w3id.org/protys/fixture#Load00078,http://w3id.org/protys/fixture#Load00078_Process,http://w3id.org/protys/fixture#Load00078_LCIProcess,75,kWh,http://w3id.org/protys/fixture#GridFactor,ELECTRICITY_CONSUMED_IN_PRODUCTION_ONLY,SIMULATED_PRODUCTION_CASE
http://w3id.org/protys/fixture#Load00078_Op4,http://w3id.org/protys/fixture#Load00078,http://w3id.org/protys/fixture#Load00078_Process,http://w3id.org/protys/fixture#Load00078_LCIProcess,26.666667,kWh,http://w3id.org/protys/fixture#GridFactor,ELECTRICITY_CONSUMED_IN_PRODUCTION_ONLY,SIMULATED_PRODUCTION_CASE
http://w3id.org/protys/fixture#Load00078_Op5,http://w3id.org/protys/fixture#Load00078,http://w3id.org/protys/fixture#Load00078_Process,http://w3id.org/protys/fixture#Load00078_LCIProcess,3.333333,kWh,http://w3id.org/protys/fixture#GridFactor,ELECTRICITY_CONSUMED_IN_PRODUCTION_ONLY,SIMULATED_PRODUCTION_CASE
http://w3id.org/protys/fixture#Load00078_Op6,http://w3id.org/protys/fixture#Load00078,http://w3id.org/protys/fixture#Load00078_Process,http://w3id.org/protys/fixture#Load00078_LCIProcess,0,kWh,http://w3id.org/protys/fixture#GridFactor,ELECTRICITY_CONSUMED_IN_PRODUCTION_ONLY,SIMULATED_PRODUCTION_CASE
http://w3id.org/protys/fixture#Load00078_Op7,http://w3id.org/protys/fixture#Load00078,http://w3id.org/protys/fixture#Load00078_Process,http://w3id.org/protys/fixture#Load00078_LCIProcess,0.333333,kWh,http://w3id.org/protys/fixture#GridFactor,ELECTRICITY_CONSUMED_IN_PRODUCTION_ONLY,SIMULATED_PRODUCTION_CASE
http://w3id.org/protys/fixture#Load00079_Op1,http://w3id.org/protys/fixture#Load00079,http://w3id.org/protys/fixture#Load00079_Process,http://w3id.org/protys/fixture#Load00079_LCIProcess,0,kWh,http://w3id.org/protys/fixture#GridFactor,ELECTRICITY_CONSUMED_IN_PRODUCTION_ONLY,SIMULATED_PRODUCTION_CASE
http://w3id.org/protys/fixture#Load00079_Op2,http://w3id.org/protys/fixture#Load00079,http://w3id.org/protys/fixture#Load00079_Process,http://w3id.org/protys/fixture#Load00079_LCIProcess,10,kWh,http://w3id.org/protys/fixture#GridFactor,ELECTRICITY_CONSUMED_IN_PRODUCTION_ONLY,SIMULATED_PRODUCTION_CASE
http://w3id.org/protys/fixture#Load00079_Op3,http://w3id.org/protys/fixture#Load00079,http://w3id.org/protys/fixture#Load00079_Process,http://w3id.org/protys/fixture#Load00079_LCIProcess,75,kWh,http://w3id.org/protys/fixture#GridFactor,ELECTRICITY_CONSUMED_IN_PRODUCTION_ONLY,SIMULATED_PRODUCTION_CASE
http://w3id.org/protys/fixture#Load00079_Op4,http://w3id.org/protys/fixture#Load00079,http://w3id.org/protys/fixture#Load00079_Process,http://w3id.org/protys/fixture#Load00079_LCIProcess,26.666667,kWh,http://w3id.org/protys/fixture#GridFactor,ELECTRICITY_CONSUMED_IN_PRODUCTION_ONLY,SIMULATED_PRODUCTION_CASE
http://w3id.org/protys/fixture#Load00079_Op5,http://w3id.org/protys/fixture#Load00079,http://w3id.org/protys/fixture#Load00079_Process,http://w3id.org/protys/fixture#Load00079_LCIProcess,3.333333,kWh,http://w3id.org/protys/fixture#GridFactor,ELECTRICITY_CONSUMED_IN_PRODUCTION_ONLY,SIMULATED_PRODUCTION_CASE
http://w3id.org/protys/fixture#Load00079_Op6,http://w3id.org/protys/fixture#Load00079,http://w3id.org/protys/fixture#Load00079_Process,http://w3id.org/protys/fixture#Load00079_LCIProcess,0,kWh,http://w3id.org/protys/fixture#GridFactor,ELECTRICITY_CONSUMED_IN_PRODUCTION_ONLY,SIMULATED_PRODUCTION_CASE
http://w3id.org/protys/fixture#Load00079_Op7,http://w3id.org/protys/fixture#Load00079,http://w3id.org/protys/fixture#Load00079_Process,http://w3id.org/protys/fixture#Load00079_LCIProcess,0.333333,kWh,http://w3id.org/protys/fixture#GridFactor,ELECTRICITY_CONSUMED_IN_PRODUCTION_ONLY,SIMULATED_PRODUCTION_CASE
http://w3id.org/protys/fixture#Load00080_Op1,http://w3id.org/protys/fixture#Load00080,http://w3id.org/protys/fixture#Load00080_Process,http://w3id.org/protys/fixture#Load00080_LCIProcess,0,kWh,http://w3id.org/protys/fixture#GridFactor,ELECTRICITY_CONSUMED_IN_PRODUCTION_ONLY,SIMULATED_PRODUCTION_CASE
http://w3id.org/protys/fixture#Load00080_Op2,http://w3id.org/protys/fixture#Load00080,http://w3id.org/protys/fixture#Load00080_Process,http://w3id.org/protys/fixture#Load00080_LCIProcess,10,kWh,http://w3id.org/protys/fixture#GridFactor,ELECTRICITY_CONSUMED_IN_PRODUCTION_ONLY,SIMULATED_PRODUCTION_CASE
http://w3id.org/protys/fixture#Load00080_Op3,http://w3id.org/protys/fixture#Load00080,http://w3id.org/protys/fixture#Load00080_Process,http://w3id.org/protys/fixture#Load00080_LCIProcess,75,kWh,http://w3id.org/protys/fixture#GridFactor,ELECTRICITY_CONSUMED_IN_PRODUCTION_ONLY,SIMULATED_PRODUCTION_CASE
http://w3id.org/protys/fixture#Load00080_Op4,http://w3id.org/protys/fixture#Load00080,http://w3id.org/protys/fixture#Load00080_Process,http://w3id.org/protys/fixture#Load00080_LCIProcess,26.666667,kWh,http://w3id.org/protys/fixture#GridFactor,ELECTRICITY_CONSUMED_IN_PRODUCTION_ONLY,SIMULATED_PRODUCTION_CASE
http://w3id.org/protys/fixture#Load00080_Op5,http://w3id.org/protys/fixture#Load00080,http://w3id.org/protys/fixture#Load00080_Process,http://w3id.org/protys/fixture#Load00080_LCIProcess,3.333333,kWh,http://w3id.org/protys/fixture#GridFactor,ELECTRICITY_CONSUMED_IN_PRODUCTION_ONLY,SIMULATED_PRODUCTION_CASE
http://w3id.org/protys/fixture#Load00080_Op6,http://w3id.org/protys/fixture#Load00080,http://w3id.org/protys/fixture#Load00080_Process,http://w3id.org/protys/fixture#Load00080_LCIProcess,0,kWh,http://w3id.org/protys/fixture#GridFactor,ELECTRICITY_CONSUMED_IN_PRODUCTION_ONLY,SIMULATED_PRODUCTION_CASE
http://w3id.org/protys/fixture#Load00080_Op7,http://w3id.org/protys/fixture#Load00080,http://w3id.org/protys/fixture#Load00080_Process,http://w3id.org/protys/fixture#Load00080_LCIProcess,0.333333,kWh,http://w3id.org/protys/fixture#GridFactor,ELECTRICITY_CONSUMED_IN_PRODUCTION_ONLY,SIMULATED_PRODUCTION_CASE
http://w3id.org/protys/fixture#Load00081_Op1,http://w3id.org/protys/fixture#Load00081,http://w3id.org/protys/fixture#Load00081_Process,http://w3id.org/protys/fixture#Load00081_LCIProcess,0,kWh,http://w3id.org/protys/fixture#GridFactor,ELECTRICITY_CONSUMED_IN_PRODUCTION_ONLY,SIMULATED_PRODUCTION_CASE
http://w3id.org/protys/fixture#Load00081_Op2,http://w3id.org/protys/fixture#Load00081,http://w3id.org/protys/fixture#Load00081_Process,http://w3id.org/protys/fixture#Load00081_LCIProcess,10,kWh,http://w3id.org/protys/fixture#GridFactor,ELECTRICITY_CONSUMED_IN_PRODUCTION_ONLY,SIMULATED_PRODUCTION_CASE
http://w3id.org/protys/fixture#Load00081_Op3,http://w3id.org/protys/fixture#Load00081,http://w3id.org/protys/fixture#Load00081_Process,http://w3id.org/protys/fixture#Load00081_LCIProcess,75,kWh,http://w3id.org/protys/fixture#GridFactor,ELECTRICITY_CONSUMED_IN_PRODUCTION_ONLY,SIMULATED_PRODUCTION_CASE
http://w3id.org/protys/fixture#Load00081_Op4,http://w3id.org/protys/fixture#Load00081,http://w3id.org/protys/fixture#Load00081_Process,http://w3id.org/protys/fixture#Load00081_LCIProcess,26.666667,kWh,http://w3id.org/protys/fixture#GridFactor,ELECTRICITY_CONSUMED_IN_PRODUCTION_ONLY,SIMULATED_PRODUCTION_CASE
http://w3id.org/protys/fixture#Load00081_Op5,http://w3id.org/protys/fixture#Load00081,http://w3id.org/protys/fixture#Load00081_Process,http://w3id.org/protys/fixture#Load00081_LCIProcess,3.333333,kWh,http://w3id.org/protys/fixture#GridFactor,ELECTRICITY_CONSUMED_IN_PRODUCTION_ONLY,SIMULATED_PRODUCTION_CASE
http://w3id.org/protys/fixture#Load00081_Op6,http://w3id.org/protys/fixture#Load00081,http://w3id.org/protys/fixture#Load00081_Process,http://w3id.org/protys/fixture#Load00081_LCIProcess,0,kWh,http://w3id.org/protys/fixture#GridFactor,ELECTRICITY_CONSUMED_IN_PRODUCTION_ONLY,SIMULATED_PRODUCTION_CASE
http://w3id.org/protys/fixture#Load00081_Op7,http://w3id.org/protys/fixture#Load00081,http://w3id.org/protys/fixture#Load00081_Process,http://w3id.org/protys/fixture#Load00081_LCIProcess,0.333333,kWh,http://w3id.org/protys/fixture#GridFactor,ELECTRICITY_CONSUMED_IN_PRODUCTION_ONLY,SIMULATED_PRODUCTION_CASE
http://w3id.org/protys/fixture#Load00082_Op1,http://w3id.org/protys/fixture#Load00082,http://w3id.org/protys/fixture#Load00082_Process,http://w3id.org/protys/fixture#Load00082_LCIProcess,0,kWh,http://w3id.org/protys/fixture#GridFactor,ELECTRICITY_CONSUMED_IN_PRODUCTION_ONLY,SIMULATED_PRODUCTION_CASE
http://w3id.org/protys/fixture#Load00082_Op2,http://w3id.org/protys/fixture#Load00082,http://w3id.org/protys/fixture#Load00082_Process,http://w3id.org/protys/fixture#Load00082_LCIProcess,10,kWh,http://w3id.org/protys/fixture#GridFactor,ELECTRICITY_CONSUMED_IN_PRODUCTION_ONLY,SIMULATED_PRODUCTION_CASE
http://w3id.org/protys/fixture#Load00082_Op3,http://w3id.org/protys/fixture#Load00082,http://w3id.org/protys/fixture#Load00082_Process,http://w3id.org/protys/fixture#Load00082_LCIProcess,75,kWh,http://w3id.org/protys/fixture#GridFactor,ELECTRICITY_CONSUMED_IN_PRODUCTION_ONLY,SIMULATED_PRODUCTION_CASE
http://w3id.org/protys/fixture#Load00082_Op4,http://w3id.org/protys/fixture#Load00082,http://w3id.org/protys/fixture#Load00082_Process,http://w3id.org/protys/fixture#Load00082_LCIProcess,26.666667,kWh,http://w3id.org/protys/fixture#GridFactor,ELECTRICITY_CONSUMED_IN_PRODUCTION_ONLY,SIMULATED_PRODUCTION_CASE
http://w3id.org/protys/fixture#Load00082_Op5,http://w3id.org/protys/fixture#Load00082,http://w3id.org/protys/fixture#Load00082_Process,http://w3id.org/protys/fixture#Load00082_LCIProcess,3.333333,kWh,http://w3id.org/protys/fixture#GridFactor,ELECTRICITY_CONSUMED_IN_PRODUCTION_ONLY,SIMULATED_PRODUCTION_CASE
http://w3id.org/protys/fixture#Load00082_Op6,http://w3id.org/protys/fixture#Load00082,http://w3id.org/protys/fixture#Load00082_Process,http://w3id.org/protys/fixture#Load00082_LCIProcess,0,kWh,http://w3id.org/protys/fixture#GridFactor,ELECTRICITY_CONSUMED_IN_PRODUCTION_ONLY,SIMULATED_PRODUCTION_CASE
http://w3id.org/protys/fixture#Load00082_Op7,http://w3id.org/protys/fixture#Load00082,http://w3id.org/protys/fixture#Load00082_Process,http://w3id.org/protys/fixture#Load00082_LCIProcess,0.333333,kWh,http://w3id.org/protys/fixture#GridFactor,ELECTRICITY_CONSUMED_IN_PRODUCTION_ONLY,SIMULATED_PRODUCTION_CASE
http://w3id.org/protys/fixture#Load00083_Op1,http://w3id.org/protys/fixture#Load00083,http://w3id.org/protys/fixture#Load00083_Process,http://w3id.org/protys/fixture#Load00083_LCIProcess,0,kWh,http://w3id.org/protys/fixture#GridFactor,ELECTRICITY_CONSUMED_IN_PRODUCTION_ONLY,SIMULATED_PRODUCTION_CASE
http://w3id.org/protys/fixture#Load00083_Op2,http://w3id.org/protys/fixture#Load00083,http://w3id.org/protys/fixture#Load00083_Process,http://w3id.org/protys/fixture#Load00083_LCIProcess,10,kWh,http://w3id.org/protys/fixture#GridFactor,ELECTRICITY_CONSUMED_IN_PRODUCTION_ONLY,SIMULATED_PRODUCTION_CASE
http://w3id.org/protys/fixture#Load00083_Op3,http://w3id.org/protys/fixture#Load00083,http://w3id.org/protys/fixture#Load00083_Process,http://w3id.org/protys/fixture#Load00083_LCIProcess,75,kWh,http://w3id.org/protys/fixture#GridFactor,ELECTRICITY_CONSUMED_IN_PRODUCTION_ONLY,SIMULATED_PRODUCTION_CASE
http://w3id.org/protys/fixture#Load00083_Op4,http://w3id.org/protys/fixture#Load00083,http://w3id.org/protys/fixture#Load00083_Process,http://w3id.org/protys/fixture#Load00083_LCIProcess,26.666667,kWh,http://w3id.org/protys/fixture#GridFactor,ELECTRICITY_CONSUMED_IN_PRODUCTION_ONLY,SIMULATED_PRODUCTION_CASE
http://w3id.org/protys/fixture#Load00083_Op5,http://w3id.org/protys/fixture#Load00083,http://w3id.org/protys/fixture#Load00083_Process,http://w3id.org/protys/fixture#Load00083_LCIProcess,3.333333,kWh,http://w3id.org/protys/fixture#GridFactor,ELECTRICITY_CONSUMED_IN_PRODUCTION_ONLY,SIMULATED_PRODUCTION_CASE
http://w3id.org/protys/fixture#Load00083_Op6,http://w3id.org/protys/fixture#Load00083,http://w3id.org/protys/fixture#Load00083_Process,http://w3id.org/protys/fixture#Load00083_LCIProcess,0,kWh,http://w3id.org/protys/fixture#GridFactor,ELECTRICITY_CONSUMED_IN_PRODUCTION_ONLY,SIMULATED_PRODUCTION_CASE
http://w3id.org/protys/fixture#Load00083_Op7,http://w3id.org/protys/fixture#Load00083,http://w3id.org/protys/fixture#Load00083_Process,http://w3id.org/protys/fixture#Load00083_LCIProcess,0.333333,kWh,http://w3id.org/protys/fixture#GridFactor,ELECTRICITY_CONSUMED_IN_PRODUCTION_ONLY,SIMULATED_PRODUCTION_CASE
http://w3id.org/protys/fixture#Load00084_Op1,http://w3id.org/protys/fixture#Load00084,http://w3id.org/protys/fixture#Load00084_Process,http://w3id.org/protys/fixture#Load00084_LCIProcess,0,kWh,http://w3id.org/protys/fixture#GridFactor,ELECTRICITY_CONSUMED_IN_PRODUCTION_ONLY,SIMULATED_PRODUCTION_CASE
http://w3id.org/protys/fixture#Load00084_Op2,http://w3id.org/protys/fixture#Load00084,http://w3id.org/protys/fixture#Load00084_Process,http://w3id.org/protys/fixture#Load00084_LCIProcess,10,kWh,http://w3id.org/protys/fixture#GridFactor,ELECTRICITY_CONSUMED_IN_PRODUCTION_ONLY,SIMULATED_PRODUCTION_CASE
http://w3id.org/protys/fixture#Load00084_Op3,http://w3id.org/protys/fixture#Load00084,http://w3id.org/protys/fixture#Load00084_Process,http://w3id.org/protys/fixture#Load00084_LCIProcess,75,kWh,http://w3id.org/protys/fixture#GridFactor,ELECTRICITY_CONSUMED_IN_PRODUCTION_ONLY,SIMULATED_PRODUCTION_CASE
http://w3id.org/protys/fixture#Load00084_Op4,http://w3id.org/protys/fixture#Load00084,http://w3id.org/protys/fixture#Load00084_Process,http://w3id.org/protys/fixture#Load00084_LCIProcess,26.666667,kWh,http://w3id.org/protys/fixture#GridFactor,ELECTRICITY_CONSUMED_IN_PRODUCTION_ONLY,SIMULATED_PRODUCTION_CASE
http://w3id.org/protys/fixture#Load00084_Op5,http://w3id.org/protys/fixture#Load00084,http://w3id.org/protys/fixture#Load00084_Process,http://w3id.org/protys/fixture#Load00084_LCIProcess,3.333333,kWh,http://w3id.org/protys/fixture#GridFactor,ELECTRICITY_CONSUMED_IN_PRODUCTION_ONLY,SIMULATED_PRODUCTION_CASE
http://w3id.org/protys/fixture#Load00084_Op6,http://w3id.org/protys/fixture#Load00084,http://w3id.org/protys/fixture#Load00084_Process,http://w3id.org/protys/fixture#Load00084_LCIProcess,0,kWh,http://w3id.org/protys/fixture#GridFactor,ELECTRICITY_CONSUMED_IN_PRODUCTION_ONLY,SIMULATED_PRODUCTION_CASE
http://w3id.org/protys/fixture#Load00084_Op7,http://w3id.org/protys/fixture#Load00084,http://w3id.org/protys/fixture#Load00084_Process,http://w3id.org/protys/fixture#Load00084_LCIProcess,0.333333,kWh,http://w3id.org/protys/fixture#GridFactor,ELECTRICITY_CONSUMED_IN_PRODUCTION_ONLY,SIMULATED_PRODUCTION_CASE
http://w3id.org/protys/fixture#Load00085_Op1,http://w3id.org/protys/fixture#Load00085,http://w3id.org/protys/fixture#Load00085_Process,http://w3id.org/protys/fixture#Load00085_LCIProcess,0,kWh,http://w3id.org/protys/fixture#GridFactor,ELECTRICITY_CONSUMED_IN_PRODUCTION_ONLY,SIMULATED_PRODUCTION_CASE
http://w3id.org/protys/fixture#Load00085_Op2,http://w3id.org/protys/fixture#Load00085,http://w3id.org/protys/fixture#Load00085_Process,http://w3id.org/protys/fixture#Load00085_LCIProcess,10,kWh,http://w3id.org/protys/fixture#GridFactor,ELECTRICITY_CONSUMED_IN_PRODUCTION_ONLY,SIMULATED_PRODUCTION_CASE
http://w3id.org/protys/fixture#Load00085_Op3,http://w3id.org/protys/fixture#Load00085,http://w3id.org/protys/fixture#Load00085_Process,http://w3id.org/protys/fixture#Load00085_LCIProcess,75,kWh,http://w3id.org/protys/fixture#GridFactor,ELECTRICITY_CONSUMED_IN_PRODUCTION_ONLY,SIMULATED_PRODUCTION_CASE
http://w3id.org/protys/fixture#Load00085_Op4,http://w3id.org/protys/fixture#Load00085,http://w3id.org/protys/fixture#Load00085_Process,http://w3id.org/protys/fixture#Load00085_LCIProcess,26.666667,kWh,http://w3id.org/protys/fixture#GridFactor,ELECTRICITY_CONSUMED_IN_PRODUCTION_ONLY,SIMULATED_PRODUCTION_CASE
http://w3id.org/protys/fixture#Load00085_Op5,http://w3id.org/protys/fixture#Load00085,http://w3id.org/protys/fixture#Load00085_Process,http://w3id.org/protys/fixture#Load00085_LCIProcess,3.333333,kWh,http://w3id.org/protys/fixture#GridFactor,ELECTRICITY_CONSUMED_IN_PRODUCTION_ONLY,SIMULATED_PRODUCTION_CASE
http://w3id.org/protys/fixture#Load00085_Op6,http://w3id.org/protys/fixture#Load00085,http://w3id.org/protys/fixture#Load00085_Process,http://w3id.org/protys/fixture#Load00085_LCIProcess,0,kWh,http://w3id.org/protys/fixture#GridFactor,ELECTRICITY_CONSUMED_IN_PRODUCTION_ONLY,SIMULATED_PRODUCTION_CASE
http://w3id.org/protys/fixture#Load00085_Op7,http://w3id.org/protys/fixture#Load00085,http://w3id.org/protys/fixture#Load00085_Process,http://w3id.org/protys/fixture#Load00085_LCIProcess,0.333333,kWh,http://w3id.org/protys/fixture#GridFactor,ELECTRICITY_CONSUMED_IN_PRODUCTION_ONLY,SIMULATED_PRODUCTION_CASE
http://w3id.org/protys/fixture#Load00086_Op1,http://w3id.org/protys/fixture#Load00086,http://w3id.org/protys/fixture#Load00086_Process,http://w3id.org/protys/fixture#Load00086_LCIProcess,0,kWh,http://w3id.org/protys/fixture#GridFactor,ELECTRICITY_CONSUMED_IN_PRODUCTION_ONLY,SIMULATED_PRODUCTION_CASE
http://w3id.org/protys/fixture#Load00086_Op2,http://w3id.org/protys/fixture#Load00086,http://w3id.org/protys/fixture#Load00086_Process,http://w3id.org/protys/fixture#Load00086_LCIProcess,10,kWh,http://w3id.org/protys/fixture#GridFactor,ELECTRICITY_CONSUMED_IN_PRODUCTION_ONLY,SIMULATED_PRODUCTION_CASE
http://w3id.org/protys/fixture#Load00086_Op3,http://w3id.org/protys/fixture#Load00086,http://w3id.org/protys/fixture#Load00086_Process,http://w3id.org/protys/fixture#Load00086_LCIProcess,75,kWh,http://w3id.org/protys/fixture#GridFactor,ELECTRICITY_CONSUMED_IN_PRODUCTION_ONLY,SIMULATED_PRODUCTION_CASE
http://w3id.org/protys/fixture#Load00086_Op4,http://w3id.org/protys/fixture#Load00086,http://w3id.org/protys/fixture#Load00086_Process,http://w3id.org/protys/fixture#Load00086_LCIProcess,26.666667,kWh,http://w3id.org/protys/fixture#GridFactor,ELECTRICITY_CONSUMED_IN_PRODUCTION_ONLY,SIMULATED_PRODUCTION_CASE
http://w3id.org/protys/fixture#Load00086_Op5,http://w3id.org/protys/fixture#Load00086,http://w3id.org/protys/fixture#Load00086_Process,http://w3id.org/protys/fixture#Load00086_LCIProcess,3.333333,kWh,http://w3id.org/protys/fixture#GridFactor,ELECTRICITY_CONSUMED_IN_PRODUCTION_ONLY,SIMULATED_PRODUCTION_CASE
http://w3id.org/protys/fixture#Load00086_Op6,http://w3id.org/protys/fixture#Load00086,http://w3id.org/protys/fixture#Load00086_Process,http://w3id.org/protys/fixture#Load00086_LCIProcess,0,kWh,http://w3id.org/protys/fixture#GridFactor,ELECTRICITY_CONSUMED_IN_PRODUCTION_ONLY,SIMULATED_PRODUCTION_CASE
http://w3id.org/protys/fixture#Load00086_Op7,http://w3id.org/protys/fixture#Load00086,http://w3id.org/protys/fixture#Load00086_Process,http://w3id.org/protys/fixture#Load00086_LCIProcess,0.333333,kWh,http://w3id.org/protys/fixture#GridFactor,ELECTRICITY_CONSUMED_IN_PRODUCTION_ONLY,SIMULATED_PRODUCTION_CASE
http://w3id.org/protys/fixture#Load00087_Op1,http://w3id.org/protys/fixture#Load00087,http://w3id.org/protys/fixture#Load00087_Process,http://w3id.org/protys/fixture#Load00087_LCIProcess,0,kWh,http://w3id.org/protys/fixture#GridFactor,ELECTRICITY_CONSUMED_IN_PRODUCTION_ONLY,SIMULATED_PRODUCTION_CASE
http://w3id.org/protys/fixture#Load00087_Op2,http://w3id.org/protys/fixture#Load00087,http://w3id.org/protys/fixture#Load00087_Process,http://w3id.org/protys/fixture#Load00087_LCIProcess,10,kWh,http://w3id.org/protys/fixture#GridFactor,ELECTRICITY_CONSUMED_IN_PRODUCTION_ONLY,SIMULATED_PRODUCTION_CASE
http://w3id.org/protys/fixture#Load00087_Op3,http://w3id.org/protys/fixture#Load00087,http://w3id.org/protys/fixture#Load00087_Process,http://w3id.org/protys/fixture#Load00087_LCIProcess,75,kWh,http://w3id.org/protys/fixture#GridFactor,ELECTRICITY_CONSUMED_IN_PRODUCTION_ONLY,SIMULATED_PRODUCTION_CASE
http://w3id.org/protys/fixture#Load00087_Op4,http://w3id.org/protys/fixture#Load00087,http://w3id.org/protys/fixture#Load00087_Process,http://w3id.org/protys/fixture#Load00087_LCIProcess,26.666667,kWh,http://w3id.org/protys/fixture#GridFactor,ELECTRICITY_CONSUMED_IN_PRODUCTION_ONLY,SIMULATED_PRODUCTION_CASE
http://w3id.org/protys/fixture#Load00087_Op5,http://w3id.org/protys/fixture#Load00087,http://w3id.org/protys/fixture#Load00087_Process,http://w3id.org/protys/fixture#Load00087_LCIProcess,3.333333,kWh,http://w3id.org/protys/fixture#GridFactor,ELECTRICITY_CONSUMED_IN_PRODUCTION_ONLY,SIMULATED_PRODUCTION_CASE
http://w3id.org/protys/fixture#Load00087_Op6,http://w3id.org/protys/fixture#Load00087,http://w3id.org/protys/fixture#Load00087_Process,http://w3id.org/protys/fixture#Load00087_LCIProcess,0,kWh,http://w3id.org/protys/fixture#GridFactor,ELECTRICITY_CONSUMED_IN_PRODUCTION_ONLY,SIMULATED_PRODUCTION_CASE
http://w3id.org/protys/fixture#Load00087_Op7,http://w3id.org/protys/fixture#Load00087,http://w3id.org/protys/fixture#Load00087_Process,http://w3id.org/protys/fixture#Load00087_LCIProcess,0.333333,kWh,http://w3id.org/protys/fixture#GridFactor,ELECTRICITY_CONSUMED_IN_PRODUCTION_ONLY,SIMULATED_PRODUCTION_CASE
http://w3id.org/protys/fixture#Load00088_Op1,http://w3id.org/protys/fixture#Load00088,http://w3id.org/protys/fixture#Load00088_Process,http://w3id.org/protys/fixture#Load00088_LCIProcess,0,kWh,http://w3id.org/protys/fixture#GridFactor,ELECTRICITY_CONSUMED_IN_PRODUCTION_ONLY,SIMULATED_PRODUCTION_CASE
http://w3id.org/protys/fixture#Load00088_Op2,http://w3id.org/protys/fixture#Load00088,http://w3id.org/protys/fixture#Load00088_Process,http://w3id.org/protys/fixture#Load00088_LCIProcess,10,kWh,http://w3id.org/protys/fixture#GridFactor,ELECTRICITY_CONSUMED_IN_PRODUCTION_ONLY,SIMULATED_PRODUCTION_CASE
http://w3id.org/protys/fixture#Load00088_Op3,http://w3id.org/protys/fixture#Load00088,http://w3id.org/protys/fixture#Load00088_Process,http://w3id.org/protys/fixture#Load00088_LCIProcess,75,kWh,http://w3id.org/protys/fixture#GridFactor,ELECTRICITY_CONSUMED_IN_PRODUCTION_ONLY,SIMULATED_PRODUCTION_CASE
http://w3id.org/protys/fixture#Load00088_Op4,http://w3id.org/protys/fixture#Load00088,http://w3id.org/protys/fixture#Load00088_Process,http://w3id.org/protys/fixture#Load00088_LCIProcess,26.666667,kWh,http://w3id.org/protys/fixture#GridFactor,ELECTRICITY_CONSUMED_IN_PRODUCTION_ONLY,SIMULATED_PRODUCTION_CASE
http://w3id.org/protys/fixture#Load00088_Op5,http://w3id.org/protys/fixture#Load00088,http://w3id.org/protys/fixture#Load00088_Process,http://w3id.org/protys/fixture#Load00088_LCIProcess,3.333333,kWh,http://w3id.org/protys/fixture#GridFactor,ELECTRICITY_CONSUMED_IN_PRODUCTION_ONLY,SIMULATED_PRODUCTION_CASE
http://w3id.org/protys/fixture#Load00088_Op6,http://w3id.org/protys/fixture#Load00088,http://w3id.org/protys/fixture#Load00088_Process,http://w3id.org/protys/fixture#Load00088_LCIProcess,0,kWh,http://w3id.org/protys/fixture#GridFactor,ELECTRICITY_CONSUMED_IN_PRODUCTION_ONLY,SIMULATED_PRODUCTION_CASE
http://w3id.org/protys/fixture#Load00088_Op7,http://w3id.org/protys/fixture#Load00088,http://w3id.org/protys/fixture#Load00088_Process,http://w3id.org/protys/fixture#Load00088_LCIProcess,0.333333,kWh,http://w3id.org/protys/fixture#GridFactor,ELECTRICITY_CONSUMED_IN_PRODUCTION_ONLY,SIMULATED_PRODUCTION_CASE
http://w3id.org/protys/fixture#Load00089_Op1,http://w3id.org/protys/fixture#Load00089,http://w3id.org/protys/fixture#Load00089_Process,http://w3id.org/protys/fixture#Load00089_LCIProcess,0,kWh,http://w3id.org/protys/fixture#GridFactor,ELECTRICITY_CONSUMED_IN_PRODUCTION_ONLY,SIMULATED_PRODUCTION_CASE
http://w3id.org/protys/fixture#Load00089_Op2,http://w3id.org/protys/fixture#Load00089,http://w3id.org/protys/fixture#Load00089_Process,http://w3id.org/protys/fixture#Load00089_LCIProcess,10,kWh,http://w3id.org/protys/fixture#GridFactor,ELECTRICITY_CONSUMED_IN_PRODUCTION_ONLY,SIMULATED_PRODUCTION_CASE
http://w3id.org/protys/fixture#Load00089_Op3,http://w3id.org/protys/fixture#Load00089,http://w3id.org/protys/fixture#Load00089_Process,http://w3id.org/protys/fixture#Load00089_LCIProcess,75,kWh,http://w3id.org/protys/fixture#GridFactor,ELECTRICITY_CONSUMED_IN_PRODUCTION_ONLY,SIMULATED_PRODUCTION_CASE
http://w3id.org/protys/fixture#Load00089_Op4,http://w3id.org/protys/fixture#Load00089,http://w3id.org/protys/fixture#Load00089_Process,http://w3id.org/protys/fixture#Load00089_LCIProcess,26.666667,kWh,http://w3id.org/protys/fixture#GridFactor,ELECTRICITY_CONSUMED_IN_PRODUCTION_ONLY,SIMULATED_PRODUCTION_CASE
http://w3id.org/protys/fixture#Load00089_Op5,http://w3id.org/protys/fixture#Load00089,http://w3id.org/protys/fixture#Load00089_Process,http://w3id.org/protys/fixture#Load00089_LCIProcess,3.333333,kWh,http://w3id.org/protys/fixture#GridFactor,ELECTRICITY_CONSUMED_IN_PRODUCTION_ONLY,SIMULATED_PRODUCTION_CASE
http://w3id.org/protys/fixture#Load00089_Op6,http://w3id.org/protys/fixture#Load00089,http://w3id.org/protys/fixture#Load00089_Process,http://w3id.org/protys/fixture#Load00089_LCIProcess,0,kWh,http://w3id.org/protys/fixture#GridFactor,ELECTRICITY_CONSUMED_IN_PRODUCTION_ONLY,SIMULATED_PRODUCTION_CASE
http://w3id.org/protys/fixture#Load00089_Op7,http://w3id.org/protys/fixture#Load00089,http://w3id.org/protys/fixture#Load00089_Process,http://w3id.org/protys/fixture#Load00089_LCIProcess,0.333333,kWh,http://w3id.org/protys/fixture#GridFactor,ELECTRICITY_CONSUMED_IN_PRODUCTION_ONLY,SIMULATED_PRODUCTION_CASE
http://w3id.org/protys/fixture#Load00090_Op1,http://w3id.org/protys/fixture#Load00090,http://w3id.org/protys/fixture#Load00090_Process,http://w3id.org/protys/fixture#Load00090_LCIProcess,0,kWh,http://w3id.org/protys/fixture#GridFactor,ELECTRICITY_CONSUMED_IN_PRODUCTION_ONLY,SIMULATED_PRODUCTION_CASE
http://w3id.org/protys/fixture#Load00090_Op2,http://w3id.org/protys/fixture#Load00090,http://w3id.org/protys/fixture#Load00090_Process,http://w3id.org/protys/fixture#Load00090_LCIProcess,10,kWh,http://w3id.org/protys/fixture#GridFactor,ELECTRICITY_CONSUMED_IN_PRODUCTION_ONLY,SIMULATED_PRODUCTION_CASE
http://w3id.org/protys/fixture#Load00090_Op3,http://w3id.org/protys/fixture#Load00090,http://w3id.org/protys/fixture#Load00090_Process,http://w3id.org/protys/fixture#Load00090_LCIProcess,75,kWh,http://w3id.org/protys/fixture#GridFactor,ELECTRICITY_CONSUMED_IN_PRODUCTION_ONLY,SIMULATED_PRODUCTION_CASE
http://w3id.org/protys/fixture#Load00090_Op4,http://w3id.org/protys/fixture#Load00090,http://w3id.org/protys/fixture#Load00090_Process,http://w3id.org/protys/fixture#Load00090_LCIProcess,26.666667,kWh,http://w3id.org/protys/fixture#GridFactor,ELECTRICITY_CONSUMED_IN_PRODUCTION_ONLY,SIMULATED_PRODUCTION_CASE
http://w3id.org/protys/fixture#Load00090_Op5,http://w3id.org/protys/fixture#Load00090,http://w3id.org/protys/fixture#Load00090_Process,http://w3id.org/protys/fixture#Load00090_LCIProcess,3.333333,kWh,http://w3id.org/protys/fixture#GridFactor,ELECTRICITY_CONSUMED_IN_PRODUCTION_ONLY,SIMULATED_PRODUCTION_CASE
http://w3id.org/protys/fixture#Load00090_Op6,http://w3id.org/protys/fixture#Load00090,http://w3id.org/protys/fixture#Load00090_Process,http://w3id.org/protys/fixture#Load00090_LCIProcess,0,kWh,http://w3id.org/protys/fixture#GridFactor,ELECTRICITY_CONSUMED_IN_PRODUCTION_ONLY,SIMULATED_PRODUCTION_CASE
http://w3id.org/protys/fixture#Load00090_Op7,http://w3id.org/protys/fixture#Load00090,http://w3id.org/protys/fixture#Load00090_Process,http://w3id.org/protys/fixture#Load00090_LCIProcess,0.333333,kWh,http://w3id.org/protys/fixture#GridFactor,ELECTRICITY_CONSUMED_IN_PRODUCTION_ONLY,SIMULATED_PRODUCTION_CASE
http://w3id.org/protys/fixture#Load00091_Op1,http://w3id.org/protys/fixture#Load00091,http://w3id.org/protys/fixture#Load00091_Process,http://w3id.org/protys/fixture#Load00091_LCIProcess,0,kWh,http://w3id.org/protys/fixture#GridFactor,ELECTRICITY_CONSUMED_IN_PRODUCTION_ONLY,SIMULATED_PRODUCTION_CASE
http://w3id.org/protys/fixture#Load00091_Op2,http://w3id.org/protys/fixture#Load00091,http://w3id.org/protys/fixture#Load00091_Process,http://w3id.org/protys/fixture#Load00091_LCIProcess,10,kWh,http://w3id.org/protys/fixture#GridFactor,ELECTRICITY_CONSUMED_IN_PRODUCTION_ONLY,SIMULATED_PRODUCTION_CASE
http://w3id.org/protys/fixture#Load00091_Op3,http://w3id.org/protys/fixture#Load00091,http://w3id.org/protys/fixture#Load00091_Process,http://w3id.org/protys/fixture#Load00091_LCIProcess,75,kWh,http://w3id.org/protys/fixture#GridFactor,ELECTRICITY_CONSUMED_IN_PRODUCTION_ONLY,SIMULATED_PRODUCTION_CASE
http://w3id.org/protys/fixture#Load00091_Op4,http://w3id.org/protys/fixture#Load00091,http://w3id.org/protys/fixture#Load00091_Process,http://w3id.org/protys/fixture#Load00091_LCIProcess,26.666667,kWh,http://w3id.org/protys/fixture#GridFactor,ELECTRICITY_CONSUMED_IN_PRODUCTION_ONLY,SIMULATED_PRODUCTION_CASE
http://w3id.org/protys/fixture#Load00091_Op5,http://w3id.org/protys/fixture#Load00091,http://w3id.org/protys/fixture#Load00091_Process,http://w3id.org/protys/fixture#Load00091_LCIProcess,3.333333,kWh,http://w3id.org/protys/fixture#GridFactor,ELECTRICITY_CONSUMED_IN_PRODUCTION_ONLY,SIMULATED_PRODUCTION_CASE
http://w3id.org/protys/fixture#Load00091_Op6,http://w3id.org/protys/fixture#Load00091,http://w3id.org/protys/fixture#Load00091_Process,http://w3id.org/protys/fixture#Load00091_LCIProcess,0,kWh,http://w3id.org/protys/fixture#GridFactor,ELECTRICITY_CONSUMED_IN_PRODUCTION_ONLY,SIMULATED_PRODUCTION_CASE
http://w3id.org/protys/fixture#Load00091_Op7,http://w3id.org/protys/fixture#Load00091,http://w3id.org/protys/fixture#Load00091_Process,http://w3id.org/protys/fixture#Load00091_LCIProcess,0.333333,kWh,http://w3id.org/protys/fixture#GridFactor,ELECTRICITY_CONSUMED_IN_PRODUCTION_ONLY,SIMULATED_PRODUCTION_CASE
http://w3id.org/protys/fixture#Load00092_Op1,http://w3id.org/protys/fixture#Load00092,http://w3id.org/protys/fixture#Load00092_Process,http://w3id.org/protys/fixture#Load00092_LCIProcess,0,kWh,http://w3id.org/protys/fixture#GridFactor,ELECTRICITY_CONSUMED_IN_PRODUCTION_ONLY,SIMULATED_PRODUCTION_CASE
http://w3id.org/protys/fixture#Load00092_Op2,http://w3id.org/protys/fixture#Load00092,http://w3id.org/protys/fixture#Load00092_Process,http://w3id.org/protys/fixture#Load00092_LCIProcess,10,kWh,http://w3id.org/protys/fixture#GridFactor,ELECTRICITY_CONSUMED_IN_PRODUCTION_ONLY,SIMULATED_PRODUCTION_CASE
http://w3id.org/protys/fixture#Load00092_Op3,http://w3id.org/protys/fixture#Load00092,http://w3id.org/protys/fixture#Load00092_Process,http://w3id.org/protys/fixture#Load00092_LCIProcess,75,kWh,http://w3id.org/protys/fixture#GridFactor,ELECTRICITY_CONSUMED_IN_PRODUCTION_ONLY,SIMULATED_PRODUCTION_CASE
http://w3id.org/protys/fixture#Load00092_Op4,http://w3id.org/protys/fixture#Load00092,http://w3id.org/protys/fixture#Load00092_Process,http://w3id.org/protys/fixture#Load00092_LCIProcess,26.666667,kWh,http://w3id.org/protys/fixture#GridFactor,ELECTRICITY_CONSUMED_IN_PRODUCTION_ONLY,SIMULATED_PRODUCTION_CASE
http://w3id.org/protys/fixture#Load00092_Op5,http://w3id.org/protys/fixture#Load00092,http://w3id.org/protys/fixture#Load00092_Process,http://w3id.org/protys/fixture#Load00092_LCIProcess,3.333333,kWh,http://w3id.org/protys/fixture#GridFactor,ELECTRICITY_CONSUMED_IN_PRODUCTION_ONLY,SIMULATED_PRODUCTION_CASE
http://w3id.org/protys/fixture#Load00092_Op6,http://w3id.org/protys/fixture#Load00092,http://w3id.org/protys/fixture#Load00092_Process,http://w3id.org/protys/fixture#Load00092_LCIProcess,0,kWh,http://w3id.org/protys/fixture#GridFactor,ELECTRICITY_CONSUMED_IN_PRODUCTION_ONLY,SIMULATED_PRODUCTION_CASE
http://w3id.org/protys/fixture#Load00092_Op7,http://w3id.org/protys/fixture#Load00092,http://w3id.org/protys/fixture#Load00092_Process,http://w3id.org/protys/fixture#Load00092_LCIProcess,0.333333,kWh,http://w3id.org/protys/fixture#GridFactor,ELECTRICITY_CONSUMED_IN_PRODUCTION_ONLY,SIMULATED_PRODUCTION_CASE
http://w3id.org/protys/fixture#Load00093_Op1,http://w3id.org/protys/fixture#Load00093,http://w3id.org/protys/fixture#Load00093_Process,http://w3id.org/protys/fixture#Load00093_LCIProcess,0,kWh,http://w3id.org/protys/fixture#GridFactor,ELECTRICITY_CONSUMED_IN_PRODUCTION_ONLY,SIMULATED_PRODUCTION_CASE
http://w3id.org/protys/fixture#Load00093_Op2,http://w3id.org/protys/fixture#Load00093,http://w3id.org/protys/fixture#Load00093_Process,http://w3id.org/protys/fixture#Load00093_LCIProcess,10,kWh,http://w3id.org/protys/fixture#GridFactor,ELECTRICITY_CONSUMED_IN_PRODUCTION_ONLY,SIMULATED_PRODUCTION_CASE
http://w3id.org/protys/fixture#Load00093_Op3,http://w3id.org/protys/fixture#Load00093,http://w3id.org/protys/fixture#Load00093_Process,http://w3id.org/protys/fixture#Load00093_LCIProcess,75,kWh,http://w3id.org/protys/fixture#GridFactor,ELECTRICITY_CONSUMED_IN_PRODUCTION_ONLY,SIMULATED_PRODUCTION_CASE
http://w3id.org/protys/fixture#Load00093_Op4,http://w3id.org/protys/fixture#Load00093,http://w3id.org/protys/fixture#Load00093_Process,http://w3id.org/protys/fixture#Load00093_LCIProcess,26.666667,kWh,http://w3id.org/protys/fixture#GridFactor,ELECTRICITY_CONSUMED_IN_PRODUCTION_ONLY,SIMULATED_PRODUCTION_CASE
http://w3id.org/protys/fixture#Load00093_Op5,http://w3id.org/protys/fixture#Load00093,http://w3id.org/protys/fixture#Load00093_Process,http://w3id.org/protys/fixture#Load00093_LCIProcess,3.333333,kWh,http://w3id.org/protys/fixture#GridFactor,ELECTRICITY_CONSUMED_IN_PRODUCTION_ONLY,SIMULATED_PRODUCTION_CASE
http://w3id.org/protys/fixture#Load00093_Op6,http://w3id.org/protys/fixture#Load00093,http://w3id.org/protys/fixture#Load00093_Process,http://w3id.org/protys/fixture#Load00093_LCIProcess,0,kWh,http://w3id.org/protys/fixture#GridFactor,ELECTRICITY_CONSUMED_IN_PRODUCTION_ONLY,SIMULATED_PRODUCTION_CASE
http://w3id.org/protys/fixture#Load00093_Op7,http://w3id.org/protys/fixture#Load00093,http://w3id.org/protys/fixture#Load00093_Process,http://w3id.org/protys/fixture#Load00093_LCIProcess,0.333333,kWh,http://w3id.org/protys/fixture#GridFactor,ELECTRICITY_CONSUMED_IN_PRODUCTION_ONLY,SIMULATED_PRODUCTION_CASE
http://w3id.org/protys/fixture#Load00094_Op1,http://w3id.org/protys/fixture#Load00094,http://w3id.org/protys/fixture#Load00094_Process,http://w3id.org/protys/fixture#Load00094_LCIProcess,0,kWh,http://w3id.org/protys/fixture#GridFactor,ELECTRICITY_CONSUMED_IN_PRODUCTION_ONLY,SIMULATED_PRODUCTION_CASE
http://w3id.org/protys/fixture#Load00094_Op2,http://w3id.org/protys/fixture#Load00094,http://w3id.org/protys/fixture#Load00094_Process,http://w3id.org/protys/fixture#Load00094_LCIProcess,10,kWh,http://w3id.org/protys/fixture#GridFactor,ELECTRICITY_CONSUMED_IN_PRODUCTION_ONLY,SIMULATED_PRODUCTION_CASE
http://w3id.org/protys/fixture#Load00094_Op3,http://w3id.org/protys/fixture#Load00094,http://w3id.org/protys/fixture#Load00094_Process,http://w3id.org/protys/fixture#Load00094_LCIProcess,75,kWh,http://w3id.org/protys/fixture#GridFactor,ELECTRICITY_CONSUMED_IN_PRODUCTION_ONLY,SIMULATED_PRODUCTION_CASE
http://w3id.org/protys/fixture#Load00094_Op4,http://w3id.org/protys/fixture#Load00094,http://w3id.org/protys/fixture#Load00094_Process,http://w3id.org/protys/fixture#Load00094_LCIProcess,26.666667,kWh,http://w3id.org/protys/fixture#GridFactor,ELECTRICITY_CONSUMED_IN_PRODUCTION_ONLY,SIMULATED_PRODUCTION_CASE
http://w3id.org/protys/fixture#Load00094_Op5,http://w3id.org/protys/fixture#Load00094,http://w3id.org/protys/fixture#Load00094_Process,http://w3id.org/protys/fixture#Load00094_LCIProcess,3.333333,kWh,http://w3id.org/protys/fixture#GridFactor,ELECTRICITY_CONSUMED_IN_PRODUCTION_ONLY,SIMULATED_PRODUCTION_CASE
http://w3id.org/protys/fixture#Load00094_Op6,http://w3id.org/protys/fixture#Load00094,http://w3id.org/protys/fixture#Load00094_Process,http://w3id.org/protys/fixture#Load00094_LCIProcess,0,kWh,http://w3id.org/protys/fixture#GridFactor,ELECTRICITY_CONSUMED_IN_PRODUCTION_ONLY,SIMULATED_PRODUCTION_CASE
http://w3id.org/protys/fixture#Load00094_Op7,http://w3id.org/protys/fixture#Load00094,http://w3id.org/protys/fixture#Load00094_Process,http://w3id.org/protys/fixture#Load00094_LCIProcess,0.333333,kWh,http://w3id.org/protys/fixture#GridFactor,ELECTRICITY_CONSUMED_IN_PRODUCTION_ONLY,SIMULATED_PRODUCTION_CASE
http://w3id.org/protys/fixture#Load00095_Op1,http://w3id.org/protys/fixture#Load00095,http://w3id.org/protys/fixture#Load00095_Process,http://w3id.org/protys/fixture#Load00095_LCIProcess,0,kWh,http://w3id.org/protys/fixture#GridFactor,ELECTRICITY_CONSUMED_IN_PRODUCTION_ONLY,SIMULATED_PRODUCTION_CASE
http://w3id.org/protys/fixture#Load00095_Op2,http://w3id.org/protys/fixture#Load00095,http://w3id.org/protys/fixture#Load00095_Process,http://w3id.org/protys/fixture#Load00095_LCIProcess,10,kWh,http://w3id.org/protys/fixture#GridFactor,ELECTRICITY_CONSUMED_IN_PRODUCTION_ONLY,SIMULATED_PRODUCTION_CASE
http://w3id.org/protys/fixture#Load00095_Op3,http://w3id.org/protys/fixture#Load00095,http://w3id.org/protys/fixture#Load00095_Process,http://w3id.org/protys/fixture#Load00095_LCIProcess,75,kWh,http://w3id.org/protys/fixture#GridFactor,ELECTRICITY_CONSUMED_IN_PRODUCTION_ONLY,SIMULATED_PRODUCTION_CASE
http://w3id.org/protys/fixture#Load00095_Op4,http://w3id.org/protys/fixture#Load00095,http://w3id.org/protys/fixture#Load00095_Process,http://w3id.org/protys/fixture#Load00095_LCIProcess,26.666667,kWh,http://w3id.org/protys/fixture#GridFactor,ELECTRICITY_CONSUMED_IN_PRODUCTION_ONLY,SIMULATED_PRODUCTION_CASE
http://w3id.org/protys/fixture#Load00095_Op5,http://w3id.org/protys/fixture#Load00095,http://w3id.org/protys/fixture#Load00095_Process,http://w3id.org/protys/fixture#Load00095_LCIProcess,3.333333,kWh,http://w3id.org/protys/fixture#GridFactor,ELECTRICITY_CONSUMED_IN_PRODUCTION_ONLY,SIMULATED_PRODUCTION_CASE
http://w3id.org/protys/fixture#Load00095_Op6,http://w3id.org/protys/fixture#Load00095,http://w3id.org/protys/fixture#Load00095_Process,http://w3id.org/protys/fixture#Load00095_LCIProcess,0,kWh,http://w3id.org/protys/fixture#GridFactor,ELECTRICITY_CONSUMED_IN_PRODUCTION_ONLY,SIMULATED_PRODUCTION_CASE
http://w3id.org/protys/fixture#Load00095_Op7,http://w3id.org/protys/fixture#Load00095,http://w3id.org/protys/fixture#Load00095_Process,http://w3id.org/protys/fixture#Load00095_LCIProcess,0.333333,kWh,http://w3id.org/protys/fixture#GridFactor,ELECTRICITY_CONSUMED_IN_PRODUCTION_ONLY,SIMULATED_PRODUCTION_CASE
http://w3id.org/protys/fixture#Load00096_Op1,http://w3id.org/protys/fixture#Load00096,http://w3id.org/protys/fixture#Load00096_Process,http://w3id.org/protys/fixture#Load00096_LCIProcess,0,kWh,http://w3id.org/protys/fixture#GridFactor,ELECTRICITY_CONSUMED_IN_PRODUCTION_ONLY,SIMULATED_PRODUCTION_CASE
http://w3id.org/protys/fixture#Load00096_Op2,http://w3id.org/protys/fixture#Load00096,http://w3id.org/protys/fixture#Load00096_Process,http://w3id.org/protys/fixture#Load00096_LCIProcess,10,kWh,http://w3id.org/protys/fixture#GridFactor,ELECTRICITY_CONSUMED_IN_PRODUCTION_ONLY,SIMULATED_PRODUCTION_CASE
http://w3id.org/protys/fixture#Load00096_Op3,http://w3id.org/protys/fixture#Load00096,http://w3id.org/protys/fixture#Load00096_Process,http://w3id.org/protys/fixture#Load00096_LCIProcess,75,kWh,http://w3id.org/protys/fixture#GridFactor,ELECTRICITY_CONSUMED_IN_PRODUCTION_ONLY,SIMULATED_PRODUCTION_CASE
http://w3id.org/protys/fixture#Load00096_Op4,http://w3id.org/protys/fixture#Load00096,http://w3id.org/protys/fixture#Load00096_Process,http://w3id.org/protys/fixture#Load00096_LCIProcess,26.666667,kWh,http://w3id.org/protys/fixture#GridFactor,ELECTRICITY_CONSUMED_IN_PRODUCTION_ONLY,SIMULATED_PRODUCTION_CASE
http://w3id.org/protys/fixture#Load00096_Op5,http://w3id.org/protys/fixture#Load00096,http://w3id.org/protys/fixture#Load00096_Process,http://w3id.org/protys/fixture#Load00096_LCIProcess,3.333333,kWh,http://w3id.org/protys/fixture#GridFactor,ELECTRICITY_CONSUMED_IN_PRODUCTION_ONLY,SIMULATED_PRODUCTION_CASE
http://w3id.org/protys/fixture#Load00096_Op6,http://w3id.org/protys/fixture#Load00096,http://w3id.org/protys/fixture#Load00096_Process,http://w3id.org/protys/fixture#Load00096_LCIProcess,0,kWh,http://w3id.org/protys/fixture#GridFactor,ELECTRICITY_CONSUMED_IN_PRODUCTION_ONLY,SIMULATED_PRODUCTION_CASE
http://w3id.org/protys/fixture#Load00096_Op7,http://w3id.org/protys/fixture#Load00096,http://w3id.org/protys/fixture#Load00096_Process,http://w3id.org/protys/fixture#Load00096_LCIProcess,0.333333,kWh,http://w3id.org/protys/fixture#GridFactor,ELECTRICITY_CONSUMED_IN_PRODUCTION_ONLY,SIMULATED_PRODUCTION_CASE
http://w3id.org/protys/fixture#Load00097_Op1,http://w3id.org/protys/fixture#Load00097,http://w3id.org/protys/fixture#Load00097_Process,http://w3id.org/protys/fixture#Load00097_LCIProcess,0,kWh,http://w3id.org/protys/fixture#GridFactor,ELECTRICITY_CONSUMED_IN_PRODUCTION_ONLY,SIMULATED_PRODUCTION_CASE
http://w3id.org/protys/fixture#Load00097_Op2,http://w3id.org/protys/fixture#Load00097,http://w3id.org/protys/fixture#Load00097_Process,http://w3id.org/protys/fixture#Load00097_LCIProcess,10,kWh,http://w3id.org/protys/fixture#GridFactor,ELECTRICITY_CONSUMED_IN_PRODUCTION_ONLY,SIMULATED_PRODUCTION_CASE
http://w3id.org/protys/fixture#Load00097_Op3,http://w3id.org/protys/fixture#Load00097,http://w3id.org/protys/fixture#Load00097_Process,http://w3id.org/protys/fixture#Load00097_LCIProcess,75,kWh,http://w3id.org/protys/fixture#GridFactor,ELECTRICITY_CONSUMED_IN_PRODUCTION_ONLY,SIMULATED_PRODUCTION_CASE
http://w3id.org/protys/fixture#Load00097_Op4,http://w3id.org/protys/fixture#Load00097,http://w3id.org/protys/fixture#Load00097_Process,http://w3id.org/protys/fixture#Load00097_LCIProcess,26.666667,kWh,http://w3id.org/protys/fixture#GridFactor,ELECTRICITY_CONSUMED_IN_PRODUCTION_ONLY,SIMULATED_PRODUCTION_CASE
http://w3id.org/protys/fixture#Load00097_Op5,http://w3id.org/protys/fixture#Load00097,http://w3id.org/protys/fixture#Load00097_Process,http://w3id.org/protys/fixture#Load00097_LCIProcess,3.333333,kWh,http://w3id.org/protys/fixture#GridFactor,ELECTRICITY_CONSUMED_IN_PRODUCTION_ONLY,SIMULATED_PRODUCTION_CASE
http://w3id.org/protys/fixture#Load00097_Op6,http://w3id.org/protys/fixture#Load00097,http://w3id.org/protys/fixture#Load00097_Process,http://w3id.org/protys/fixture#Load00097_LCIProcess,0,kWh,http://w3id.org/protys/fixture#GridFactor,ELECTRICITY_CONSUMED_IN_PRODUCTION_ONLY,SIMULATED_PRODUCTION_CASE
http://w3id.org/protys/fixture#Load00097_Op7,http://w3id.org/protys/fixture#Load00097,http://w3id.org/protys/fixture#Load00097_Process,http://w3id.org/protys/fixture#Load00097_LCIProcess,0.333333,kWh,http://w3id.org/protys/fixture#GridFactor,ELECTRICITY_CONSUMED_IN_PRODUCTION_ONLY,SIMULATED_PRODUCTION_CASE
http://w3id.org/protys/fixture#Load00098_Op1,http://w3id.org/protys/fixture#Load00098,http://w3id.org/protys/fixture#Load00098_Process,http://w3id.org/protys/fixture#Load00098_LCIProcess,0,kWh,http://w3id.org/protys/fixture#GridFactor,ELECTRICITY_CONSUMED_IN_PRODUCTION_ONLY,SIMULATED_PRODUCTION_CASE
http://w3id.org/protys/fixture#Load00098_Op2,http://w3id.org/protys/fixture#Load00098,http://w3id.org/protys/fixture#Load00098_Process,http://w3id.org/protys/fixture#Load00098_LCIProcess,10,kWh,http://w3id.org/protys/fixture#GridFactor,ELECTRICITY_CONSUMED_IN_PRODUCTION_ONLY,SIMULATED_PRODUCTION_CASE
http://w3id.org/protys/fixture#Load00098_Op3,http://w3id.org/protys/fixture#Load00098,http://w3id.org/protys/fixture#Load00098_Process,http://w3id.org/protys/fixture#Load00098_LCIProcess,75,kWh,http://w3id.org/protys/fixture#GridFactor,ELECTRICITY_CONSUMED_IN_PRODUCTION_ONLY,SIMULATED_PRODUCTION_CASE
http://w3id.org/protys/fixture#Load00098_Op4,http://w3id.org/protys/fixture#Load00098,http://w3id.org/protys/fixture#Load00098_Process,http://w3id.org/protys/fixture#Load00098_LCIProcess,26.666667,kWh,http://w3id.org/protys/fixture#GridFactor,ELECTRICITY_CONSUMED_IN_PRODUCTION_ONLY,SIMULATED_PRODUCTION_CASE
http://w3id.org/protys/fixture#Load00098_Op5,http://w3id.org/protys/fixture#Load00098,http://w3id.org/protys/fixture#Load00098_Process,http://w3id.org/protys/fixture#Load00098_LCIProcess,3.333333,kWh,http://w3id.org/protys/fixture#GridFactor,ELECTRICITY_CONSUMED_IN_PRODUCTION_ONLY,SIMULATED_PRODUCTION_CASE
http://w3id.org/protys/fixture#Load00098_Op6,http://w3id.org/protys/fixture#Load00098,http://w3id.org/protys/fixture#Load00098_Process,http://w3id.org/protys/fixture#Load00098_LCIProcess,0,kWh,http://w3id.org/protys/fixture#GridFactor,ELECTRICITY_CONSUMED_IN_PRODUCTION_ONLY,SIMULATED_PRODUCTION_CASE
http://w3id.org/protys/fixture#Load00098_Op7,http://w3id.org/protys/fixture#Load00098,http://w3id.org/protys/fixture#Load00098_Process,http://w3id.org/protys/fixture#Load00098_LCIProcess,0.333333,kWh,http://w3id.org/protys/fixture#GridFactor,ELECTRICITY_CONSUMED_IN_PRODUCTION_ONLY,SIMULATED_PRODUCTION_CASE
http://w3id.org/protys/fixture#Load00099_Op1,http://w3id.org/protys/fixture#Load00099,http://w3id.org/protys/fixture#Load00099_Process,http://w3id.org/protys/fixture#Load00099_LCIProcess,0,kWh,http://w3id.org/protys/fixture#GridFactor,ELECTRICITY_CONSUMED_IN_PRODUCTION_ONLY,SIMULATED_PRODUCTION_CASE
http://w3id.org/protys/fixture#Load00099_Op2,http://w3id.org/protys/fixture#Load00099,http://w3id.org/protys/fixture#Load00099_Process,http://w3id.org/protys/fixture#Load00099_LCIProcess,10,kWh,http://w3id.org/protys/fixture#GridFactor,ELECTRICITY_CONSUMED_IN_PRODUCTION_ONLY,SIMULATED_PRODUCTION_CASE
http://w3id.org/protys/fixture#Load00099_Op3,http://w3id.org/protys/fixture#Load00099,http://w3id.org/protys/fixture#Load00099_Process,http://w3id.org/protys/fixture#Load00099_LCIProcess,75,kWh,http://w3id.org/protys/fixture#GridFactor,ELECTRICITY_CONSUMED_IN_PRODUCTION_ONLY,SIMULATED_PRODUCTION_CASE
http://w3id.org/protys/fixture#Load00099_Op4,http://w3id.org/protys/fixture#Load00099,http://w3id.org/protys/fixture#Load00099_Process,http://w3id.org/protys/fixture#Load00099_LCIProcess,26.666667,kWh,http://w3id.org/protys/fixture#GridFactor,ELECTRICITY_CONSUMED_IN_PRODUCTION_ONLY,SIMULATED_PRODUCTION_CASE
http://w3id.org/protys/fixture#Load00099_Op5,http://w3id.org/protys/fixture#Load00099,http://w3id.org/protys/fixture#Load00099_Process,http://w3id.org/protys/fixture#Load00099_LCIProcess,3.333333,kWh,http://w3id.org/protys/fixture#GridFactor,ELECTRICITY_CONSUMED_IN_PRODUCTION_ONLY,SIMULATED_PRODUCTION_CASE
http://w3id.org/protys/fixture#Load00099_Op6,http://w3id.org/protys/fixture#Load00099,http://w3id.org/protys/fixture#Load00099_Process,http://w3id.org/protys/fixture#Load00099_LCIProcess,0,kWh,http://w3id.org/protys/fixture#GridFactor,ELECTRICITY_CONSUMED_IN_PRODUCTION_ONLY,SIMULATED_PRODUCTION_CASE
http://w3id.org/protys/fixture#Load00099_Op7,http://w3id.org/protys/fixture#Load00099,http://w3id.org/protys/fixture#Load00099_Process,http://w3id.org/protys/fixture#Load00099_LCIProcess,0.333333,kWh,http://w3id.org/protys/fixture#GridFactor,ELECTRICITY_CONSUMED_IN_PRODUCTION_ONLY,SIMULATED_PRODUCTION_CASE
