flow_iri,lci_representation_iri,manufacturing_process_iri,material_iri,quantity,unit,flow_type,exchange_scope,included_in_electricity_ghg_total,scenario_role
http://w3id.org/protys/fixture#Load00000_Flow_TitaniumDioxide,http://w3id.org/protys/fixture#Load00000_LCIProcess,http://w3id.org/protys/fixture#Load00000_Process,http://w3id.org/protys/fixture#TitaniumDioxide,36.2,kg,ProductFlow,PURCHASED_TECHNOSPHERE_INPUT,NO,SIMULATED_PRODUCTION_CASE
http://w3id.org/protys/fixture#Load00000_Flow_AcrylicResin,http://w3id.org/protys/fixture#Load00000_LCIProcess,http://w3id.org/protys/fixture#Load00000_Process,http://w3id.org/protys/fixture#AcrylicResin,54.3,kg,ProductFlow,PURCHASED_TECHNOSPHERE_INPUT,NO,SIMULATED_PRODUCTION_CASE
http://w3id.org/protys/fixture#Load00000_Flow_Water,http://w3id.org/protys/fixture#Load00000_LCIProcess,http://w3id.org/protys/fixture#Load00000_Process,http://w3id.org/protys/fixture#Water,88.69,kg,ProductFlow,PURCHASED_TECHNOSPHERE_INPUT,NO,SIMULATED_PRODUCTION_CASE
http://w3id.org/protys/fixture#Load00000_Flow_Biocide,http://w3id.org/protys/fixture#Load00000_LCIProcess,http://w3id.org/protys/fixture#Load00000_Process,http://w3id.org/protys/fixture#Biocide,1.81,kg,ProductFlow,PURCHASED_TECHNOSPHERE_INPUT,NO,SIMULATED_PRODUCTION_CASE
http://w3id.org/protys/fixture#Load00001_Flow_TitaniumDioxide,http://w3id.org/protys/fixture#Load00001_LCIProcess,http://w3id.org/protys/fixture#Load00001_Process,http://w3id.org/protys/fixture#TitaniumDioxide,22.8,kg,ProductFlow,PURCHASED_TECHNOSPHERE_INPUT,NO,SIMULATED_PRODUCTION_CASE
http://w3id.org/protys/fixture#Load00001_Flow_AcrylicResin,http://w3id.org/protys/fixture#Load00001_LCIProcess,http://w3id.org/protys/fixture#Load00001_Process,http://w3id.org/protys/fixture#AcrylicResin,34.2,kg,ProductFlow,PURCHASED_TECHNOSPHERE_INPUT,NO,SIMULATED_PRODUCTION_CASE
http://w3id.org/protys/fixture#Load00001_Flow_Water,http://w3id.org/protys/fixture#Load00001_LCIProcess,http://w3id.org/protys/fixture#Load00001_Process,http://w3id.org/protys/fixture#Water,55.86,kg,ProductFlow,PURCHASED_TECHNOSPHERE_INPUT,NO,SIMULATED_PRODUCTION_CASE
http://w3id.org/protys/fixture#Load00001_Flow_Biocide,http://w3id.org/protys/fixture#Load00001_LCIProcess,http://w3id.org/protys/fixture#Load00001_Process,http://w3id.org/protys/fixture#Biocide,1.14,kg,ProductFlow,PURCHASED_TECHNOSPHERE_INPUT,NO,SIMULATED_PRODUCTION_CASE
http://w3id.org/protys/fixture#Load00002_Flow_TitaniumDioxide,http://w3id.org/protys/fixture#Load00002_LCIProcess,http://w3id.org/protys/fixture#Load00002_Process,http://w3id.org/protys/fixture#TitaniumDioxide,20.6,kg,ProductFlow,PURCHASED_TECHNOSPHERE_INPUT,NO,SIMULATED_PRODUCTION_CASE
http://w3id.org/protys/fixture#Load00002_Flow_AcrylicResin,http://w3id.org/protys/fixture#Load00002_LCIProcess,http://w3id.org/protys/fixture#Load00002_Process,http://w3id.org/protys/fixture#AcrylicResin,30.9,kg,ProductFlow,PURCHASED_TECHNOSPHERE_INPUT,NO,SIMULATED_PRODUCTION_CASE
http://w3id.org/protys/fixture#Load00002_Flow_Water,http://w3id.org/protys/fixture#Load00002_LCIProcess,http://w3id.org/protys/fixture#Load00002_Process,http://w3id.org/protys/fixture#Water,50.47,kg,ProductFlow,PURCHASED_TECHNOSPHERE_INPUT,NO,SIMULATED_PRODUCTION_CASE
http://w3id.org/protys/fixture#Load00002_Flow_Biocide,http://w3id.org/protys/fixture#Load00002_LCIProcess,http://w3id.org/protys/fixture#Load00002_Process,http://w3id.org/protys/fixture#Biocide,1.03,kg,ProductFlow,PURCHASED_TECHNOSPHERE_INPUT,NO,SIMULATED_PRODUCTION_CASE
http://w3id.org/protys/fixture#Load00003_Flow_TitaniumDioxide,http://w3id.org/protys/fixture#Load00003_LCIProcess,http://w3id.org/protys/fixture#Load00003_Process,http://w3id.org/protys/fixture#TitaniumDioxide,38.8,kg,ProductFlow,PURCHASED_TECHNOSPHERE_INPUT,NO,SIMULATED_PRODUCTION_CASE
http://w3id.org/protys/fixture#Load00003_Flow_AcrylicResin,http://w3id.org/protys/fixture#Load00003_LCIProcess,http://w3id.org/protys/fixture#Load00003_Process,http://w3id.org/protys/fixture#AcrylicResin,58.2,kg,ProductFlow,PURCHASED_TECHNOSPHERE_INPUT,NO,SIMULATED_PRODUCTION_CASE
http://w3id.org/protys/fixture#Load00003_Flow_Water,http://w3id.org/protys/fixture#Load00003_LCIProcess,http://w3id.org/protys/fixture#Load00003_Process,http://w3id.org/protys/fixture#Water,95.06,kg,ProductFlow,PURCHASED_TECHNOSPHERE_INPUT,NO,SIMULATED_PRODUCTION_CASE
http://w3id.org/protys/fixture#Load00003_Flow_Biocide,http://w3id.org/protys/fixture#Load00003_LCIProcess,http://w3id.org/protys/fixture#Load00003_Process,http://w3id.org/protys/fixture#Biocide,1.94,kg,ProductFlow,PURCHASED_TECHNOSPHERE_INPUT,NO,SIMULATED_PRODUCTION_CASE
http://w3id.org/protys/fixture#Load00004_Flow_TitaniumDioxide,http://w3id.org/protys/fixture#Load00004_LCIProcess,http://w3id.org/protys/fixture#Load00004_Process,http://w3id.org/protys/fixture#TitaniumDioxide,27,kg,ProductFlow,PURCHASED_TECHNOSPHERE_INPUT,NO,SIMULATED_PRODUCTION_CASE
http://w3id.org/protys/fixture#Load00004_Flow_AcrylicResin,http://w3id.org/protys/fixture#Load00004_LCIProcess,http://w3id.org/protys/fixture#Load00004_Process,http://w3id.org/protys/fixture#AcrylicResin,40.5,kg,ProductFlow,PURCHASED_TECHNOSPHERE_INPUT,NO,SIMULATED_PRODUCTION_CASE
http://w3id.org/protys/fixture#Load00004_Flow_Water,http://w3id.org/protys/fixture#Load00004_LCIProcess,http://w3id.org/protys/fixture#Load00004_Process,http://w3id.org/protys/fixture#Water,66.15,kg,ProductFlow,PURCHASED_TECHNOSPHERE_INPUT,NO,SIMULATED_PRODUCTION_CASE
http://w3id.org/protys/fixture#Load00004_Flow_Biocide,http://w3id.org/protys/fixture#Load00004_LCIProcess,http://w3id.org/protys/fixture#Load00004_Process,http://w3id.org/protys/fixture#Biocide,1.35,kg,ProductFlow,PURCHASED_TECHNOSPHERE_INPUT,NO,SIMULATED_PRODUCTION_CASE
http://w3id.org/protys/fixture#Load00005_Flow_TitaniumDioxide,http://w3id.org/protys/fixture#Load00005_LCIProcess,http://w3id.org/protys/fixture#Load00005_Process,http://w3id.org/protys/fixture#TitaniumDioxide,26.2,kg,ProductFlow,PURCHASED_TECHNOSPHERE_INPUT,NO,SIMULATED_PRODUCTION_CASE
http://w3id.org/protys/fixture#Load00005_Flow_AcrylicResin,http://w3id.org/protys/fixture#Load00005_LCIProcess,http://w3id.org/protys/fixture#Load00005_Process,http://w3id.org/protys/fixture#AcrylicResin,39.3,kg,ProductFlow,PURCHASED_TECHNOSPHERE_INPUT,NO,SIMULATED_PRODUCTION_CASE
http://w3id.org/protys/fixture#Load00005_Flow_Water,http://w3id.org/protys/fixture#Load00005_LCIProcess,http://w3id.org/protys/fixture#Load00005_Process,http://w3id.org/protys/fixture#Water,64.19,kg,ProductFlow,PURCHASED_TECHNOSPHERE_INPUT,NO,SIMULATED_PRODUCTION_CASE
http://w3id.org/protys/fixture#Load00005_Flow_Biocide,http://w3id.org/protys/fixture#Load00005_LCIProcess,http://w3id.org/protys/fixture#Load00005_Process,http://w3id.org/protys/fixture#Biocide,1.31,kg,ProductFlow,PURCHASED_TECHNOSPHERE_INPUT,NO,SIMULATED_PRODUCTION_CASE
http://w3id.org/protys/fixture#Load00006_Flow_TitaniumDioxide,http://w3id.org/protys/fixture#Load00006_LCIProcess,http://w3id.org/protys/fixture#Load00006_Process,http://w3id.org/protys/fixture#TitaniumDioxide,25.6,kg,ProductFlow,PURCHASED_TECHNOSPHERE_INPUT,NO,SIMULATED_PRODUCTION_CASE
http://w3id.org/protys/fixture#Load00006_Flow_AcrylicResin,http://w3id.org/protys/fixture#Load00006_LCIProcess,http://w3id.org/protys/fixture#Load00006_Process,http://w3id.org/protys/fixture#AcrylicResin,38.4,kg,ProductFlow,PURCHASED_TECHNOSPHERE_INPUT,NO,SIMULATED_PRODUCTION_CASE
http://w3id.org/protys/fixture#Load00006_Flow_Water,http://w3id.org/protys/fixture#Load00006_LCIProcess,http://w3id.org/protys/fixture#Load00006_Process,http://w3id.org/protys/fixture#Water,62.72,kg,ProductFlow,PURCHASED_TECHNOSPHERE_INPUT,NO,SIMULATED_PRODUCTION_CASE
http://w3id.org/protys/fixture#Load00006_Flow_Biocide,http://w3id.org/protys/fixture#Load00006_LCIProcess,http://w3id.org/protys/fixture#Load00006_Process,http://w3id.org/protys/fixture#Biocide,1.28,kg,ProductFlow,PURCHASED_TECHNOSPHERE_INPUT,NO,SIMULATED_PRODUCTION_CASE
http://w3id.org/protys/fixture#Load00007_Flow_TitaniumDioxide,http://w3id.org/protys/fixture#Load00007_LCIProcess,http://w3id.org/protys/fixture#Load00007_Process,http://w3id.org/protys/fixture#TitaniumDioxide,23.4,kg,ProductFlow,PURCHASED_TECHNOSPHERE_INPUT,NO,SIMULATED_PRODUCTION_CASE
http://w3id.org/protys/fixture#Load00007_Flow_AcrylicResin,http://w3id.org/protys/fixture#Load00007_LCIProcess,http://w3id.org/protys/fixture#Load00007_Process,http://w3id.org/protys/fixture#AcrylicResin,35.1,kg,ProductFlow,PURCHASED_TECHNOSPHERE_INPUT,NO,SIMULATED_PRODUCTION_CASE
http://w3id.org/protys/fixture#Load00007_Flow_Water,http://w3id.org/protys/fixture#Load00007_LCIProcess,http://w3id.org/protys/fixture#Load00007_Process,http://w3id.org/protys/fixture#Water,57.33,kg,ProductFlow,PURCHASED_TECHNOSPHERE_INPUT,NO,SIMULATED_PRODUCTION_CASE
http://w3id.org/protys/fixture#Load00007_Flow_Biocide,http://w3id.org/protys/fixture#Load00007_LCIProcess,http://w3id.org/protys/fixture#Load00007_Process,http://w3id.org/protys/fixture#Biocide,1.17,kg,ProductFlow,PURCHASED_TECHNOSPHERE_INPUT,NO,SIMULATED_PRODUCTION_CASE
http://w3id.org/protys/fixture#Load00008_Flow_TitaniumDioxide,http://w3id.org/protys/fixture#Load00008_LCIProcess,http://w3id.org/protys/fixture#Load00008_Process,http://w3id.org/protys/fixture#TitaniumDioxide,38.8,kg,ProductFlow,PURCHASED_TECHNOSPHERE_INPUT,NO,SIMULATED_PRODUCTION_CASE
http://w3id.org/protys/fixture#Load00008_Flow_AcrylicResin,http://w3id.org/protys/fixture#Load00008_LCIProcess,http://w3id.org/protys/fixture#Load00008_Process,http://w3id.org/protys/fixture#AcrylicResin,58.2,kg,ProductFlow,PURCHASED_TECHNOSPHERE_INPUT,NO,SIMULATED_PRODUCTION_CASE
http://w3id.org/protys/fixture#Load00008_Flow_Water,http://w3id.org/protys/fixture#Load00008_LCIProcess,http://w3id.org/protys/fixture#Load00008_Process,http://w3id.org/protys/fixture#Water,95.06,kg,ProductFlow,PURCHASED_TECHNOSPHERE_INPUT,NO,SIMULATED_PRODUCTION_CASE
http://w3id.org/protys/fixture#Load00008_Flow_Biocide,http://w3id.org/protys/fixture#Load00008_LCIProcess,http://w3id.org/protys/fixture#Load00008_Process,http://w3id.org/protys/fixture#Biocide,1.94,kg,ProductFlow,PURCHASED_TECHNOSPHERE_INPUT,NO,SIMULATED_PRODUCTION_CASE
http://w3id.org/protys/fixture#Load00009_Flow_TitaniumDioxide,http://w3id.org/protys/fixture#Load00009_LCIProcess,http://w3id.org/protys/fixture#Load00009_Process,http://w3id.org/protys/fixture#TitaniumDioxide,22.6,kg,ProductFlow,PURCHASED_TECHNOSPHERE_INPUT,NO,SIMULATED_PRODUCTION_CASE
http://w3id.org/protys/fixture#Load00009_Flow_AcrylicResin,http://w3id.org/protys/fixture#Load00009_LCIProcess,http://w3id.org/protys/fixture#Load00009_Process,http://w3id.org/protys/fixture#AcrylicResin,33.9,kg,ProductFlow,PURCHASED_TECHNOSPHERE_INPUT,NO,SIMULATED_PRODUCTION_CASE
http://w3id.org/protys/fixture#Load00009_Flow_Water,http://w3id.org/protys/fixture#Load00009_LCIProcess,http://w3id.org/protys/fixture#Load00009_Process,http://w3id.org/protys/fixture#Water,55.37,kg,ProductFlow,PURCHASED_TECHNOSPHERE_INPUT,NO,SIMULATED_PRODUCTION_CASE
http://w3id.org/protys/fixture#Load00009_Flow_Biocide,http://w3id.org/protys/fixture#Load00009_LCIProcess,http://w3id.org/protys/fixture#Load00009_Process,http://w3id.org/protys/fixture#Biocide,1.13,kg,ProductFlow,PURCHASED_TECHNOSPHERE_INPUT,NO,SIMULATED_PRODUCTION_CASE
http://w3id.org/protys/fixture#Load00010_Flow_TitaniumDioxide,http://w3id.org/protys/fixture#Load00010_LCIProcess,http://w3id.org/protys/fixture#Load00010_Process,http://w3id.org/protys/fixture#TitaniumDioxide,37.2,kg,ProductFlow,PURCHASED_TECHNOSPHERE_INPUT,NO,SIMULATED_PRODUCTION_CASE
http://w3id.org/protys/fixture#Load00010_Flow_AcrylicResin,http://w3id.org/protys/fixture#Load00010_LCIProcess,http://w3id.org/protys/fixture#Load00010_Process,http://w3id.org/protys/fixture#AcrylicResin,55.8,kg,ProductFlow,PURCHASED_TECHNOSPHERE_INPUT,NO,SIMULATED_PRODUCTION_CASE
http://w3id.org/protys/fixture#Load00010_Flow_Water,http://w3id.org/protys/fixture#Load00010_LCIProcess,http://w3id.org/protys/fixture#Load00010_Process,http://w3id.org/protys/fixture#Water,91.14,kg,ProductFlow,PURCHASED_TECHNOSPHERE_INPUT,NO,SIMULATED_PRODUCTION_CASE
http://w3id.org/protys/fixture#Load00010_Flow_Biocide,http://w3id.org/protys/fixture#Load00010_LCIProcess,http://w3id.org/protys/fixture#Load00010_Process,http://w3id.org/protys/fixture#Biocide,1.86,kg,ProductFlow,PURCHASED_TECHNOSPHERE_INPUT,NO,SIMULATED_PRODUCTION_CASE
http://w3id.org/protys/fixture#Load00011_Flow_TitaniumDioxide,http://w3id.org/protys/fixture#Load00011_LCIProcess,http://w3id.org/protys/fixture#Load00011_Process,http://w3id.org/protys/fixture#TitaniumDioxide,38.8,kg,ProductFlow,PURCHASED_TECHNOSPHERE_INPUT,NO,SIMULATED_PRODUCTION_CASE
http://w3id.org/protys/fixture#Load00011_Flow_AcrylicResin,http://w3id.org/protys/fixture#Load00011_LCIProcess,http://w3id.org/protys/fixture#Load00011_Process,http://w3id.org/protys/fixture#AcrylicResin,58.2,kg,ProductFlow,PURCHASED_TECHNOSPHERE_INPUT,NO,SIMULATED_PRODUCTION_CASE
http://w3id.org/protys/fixture#Load00011_Flow_Water,http://w3id.org/protys/fixture#Load00011_LCIProcess,http://w3id.org/protys/fixture#Load00011_Process,http://w3id.org/protys/fixture#Water,95.06,kg,ProductFlow,PURCHASED_TECHNOSPHERE_INPUT,NO,SIMULATED_PRODUCTION_CASE
http://w3id.org/protys/fixture#Load00011_Flow_Biocide,http://w3id.org/protys/fixture#Load00011_LCIProcess,http://w3id.org/protys/fixture#Load00011_Process,http://w3id.org/protys/fixture#Biocide,1.94,kg,ProductFlow,PURCHASED_TECHNOSPHERE_INPUT,NO,SIMULATED_PRODUCTION_CASE
http://w3id.org/protys/fixture#Load00012_Flow_TitaniumDioxide,http://w3id.org/protys/fixture#Load00012_LCIProcess,http://w3id.org/protys/fixture#Load00012_Process,http://w3id.org/protys/fixture#TitaniumDioxide,33.8,kg,ProductFlow,PURCHASED_TECHNOSPHERE_INPUT,NO,SIMULATED_PRODUCTION_CASE
http://w3id.org/protys/fixture#Load00012_Flow_AcrylicResin,http://w3id.org/protys/fixture#Load00012_LCIProcess,http://w3id.org/protys/fixture#Load00012_Process,http://w3id.org/protys/fixture#AcrylicResin,50.7,kg,ProductFlow,PURCHASED_TECHNOSPHERE_INPUT,NO,SIMULATED_PRODUCTION_CASE
http://w3id.org/protys/fixture#Load00012_Flow_Water,http://w3id.org/protys/fixture#Load00012_LCIProcess,http://w3id.org/protys/fixture#Load00012_Process,http://w3id.org/protys/fixture#Water,82.81,kg,ProductFlow,PURCHASED_TECHNOSPHERE_INPUT,NO,SIMULATED_PRODUCTION_CASE
http://w3id.org/protys/fixture#Load00012_Flow_Biocide,http://w3id.org/protys/fixture#Load00012_LCIProcess,http://w3id.org/protys/fixture#Load00012_Process,http://w3id.org/protys/fixture#Biocide,1.69,kg,ProductFlow,PURCHASED_TECHNOSPHERE_INPUT,NO,SIMULATED_PRODUCTION_CASE
http://w3id.org/protys/fixture#Load00013_Flow_TitaniumDioxide,http://w3id.org/protys/fixture#Load00013_LCIProcess,http://w3id.org/protys/fixture#Load00013_Process,http://w3id.org/protys/fixture#TitaniumDioxide,22.2,kg,ProductFlow,PURCHASED_TECHNOSPHERE_INPUT,NO,SIMULATED_PRODUCTION_CASE
http://w3id.org/protys/fixture#Load00013_Flow_AcrylicResin,http://w3id.org/protys/fixture#Load00013_LCIProcess,http://w3id.org/protys/fixture#Load00013_Process,http://w3id.org/protys/fixture#AcrylicResin,33.3,kg,ProductFlow,PURCHASED_TECHNOSPHERE_INPUT,NO,SIMULATED_PRODUCTION_CASE
http://w3id.org/protys/fixture#Load00013_Flow_Water,http://w3id.org/protys/fixture#Load00013_LCIProcess,http://w3id.org/protys/fixture#Load00013_Process,http://w3id.org/protys/fixture#Water,54.39,kg,ProductFlow,PURCHASED_TECHNOSPHERE_INPUT,NO,SIMULATED_PRODUCTION_CASE
http://w3id.org/protys/fixture#Load00013_Flow_Biocide,http://w3id.org/protys/fixture#Load00013_LCIProcess,http://w3id.org/protys/fixture#Load00013_Process,http://w3id.org/protys/fixture#Biocide,1.11,kg,ProductFlow,PURCHASED_TECHNOSPHERE_INPUT,NO,SIMULATED_PRODUCTION_CASE
http://w3id.org/protys/fixture#Load00014_Flow_TitaniumDioxide,http://w3id.org/protys/fixture#Load00014_LCIProcess,http://w3id.org/protys/fixture#Load00014_Process,http://w3id.org/protys/fixture#TitaniumDioxide,35,kg,ProductFlow,PURCHASED_TECHNOSPHERE_INPUT,NO,SIMULATED_PRODUCTION_CASE
http://w3id.org/protys/fixture#Load00014_Flow_AcrylicResin,http://w3id.org/protys/fixture#Load00014_LCIProcess,http://w3id.org/protys/fixture#Load00014_Process,http://w3id.org/protys/fixture#AcrylicResin,52.5,kg,ProductFlow,PURCHASED_TECHNOSPHERE_INPUT,NO,SIMULATED_PRODUCTION_CASE
http://w3id.org/protys/fixture#Load00014_Flow_Water,http://w3id.org/protys/fixture#Load00014_LCIProcess,http://w3id.org/protys/fixture#Load00014_Process,http://w3id.org/protys/fixture#Water,85.75,kg,ProductFlow,PURCHASED_TECHNOSPHERE_INPUT,NO,SIMULATED_PRODUCTION_CASE
http://w3id.org/protys/fixture#Load00014_Flow_Biocide,http://w3id.org/protys/fixture#Load00014_LCIProcess,http://w3id.org/protys/fixture#Load00014_Process,http://w3id.org/protys/fixture#Biocide,1.75,kg,ProductFlow,PURCHASED_TECHNOSPHERE_INPUT,NO,SIMULATED_PRODUCTION_CASE
http://w3id.org/protys/fixture#Load00015_Flow_TitaniumDioxide,http://w3id.org/protys/fixture#Load00015_LCIProcess,http://w3id.org/protys/fixture#Load00015_Process,http://w3id.org/protys/fixture#TitaniumDioxide,30.8,kg,ProductFlow,PURCHASED_TECHNOSPHERE_INPUT,NO,SIMULATED_PRODUCTION_CASE
http://w3id.org/protys/fixture#Load00015_Flow_AcrylicResin,http://w3id.org/protys/fixture#Load00015_LCIProcess,http://w3id.org/protys/fixture#Load00015_Process,http://w3id.org/protys/fixture#AcrylicResin,46.2,kg,ProductFlow,PURCHASED_TECHNOSPHERE_INPUT,NO,SIMULATED_PRODUCTION_CASE
http://w3id.org/protys/fixture#Load00015_Flow_Water,http://w3id.org/protys/fixture#Load00015_LCIProcess,http://w3id.org/protys/fixture#Load00015_Process,http://w3id.org/protys/fixture#Water,75.46,kg,ProductFlow,PURCHASED_TECHNOSPHERE_INPUT,NO,SIMULATED_PRODUCTION_CASE
http://w3id.org/protys/fixture#Load00015_Flow_Biocide,http://w3id.org/protys/fixture#Load00015_LCIProcess,http://w3id.org/protys/fixture#Load00015_Process,http://w3id.org/protys/fixture#Biocide,1.54,kg,ProductFlow,PURCHASED_TECHNOSPHERE_INPUT,NO,SIMULATED_PRODUCTION_CASE
http://w3id.org/protys/fixture#Load00016_Flow_TitaniumDioxide,http://w3id.org/protys/fixture#Load00016_LCIProcess,http://w3id.org/protys/fixture#Load00016_Process,http://w3id.org/protys/fixture#TitaniumDioxide,20.8,kg,ProductFlow,PURCHASED_TECHNOSPHERE_INPUT,NO,SIMULATED_PRODUCTION_CASE
http://w3id.org/protys/fixture#Load00016_Flow_AcrylicResin,http://w3id.org/protys/fixture#Load00016_LCIProcess,http://w3id.org/protys/fixture#Load00016_Process,http://w3id.org/protys/fixture#AcrylicResin,31.2,kg,ProductFlow,PURCHASED_TECHNOSPHERE_INPUT,NO,SIMULATED_PRODUCTION_CASE
http://w3id.org/protys/fixture#Load00016_Flow_Water,http://w3id.org/protys/fixture#Load00016_LCIProcess,http://w3id.org/protys/fixture#Load00016_Process,http://w3id.org/protys/fixture#Water,50.96,kg,ProductFlow,PURCHASED_TECHNOSPHERE_INPUT,NO,SIMULATED_PRODUCTION_CASE
http://w3id.org/protys/fixture#Load00016_Flow_Biocide,http://w3id.org/protys/fixture#Load00016_LCIProcess,http://w3id.org/protys/fixture#Load00016_Process,http://w3id.org/protys/fixture#Biocide,1.04,kg,ProductFlow,PURCHASED_TECHNOSPHERE_INPUT,NO,SIMULATED_PRODUCTION_CASE
http://w3id.org/protys/fixture#Load00017_Flow_TitaniumDioxide,http://w3id.org/protys/fixture#Load00017_LCIProcess,http://w3id.org/protys/fixture#Load00017_Process,http://w3id.org/protys/fixture#TitaniumDioxide,20.6,kg,ProductFlow,PURCHASED_TECHNOSPHERE_INPUT,NO,SIMULATED_PRODUCTION_CASE
http://w3id.org/protys/fixture#Load00017_Flow_AcrylicResin,http://w3id.org/protys/fixture#Load00017_LCIProcess,http://w3id.org/protys/fixture#Load00017_Process,http://w3id.org/protys/fixture#AcrylicResin,30.9,kg,ProductFlow,PURCHASED_TECHNOSPHERE_INPUT,NO,SIMULATED_PRODUCTION_CASE
http://w3id.org/protys/fixture#Load00017_Flow_Water,http://w3id.org/protys/fixture#Load00017_LCIProcess,http://w3id.org/protys/fixture#Load00017_Process,http://w3id.org/protys/fixture#Water,50.47,kg,ProductFlow,PURCHASED_TECHNOSPHERE_INPUT,NO,SIMULATED_PRODUCTION_CASE
http://w3id.org/protys/fixture#Load00017_Flow_Biocide,http://w3id.org/protys/fixture#Load00017_LCIProcess,http://w3id.org/protys/fixture#Load00017_Process,http://w3id.org/protys/fixture#Biocide,1.03,kg,ProductFlow,PURCHASED_TECHNOSPHERE_INPUT,NO,SIMULATED_PRODUCTION_CASE
http://w3id.org/protys/fixture#Load00018_Flow_TitaniumDioxide,http://w3id.org/protys/fixture#Load00018_LCIProcess,http://w3id.org/protys/fixture#Load00018_Process,http://w3id.org/protys/fixture#TitaniumDioxide,22.2,kg,ProductFlow,PURCHASED_TECHNOSPHERE_INPUT,NO,SIMULATED_PRODUCTION_CASE
http://w3id.org/protys/fixture#Load00018_Flow_AcrylicResin,http://w3id.org/protys/fixture#Load00018_LCIProcess,http://w3id.org/protys/fixture#Load00018_Process,http://w3id.org/protys/fixture#AcrylicResin,33.3,kg,ProductFlow,PURCHASED_TECHNOSPHERE_INPUT,NO,SIMULATED_PRODUCTION_CASE
http://w3id.org/protys/fixture#Load00018_Flow_Water,http://w3id.org/protys/fixture#Load00018_LCIProcess,http://w3id.org/protys/fixture#Load00018_Process,http://w3id.org/protys/fixture#Water,54.39,kg,ProductFlow,PURCHASED_TECHNOSPHERE_INPUT,NO,SIMULATED_PRODUCTION_CASE
http://w3id.org/protys/fixture#Load00018_Flow_Biocide,http://w3id.org/protys/fixture#Load00018_LCIProcess,http://w3id.org/protys/fixture#Load00018_Process,http://w3id.org/protys/fixture#Biocide,1.11,kg,ProductFlow,PURCHASED_TECHNOSPHERE_INPUT,NO,SIMULATED_PRODUCTION_CASE
http://w3id.org/protys/fixture#Load00019_Flow_TitaniumDioxide,http://w3id.org/protys/fixture#Load00019_LCIProcess,http://w3id.org/protys/fixture#Load00019_Process,http://w3id.org/protys/fixture#TitaniumDioxide,25.4,kg,ProductFlow,PURCHASED_TECHNOSPHERE_INPUT,NO,SIMULATED_PRODUCTION_CASE
http://w3id.org/protys/fixture#Load00019_Flow_AcrylicResin,http://w3id.org/protys/fixture#Load00019_LCIProcess,http://w3id.org/protys/fixture#Load00019_Process,http://w3id.org/protys/fixture#AcrylicResin,38.1,kg,ProductFlow,PURCHASED_TECHNOSPHERE_INPUT,NO,SIMULATED_PRODUCTION_CASE
http://w3id.org/protys/fixture#Load00019_Flow_Water,http://w3id.org/protys/fixture#Load00019_LCIProcess,http://w3id.org/protys/fixture#Load00019_Process,http://w3id.org/protys/fixture#Water,62.23,kg,ProductFlow,PURCHASED_TECHNOSPHERE_INPUT,NO,SIMULATED_PRODUCTION_CASE
http://w3id.org/protys/fixture#Load00019_Flow_Biocide,http://w3id.org/protys/fixture#Load00019_LCIProcess,http://w3id.org/protys/fixture#Load00019_Process,http://w3id.org/protys/fixture#Biocide,1.27,kg,ProductFlow,PURCHASED_TECHNOSPHERE_INPUT,NO,SIMULATED_PRODUCTION_CASE
http://w3id.org/protys/fixture#Load00020_Flow_TitaniumDioxide,http://w3id.org/protys/fixture#Load00020_LCIProcess,http://w3id.org/protys/fixture#Load00020_Process,http://w3id.org/protys/fixture#TitaniumDioxide,25.8,kg,ProductFlow,PURCHASED_TECHNOSPHERE_INPUT,NO,SIMULATED_PRODUCTION_CASE
http://w3id.org/protys/fixture#Load00020_Flow_AcrylicResin,http://w3id.org/protys/fixture#Load00020_LCIProcess,http://w3id.org/protys/fixture#Load00020_Process,http://w3id.org/protys/fixture#AcrylicResin,38.7,kg,ProductFlow,PURCHASED_TECHNOSPHERE_INPUT,NO,SIMULATED_PRODUCTION_CASE
http://w3id.org/protys/fixture#Load00020_Flow_Water,http://w3id.org/protys/fixture#Load00020_LCIProcess,http://w3id.org/protys/fixture#Load00020_Process,http://w3id.org/protys/fixture#Water,63.21,kg,ProductFlow,PURCHASED_TECHNOSPHERE_INPUT,NO,SIMULATED_PRODUCTION_CASE
http://w3id.org/protys/fixture#Load00020_Flow_Biocide,http://w3id.org/protys/fixture#Load00020_LCIProcess,http://w3id.org/protys/fixture#Load00020_Process,http://w3id.org/protys/fixture#Biocide,1.29,kg,ProductFlow,PURCHASED_TECHNOSPHERE_INPUT,NO,SIMULATED_PRODUCTION_CASE
http://w3id.org/protys/fixture#Load00021_Flow_TitaniumDioxide,http://w3id.org/protys/fixture#Load00021_LCIProcess,http://w3id.org/protys/fixture#Load00021_Process,http://w3id.org/protys/fixture#TitaniumDioxide,32.8,kg,ProductFlow,PURCHASED_TECHNOSPHERE_INPUT,NO,SIMULATED_PRODUCTION_CASE
http://w3id.org/protys/fixture#Load00021_Flow_AcrylicResin,http://w3id.org/protys/fixture#Load00021_LCIProcess,http://w3id.org/protys/fixture#Load00021_Process,http://w3id.org/protys/fixture#AcrylicResin,49.2,kg,ProductFlow,PURCHASED_TECHNOSPHERE_INPUT,NO,SIMULATED_PRODUCTION_CASE
http://w3id.org/protys/fixture#Load00021_Flow_Water,http://w3id.org/protys/fixture#Load00021_LCIProcess,http://w3id.org/protys/fixture#Load00021_Process,http://w3id.org/protys/fixture#Water,80.36,kg,ProductFlow,PURCHASED_TECHNOSPHERE_INPUT,NO,SIMULATED_PRODUCTION_CASE
http://w3id.org/protys/fixture#Load00021_Flow_Biocide,http://w3id.org/protys/fixture#Load00021_LCIProcess,http://w3id.org/protys/fixture#Load00021_Process,http://w3id.org/protys/fixture#Biocide,1.64,kg,ProductFlow,PURCHASED_TECHNOSPHERE_INPUT,NO,SIMULATED_PRODUCTION_CASE
http://w3id.org/protys/fixture#Load00022_Flow_TitaniumDioxide,http://w3id.org/protys/fixture#Load00022_LCIProcess,http://w3id.org/protys/fixture#Load00022_Process,http://w3id.org/protys/fixture#TitaniumDioxide,35.4,kg,ProductFlow,PURCHASED_TECHNOSPHERE_INPUT,NO,SIMULATED_PRODUCTION_CASE
http://w3id.org/protys/fixture#Load00022_Flow_AcrylicResin,http://w3id.org/protys/fixture#Load00022_LCIProcess,http://w3id.org/protys/fixture#Load00022_Process,http://w3id.org/protys/fixture#AcrylicResin,53.1,kg,ProductFlow,PURCHASED_TECHNOSPHERE_INPUT,NO,SIMULATED_PRODUCTION_CASE
http://w3id.org/protys/fixture#Load00022_Flow_Water,http://w3id.org/protys/fixture#Load00022_LCIProcess,http://w3id.org/protys/fixture#Load00022_Process,http://w3id.org/protys/fixture#Water,86.73,kg,ProductFlow,PURCHASED_TECHNOSPHERE_INPUT,NO,SIMULATED_PRODUCTION_CASE
http://w3id.org/protys/fixture#Load00022_Flow_Biocide,http://w3id.org/protys/fixture#Load00022_LCIProcess,http://w3id.org/protys/fixture#Load00022_Process,http://w3id.org/protys/fixture#Biocide,1.77,kg,ProductFlow,PURCHASED_TECHNOSPHERE_INPUT,NO,SIMULATED_PRODUCTION_CASE
http://w3id.org/protys/fixture#Load00023_Flow_TitaniumDioxide,http://w3id.org/protys/fixture#Load00023_LCIProcess,http://w3id.org/protys/fixture#Load00023_Process,http://w3id.org/protys/fixture#TitaniumDioxide,20.6,kg,ProductFlow,PURCHASED_TECHNOSPHERE_INPUT,NO,SIMULATED_PRODUCTION_CASE
http://w3id.org/protys/fixture#Load00023_Flow_AcrylicResin,http://w3id.org/protys/fixture#Load00023_LCIProcess,http://w3id.org/protys/fixture#Load00023_Process,http://w3id.org/protys/fixture#AcrylicResin,30.9,kg,ProductFlow,PURCHASED_TECHNOSPHERE_INPUT,NO,SIMULATED_PRODUCTION_CASE
http://w3id.org/protys/fixture#Load00023_Flow_Water,http://w3id.org/protys/fixture#Load00023_LCIProcess,http://w3id.org/protys/fixture#Load00023_Process,http://w3id.org/protys/fixture#Water,50.47,kg,ProductFlow,PURCHASED_TECHNOSPHERE_INPUT,NO,SIMULATED_PRODUCTION_CASE
http://w3id.org/protys/fixture#Load00023_Flow_Biocide,http://w3id.org/protys/fixture#Load00023_LCIProcess,http://w3id.org/protys/fixture#Load00023_Process,http://w3id.org/protys/fixture#Biocide,1.03,kg,ProductFlow,PURCHASED_TECHNOSPHERE_INPUT,NO,SIMULATED_PRODUCTION_CASE
http://w3id.org/protys/fixture#Load00024_Flow_TitaniumDioxide,http://w3id.org/protys/fixture#Load00024_LCIProcess,http://w3id.org/protys/fixture#Load00024_Process,http://w3id.org/protys/fixture#TitaniumDioxide,34.2,kg,ProductFlow,PURCHASED_TECHNOSPHERE_INPUT,NO,SIMULATED_PRODUCTION_CASE
http://w3id.org/protys/fixture#Load00024_Flow_AcrylicResin,http://w3id.org/protys/fixture#Load00024_LCIProcess,http://w3id.org/protys/fixture#Load00024_Process,http://w3id.org/protys/fixture#AcrylicResin,51.3,kg,ProductFlow,PURCHASED_TECHNOSPHERE_INPUT,NO,SIMULATED_PRODUCTION_CASE
http://w3id.org/protys/fixture#Load00024_Flow_Water,http://w3id.org/protys/fixture#Load00024_LCIProcess,http://w3id.org/protys/fixture#Load00024_Process,http://w3id.org/protys/fixture#Water,83.79,kg,ProductFlow,PURCHASED_TECHNOSPHERE_INPUT,NO,SIMULATED_PRODUCTION_CASE
http://w3id.org/protys/fixture#Load00024_Flow_Biocide,http://w3id.org/protys/fixture#Load00024_LCIProcess,http://w3id.org/protys/fixture#Load00024_Process,http://w3id.org/protys/fixture#Biocide,1.71,kg,ProductFlow,PURCHASED_TECHNOSPHERE_INPUT,NO,SIMULATED_PRODUCTION_CASE
http://w3id.org/protys/fixture#Load00025_Flow_TitaniumDioxide,http://w3id.org/protys/fixture#Load00025_LCIProcess,http://w3id.org/protys/fixture#Load00025_Process,http://w3id.org/protys/fixture#TitaniumDioxide,25,kg,ProductFlow,PURCHASED_TECHNOSPHERE_INPUT,NO,SIMULATED_PRODUCTION_CASE
http://w3id.org/protys/fixture#Load00025_Flow_AcrylicResin,http://w3id.org/protys/fixture#Load00025_LCIProcess,http://w3id.org/protys/fixture#Load00025_Process,http://w3id.org/protys/fixture#AcrylicResin,37.5,kg,ProductFlow,PURCHASED_TECHNOSPHERE_INPUT,NO,SIMULATED_PRODUCTION_CASE
http://w3id.org/protys/fixture#Load00025_Flow_Water,http://w3id.org/protys/fixture#Load00025_LCIProcess,http://w3id.org/protys/fixture#Load00025_Process,http://w3id.org/protys/fixture#Water,61.25,kg,ProductFlow,PURCHASED_TECHNOSPHERE_INPUT,NO,SIMULATED_PRODUCTION_CASE
http://w3id.org/protys/fixture#Load00025_Flow_Biocide,http://w3id.org/protys/fixture#Load00025_LCIProcess,http://w3id.org/protys/fixture#Load00025_Process,http://w3id.org/protys/fixture#Biocide,1.25,kg,ProductFlow,PURCHASED_TECHNOSPHERE_INPUT,NO,SIMULATED_PRODUCTION_CASE
http://w3id.org/protys/fixture#Load00026_Flow_TitaniumDioxide,http://w3id.org/protys/fixture#Load00026_LCIProcess,http://w3id.org/protys/fixture#Load00026_Process,http://w3id.org/protys/fixture#TitaniumDioxide,38.2,kg,ProductFlow,PURCHASED_TECHNOSPHERE_INPUT,NO,SIMULATED_PRODUCTION_CASE
http://w3id.org/protys/fixture#Load00026_Flow_AcrylicResin,http://w3id.org/protys/fixture#Load00026_LCIProcess,http://w3id.org/protys/fixture#Load00026_Process,http://w3id.org/protys/fixture#AcrylicResin,57.3,kg,ProductFlow,PURCHASED_TECHNOSPHERE_INPUT,NO,SIMULATED_PRODUCTION_CASE
http://w3id.org/protys/fixture#Load00026_Flow_Water,http://w3id.org/protys/fixture#Load00026_LCIProcess,http://w3id.org/protys/fixture#Load00026_Process,http://w3id.org/protys/fixture#Water,93.59,kg,ProductFlow,PURCHASED_TECHNOSPHERE_INPUT,NO,SIMULATED_PRODUCTION_CASE
http://w3id.org/protys/fixture#Load00026_Flow_Biocide,http://w3id.org/protys/fixture#Load00026_LCIProcess,http://w3id.org/protys/fixture#Load00026_Process,http://w3id.org/protys/fixture#Biocide,1.91,kg,ProductFlow,PURCHASED_TECHNOSPHERE_INPUT,NO,SIMULATED_PRODUCTION_CASE
http://w3id.org/protys/fixture#Load00027_Flow_TitaniumDioxide,http://w3id.org/protys/fixture#Load00027_LCIProcess,http://w3id.org/protys/fixture#Load00027_Process,http://w3id.org/protys/fixture#TitaniumDioxide,36.6,kg,ProductFlow,PURCHASED_TECHNOSPHERE_INPUT,NO,SIMULATED_PRODUCTION_CASE
http://w3id.org/protys/fixture#Load00027_Flow_AcrylicResin,http://w3id.org/protys/fixture#Load00027_LCIProcess,http://w3id.org/protys/fixture#Load00027_Process,http://w3id.org/protys/fixture#AcrylicResin,54.9,kg,ProductFlow,PURCHASED_TECHNOSPHERE_INPUT,NO,SIMULATED_PRODUCTION_CASE
http://w3id.org/protys/fixture#Load00027_Flow_Water,http://w3id.org/protys/fixture#Load00027_LCIProcess,http://w3id.org/protys/fixture#Load00027_Process,http://w3id.org/protys/fixture#Water,89.67,kg,ProductFlow,PURCHASED_TECHNOSPHERE_INPUT,NO,SIMULATED_PRODUCTION_CASE
http://w3id.org/protys/fixture#Load00027_Flow_Biocide,http://w3id.org/protys/fixture#Load00027_LCIProcess,http://w3id.org/protys/fixture#Load00027_Process,http://w3id.org/protys/fixture#Biocide,1.83,kg,ProductFlow,PURCHASED_TECHNOSPHERE_INPUT,NO,SIMULATED_PRODUCTION_CASE
http://w3id.org/protys/fixture#Load00028_Flow_TitaniumDioxide,http://w3id.org/protys/fixture#Load00028_LCIProcess,http://w3id.org/protys/fixture#Load00028_Process,http://w3id.org/protys/fixture#TitaniumDioxide,37.8,kg,ProductFlow,PURCHASED_TECHNOSPHERE_INPUT,NO,SIMULATED_PRODUCTION_CASE
http://w3id.org/protys/fixture#Load00028_Flow_AcrylicResin,http://w3id.org/protys/fixture#Load00028_LCIProcess,http://w3id.org/protys/fixture#Load00028_Process,http://w3id.org/protys/fixture#AcrylicResin,56.7,kg,ProductFlow,PURCHASED_TECHNOSPHERE_INPUT,NO,SIMULATED_PRODUCTION_CASE
http://w3id.org/protys/fixture#Load00028_Flow_Water,http://w3id.org/protys/fixture#Load00028_LCIProcess,http://w3id.org/protys/fixture#Load00028_Process,http://w3id.org/protys/fixture#Water,92.61,kg,ProductFlow,PURCHASED_TECHNOSPHERE_INPUT,NO,SIMULATED_PRODUCTION_CASE
http://w3id.org/protys/fixture#Load00028_Flow_Biocide,http://w3id.org/protys/fixture#Load00028_LCIProcess,http://w3id.org/protys/fixture#Load00028_Process,http://w3id.org/protys/fixture#Biocide,1.89,kg,ProductFlow,PURCHASED_TECHNOSPHERE_INPUT,NO,SIMULATED_PRODUCTION_CASE
http://w3id.org/protys/fixture#Load00029_Flow_TitaniumDioxide,http://w3id.org/protys/fixture#Load00029_LCIProcess,http://w3id.org/protys/fixture#Load00029_Process,http://w3id.org/protys/fixture#TitaniumDioxide,33.8,kg,ProductFlow,PURCHASED_TECHNOSPHERE_INPUT,NO,SIMULATED_PRODUCTION_CASE
http://w3id.org/protys/fixture#Load00029_Flow_AcrylicResin,http://w3id.org/protys/fixture#Load00029_LCIProcess,http://w3id.org/protys/fixture#Load00029_Process,http://w3id.org/protys/fixture#AcrylicResin,50.7,kg,ProductFlow,PURCHASED_TECHNOSPHERE_INPUT,NO,SIMULATED_PRODUCTION_CASE
http://w3id.org/protys/fixture#Load00029_Flow_Water,http://w3id.org/protys/fixture#Load00029_LCIProcess,http://w3id.org/protys/fixture#Load00029_Process,http://w3id.org/protys/fixture#Water,82.81,kg,ProductFlow,PURCHASED_TECHNOSPHERE_INPUT,NO,SIMULATED_PRODUCTION_CASE
http://w3id.org/protys/fixture#Load00029_Flow_Biocide,http://w3id.org/protys/fixture#Load00029_LCIProcess,http://w3id.org/protys/fixture#Load00029_Process,http://w3id.org/protys/fixture#Biocide,1.69,kg,ProductFlow,PURCHASED_TECHNOSPHERE_INPUT,NO,SIMULATED_PRODUCTION_CASE
http://w3id.org/protys/fixture#Load00030_Flow_TitaniumDioxide,http://w3id.org/protys/fixture#Load00030_LCIProcess,http://w3id.org/protys/fixture#Load00030_Process,http://w3id.org/protys/fixture#TitaniumDioxide,30.6,kg,ProductFlow,PURCHASED_TECHNOSPHERE_INPUT,NO,SIMULATED_PRODUCTION_CASE
http://w3id.org/protys/fixture#Load00030_Flow_AcrylicResin,http://w3id.org/protys/fixture#Load00030_LCIProcess,http://w3id.org/protys/fixture#Load00030_Process,http://w3id.org/protys/fixture#AcrylicResin,45.9,kg,ProductFlow,PURCHASED_TECHNOSPHERE_INPUT,NO,SIMULATED_PRODUCTION_CASE
http://w3id.org/protys/fixture#Load00030_Flow_Water,http://w3id.org/protys/fixture#Load00030_LCIProcess,http://w3id.org/protys/fixture#Load00030_Process,http://w3id.org/protys/fixture#Water,74.97,kg,ProductFlow,PURCHASED_TECHNOSPHERE_INPUT,NO,SIMULATED_PRODUCTION_CASE
http://w3id.org/protys/fixture#Load00030_Flow_Biocide,http://w3id.org/protys/fixture#Load00030_LCIProcess,http://w3id.org/protys/fixture#Load00030_Process,http://w3id.org/protys/fixture#Biocide,1.53,kg,ProductFlow,PURCHASED_TECHNOSPHERE_INPUT,NO,SIMULATED_PRODUCTION_CASE
http://w3id.org/protys/fixture#Load00031_Flow_TitaniumDioxide,http://w3id.org/protys/fixture#Load00031_LCIProcess,http://w3id.org/protys/fixture#Load00031_Process,http://w3id.org/protys/fixture#TitaniumDioxide,25.6,kg,ProductFlow,PURCHASED_TECHNOSPHERE_INPUT,NO,SIMULATED_PRODUCTION_CASE
http://w3id.org/protys/fixture#Load00031_Flow_AcrylicResin,http://w3id.org/protys/fixture#Load00031_LCIProcess,http://w3id.org/protys/fixture#Load00031_Process,http://w3id.org/protys/fixture#AcrylicResin,38.4,kg,ProductFlow,PURCHASED_TECHNOSPHERE_INPUT,NO,SIMULATED_PRODUCTION_CASE
http://w3id.org/protys/fixture#Load00031_Flow_Water,http://w3id.org/protys/fixture#Load00031_LCIProcess,http://w3id.org/protys/fixture#Load00031_Process,http://w3id.org/protys/fixture#Water,62.72,kg,ProductFlow,PURCHASED_TECHNOSPHERE_INPUT,NO,SIMULATED_PRODUCTION_CASE
http://w3id.org/protys/fixture#Load00031_Flow_Biocide,http://w3id.org/protys/fixture#Load00031_LCIProcess,http://w3id.org/protys/fixture#Load00031_Process,http://w3id.org/protys/fixture#Biocide,1.28,kg,ProductFlow,PURCHASED_TECHNOSPHERE_INPUT,NO,SIMULATED_PRODUCTION_CASE
http://w3id.org/protys/fixture#Load00032_Flow_TitaniumDioxide,http://w3id.org/protys/fixture#Load00032_LCIProcess,http://w3id.org/protys/fixture#Load00032_Process,http://w3id.org/protys/fixture#TitaniumDioxide,31.4,kg,ProductFlow,PURCHASED_TECHNOSPHERE_INPUT,NO,SIMULATED_PRODUCTION_CASE
http://w3id.org/protys/fixture#Load00032_Flow_AcrylicResin,http://w3id.org/protys/fixture#Load00032_LCIProcess,http://w3id.org/protys/fixture#Load00032_Process,http://w3id.org/protys/fixture#AcrylicResin,47.1,kg,ProductFlow,PURCHASED_TECHNOSPHERE_INPUT,NO,SIMULATED_PRODUCTION_CASE
http://w3id.org/protys/fixture#Load00032_Flow_Water,http://w3id.org/protys/fixture#Load00032_LCIProcess,http://w3id.org/protys/fixture#Load00032_Process,http://w3id.org/protys/fixture#Water,76.93,kg,ProductFlow,PURCHASED_TECHNOSPHERE_INPUT,NO,SIMULATED_PRODUCTION_CASE
http://w3id.org/protys/fixture#Load00032_Flow_Biocide,http://w3id.org/protys/fixture#Load00032_LCIProcess,http://w3id.org/protys/fixture#Load00032_Process,http://w3id.org/protys/fixture#Biocide,1.57,kg,ProductFlow,PURCHASED_TECHNOSPHERE_INPUT,NO,SIMULATED_PRODUCTION_CASE
http://w3id.org/protys/fixture#Load00033_Flow_TitaniumDioxide,http://w3id.org/protys/fixture#Load00033_LCIProcess,http://w3id.org/protys/fixture#Load00033_Process,http://w3id.org/protys/fixture#TitaniumDioxide,35,kg,ProductFlow,PURCHASED_TECHNOSPHERE_INPUT,NO,SIMULATED_PRODUCTION_CASE
http://w3id.org/protys/fixture#Load00033_Flow_AcrylicResin,http://w3id.org/protys/fixture#Load00033_LCIProcess,http://w3id.org/protys/fixture#Load00033_Process,http://w3id.org/protys/fixture#AcrylicResin,52.5,kg,ProductFlow,PURCHASED_TECHNOSPHERE_INPUT,NO,SIMULATED_PRODUCTION_CASE
http://w3id.org/protys/fixture#Load00033_Flow_Water,http://w3id.org/protys/fixture#Load00033_LCIProcess,http://w3id.org/protys/fixture#Load00033_Process,http://w3id.org/protys/fixture#Water,85.75,kg,ProductFlow,PURCHASED_TECHNOSPHERE_INPUT,NO,SIMULATED_PRODUCTION_CASE
http://w3id.org/protys/fixture#Load00033_Flow_Biocide,http://w3id.org/protys/fixture#Load00033_LCIProcess,http://w3id.org/protys/fixture#Load00033_Process,http://w3id.org/protys/fixture#Biocide,1.75,kg,ProductFlow,PURCHASED_TECHNOSPHERE_INPUT,NO,SIMULATED_PRODUCTION_CASE
http://w3id.org/protys/fixture#Load00034_Flow_TitaniumDioxide,http://w3id.org/protys/fixture#Load00034_LCIProcess,http://w3id.org/protys/fixture#Load00034_Process,http://w3id.org/protys/fixture#TitaniumDioxide,27,kg,ProductFlow,PURCHASED_TECHNOSPHERE_INPUT,NO,SIMULATED_PRODUCTION_CASE
http://w3id.org/protys/fixture#Load00034_Flow_AcrylicResin,http://w3id.org/protys/fixture#Load00034_LCIProcess,http://w3id.org/protys/fixture#Load00034_Process,http://w3id.org/protys/fixture#AcrylicResin,40.5,kg,ProductFlow,PURCHASED_TECHNOSPHERE_INPUT,NO,SIMULATED_PRODUCTION_CASE
http://w3id.org/protys/fixture#Load00034_Flow_Water,http://w3id.org/protys/fixture#Load00034_LCIProcess,http://w3id.org/protys/fixture#Load00034_Process,http://w3id.org/protys/fixture#Water,66.15,kg,ProductFlow,PURCHASED_TECHNOSPHERE_INPUT,NO,SIMULATED_PRODUCTION_CASE
http://w3id.org/protys/fixture#Load00034_Flow_Biocide,http://w3id.org/protys/fixture#Load00034_LCIProcess,http://w3id.org/protys/fixture#Load00034_Process,http://w3id.org/protys/fixture#Biocide,1.35,kg,ProductFlow,PURCHASED_TECHNOSPHERE_INPUT,NO,SIMULATED_PRODUCTION_CASE
http://w3id.org/protys/fixture#Load00035_Flow_TitaniumDioxide,http://w3id.org/protys/fixture#Load00035_LCIProcess,http://w3id.org/protys/fixture#Load00035_Process,http://w3id.org/protys/fixture#TitaniumDioxide,20,kg,ProductFlow,PURCHASED_TECHNOSPHERE_INPUT,NO,SIMULATED_PRODUCTION_CASE
http://w3id.org/protys/fixture#Load00035_Flow_AcrylicResin,http://w3id.org/protys/fixture#Load00035_LCIProcess,http://w3id.org/protys/fixture#Load00035_Process,http://w3id.org/protys/fixture#AcrylicResin,30,kg,ProductFlow,PURCHASED_TECHNOSPHERE_INPUT,NO,SIMULATED_PRODUCTION_CASE
http://w3id.org/protys/fixture#Load00035_Flow_Water,http://w3id.org/protys/fixture#Load00035_LCIProcess,http://w3id.org/protys/fixture#Load00035_Process,http://w3id.org/protys/fixture#Water,49,kg,ProductFlow,PURCHASED_TECHNOSPHERE_INPUT,NO,SIMULATED_PRODUCTION_CASE
http://w3id.org/protys/fixture#Load00035_Flow_Biocide,http://w3id.org/protys/fixture#Load00035_LCIProcess,http://w3id.org/protys/fixture#Load00035_Process,http://w3id.org/protys/fixture#Biocide,1,kg,ProductFlow,PURCHASED_TECHNOSPHERE_INPUT,NO,SIMULATED_PRODUCTION_CASE
http://w3id.org/protys/fixture#Load00036_Flow_TitaniumDioxide,http://w3id.org/protys/fixture#Load00036_LCIProcess,http://w3id.org/protys/fixture#Load00036_Process,http://w3id.org/protys/fixture#TitaniumDioxide,39.4,kg,ProductFlow,PURCHASED_TECHNOSPHERE_INPUT,NO,SIMULATED_PRODUCTION_CASE
http://w3id.org/protys/fixture#Load00036_Flow_AcrylicResin,http://w3id.org/protys/fixture#Load00036_LCIProcess,http://w3id.org/protys/fixture#Load00036_Process,http://w3id.org/protys/fixture#AcrylicResin,59.1,kg,ProductFlow,PURCHASED_TECHNOSPHERE_INPUT,NO,SIMULATED_PRODUCTION_CASE
http://w3id.org/protys/fixture#Load00036_Flow_Water,http://w3id.org/protys/fixture#Load00036_LCIProcess,http://w3id.org/protys/fixture#Load00036_Process,http://w3id.org/protys/fixture#Water,96.53,kg,ProductFlow,PURCHASED_TECHNOSPHERE_INPUT,NO,SIMULATED_PRODUCTION_CASE
http://w3id.org/protys/fixture#Load00036_Flow_Biocide,http://w3id.org/protys/fixture#Load00036_LCIProcess,http://w3id.org/protys/fixture#Load00036_Process,http://w3id.org/protys/fixture#Biocide,1.97,kg,ProductFlow,PURCHASED_TECHNOSPHERE_INPUT,NO,SIMULATED_PRODUCTION_CASE
http://w3id.org/protys/fixture#Load00037_Flow_TitaniumDioxide,http://w3id.org/protys/fixture#Load00037_LCIProcess,http://w3id.org/protys/fixture#Load00037_Process,http://w3id.org/protys/fixture#TitaniumDioxide,24,kg,ProductFlow,PURCHASED_TECHNOSPHERE_INPUT,NO,SIMULATED_PRODUCTION_CASE
http://w3id.org/protys/fixture#Load00037_Flow_AcrylicResin,http://w3id.org/protys/fixture#Load00037_LCIProcess,http://w3id.org/protys/fixture#Load00037_Process,http://w3id.org/protys/fixture#AcrylicResin,36,kg,ProductFlow,PURCHASED_TECHNOSPHERE_INPUT,NO,SIMULATED_PRODUCTION_CASE
http://w3id.org/protys/fixture#Load00037_Flow_Water,http://w3id.org/protys/fixture#Load00037_LCIProcess,http://w3id.org/protys/fixture#Load00037_Process,http://w3id.org/protys/fixture#Water,58.8,kg,ProductFlow,PURCHASED_TECHNOSPHERE_INPUT,NO,SIMULATED_PRODUCTION_CASE
http://w3id.org/protys/fixture#Load00037_Flow_Biocide,http://w3id.org/protys/fixture#Load00037_LCIProcess,http://w3id.org/protys/fixture#Load00037_Process,http://w3id.org/protys/fixture#Biocide,1.2,kg,ProductFlow,PURCHASED_TECHNOSPHERE_INPUT,NO,SIMULATED_PRODUCTION_CASE
http://w3id.org/protys/fixture#Load00038_Flow_TitaniumDioxide,http://w3id.org/protys/fixture#Load00038_LCIProcess,http://w3id.org/protys/fixture#Load00038_Process,http://w3id.org/protys/fixture#TitaniumDioxide,37.8,kg,ProductFlow,PURCHASED_TECHNOSPHERE_INPUT,NO,SIMULATED_PRODUCTION_CASE
http://w3id.org/protys/fixture#Load00038_Flow_AcrylicResin,http://w3id.org/protys/fixture#Load00038_LCIProcess,http://w3id.org/protys/fixture#Load00038_Process,http://w3id.org/protys/fixture#AcrylicResin,56.7,kg,ProductFlow,PURCHASED_TECHNOSPHERE_INPUT,NO,SIMULATED_PRODUCTION_CASE
http://w3id.org/protys/fixture#Load00038_Flow_Water,http://w3id.org/protys/fixture#Load00038_LCIProcess,http://w3id.org/protys/fixture#Load00038_Process,http://w3id.org/protys/fixture#Water,92.61,kg,ProductFlow,PURCHASED_TECHNOSPHERE_INPUT,NO,SIMULATED_PRODUCTION_CASE
http://w3id.org/protys/fixture#Load00038_Flow_Biocide,http://w3id.org/protys/fixture#Load00038_LCIProcess,http://w3id.org/protys/fixture#Load00038_Process,http://w3id.org/protys/fixture#Biocide,1.89,kg,ProductFlow,PURCHASED_TECHNOSPHERE_INPUT,NO,SIMULATED_PRODUCTION_CASE
http://w3id.org/protys/fixture#Load00039_Flow_TitaniumDioxide,http://w3id.org/protys/fixture#Load00039_LCIProcess,http://w3id.org/protys/fixture#Load00039_Process,http://w3id.org/protys/fixture#TitaniumDioxide,30.8,kg,ProductFlow,PURCHASED_TECHNOSPHERE_INPUT,NO,SIMULATED_PRODUCTION_CASE
http://w3id.org/protys/fixture#Load00039_Flow_AcrylicResin,http://w3id.org/protys/fixture#Load00039_LCIProcess,http://w3id.org/protys/fixture#Load00039_Process,http://w3id.org/protys/fixture#AcrylicResin,46.2,kg,ProductFlow,PURCHASED_TECHNOSPHERE_INPUT,NO,SIMULATED_PRODUCTION_CASE
http://w3id.org/protys/fixture#Load00039_Flow_Water,http://w3id.org/protys/fixture#Load00039_LCIProcess,http://w3id.org/protys/fixture#Load00039_Process,http://w3id.org/protys/fixture#Water,75.46,kg,ProductFlow,PURCHASED_TECHNOSPHERE_INPUT,NO,SIMULATED_PRODUCTION_CASE
http://w3id.org/protys/fixture#Load00039_Flow_Biocide,http://w3id.org/protys/fixture#Load00039_LCIProcess,http://w3id.org/protys/fixture#Load00039_Process,http://w3id.org/protys/fixture#Biocide,1.54,kg,ProductFlow,PURCHASED_TECHNOSPHERE_INPUT,NO,SIMULATED_PRODUCTION_CASE
http://w3id.org/protys/fixture#Load00040_Flow_TitaniumDioxide,http://w3id.org/protys/fixture#Load00040_LCIProcess,http://w3id.org/protys/fixture#Load00040_Process,http://w3id.org/protys/fixture#TitaniumDioxide,28.6,kg,ProductFlow,PURCHASED_TECHNOSPHERE_INPUT,NO,SIMULATED_PRODUCTION_CASE
http://w3id.org/protys/fixture#Load00040_Flow_AcrylicResin,http://w3id.org/protys/fixture#Load00040_LCIProcess,http://w3id.org/protys/fixture#Load00040_Process,http://w3id.org/protys/fixture#AcrylicResin,42.9,kg,ProductFlow,PURCHASED_TECHNOSPHERE_INPUT,NO,SIMULATED_PRODUCTION_CASE
http://w3id.org/protys/fixture#Load00040_Flow_Water,http://w3id.org/protys/fixture#Load00040_LCIProcess,http://w3id.org/protys/fixture#Load00040_Process,http://w3id.org/protys/fixture#Water,70.07,kg,ProductFlow,PURCHASED_TECHNOSPHERE_INPUT,NO,SIMULATED_PRODUCTION_CASE
http://w3id.org/protys/fixture#Load00040_Flow_Biocide,http://w3id.org/protys/fixture#Load00040_LCIProcess,http://w3id.org/protys/fixture#Load00040_Process,http://w3id.org/protys/fixture#Biocide,1.43,kg,ProductFlow,PURCHASED_TECHNOSPHERE_INPUT,NO,SIMULATED_PRODUCTION_CASE
http://w3id.org/protys/fixture#Load00041_Flow_TitaniumDioxide,http://w3id.org/protys/fixture#Load00041_LCIProcess,http://w3id.org/protys/fixture#Load00041_Process,http://w3id.org/protys/fixture#TitaniumDioxide,27,kg,ProductFlow,PURCHASED_TECHNOSPHERE_INPUT,NO,SIMULATED_PRODUCTION_CASE
http://w3id.org/protys/fixture#Load00041_Flow_AcrylicResin,http://w3id.org/protys/fixture#Load00041_LCIProcess,http://w3id.org/protys/fixture#Load00041_Process,http://w3id.org/protys/fixture#AcrylicResin,40.5,kg,ProductFlow,PURCHASED_TECHNOSPHERE_INPUT,NO,SIMULATED_PRODUCTION_CASE
http://w3id.org/protys/fixture#Load00041_Flow_Water,http://w3id.org/protys/fixture#Load00041_LCIProcess,http://w3id.org/protys/fixture#Load00041_Process,http://w3id.org/protys/fixture#Water,66.15,kg,ProductFlow,PURCHASED_TECHNOSPHERE_INPUT,NO,SIMULATED_PRODUCTION_CASE
http://w3id.org/protys/fixture#Load00041_Flow_Biocide,http://w3id.org/protys/fixture#Load00041_LCIProcess,http://w3id.org/protys/fixture#Load00041_Process,http://w3id.org/protys/fixture#Biocide,1.35,kg,ProductFlow,PURCHASED_TECHNOSPHERE_INPUT,NO,SIMULATED_PRODUCTION_CASE
http://w3id.org/protys/fixture#Load00042_Flow_TitaniumDioxide,http://w3id.org/protys/fixture#Load00042_LCIProcess,http://w3id.org/protys/fixture#Load00042_Process,http://w3id.org/protys/fixture#TitaniumDioxide,23.8,kg,ProductFlow,PURCHASED_TECHNOSPHERE_INPUT,NO,SIMULATED_PRODUCTION_CASE
http://w3id.org/protys/fixture#Load00042_Flow_AcrylicResin,http://w3id.org/protys/fixture#Load00042_LCIProcess,http://w3id.org/protys/fixture#Load00042_Process,http://w3id.org/protys/fixture#AcrylicResin,35.7,kg,ProductFlow,PURCHASED_TECHNOSPHERE_INPUT,NO,SIMULATED_PRODUCTION_CASE
http://w3id.org/protys/fixture#Load00042_Flow_Water,http://w3id.org/protys/fixture#Load00042_LCIProcess,http://w3id.org/protys/fixture#Load00042_Process,http://w3id.org/protys/fixture#Water,58.31,kg,ProductFlow,PURCHASED_TECHNOSPHERE_INPUT,NO,SIMULATED_PRODUCTION_CASE
http://w3id.org/protys/fixture#Load00042_Flow_Biocide,http://w3id.org/protys/fixture#Load00042_LCIProcess,http://w3id.org/protys/fixture#Load00042_Process,http://w3id.org/protys/fixture#Biocide,1.19,kg,ProductFlow,PURCHASED_TECHNOSPHERE_INPUT,NO,SIMULATED_PRODUCTION_CASE
http://w3id.org/protys/fixture#Load00043_Flow_TitaniumDioxide,http://w3id.org/protys/fixture#Load00043_LCIProcess,http://w3id.org/protys/fixture#Load00043_Process,http://w3id.org/protys/fixture#TitaniumDioxide,25.4,kg,ProductFlow,PURCHASED_TECHNOSPHERE_INPUT,NO,SIMULATED_PRODUCTION_CASE
http://w3id.org/protys/fixture#Load00043_Flow_AcrylicResin,http://w3id.org/protys/fixture#Load00043_LCIProcess,http://w3id.org/protys/fixture#Load00043_Process,http://w3id.org/protys/fixture#AcrylicResin,38.1,kg,ProductFlow,PURCHASED_TECHNOSPHERE_INPUT,NO,SIMULATED_PRODUCTION_CASE
http://w3id.org/protys/fixture#Load00043_Flow_Water,http://w3id.org/protys/fixture#Load00043_LCIProcess,http://w3id.org/protys/fixture#Load00043_Process,http://w3id.org/protys/fixture#Water,62.23,kg,ProductFlow,PURCHASED_TECHNOSPHERE_INPUT,NO,SIMULATED_PRODUCTION_CASE
http://w3id.org/protys/fixture#Load00043_Flow_Biocide,http://w3id.org/protys/fixture#Load00043_LCIProcess,http://w3id.org/protys/fixture#Load00043_Process,http://w3id.org/protys/fixture#Biocide,1.27,kg,ProductFlow,PURCHASED_TECHNOSPHERE_INPUT,NO,SIMULATED_PRODUCTION_CASE
http://w3id.org/protys/fixture#Load00044_Flow_TitaniumDioxide,http://w3id.org/protys/fixture#Load00044_LCIProcess,http://w3id.org/protys/fixture#Load00044_Process,http://w3id.org/protys/fixture#TitaniumDioxide,39.4,kg,ProductFlow,PURCHASED_TECHNOSPHERE_INPUT,NO,SIMULATED_PRODUCTION_CASE
http://w3id.org/protys/fixture#Load00044_Flow_AcrylicResin,http://w3id.org/protys/fixture#Load00044_LCIProcess,http://w3id.org/protys/fixture#Load00044_Process,http://w3id.org/protys/fixture#AcrylicResin,59.1,kg,ProductFlow,PURCHASED_TECHNOSPHERE_INPUT,NO,SIMULATED_PRODUCTION_CASE
http://w3id.org/protys/fixture#Load00044_Flow_Water,http://w3id.org/protys/fixture#Load00044_LCIProcess,http://w3id.org/protys/fixture#Load00044_Process,http://w3id.org/protys/fixture#Water,96.53,kg,ProductFlow,PURCHASED_TECHNOSPHERE_INPUT,NO,SIMULATED_PRODUCTION_CASE
http://w3id.org/protys/fixture#Load00044_Flow_Biocide,http://w3id.org/protys/fixture#Load00044_LCIProcess,http://w3id.org/protys/fixture#Load00044_Process,http://w3id.org/protys/fixture#Biocide,1.97,kg,ProductFlow,PURCHASED_TECHNOSPHERE_INPUT,NO,SIMULATED_PRODUCTION_CASE
http://w3id.org/protys/fixture#Load00045_Flow_TitaniumDioxide,http://w3id.org/protys/fixture#Load00045_LCIProcess,http://w3id.org/protys/fixture#Load00045_Process,http://w3id.org/protys/fixture#TitaniumDioxide,28.6,kg,ProductFlow,PURCHASED_TECHNOSPHERE_INPUT,NO,SIMULATED_PRODUCTION_CASE
http://w3id.org/protys/fixture#Load00045_Flow_AcrylicResin,http://w3id.org/protys/fixture#Load00045_LCIProcess,http://w3id.org/protys/fixture#Load00045_Process,http://w3id.org/protys/fixture#AcrylicResin,42.9,kg,ProductFlow,PURCHASED_TECHNOSPHERE_INPUT,NO,SIMULATED_PRODUCTION_CASE
http://w3id.org/protys/fixture#Load00045_Flow_Water,http://w3id.org/protys/fixture#Load00045_LCIProcess,http://w3id.org/protys/fixture#Load00045_Process,http://w3id.org/protys/fixture#Water,70.07,kg,ProductFlow,PURCHASED_TECHNOSPHERE_INPUT,NO,SIMULATED_PRODUCTION_CASE
http://w3id.org/protys/fixture#Load00045_Flow_Biocide,http://w3id.org/protys/fixture#Load00045_LCIProcess,http://w3id.org/protys/fixture#Load00045_Process,http://w3id.org/protys/fixture#Biocide,1.43,kg,ProductFlow,PURCHASED_TECHNOSPHERE_INPUT,NO,SIMULATED_PRODUCTION_CASE
http://w3id.org/protys/fixture#Load00046_Flow_TitaniumDioxide,http://w3id.org/protys/fixture#Load00046_LCIProcess,http://w3id.org/protys/fixture#Load00046_Process,http://w3id.org/protys/fixture#TitaniumDioxide,22.6,kg,ProductFlow,PURCHASED_TECHNOSPHERE_INPUT,NO,SIMULATED_PRODUCTION_CASE
http://w3id.org/protys/fixture#Load00046_Flow_AcrylicResin,http://w3id.org/protys/fixture#Load00046_LCIProcess,http://w3id.org/protys/fixture#Load00046_Process,http://w3id.org/protys/fixture#AcrylicResin,33.9,kg,ProductFlow,PURCHASED_TECHNOSPHERE_INPUT,NO,SIMULATED_PRODUCTION_CASE
http://w3id.org/protys/fixture#Load00046_Flow_Water,http://w3id.org/protys/fixture#Load00046_LCIProcess,http://w3id.org/protys/fixture#Load00046_Process,http://w3id.org/protys/fixture#Water,55.37,kg,ProductFlow,PURCHASED_TECHNOSPHERE_INPUT,NO,SIMULATED_PRODUCTION_CASE
http://w3id.org/protys/fixture#Load00046_Flow_Biocide,http://w3id.org/protys/fixture#Load00046_LCIProcess,http://w3id.org/protys/fixture#Load00046_Process,http://w3id.org/protys/fixture#Biocide,1.13,kg,ProductFlow,PURCHASED_TECHNOSPHERE_INPUT,NO,SIMULATED_PRODUCTION_CASE
http://w3id.org/protys/fixture#Load00047_Flow_TitaniumDioxide,http://w3id.org/protys/fixture#Load00047_LCIProcess,http://w3id.org/protys/fixture#Load00047_Process,http://w3id.org/protys/fixture#TitaniumDioxide,22.2,kg,ProductFlow,PURCHASED_TECHNOSPHERE_INPUT,NO,SIMULATED_PRODUCTION_CASE
http://w3id.org/protys/fixture#Load00047_Flow_AcrylicResin,http://w3id.org/protys/fixture#Load00047_LCIProcess,http://w3id.org/protys/fixture#Load00047_Process,http://w3id.org/protys/fixture#AcrylicResin,33.3,kg,ProductFlow,PURCHASED_TECHNOSPHERE_INPUT,NO,SIMULATED_PRODUCTION_CASE
http://w3id.org/protys/fixture#Load00047_Flow_Water,http://w3id.org/protys/fixture#Load00047_LCIProcess,http://w3id.org/protys/fixture#Load00047_Process,http://w3id.org/protys/fixture#Water,54.39,kg,ProductFlow,PURCHASED_TECHNOSPHERE_INPUT,NO,SIMULATED_PRODUCTION_CASE
http://w3id.org/protys/fixture#Load00047_Flow_Biocide,http://w3id.org/protys/fixture#Load00047_LCIProcess,http://w3id.org/protys/fixture#Load00047_Process,http://w3id.org/protys/fixture#Biocide,1.11,kg,ProductFlow,PURCHASED_TECHNOSPHERE_INPUT,NO,SIMULATED_PRODUCTION_CASE
http://w3id.org/protys/fixture#Load00048_Flow_TitaniumDioxide,http://w3id.org/protys/fixture#Load00048_LCIProcess,http://w3id.org/protys/fixture#Load00048_Process,http://w3id.org/protys/fixture#TitaniumDioxide,29.6,kg,ProductFlow,PURCHASED_TECHNOSPHERE_INPUT,NO,SIMULATED_PRODUCTION_CASE
http://w3id.org/protys/fixture#Load00048_Flow_AcrylicResin,http://w3id.org/protys/fixture#Load00048_LCIProcess,http://w3id.org/protys/fixture#Load00048_Process,http://w3id.org/protys/fixture#AcrylicResin,44.4,kg,ProductFlow,PURCHASED_TECHNOSPHERE_INPUT,NO,SIMULATED_PRODUCTION_CASE
http://w3id.org/protys/fixture#Load00048_Flow_Water,http://w3id.org/protys/fixture#Load00048_LCIProcess,http://w3id.org/protys/fixture#Load00048_Process,http://w3id.org/protys/fixture#Water,72.52,kg,ProductFlow,PURCHASED_TECHNOSPHERE_INPUT,NO,SIMULATED_PRODUCTION_CASE
http://w3id.org/protys/fixture#Load00048_Flow_Biocide,http://w3id.org/protys/fixture#Load00048_LCIProcess,http://w3id.org/protys/fixture#Load00048_Process,http://w3id.org/protys/fixture#Biocide,1.48,kg,ProductFlow,PURCHASED_TECHNOSPHERE_INPUT,NO,SIMULATED_PRODUCTION_CASE
http://w3id.org/protys/fixture#Load00049_Flow_TitaniumDioxide,http://w3id.org/protys/fixture#Load00049_LCIProcess,http://w3id.org/protys/fixture#Load00049_Process,http://w3id.org/protys/fixture#TitaniumDioxide,22.4,kg,ProductFlow,PURCHASED_TECHNOSPHERE_INPUT,NO,SIMULATED_PRODUCTION_CASE
http://w3id.org/protys/fixture#Load00049_Flow_AcrylicResin,http://w3id.org/protys/fixture#Load00049_LCIProcess,http://w3id.org/protys/fixture#Load00049_Process,http://w3id.org/protys/fixture#AcrylicResin,33.6,kg,ProductFlow,PURCHASED_TECHNOSPHERE_INPUT,NO,SIMULATED_PRODUCTION_CASE
http://w3id.org/protys/fixture#Load00049_Flow_Water,http://w3id.org/protys/fixture#Load00049_LCIProcess,http://w3id.org/protys/fixture#Load00049_Process,http://w3id.org/protys/fixture#Water,54.88,kg,ProductFlow,PURCHASED_TECHNOSPHERE_INPUT,NO,SIMULATED_PRODUCTION_CASE
http://w3id.org/protys/fixture#Load00049_Flow_Biocide,http://w3id.org/protys/fixture#Load00049_LCIProcess,http://w3id.org/protys/fixture#Load00049_Process,http://w3id.org/protys/fixture#Biocide,1.12,kg,ProductFlow,PURCHASED_TECHNOSPHERE_INPUT,NO,SIMULATED_PRODUCTION_CASE
http://w3id.org/protys/fixture#Load00050_Flow_TitaniumDioxide,http://w3id.org/protys/fixture#Load00050_LCIProcess,http://w3id.org/protys/fixture#Load00050_Process,http://w3id.org/protys/fixture#TitaniumDioxide,29,kg,ProductFlow,PURCHASED_TECHNOSPHERE_INPUT,NO,SIMULATED_PRODUCTION_CASE
http://w3id.org/protys/fixture#Load00050_Flow_AcrylicResin,http://w3id.org/protys/fixture#Load00050_LCIProcess,http://w3id.org/protys/fixture#Load00050_Process,http://w3id.org/protys/fixture#AcrylicResin,43.5,kg,ProductFlow,PURCHASED_TECHNOSPHERE_INPUT,NO,SIMULATED_PRODUCTION_CASE
http://w3id.org/protys/fixture#Load00050_Flow_Water,http://w3id.org/protys/fixture#Load00050_LCIProcess,http://w3id.org/protys/fixture#Load00050_Process,http://w3id.org/protys/fixture#Water,71.05,kg,ProductFlow,PURCHASED_TECHNOSPHERE_INPUT,NO,SIMULATED_PRODUCTION_CASE
http://w3id.org/protys/fixture#Load00050_Flow_Biocide,http://w3id.org/protys/fixture#Load00050_LCIProcess,http://w3id.org/protys/fixture#Load00050_Process,http://w3id.org/protys/fixture#Biocide,1.45,kg,ProductFlow,PURCHASED_TECHNOSPHERE_INPUT,NO,SIMULATED_PRODUCTION_CASE
http://w3id.org/protys/fixture#Load00051_Flow_TitaniumDioxide,http://w3id.org/protys/fixture#Load00051_LCIProcess,http://w3id.org/protys/fixture#Load00051_Process,http://w3id.org/protys/fixture#TitaniumDioxide,28.8,kg,ProductFlow,PURCHASED_TECHNOSPHERE_INPUT,NO,SIMULATED_PRODUCTION_CASE
http://w3id.org/protys/fixture#Load00051_Flow_AcrylicResin,http://w3id.org/protys/fixture#Load00051_LCIProcess,http://w3id.org/protys/fixture#Load00051_Process,http://w3id.org/protys/fixture#AcrylicResin,43.2,kg,ProductFlow,PURCHASED_TECHNOSPHERE_INPUT,NO,SIMULATED_PRODUCTION_CASE
http://w3id.org/protys/fixture#Load00051_Flow_Water,http://w3id.org/protys/fixture#Load00051_LCIProcess,http://w3id.org/protys/fixture#Load00051_Process,http://w3id.org/protys/fixture#Water,70.56,kg,ProductFlow,PURCHASED_TECHNOSPHERE_INPUT,NO,SIMULATED_PRODUCTION_CASE
http://w3id.org/protys/fixture#Load00051_Flow_Biocide,http://w3id.org/protys/fixture#Load00051_LCIProcess,http://w3id.org/protys/fixture#Load00051_Process,http://w3id.org/protys/fixture#Biocide,1.44,kg,ProductFlow,PURCHASED_TECHNOSPHERE_INPUT,NO,SIMULATED_PRODUCTION_CASE
http://w3id.org/protys/fixture#Load00052_Flow_TitaniumDioxide,http://w3id.org/protys/fixture#Load00052_LCIProcess,http://w3id.org/protys/fixture#Load00052_Process,http://w3id.org/protys/fixture#TitaniumDioxide,35.4,kg,ProductFlow,PURCHASED_TECHNOSPHERE_INPUT,NO,SIMULATED_PRODUCTION_CASE
http://w3id.org/protys/fixture#Load00052_Flow_AcrylicResin,http://w3id.org/protys/fixture#Load00052_LCIProcess,http://w3id.org/protys/fixture#Load00052_Process,http://w3id.org/protys/fixture#AcrylicResin,53.1,kg,ProductFlow,PURCHASED_TECHNOSPHERE_INPUT,NO,SIMULATED_PRODUCTION_CASE
http://w3id.org/protys/fixture#Load00052_Flow_Water,http://w3id.org/protys/fixture#Load00052_LCIProcess,http://w3id.org/protys/fixture#Load00052_Process,http://w3id.org/protys/fixture#Water,86.73,kg,ProductFlow,PURCHASED_TECHNOSPHERE_INPUT,NO,SIMULATED_PRODUCTION_CASE
http://w3id.org/protys/fixture#Load00052_Flow_Biocide,http://w3id.org/protys/fixture#Load00052_LCIProcess,http://w3id.org/protys/fixture#Load00052_Process,http://w3id.org/protys/fixture#Biocide,1.77,kg,ProductFlow,PURCHASED_TECHNOSPHERE_INPUT,NO,SIMULATED_PRODUCTION_CASE
http://w3id.org/protys/fixture#Load00053_Flow_TitaniumDioxide,http://w3id.org/protys/fixture#Load00053_LCIProcess,http://w3id.org/protys/fixture#Load00053_Process,http://w3id.org/protys/fixture#TitaniumDioxide,26.6,kg,ProductFlow,PURCHASED_TECHNOSPHERE_INPUT,NO,SIMULATED_PRODUCTION_CASE
http://w3id.org/protys/fixture#Load00053_Flow_AcrylicResin,http://w3id.org/protys/fixture#Load00053_LCIProcess,http://w3id.org/protys/fixture#Load00053_Process,http://w3id.org/protys/fixture#AcrylicResin,39.9,kg,ProductFlow,PURCHASED_TECHNOSPHERE_INPUT,NO,SIMULATED_PRODUCTION_CASE
http://w3id.org/protys/fixture#Load00053_Flow_Water,http://w3id.org/protys/fixture#Load00053_LCIProcess,http://w3id.org/protys/fixture#Load00053_Process,http://w3id.org/protys/fixture#Water,65.17,kg,ProductFlow,PURCHASED_TECHNOSPHERE_INPUT,NO,SIMULATED_PRODUCTION_CASE
http://w3id.org/protys/fixture#Load00053_Flow_Biocide,http://w3id.org/protys/fixture#Load00053_LCIProcess,http://w3id.org/protys/fixture#Load00053_Process,http://w3id.org/protys/fixture#Biocide,1.33,kg,ProductFlow,PURCHASED_TECHNOSPHERE_INPUT,NO,SIMULATED_PRODUCTION_CASE
http://w3id.org/protys/fixture#Load00054_Flow_TitaniumDioxide,http://w3id.org/protys/fixture#Load00054_LCIProcess,http://w3id.org/protys/fixture#Load00054_Process,http://w3id.org/protys/fixture#TitaniumDioxide,21,kg,ProductFlow,PURCHASED_TECHNOSPHERE_INPUT,NO,SIMULATED_PRODUCTION_CASE
http://w3id.org/protys/fixture#Load00054_Flow_AcrylicResin,http://w3id.org/protys/fixture#Load00054_LCIProcess,http://w3id.org/protys/fixture#Load00054_Process,http://w3id.org/protys/fixture#AcrylicResin,31.5,kg,ProductFlow,PURCHASED_TECHNOSPHERE_INPUT,NO,SIMULATED_PRODUCTION_CASE
http://w3id.org/protys/fixture#Load00054_Flow_Water,http://w3id.org/protys/fixture#Load00054_LCIProcess,http://w3id.org/protys/fixture#Load00054_Process,http://w3id.org/protys/fixture#Water,51.45,kg,ProductFlow,PURCHASED_TECHNOSPHERE_INPUT,NO,SIMULATED_PRODUCTION_CASE
http://w3id.org/protys/fixture#Load00054_Flow_Biocide,http://w3id.org/protys/fixture#Load00054_LCIProcess,http://w3id.org/protys/fixture#Load00054_Process,http://w3id.org/protys/fixture#Biocide,1.05,kg,ProductFlow,PURCHASED_TECHNOSPHERE_INPUT,NO,SIMULATED_PRODUCTION_CASE
http://w3id.org/protys/fixture#Load00055_Flow_TitaniumDioxide,http://w3id.org/protys/fixture#Load00055_LCIProcess,http://w3id.org/protys/fixture#Load00055_Process,http://w3id.org/protys/fixture#TitaniumDioxide,38.6,kg,ProductFlow,PURCHASED_TECHNOSPHERE_INPUT,NO,SIMULATED_PRODUCTION_CASE
http://w3id.org/protys/fixture#Load00055_Flow_AcrylicResin,http://w3id.org/protys/fixture#Load00055_LCIProcess,http://w3id.org/protys/fixture#Load00055_Process,http://w3id.org/protys/fixture#AcrylicResin,57.9,kg,ProductFlow,PURCHASED_TECHNOSPHERE_INPUT,NO,SIMULATED_PRODUCTION_CASE
http://w3id.org/protys/fixture#Load00055_Flow_Water,http://w3id.org/protys/fixture#Load00055_LCIProcess,http://w3id.org/protys/fixture#Load00055_Process,http://w3id.org/protys/fixture#Water,94.57,kg,ProductFlow,PURCHASED_TECHNOSPHERE_INPUT,NO,SIMULATED_PRODUCTION_CASE
http://w3id.org/protys/fixture#Load00055_Flow_Biocide,http://w3id.org/protys/fixture#Load00055_LCIProcess,http://w3id.org/protys/fixture#Load00055_Process,http://w3id.org/protys/fixture#Biocide,1.93,kg,ProductFlow,PURCHASED_TECHNOSPHERE_INPUT,NO,SIMULATED_PRODUCTION_CASE
http://w3id.org/protys/fixture#Load00056_Flow_TitaniumDioxide,http://w3id.org/protys/fixture#Load00056_LCIProcess,http://w3id.org/protys/fixture#Load00056_Process,http://w3id.org/protys/fixture#TitaniumDioxide,31.6,kg,ProductFlow,PURCHASED_TECHNOSPHERE_INPUT,NO,SIMULATED_PRODUCTION_CASE
http://w3id.org/protys/fixture#Load00056_Flow_AcrylicResin,http://w3id.org/protys/fixture#Load00056_LCIProcess,http://w3id.org/protys/fixture#Load00056_Process,http://w3id.org/protys/fixture#AcrylicResin,47.4,kg,ProductFlow,PURCHASED_TECHNOSPHERE_INPUT,NO,SIMULATED_PRODUCTION_CASE
http://w3id.org/protys/fixture#Load00056_Flow_Water,http://w3id.org/protys/fixture#Load00056_LCIProcess,http://w3id.org/protys/fixture#Load00056_Process,http://w3id.org/protys/fixture#Water,77.42,kg,ProductFlow,PURCHASED_TECHNOSPHERE_INPUT,NO,SIMULATED_PRODUCTION_CASE
http://w3id.org/protys/fixture#Load00056_Flow_Biocide,http://w3id.org/protys/fixture#Load00056_LCIProcess,http://w3id.org/protys/fixture#Load00056_Process,http://w3id.org/protys/fixture#Biocide,1.58,kg,ProductFlow,PURCHASED_TECHNOSPHERE_INPUT,NO,SIMULATED_PRODUCTION_CASE
http://w3id.org/protys/fixture#Load00057_Flow_TitaniumDioxide,http://w3id.org/protys/fixture#Load00057_LCIProcess,http://w3id.org/protys/fixture#Load00057_Process,http://w3id.org/protys/fixture#TitaniumDioxide,33.6,kg,ProductFlow,PURCHASED_TECHNOSPHERE_INPUT,NO,SIMULATED_PRODUCTION_CASE
http://w3id.org/protys/fixture#Load00057_Flow_AcrylicResin,http://w3id.org/protys/fixture#Load00057_LCIProcess,http://w3id.org/protys/fixture#Load00057_Process,http://w3id.org/protys/fixture#AcrylicResin,50.4,kg,ProductFlow,PURCHASED_TECHNOSPHERE_INPUT,NO,SIMULATED_PRODUCTION_CASE
http://w3id.org/protys/fixture#Load00057_Flow_Water,http://w3id.org/protys/fixture#Load00057_LCIProcess,http://w3id.org/protys/fixture#Load00057_Process,http://w3id.org/protys/fixture#Water,82.32,kg,ProductFlow,PURCHASED_TECHNOSPHERE_INPUT,NO,SIMULATED_PRODUCTION_CASE
http://w3id.org/protys/fixture#Load00057_Flow_Biocide,http://w3id.org/protys/fixture#Load00057_LCIProcess,http://w3id.org/protys/fixture#Load00057_Process,http://w3id.org/protys/fixture#Biocide,1.68,kg,ProductFlow,PURCHASED_TECHNOSPHERE_INPUT,NO,SIMULATED_PRODUCTION_CASE
http://w3id.org/protys/fixture#Load00058_Flow_TitaniumDioxide,http://w3id.org/protys/fixture#Load00058_LCIProcess,http://w3id.org/protys/fixture#Load00058_Process,http://w3id.org/protys/fixture#TitaniumDioxide,23,kg,ProductFlow,PURCHASED_TECHNOSPHERE_INPUT,NO,SIMULATED_PRODUCTION_CASE
http://w3id.org/protys/fixture#Load00058_Flow_AcrylicResin,http://w3id.org/protys/fixture#Load00058_LCIProcess,http://w3id.org/protys/fixture#Load00058_Process,http://w3id.org/protys/fixture#AcrylicResin,34.5,kg,ProductFlow,PURCHASED_TECHNOSPHERE_INPUT,NO,SIMULATED_PRODUCTION_CASE
http://w3id.org/protys/fixture#Load00058_Flow_Water,http://w3id.org/protys/fixture#Load00058_LCIProcess,http://w3id.org/protys/fixture#Load00058_Process,http://w3id.org/protys/fixture#Water,56.35,kg,ProductFlow,PURCHASED_TECHNOSPHERE_INPUT,NO,SIMULATED_PRODUCTION_CASE
http://w3id.org/protys/fixture#Load00058_Flow_Biocide,http://w3id.org/protys/fixture#Load00058_LCIProcess,http://w3id.org/protys/fixture#Load00058_Process,http://w3id.org/protys/fixture#Biocide,1.15,kg,ProductFlow,PURCHASED_TECHNOSPHERE_INPUT,NO,SIMULATED_PRODUCTION_CASE
http://w3id.org/protys/fixture#Load00059_Flow_TitaniumDioxide,http://w3id.org/protys/fixture#Load00059_LCIProcess,http://w3id.org/protys/fixture#Load00059_Process,http://w3id.org/protys/fixture#TitaniumDioxide,29.6,kg,ProductFlow,PURCHASED_TECHNOSPHERE_INPUT,NO,SIMULATED_PRODUCTION_CASE
http://w3id.org/protys/fixture#Load00059_Flow_AcrylicResin,http://w3id.org/protys/fixture#Load00059_LCIProcess,http://w3id.org/protys/fixture#Load00059_Process,http://w3id.org/protys/fixture#AcrylicResin,44.4,kg,ProductFlow,PURCHASED_TECHNOSPHERE_INPUT,NO,SIMULATED_PRODUCTION_CASE
http://w3id.org/protys/fixture#Load00059_Flow_Water,http://w3id.org/protys/fixture#Load00059_LCIProcess,http://w3id.org/protys/fixture#Load00059_Process,http://w3id.org/protys/fixture#Water,72.52,kg,ProductFlow,PURCHASED_TECHNOSPHERE_INPUT,NO,SIMULATED_PRODUCTION_CASE
http://w3id.org/protys/fixture#Load00059_Flow_Biocide,http://w3id.org/protys/fixture#Load00059_LCIProcess,http://w3id.org/protys/fixture#Load00059_Process,http://w3id.org/protys/fixture#Biocide,1.48,kg,ProductFlow,PURCHASED_TECHNOSPHERE_INPUT,NO,SIMULATED_PRODUCTION_CASE
http://w3id.org/protys/fixture#Load00060_Flow_TitaniumDioxide,http://w3id.org/protys/fixture#Load00060_LCIProcess,http://w3id.org/protys/fixture#Load00060_Process,http://w3id.org/protys/fixture#TitaniumDioxide,22,kg,ProductFlow,PURCHASED_TECHNOSPHERE_INPUT,NO,SIMULATED_PRODUCTION_CASE
http://w3id.org/protys/fixture#Load00060_Flow_AcrylicResin,http://w3id.org/protys/fixture#Load00060_LCIProcess,http://w3id.org/protys/fixture#Load00060_Process,http://w3id.org/protys/fixture#AcrylicResin,33,kg,ProductFlow,PURCHASED_TECHNOSPHERE_INPUT,NO,SIMULATED_PRODUCTION_CASE
http://w3id.org/protys/fixture#Load00060_Flow_Water,http://w3id.org/protys/fixture#Load00060_LCIProcess,http://w3id.org/protys/fixture#Load00060_Process,http://w3id.org/protys/fixture#Water,53.9,kg,ProductFlow,PURCHASED_TECHNOSPHERE_INPUT,NO,SIMULATED_PRODUCTION_CASE
http://w3id.org/protys/fixture#Load00060_Flow_Biocide,http://w3id.org/protys/fixture#Load00060_LCIProcess,http://w3id.org/protys/fixture#Load00060_Process,http://w3id.org/protys/fixture#Biocide,1.1,kg,ProductFlow,PURCHASED_TECHNOSPHERE_INPUT,NO,SIMULATED_PRODUCTION_CASE
http://w3id.org/protys/fixture#Load00061_Flow_TitaniumDioxide,http://w3id.org/protys/fixture#Load00061_LCIProcess,http://w3id.org/protys/fixture#Load00061_Process,http://w3id.org/protys/fixture#TitaniumDioxide,34,kg,ProductFlow,PURCHASED_TECHNOSPHERE_INPUT,NO,SIMULATED_PRODUCTION_CASE
http://w3id.org/protys/fixture#Load00061_Flow_AcrylicResin,http://w3id.org/protys/fixture#Load00061_LCIProcess,http://w3id.org/protys/fixture#Load00061_Process,http://w3id.org/protys/fixture#AcrylicResin,51,kg,ProductFlow,PURCHASED_TECHNOSPHERE_INPUT,NO,SIMULATED_PRODUCTION_CASE
http://w3id.org/protys/fixture#Load00061_Flow_Water,http://w3id.org/protys/fixture#Load00061_LCIProcess,http://w3id.org/protys/fixture#Load00061_Process,http://w3id.org/protys/fixture#Water,83.3,kg,ProductFlow,PURCHASED_TECHNOSPHERE_INPUT,NO,SIMULATED_PRODUCTION_CASE
http://w3id.org/protys/fixture#Load00061_Flow_Biocide,http://w3id.org/protys/fixture#Load00061_LCIProcess,http://w3id.org/protys/fixture#Load00061_Process,http://w3id.org/protys/fixture#Biocide,1.7,kg,ProductFlow,PURCHASED_TECHNOSPHERE_INPUT,NO,SIMULATED_PRODUCTION_CASE
http://w3id.org/protys/fixture#Load00062_Flow_TitaniumDioxide,http://w3id.org/protys/fixture#Load00062_LCIProcess,http://w3id.org/protys/fixture#Load00062_Process,http://w3id.org/protys/fixture#TitaniumDioxide,27.4,kg,ProductFlow,PURCHASED_TECHNOSPHERE_INPUT,NO,SIMULATED_PRODUCTION_CASE
http://w3id.org/protys/fixture#Load00062_Flow_AcrylicResin,http://w3id.org/protys/fixture#Load00062_LCIProcess,http://w3id.org/protys/fixture#Load00062_Process,http://w3id.org/protys/fixture#AcrylicResin,41.1,kg,ProductFlow,PURCHASED_TECHNOSPHERE_INPUT,NO,SIMULATED_PRODUCTION_CASE
http://w3id.org/protys/fixture#Load00062_Flow_Water,http://w3id.org/protys/fixture#Load00062_LCIProcess,http://w3id.org/protys/fixture#Load00062_Process,http://w3id.org/protys/fixture#Water,67.13,kg,ProductFlow,PURCHASED_TECHNOSPHERE_INPUT,NO,SIMULATED_PRODUCTION_CASE
http://w3id.org/protys/fixture#Load00062_Flow_Biocide,http://w3id.org/protys/fixture#Load00062_LCIProcess,http://w3id.org/protys/fixture#Load00062_Process,http://w3id.org/protys/fixture#Biocide,1.37,kg,ProductFlow,PURCHASED_TECHNOSPHERE_INPUT,NO,SIMULATED_PRODUCTION_CASE
http://w3id.org/protys/fixture#Load00063_Flow_TitaniumDioxide,http://w3id.org/protys/fixture#Load00063_LCIProcess,http://w3id.org/protys/fixture#Load00063_Process,http://w3id.org/protys/fixture#TitaniumDioxide,36,kg,ProductFlow,PURCHASED_TECHNOSPHERE_INPUT,NO,SIMULATED_PRODUCTION_CASE
http://w3id.org/protys/fixture#Load00063_Flow_AcrylicResin,http://w3id.org/protys/fixture#Load00063_LCIProcess,http://w3id.org/protys/fixture#Load00063_Process,http://w3id.org/protys/fixture#AcrylicResin,54,kg,ProductFlow,PURCHASED_TECHNOSPHERE_INPUT,NO,SIMULATED_PRODUCTION_CASE
http://w3id.org/protys/fixture#Load00063_Flow_Water,http://w3id.org/protys/fixture#Load00063_LCIProcess,http://w3id.org/protys/fixture#Load00063_Process,http://w3id.org/protys/fixture#Water,88.2,kg,ProductFlow,PURCHASED_TECHNOSPHERE_INPUT,NO,SIMULATED_PRODUCTION_CASE
http://w3id.org/protys/fixture#Load00063_Flow_Biocide,http://w3id.org/protys/fixture#Load00063_LCIProcess,http://w3id.org/protys/fixture#Load00063_Process,http://w3id.org/protys/fixture#Biocide,1.8,kg,ProductFlow,PURCHASED_TECHNOSPHERE_INPUT,NO,SIMULATED_PRODUCTION_CASE
http://w3id.org/protys/fixture#Load00064_Flow_TitaniumDioxide,http://w3id.org/protys/fixture#Load00064_LCIProcess,http://w3id.org/protys/fixture#Load00064_Process,http://w3id.org/protys/fixture#TitaniumDioxide,35.8,kg,ProductFlow,PURCHASED_TECHNOSPHERE_INPUT,NO,SIMULATED_PRODUCTION_CASE
http://w3id.org/protys/fixture#Load00064_Flow_AcrylicResin,http://w3id.org/protys/fixture#Load00064_LCIProcess,http://w3id.org/protys/fixture#Load00064_Process,http://w3id.org/protys/fixture#AcrylicResin,53.7,kg,ProductFlow,PURCHASED_TECHNOSPHERE_INPUT,NO,SIMULATED_PRODUCTION_CASE
http://w3id.org/protys/fixture#Load00064_Flow_Water,http://w3id.org/protys/fixture#Load00064_LCIProcess,http://w3id.org/protys/fixture#Load00064_Process,http://w3id.org/protys/fixture#Water,87.71,kg,ProductFlow,PURCHASED_TECHNOSPHERE_INPUT,NO,SIMULATED_PRODUCTION_CASE
http://w3id.org/protys/fixture#Load00064_Flow_Biocide,http://w3id.org/protys/fixture#Load00064_LCIProcess,http://w3id.org/protys/fixture#Load00064_Process,http://w3id.org/protys/fixture#Biocide,1.79,kg,ProductFlow,PURCHASED_TECHNOSPHERE_INPUT,NO,SIMULATED_PRODUCTION_CASE
http://w3id.org/protys/fixture#Load00065_Flow_TitaniumDioxide,http://w3id.org/protys/fixture#Load00065_LCIProcess,http://w3id.org/protys/fixture#Load00065_Process,http://w3id.org/protys/fixture#TitaniumDioxide,29.2,kg,ProductFlow,PURCHASED_TECHNOSPHERE_INPUT,NO,SIMULATED_PRODUCTION_CASE
http://w3id.org/protys/fixture#Load00065_Flow_AcrylicResin,http://w3id.org/protys/fixture#Load00065_LCIProcess,http://w3id.org/protys/fixture#Load00065_Process,http://w3id.org/protys/fixture#AcrylicResin,43.8,kg,ProductFlow,PURCHASED_TECHNOSPHERE_INPUT,NO,SIMULATED_PRODUCTION_CASE
http://w3id.org/protys/fixture#Load00065_Flow_Water,http://w3id.org/protys/fixture#Load00065_LCIProcess,http://w3id.org/protys/fixture#Load00065_Process,http://w3id.org/protys/fixture#Water,71.54,kg,ProductFlow,PURCHASED_TECHNOSPHERE_INPUT,NO,SIMULATED_PRODUCTION_CASE
http://w3id.org/protys/fixture#Load00065_Flow_Biocide,http://w3id.org/protys/fixture#Load00065_LCIProcess,http://w3id.org/protys/fixture#Load00065_Process,http://w3id.org/protys/fixture#Biocide,1.46,kg,ProductFlow,PURCHASED_TECHNOSPHERE_INPUT,NO,SIMULATED_PRODUCTION_CASE
http://w3id.org/protys/fixture#Load00066_Flow_TitaniumDioxide,http://w3id.org/protys/fixture#Load00066_LCIProcess,http://w3id.org/protys/fixture#Load00066_Process,http://w3id.org/protys/fixture#TitaniumDioxide,34.6,kg,ProductFlow,PURCHASED_TECHNOSPHERE_INPUT,NO,SIMULATED_PRODUCTION_CASE
http://w3id.org/protys/fixture#Load00066_Flow_AcrylicResin,http://w3id.org/protys/fixture#Load00066_LCIProcess,http://w3id.org/protys/fixture#Load00066_Process,http://w3id.org/protys/fixture#AcrylicResin,51.9,kg,ProductFlow,PURCHASED_TECHNOSPHERE_INPUT,NO,SIMULATED_PRODUCTION_CASE
http://w3id.org/protys/fixture#Load00066_Flow_Water,http://w3id.org/protys/fixture#Load00066_LCIProcess,http://w3id.org/protys/fixture#Load00066_Process,http://w3id.org/protys/fixture#Water,84.77,kg,ProductFlow,PURCHASED_TECHNOSPHERE_INPUT,NO,SIMULATED_PRODUCTION_CASE
http://w3id.org/protys/fixture#Load00066_Flow_Biocide,http://w3id.org/protys/fixture#Load00066_LCIProcess,http://w3id.org/protys/fixture#Load00066_Process,http://w3id.org/protys/fixture#Biocide,1.73,kg,ProductFlow,PURCHASED_TECHNOSPHERE_INPUT,NO,SIMULATED_PRODUCTION_CASE
http://w3id.org/protys/fixture#Load00067_Flow_TitaniumDioxide,http://w3id.org/protys/fixture#Load00067_LCIProcess,http://w3id.org/protys/fixture#Load00067_Process,http://w3id.org/protys/fixture#TitaniumDioxide,24.8,kg,ProductFlow,PURCHASED_TECHNOSPHERE_INPUT,NO,SIMULATED_PRODUCTION_CASE
http://w3id.org/protys/fixture#Load00067_Flow_AcrylicResin,http://w3id.org/protys/fixture#Load00067_LCIProcess,http://w3id.org/protys/fixture#Load00067_Process,http://w3id.org/protys/fixture#AcrylicResin,37.2,kg,ProductFlow,PURCHASED_TECHNOSPHERE_INPUT,NO,SIMULATED_PRODUCTION_CASE
http://w3id.org/protys/fixture#Load00067_Flow_Water,http://w3id.org/protys/fixture#Load00067_LCIProcess,http://w3id.org/protys/fixture#Load00067_Process,http://w3id.org/protys/fixture#Water,60.76,kg,ProductFlow,PURCHASED_TECHNOSPHERE_INPUT,NO,SIMULATED_PRODUCTION_CASE
http://w3id.org/protys/fixture#Load00067_Flow_Biocide,http://w3id.org/protys/fixture#Load00067_LCIProcess,http://w3id.org/protys/fixture#Load00067_Process,http://w3id.org/protys/fixture#Biocide,1.24,kg,ProductFlow,PURCHASED_TECHNOSPHERE_INPUT,NO,SIMULATED_PRODUCTION_CASE
http://w3id.org/protys/fixture#Load00068_Flow_TitaniumDioxide,http://w3id.org/protys/fixture#Load00068_LCIProcess,http://w3id.org/protys/fixture#Load00068_Process,http://w3id.org/protys/fixture#TitaniumDioxide,38,kg,ProductFlow,PURCHASED_TECHNOSPHERE_INPUT,NO,SIMULATED_PRODUCTION_CASE
http://w3id.org/protys/fixture#Load00068_Flow_AcrylicResin,http://w3id.org/protys/fixture#Load00068_LCIProcess,http://w3id.org/protys/fixture#Load00068_Process,http://w3id.org/protys/fixture#AcrylicResin,57,kg,ProductFlow,PURCHASED_TECHNOSPHERE_INPUT,NO,SIMULATED_PRODUCTION_CASE
http://w3id.org/protys/fixture#Load00068_Flow_Water,http://w3id.org/protys/fixture#Load00068_LCIProcess,http://w3id.org/protys/fixture#Load00068_Process,http://w3id.org/protys/fixture#Water,93.1,kg,ProductFlow,PURCHASED_TECHNOSPHERE_INPUT,NO,SIMULATED_PRODUCTION_CASE
http://w3id.org/protys/fixture#Load00068_Flow_Biocide,http://w3id.org/protys/fixture#Load00068_LCIProcess,http://w3id.org/protys/fixture#Load00068_Process,http://w3id.org/protys/fixture#Biocide,1.9,kg,ProductFlow,PURCHASED_TECHNOSPHERE_INPUT,NO,SIMULATED_PRODUCTION_CASE
http://w3id.org/protys/fixture#Load00069_Flow_TitaniumDioxide,http://w3id.org/protys/fixture#Load00069_LCIProcess,http://w3id.org/protys/fixture#Load00069_Process,http://w3id.org/protys/fixture#TitaniumDioxide,21.6,kg,ProductFlow,PURCHASED_TECHNOSPHERE_INPUT,NO,SIMULATED_PRODUCTION_CASE
http://w3id.org/protys/fixture#Load00069_Flow_AcrylicResin,http://w3id.org/protys/fixture#Load00069_LCIProcess,http://w3id.org/protys/fixture#Load00069_Process,http://w3id.org/protys/fixture#AcrylicResin,32.4,kg,ProductFlow,PURCHASED_TECHNOSPHERE_INPUT,NO,SIMULATED_PRODUCTION_CASE
http://w3id.org/protys/fixture#Load00069_Flow_Water,http://w3id.org/protys/fixture#Load00069_LCIProcess,http://w3id.org/protys/fixture#Load00069_Process,http://w3id.org/protys/fixture#Water,52.92,kg,ProductFlow,PURCHASED_TECHNOSPHERE_INPUT,NO,SIMULATED_PRODUCTION_CASE
http://w3id.org/protys/fixture#Load00069_Flow_Biocide,http://w3id.org/protys/fixture#Load00069_LCIProcess,http://w3id.org/protys/fixture#Load00069_Process,http://w3id.org/protys/fixture#Biocide,1.08,kg,ProductFlow,PURCHASED_TECHNOSPHERE_INPUT,NO,SIMULATED_PRODUCTION_CASE
http://w3id.org/protys/fixture#Load00070_Flow_TitaniumDioxide,http://w3id.org/protys/fixture#Load00070_LCIProcess,http://w3id.org/protys/fixture#Load00070_Process,http://w3id.org/protys/fixture#TitaniumDioxide,21,kg,ProductFlow,PURCHASED_TECHNOSPHERE_INPUT,NO,SIMULATED_PRODUCTION_CASE
http://w3id.org/protys/fixture#Load00070_Flow_AcrylicResin,http://w3id.org/protys/fixture#Load00070_LCIProcess,http://w3id.org/protys/fixture#Load00070_Process,http://w3id.org/protys/fixture#AcrylicResin,31.5,kg,ProductFlow,PURCHASED_TECHNOSPHERE_INPUT,NO,SIMULATED_PRODUCTION_CASE
http://w3id.org/protys/fixture#Load00070_Flow_Water,http://w3id.org/protys/fixture#Load00070_LCIProcess,http://w3id.org/protys/fixture#Load00070_Process,http://w3id.org/protys/fixture#Water,51.45,kg,ProductFlow,PURCHASED_TECHNOSPHERE_INPUT,NO,SIMULATED_PRODUCTION_CASE
http://w3id.org/protys/fixture#Load00070_Flow_Biocide,http://w3id.org/protys/fixture#Load00070_LCIProcess,http://w3id.org/protys/fixture#Load00070_Process,http://w3id.org/protys/fixture#Biocide,1.05,kg,ProductFlow,PURCHASED_TECHNOSPHERE_INPUT,NO,SIMULATED_PRODUCTION_CASE
http://w3id.org/protys/fixture#Load00071_Flow_TitaniumDioxide,http://w3id.org/protys/fixture#Load00071_LCIProcess,http://w3id.org/protys/fixture#Load00071_Process,http://w3id.org/protys/fixture#TitaniumDioxide,36.8,kg,ProductFlow,PURCHASED_TECHNOSPHERE_INPUT,NO,SIMULATED_PRODUCTION_CASE
http://w3id.org/protys/fixture#Load00071_Flow_AcrylicResin,http://w3id.org/protys/fixture#Load00071_LCIProcess,http://w3id.org/protys/fixture#Load00071_Process,http://w3id.org/protys/fixture#AcrylicResin,55.2,kg,ProductFlow,PURCHASED_TECHNOSPHERE_INPUT,NO,SIMULATED_PRODUCTION_CASE
http://w3id.org/protys/fixture#Load00071_Flow_Water,http://w3id.org/protys/fixture#Load00071_LCIProcess,http://w3id.org/protys/fixture#Load00071_Process,http://w3id.org/protys/fixture#Water,90.16,kg,ProductFlow,PURCHASED_TECHNOSPHERE_INPUT,NO,SIMULATED_PRODUCTION_CASE
http://w3id.org/protys/fixture#Load00071_Flow_Biocide,http://w3id.org/protys/fixture#Load00071_LCIProcess,http://w3id.org/protys/fixture#Load00071_Process,http://w3id.org/protys/fixture#Biocide,1.84,kg,ProductFlow,PURCHASED_TECHNOSPHERE_INPUT,NO,SIMULATED_PRODUCTION_CASE
http://w3id.org/protys/fixture#Load00072_Flow_TitaniumDioxide,http://w3id.org/protys/fixture#Load00072_LCIProcess,http://w3id.org/protys/fixture#Load00072_Process,http://w3id.org/protys/fixture#TitaniumDioxide,25.8,kg,ProductFlow,PURCHASED_TECHNOSPHERE_INPUT,NO,SIMULATED_PRODUCTION_CASE
http://w3id.org/protys/fixture#Load00072_Flow_AcrylicResin,http://w3id.org/protys/fixture#Load00072_LCIProcess,http://w3id.org/protys/fixture#Load00072_Process,http://w3id.org/protys/fixture#AcrylicResin,38.7,kg,ProductFlow,PURCHASED_TECHNOSPHERE_INPUT,NO,SIMULATED_PRODUCTION_CASE
http://w3id.org/protys/fixture#Load00072_Flow_Water,http://w3id.org/protys/fixture#Load00072_LCIProcess,http://w3id.org/protys/fixture#Load00072_Process,http://w3id.org/protys/fixture#Water,63.21,kg,ProductFlow,PURCHASED_TECHNOSPHERE_INPUT,NO,SIMULATED_PRODUCTION_CASE
http://w3id.org/protys/fixture#Load00072_Flow_Biocide,http://w3id.org/protys/fixture#Load00072_LCIProcess,http://w3id.org/protys/fixture#Load00072_Process,http://w3id.org/protys/fixture#Biocide,1.29,kg,ProductFlow,PURCHASED_TECHNOSPHERE_INPUT,NO,SIMULATED_PRODUCTION_CASE
http://w3id.org/protys/fixture#Load00073_Flow_TitaniumDioxide,http://w3id.org/protys/fixture#Load00073_LCIProcess,http://w3id.org/protys/fixture#Load00073_Process,http://w3id.org/protys/fixture#TitaniumDioxide,39.6,kg,ProductFlow,PURCHASED_TECHNOSPHERE_INPUT,NO,SIMULATED_PRODUCTION_CASE
http://w3id.org/protys/fixture#Load00073_Flow_AcrylicResin,http://w3id.org/protys/fixture#Load00073_LCIProcess,http://w3id.org/protys/fixture#Load00073_Process,http://w3id.org/protys/fixture#AcrylicResin,59.4,kg,ProductFlow,PURCHASED_TECHNOSPHERE_INPUT,NO,SIMULATED_PRODUCTION_CASE
http://w3id.org/protys/fixture#Load00073_Flow_Water,http://w3id.org/protys/fixture#Load00073_LCIProcess,http://w3id.org/protys/fixture#Load00073_Process,http://w3id.org/protys/fixture#Water,97.02,kg,ProductFlow,PURCHASED_TECHNOSPHERE_INPUT,NO,SIMULATED_PRODUCTION_CASE
http://w3id.org/protys/fixture#Load00073_Flow_Biocide,http://w3id.org/protys/fixture#Load00073_LCIProcess,http://w3id.org/protys/fixture#Load00073_Process,http://w3id.org/protys/fixture#Biocide,1.98,kg,ProductFlow,PURCHASED_TECHNOSPHERE_INPUT,NO,SIMULATED_PRODUCTION_CASE
http://w3id.org/protys/fixture#Load00074_Flow_TitaniumDioxide,http://w3id.org/protys/fixture#Load00074_LCIProcess,http://w3id.org/protys/fixture#Load00074_Process,http://w3id.org/protys/fixture#TitaniumDioxide,27.4,kg,ProductFlow,PURCHASED_TECHNOSPHERE_INPUT,NO,SIMULATED_PRODUCTION_CASE
http://w3id.org/protys/fixture#Load00074_Flow_AcrylicResin,http://w3id.org/protys/fixture#Load00074_LCIProcess,http://w3id.org/protys/fixture#Load00074_Process,http://w3id.org/protys/fixture#AcrylicResin,41.1,kg,ProductFlow,PURCHASED_TECHNOSPHERE_INPUT,NO,SIMULATED_PRODUCTION_CASE
http://w3id.org/protys/fixture#Load00074_Flow_Water,http://w3id.org/protys/fixture#Load00074_LCIProcess,http://w3id.org/protys/fixture#Load00074_Process,http://w3id.org/protys/fixture#Water,67.13,kg,ProductFlow,PURCHASED_TECHNOSPHERE_INPUT,NO,SIMULATED_PRODUCTION_CASE
http://w3id.org/protys/fixture#Load00074_Flow_Biocide,http://w3id.org/protys/fixture#Load00074_LCIProcess,http://w3id.org/protys/fixture#Load00074_Process,http://w3id.org/protys/fixture#Biocide,1.37,kg,ProductFlow,PURCHASED_TECHNOSPHERE_INPUT,NO,SIMULATED_PRODUCTION_CASE
http://w3id.org/protys/fixture#Load00075_Flow_TitaniumDioxide,http://w3id.org/protys/fixture#Load00075_LCIProcess,http://w3id.org/protys/fixture#Load00075_Process,http://w3id.org/protys/fixture#TitaniumDioxide,22,kg,ProductFlow,PURCHASED_TECHNOSPHERE_INPUT,NO,SIMULATED_PRODUCTION_CASE
http://w3id.org/protys/fixture#Load00075_Flow_AcrylicResin,http://w3id.org/protys/fixture#Load00075_LCIProcess,http://w3id.org/protys/fixture#Load00075_Process,http://w3id.org/protys/fixture#AcrylicResin,33,kg,ProductFlow,PURCHASED_TECHNOSPHERE_INPUT,NO,SIMULATED_PRODUCTION_CASE
http://w3id.org/protys/fixture#Load00075_Flow_Water,http://w3id.org/protys/fixture#Load00075_LCIProcess,http://w3id.org/protys/fixture#Load00075_Process,http://w3id.org/protys/fixture#Water,53.9,kg,ProductFlow,PURCHASED_TECHNOSPHERE_INPUT,NO,SIMULATED_PRODUCTION_CASE
http://w3id.org/protys/fixture#Load00075_Flow_Biocide,http://w3id.org/protys/fixture#Load00075_LCIProcess,http://w3id.org/protys/fixture#Load00075_Process,http://w3id.org/protys/fixture#Biocide,1.1,kg,ProductFlow,PURCHASED_TECHNOSPHERE_INPUT,NO,SIMULATED_PRODUCTION_CASE
http://w3id.org/protys/fixture#Load00076_Flow_TitaniumDioxide,http://w3id.org/protys/fixture#Load00076_LCIProcess,http://w3id.org/protys/fixture#Load00076_Process,http://w3id.org/protys/fixture#TitaniumDioxide,25.8,kg,ProductFlow,PURCHASED_TECHNOSPHERE_INPUT,NO,SIMULATED_PRODUCTION_CASE
http://w3id.org/protys/fixture#Load00076_Flow_AcrylicResin,http://w3id.org/protys/fixture#Load00076_LCIProcess,http://w3id.org/protys/fixture#Load00076_Process,http://w3id.org/protys/fixture#AcrylicResin,38.7,kg,ProductFlow,PURCHASED_TECHNOSPHERE_INPUT,NO,SIMULATED_PRODUCTION_CASE
http://w3id.org/protys/fixture#Load00076_Flow_Water,http://w3id.org/protys/fixture#Load00076_LCIProcess,http://w3id.org/protys/fixture#Load00076_Process,http://w3id.org/protys/fixture#Water,63.21,kg,ProductFlow,PURCHASED_TECHNOSPHERE_INPUT,NO,SIMULATED_PRODUCTION_CASE
http://w3id.org/protys/fixture#Load00076_Flow_Biocide,http://w3id.org/protys/fixture#Load00076_LCIProcess,http://w3id.org/protys/fixture#Load00076_Process,http://w3id.org/protys/fixture#Biocide,1.29,kg,ProductFlow,PURCHASED_TECHNOSPHERE_INPUT,NO,SIMULATED_PRODUCTION_CASE
http://w3id.org/protys/fixture#Load00077_Flow_TitaniumDioxide,http://w3id.org/protys/fixture#Load00077_LCIProcess,http://w3id.org/protys/fixture#Load00077_Process,http://w3id.org/protys/fixture#TitaniumDioxide,22.4,kg,ProductFlow,PURCHASED_TECHNOSPHERE_INPUT,NO,SIMULATED_PRODUCTION_CASE
http://w3id.org/protys/fixture#Load00077_Flow_AcrylicResin,http://w3id.org/protys/fixture#Load00077_LCIProcess,http://w3id.org/protys/fixture#Load00077_Process,http://w3id.org/protys/fixture#AcrylicResin,33.6,kg,ProductFlow,PURCHASED_TECHNOSPHERE_INPUT,NO,SIMULATED_PRODUCTION_CASE
http://w3id.org/protys/fixture#Load00077_Flow_Water,http://w3id.org/protys/fixture#Load00077_LCIProcess,http://w3id.org/protys/fixture#Load00077_Process,http://w3id.org/protys/fixture#Water,54.88,kg,ProductFlow,PURCHASED_TECHNOSPHERE_INPUT,NO,SIMULATED_PRODUCTION_CASE
http://w3id.org/protys/fixture#Load00077_Flow_Biocide,http://w3id.org/protys/fixture#Load00077_LCIProcess,http://w3id.org/protys/fixture#Load00077_Process,http://w3id.org/protys/fixture#Biocide,1.12,kg,ProductFlow,PURCHASED_TECHNOSPHERE_INPUT,NO,SIMULATED_PRODUCTION_CASE
http://w3id.org/protys/fixture#Load00078_Flow_TitaniumDioxide,http://w3id.org/protys/fixture#Load00078_LCIProcess,http://w3id.org/protys/fixture#Load00078_Process,http://w3id.org/protys/fixture#TitaniumDioxide,29.6,kg,ProductFlow,PURCHASED_TECHNOSPHERE_INPUT,NO,SIMULATED_PRODUCTION_CASE
http://w3id.org/protys/fixture#Load00078_Flow_AcrylicResin,http://w3id.org/protys/fixture#Load00078_LCIProcess,http://w3id.org/protys/fixture#Load00078_Process,http://w3id.org/protys/fixture#AcrylicResin,44.4,kg,ProductFlow,PURCHASED_TECHNOSPHERE_INPUT,NO,SIMULATED_PRODUCTION_CASE
http://w3id.org/protys/fixture#Load00078_Flow_Water,http://w3id.org/protys/fixture#Load00078_LCIProcess,http://w3id.org/protys/fixture#Load00078_Process,http://w3id.org/protys/fixture#Water,72.52,kg,ProductFlow,PURCHASED_TECHNOSPHERE_INPUT,NO,SIMULATED_PRODUCTION_CASE
http://w3id.org/protys/fixture#Load00078_Flow_Biocide,http://w3id.org/protys/fixture#Load00078_LCIProcess,http://w3id.org/protys/fixture#Load00078_Process,http://w3id.org/protys/fixture#Biocide,1.48,kg,ProductFlow,PURCHASED_TECHNOSPHERE_INPUT,NO,SIMULATED_PRODUCTION_CASE
http://w3id.org/protys/fixture#Load00079_Flow_TitaniumDioxide,http://w3id.org/protys/fixture#Load00079_LCIProcess,http://w3id.org/protys/fixture#Load00079_Process,http://w3id.org/protys/fixture#TitaniumDioxide,27,kg,ProductFlow,PURCHASED_TECHNOSPHERE_INPUT,NO,SIMULATED_PRODUCTION_CASE
http://w3id.org/protys/fixture#Load00079_Flow_AcrylicResin,http://w3id.org/protys/fixture#Load00079_LCIProcess,http://w3id.org/protys/fixture#Load00079_Process,http://w3id.org/protys/fixture#AcrylicResin,40.5,kg,ProductFlow,PURCHASED_TECHNOSPHERE_INPUT,NO,SIMULATED_PRODUCTION_CASE
http://w3id.org/protys/fixture#Load00079_Flow_Water,http://w3id.org/protys/fixture#Load00079_LCIProcess,http://w3id.org/protys/fixture#Load00079_Process,http://w3id.org/protys/fixture#Water,66.15,kg,ProductFlow,PURCHASED_TECHNOSPHERE_INPUT,NO,SIMULATED_PRODUCTION_CASE
http://w3id.org/protys/fixture#Load00079_Flow_Biocide,http://w3id.org/protys/fixture#Load00079_LCIProcess,http://w3id.org/protys/fixture#Load00079_Process,http://w3id.org/protys/fixture#Biocide,1.35,kg,ProductFlow,PURCHASED_TECHNOSPHERE_INPUT,NO,SIMULATED_PRODUCTION_CASE
http://w3id.org/protys/fixture#Load00080_Flow_TitaniumDioxide,http://w3id.org/protys/fixture#Load00080_LCIProcess,http://w3id.org/protys/fixture#Load00080_Process,http://w3id.org/protys/fixture#TitaniumDioxide,31.6,kg,ProductFlow,PURCHASED_TECHNOSPHERE_INPUT,NO,SIMULATED_PRODUCTION_CASE
http://w3id.org/protys/fixture#Load00080_Flow_AcrylicResin,http://w3id.org/protys/fixture#Load00080_LCIProcess,http://w3id.org/protys/fixture#Load00080_Process,http://w3id.org/protys/fixture#AcrylicResin,47.4,kg,ProductFlow,PURCHASED_TECHNOSPHERE_INPUT,NO,SIMULATED_PRODUCTION_CASE
http://w3id.org/protys/fixture#Load00080_Flow_Water,http://w3id.org/protys/fixture#Load00080_LCIProcess,http://w3id.org/protys/fixture#Load00080_Process,http://w3id.org/protys/fixture#Water,77.42,kg,ProductFlow,PURCHASED_TECHNOSPHERE_INPUT,NO,SIMULATED_PRODUCTION_CASE
http://w3id.org/protys/fixture#Load00080_Flow_Biocide,http://w3id.org/protys/fixture#Load00080_LCIProcess,http://w3id.org/protys/fixture#Load00080_Process,http://w3id.org/protys/fixture#Biocide,1.58,kg,ProductFlow,PURCHASED_TECHNOSPHERE_INPUT,NO,SIMULATED_PRODUCTION_CASE
http://w3id.org/protys/fixture#Load00081_Flow_TitaniumDioxide,http://w3id.org/protys/fixture#Load00081_LCIProcess,http://w3id.org/protys/fixture#Load00081_Process,http://w3id.org/protys/fixture#TitaniumDioxide,36.2,kg,ProductFlow,PURCHASED_TECHNOSPHERE_INPUT,NO,SIMULATED_PRODUCTION_CASE
http://w3id.org/protys/fixture#Load00081_Flow_AcrylicResin,http://w3id.org/protys/fixture#Load00081_LCIProcess,http://w3id.org/protys/fixture#Load00081_Process,http://w3id.org/protys/fixture#AcrylicResin,54.3,kg,ProductFlow,PURCHASED_TECHNOSPHERE_INPUT,NO,SIMULATED_PRODUCTION_CASE
http://w3id.org/protys/fixture#Load00081_Flow_Water,http://w3id.org/protys/fixture#Load00081_LCIProcess,http://w3id.org/protys/fixture#Load00081_Process,http://w3id.org/protys/fixture#Water,88.69,kg,ProductFlow,PURCHASED_TECHNOSPHERE_INPUT,NO,SIMULATED_PRODUCTION_CASE
http://w3id.org/protys/fixture#Load00081_Flow_Biocide,http://w3id.org/protys/fixture#Load00081_LCIProcess,http://w3id.org/protys/fixture#Load00081_Process,http://w3id.org/protys/fixture#Biocide,1.81,kg,ProductFlow,PURCHASED_TECHNOSPHERE_INPUT,NO,SIMULATED_PRODUCTION_CASE
http://w3id.org/protys/fixture#Load00082_Flow_TitaniumDioxide,http://w3id.org/protys/fixture#Load00082_LCIProcess,http://w3id.org/protys/fixture#Load00082_Process,http://w3id.org/protys/fixture#TitaniumDioxide,29.2,kg,ProductFlow,PURCHASED_TECHNOSPHERE_INPUT,NO,SIMULATED_PRODUCTION_CASE
http://w3id.org/protys/fixture#Load00082_Flow_AcrylicResin,http://w3id.org/protys/fixture#Load00082_LCIProcess,http://w3id.org/protys/fixture#Load00082_Process,http://w3id.org/protys/fixture#AcrylicResin,43.8,kg,ProductFlow,PURCHASED_TECHNOSPHERE_INPUT,NO,SIMULATED_PRODUCTION_CASE
http://w3id.org/protys/fixture#Load00082_Flow_Water,http://w3id.org/protys/fixture#Load00082_LCIProcess,http://w3id.org/protys/fixture#Load00082_Process,http://w3id.org/protys/fixture#Water,71.54,kg,ProductFlow,PURCHASED_TECHNOSPHERE_INPUT,NO,SIMULATED_PRODUCTION_CASE
http://w3id.org/protys/fixture#Load00082_Flow_Biocide,http://w3id.org/protys/fixture#Load00082_LCIProcess,http://w3id.org/protys/fixture#Load00082_Process,http://w3id.org/protys/fixture#Biocide,1.46,kg,ProductFlow,PURCHASED_TECHNOSPHERE_INPUT,NO,SIMULATED_PRODUCTION_CASE
http://w3id.org/protys/fixture#Load00083_Flow_TitaniumDioxide,http://w3id.org/protys/fixture#Load00083_LCIProcess,http://w3id.org/protys/fixture#Load00083_Process,http://w3id.org/protys/fixture#TitaniumDioxide,24,kg,ProductFlow,PURCHASED_TECHNOSPHERE_INPUT,NO,SIMULATED_PRODUCTION_CASE
http://w3id.org/protys/fixture#Load00083_Flow_AcrylicResin,http://w3id.org/protys/fixture#Load00083_LCIProcess,http://w3id.org/protys/fixture#Load00083_Process,http://w3id.org/protys/fixture#AcrylicResin,36,kg,ProductFlow,PURCHASED_TECHNOSPHERE_INPUT,NO,SIMULATED_PRODUCTION_CASE
http://w3id.org/protys/fixture#Load00083_Flow_Water,http://w3id.org/protys/fixture#Load00083_LCIProcess,http://w3id.org/protys/fixture#Load00083_Process,http://w3id.org/protys/fixture#Water,58.8,kg,ProductFlow,PURCHASED_TECHNOSPHERE_INPUT,NO,SIMULATED_PRODUCTION_CASE
http://w3id.org/protys/fixture#Load00083_Flow_Biocide,http://w3id.org/protys/fixture#Load00083_LCIProcess,http://w3id.org/protys/fixture#Load00083_Process,http://w3id.org/protys/fixture#Biocide,1.2,kg,ProductFlow,PURCHASED_TECHNOSPHERE_INPUT,NO,SIMULATED_PRODUCTION_CASE
http://w3id.org/protys/fixture#Load00084_Flow_TitaniumDioxide,http://w3id.org/protys/fixture#Load00084_LCIProcess,http://w3id.org/protys/fixture#Load00084_Process,http://w3id.org/protys/fixture#TitaniumDioxide,29.4,kg,ProductFlow,PURCHASED_TECHNOSPHERE_INPUT,NO,SIMULATED_PRODUCTION_CASE
http://w3id.org/protys/fixture#Load00084_Flow_AcrylicResin,http://w3id.org/protys/fixture#Load00084_LCIProcess,http://w3id.org/protys/fixture#Load00084_Process,http://w3id.org/protys/fixture#AcrylicResin,44.1,kg,ProductFlow,PURCHASED_TECHNOSPHERE_INPUT,NO,SIMULATED_PRODUCTION_CASE
http://w3id.org/protys/fixture#Load00084_Flow_Water,http://w3id.org/protys/fixture#Load00084_LCIProcess,http://w3id.org/protys/fixture#Load00084_Process,http://w3id.org/protys/fixture#Water,72.03,kg,ProductFlow,PURCHASED_TECHNOSPHERE_INPUT,NO,SIMULATED_PRODUCTION_CASE
http://w3id.org/protys/fixture#Load00084_Flow_Biocide,http://w3id.org/protys/fixture#Load00084_LCIProcess,http://w3id.org/protys/fixture#Load00084_Process,http://w3id.org/protys/fixture#Biocide,1.47,kg,ProductFlow,PURCHASED_TECHNOSPHERE_INPUT,NO,SIMULATED_PRODUCTION_CASE
http://w3id.org/protys/fixture#Load00085_Flow_TitaniumDioxide,http://w3id.org/protys/fixture#Load00085_LCIProcess,http://w3id.org/protys/fixture#Load00085_Process,http://w3id.org/protys/fixture#TitaniumDioxide,29,kg,ProductFlow,PURCHASED_TECHNOSPHERE_INPUT,NO,SIMULATED_PRODUCTION_CASE
http://w3id.org/protys/fixture#Load00085_Flow_AcrylicResin,http://w3id.org/protys/fixture#Load00085_LCIProcess,http://w3id.org/protys/fixture#Load00085_Process,http://w3id.org/protys/fixture#AcrylicResin,43.5,kg,ProductFlow,PURCHASED_TECHNOSPHERE_INPUT,NO,SIMULATED_PRODUCTION_CASE
http://w3id.org/protys/fixture#Load00085_Flow_Water,http://w3id.org/protys/fixture#Load00085_LCIProcess,http://w3id.org/protys/fixture#Load00085_Process,http://w3id.org/protys/fixture#Water,71.05,kg,ProductFlow,PURCHASED_TECHNOSPHERE_INPUT,NO,SIMULATED_PRODUCTION_CASE
http://w3id.org/protys/fixture#Load00085_Flow_Biocide,http://w3id.org/protys/fixture#Load00085_LCIProcess,http://w3id.org/protys/fixture#Load00085_Process,http://w3id.org/protys/fixture#Biocide,1.45,kg,ProductFlow,PURCHASED_TECHNOSPHERE_INPUT,NO,SIMULATED_PRODUCTION_CASE
http://w3id.org/protys/fixture#Load00086_Flow_TitaniumDioxide,http://w3id.org/protys/fixture#Load00086_LCIProcess,http://w3id.org/protys/fixture#Load00086_Process,http://w3id.org/protys/fixture#TitaniumDioxide,25.2,kg,ProductFlow,PURCHASED_TECHNOSPHERE_INPUT,NO,SIMULATED_PRODUCTION_CASE
http://w3id.org/protys/fixture#Load00086_Flow_AcrylicResin,http://w3id.org/protys/fixture#Load00086_LCIProcess,http://w3id.org/protys/fixture#Load00086_Process,http://w3id.org/protys/fixture#AcrylicResin,37.8,kg,ProductFlow,PURCHASED_TECHNOSPHERE_INPUT,NO,SIMULATED_PRODUCTION_CASE
http://w3id.org/protys/fixture#Load00086_Flow_Water,http://w3id.org/protys/fixture#Load00086_LCIProcess,http://w3id.org/protys/fixture#Load00086_Process,http://w3id.org/protys/fixture#Water,61.74,kg,ProductFlow,PURCHASED_TECHNOSPHERE_INPUT,NO,SIMULATED_PRODUCTION_CASE
http://w3id.org/protys/fixture#Load00086_Flow_Biocide,http://w3id.org/protys/fixture#Load00086_LCIProcess,http://w3id.org/protys/fixture#Load00086_Process,http://w3id.org/protys/fixture#Biocide,1.26,kg,ProductFlow,PURCHASED_TECHNOSPHERE_INPUT,NO,SIMULATED_PRODUCTION_CASE
http://w3id.org/protys/fixture#Load00087_Flow_TitaniumDioxide,http://w3id.org/protys/fixture#Load00087_LCIProcess,http://w3id.org/protys/fixture#Load00087_Process,http://w3id.org/protys/fixture#TitaniumDioxide,37,kg,ProductFlow,PURCHASED_TECHNOSPHERE_INPUT,NO,SIMULATED_PRODUCTION_CASE
http://w3id.org/protys/fixture#Load00087_Flow_AcrylicResin,http://w3id.org/protys/fixture#Load00087_LCIProcess,http://w3id.org/protys/fixture#Load00087_Process,http://w3id.org/protys/fixture#AcrylicResin,55.5,kg,ProductFlow,PURCHASED_TECHNOSPHERE_INPUT,NO,SIMULATED_PRODUCTION_CASE
http://w3id.org/protys/fixture#Load00087_Flow_Water,http://w3id.org/protys/fixture#Load00087_LCIProcess,http://w3id.org/protys/fixture#Load00087_Process,http://w3id.org/protys/fixture#Water,90.65,kg,ProductFlow,PURCHASED_TECHNOSPHERE_INPUT,NO,SIMULATED_PRODUCTION_CASE
http://w3id.org/protys/fixture#Load00087_Flow_Biocide,http://w3id.org/protys/fixture#Load00087_LCIProcess,http://w3id.org/protys/fixture#Load00087_Process,http://w3id.org/protys/fixture#Biocide,1.85,kg,ProductFlow,PURCHASED_TECHNOSPHERE_INPUT,NO,SIMULATED_PRODUCTION_CASE
http://w3id.org/protys/fixture#Load00088_Flow_TitaniumDioxide,http://w3id.org/protys/fixture#Load00088_LCIProcess,http://w3id.org/protys/fixture#Load00088_Process,http://w3id.org/protys/fixture#TitaniumDioxide,26.8,kg,ProductFlow,PURCHASED_TECHNOSPHERE_INPUT,NO,SIMULATED_PRODUCTION_CASE
http://w3id.org/protys/fixture#Load00088_Flow_AcrylicResin,http://w3id.org/protys/fixture#Load00088_LCIProcess,http://w3id.org/protys/fixture#Load00088_Process,http://w3id.org/protys/fixture#AcrylicResin,40.2,kg,ProductFlow,PURCHASED_TECHNOSPHERE_INPUT,NO,SIMULATED_PRODUCTION_CASE
http://w3id.org/protys/fixture#Load00088_Flow_Water,http://w3id.org/protys/fixture#Load00088_LCIProcess,http://w3id.org/protys/fixture#Load00088_Process,http://w3id.org/protys/fixture#Water,65.66,kg,ProductFlow,PURCHASED_TECHNOSPHERE_INPUT,NO,SIMULATED_PRODUCTION_CASE
http://w3id.org/protys/fixture#Load00088_Flow_Biocide,http://w3id.org/protys/fixture#Load00088_LCIProcess,http://w3id.org/protys/fixture#Load00088_Process,http://w3id.org/protys/fixture#Biocide,1.34,kg,ProductFlow,PURCHASED_TECHNOSPHERE_INPUT,NO,SIMULATED_PRODUCTION_CASE
http://w3id.org/protys/fixture#Load00089_Flow_TitaniumDioxide,http://w3id.org/protys/fixture#Load00089_LCIProcess,http://w3id.org/protys/fixture#Load00089_Process,http://w3id.org/protys/fixture#TitaniumDioxide,37.8,kg,ProductFlow,PURCHASED_TECHNOSPHERE_INPUT,NO,SIMULATED_PRODUCTION_CASE
http://w3id.org/protys/fixture#Load00089_Flow_AcrylicResin,http://w3id.org/protys/fixture#Load00089_LCIProcess,http://w3id.org/protys/fixture#Load00089_Process,http://w3id.org/protys/fixture#AcrylicResin,56.7,kg,ProductFlow,PURCHASED_TECHNOSPHERE_INPUT,NO,SIMULATED_PRODUCTION_CASE
http://w3id.org/protys/fixture#Load00089_Flow_Water,http://w3id.org/protys/fixture#Load00089_LCIProcess,http://w3id.org/protys/fixture#Load00089_Process,http://w3id.org/protys/fixture#Water,92.61,kg,ProductFlow,PURCHASED_TECHNOSPHERE_INPUT,NO,SIMULATED_PRODUCTION_CASE
http://w3id.org/protys/fixture#Load00089_Flow_Biocide,http://w3id.org/protys/fixture#Load00089_LCIProcess,http://w3id.org/protys/fixture#Load00089_Process,http://w3id.org/protys/fixture#Biocide,1.89,kg,ProductFlow,PURCHASED_TECHNOSPHERE_INPUT,NO,SIMULATED_PRODUCTION_CASE
http://w3id.org/protys/fixture#Load00090_Flow_TitaniumDioxide,http://w3id.org/protys/fixture#Load00090_LCIProcess,http://w3id.org/protys/fixture#Load00090_Process,http://w3id.org/protys/fixture#TitaniumDioxide,37.4,kg,ProductFlow,PURCHASED_TECHNOSPHERE_INPUT,NO,SIMULATED_PRODUCTION_CASE
http://w3id.org/protys/fixture#Load00090_Flow_AcrylicResin,http://w3id.org/protys/fixture#Load00090_LCIProcess,http://w3id.org/protys/fixture#Load00090_Process,http://w3id.org/protys/fixture#AcrylicResin,56.1,kg,ProductFlow,PURCHASED_TECHNOSPHERE_INPUT,NO,SIMULATED_PRODUCTION_CASE
http://w3id.org/protys/fixture#Load00090_Flow_Water,http://w3id.org/protys/fixture#Load00090_LCIProcess,http://w3id.org/protys/fixture#Load00090_Process,http://w3id.org/protys/fixture#Water,91.63,kg,ProductFlow,PURCHASED_TECHNOSPHERE_INPUT,NO,SIMULATED_PRODUCTION_CASE
http://w3id.org/protys/fixture#Load00090_Flow_Biocide,http://w3id.org/protys/fixture#Load00090_LCIProcess,http://w3id.org/protys/fixture#Load00090_Process,http://w3id.org/protys/fixture#Biocide,1.87,kg,ProductFlow,PURCHASED_TECHNOSPHERE_INPUT,NO,SIMULATED_PRODUCTION_CASE
http://w3id.org/protys/fixture#Load00091_Flow_TitaniumDioxide,http://w3id.org/protys/fixture#Load00091_LCIProcess,http://w3id.org/protys/fixture#Load00091_Process,http://w3id.org/protys/fixture#TitaniumDioxide,36.4,kg,ProductFlow,PURCHASED_TECHNOSPHERE_INPUT,NO,SIMULATED_PRODUCTION_CASE
http://w3id.org/protys/fixture#Load00091_Flow_AcrylicResin,http://w3id.org/protys/fixture#Load00091_LCIProcess,http://w3id.org/protys/fixture#Load00091_Process,http://w3id.org/protys/fixture#AcrylicResin,54.6,kg,ProductFlow,PURCHASED_TECHNOSPHERE_INPUT,NO,SIMULATED_PRODUCTION_CASE
http://w3id.org/protys/fixture#Load00091_Flow_Water,http://w3id.org/protys/fixture#Load00091_LCIProcess,http://w3id.org/protys/fixture#Load00091_Process,http://w3id.org/protys/fixture#Water,89.18,kg,ProductFlow,PURCHASED_TECHNOSPHERE_INPUT,NO,SIMULATED_PRODUCTION_CASE
http://w3id.org/protys/fixture#Load00091_Flow_Biocide,http://w3id.org/protys/fixture#Load00091_LCIProcess,http://w3id.org/protys/fixture#Load00091_Process,http://w3id.org/protys/fixture#Biocide,1.82,kg,ProductFlow,PURCHASED_TECHNOSPHERE_INPUT,NO,SIMULATED_PRODUCTION_CASE
http://w3id.org/protys/fixture#Load00092_Flow_TitaniumDioxide,http://w3id.org/protys/fixture#Load00092_LCIProcess,http://w3id.org/protys/fixture#Load00092_Process,http://w3id.org/protys/fixture#TitaniumDioxide,21.8,kg,ProductFlow,PURCHASED_TECHNOSPHERE_INPUT,NO,SIMULATED_PRODUCTION_CASE
http://w3id.org/protys/fixture#Load00092_Flow_AcrylicResin,http://w3id.org/protys/fixture#Load00092_LCIProcess,http://w3id.org/protys/fixture#Load00092_Process,http://w3id.org/protys/fixture#AcrylicResin,32.7,kg,ProductFlow,PURCHASED_TECHNOSPHERE_INPUT,NO,SIMULATED_PRODUCTION_CASE
http://w3id.org/protys/fixture#Load00092_Flow_Water,http://w3id.org/protys/fixture#Load00092_LCIProcess,http://w3id.org/protys/fixture#Load00092_Process,http://w3id.org/protys/fixture#Water,53.41,kg,ProductFlow,PURCHASED_TECHNOSPHERE_INPUT,NO,SIMULATED_PRODUCTION_CASE
http://w3id.org/protys/fixture#Load00092_Flow_Biocide,http://w3id.org/protys/fixture#Load00092_LCIProcess,http://w3id.org/protys/fixture#Load00092_Process,http://w3id.org/protys/fixture#Biocide,1.09,kg,ProductFlow,PURCHASED_TECHNOSPHERE_INPUT,NO,SIMULATED_PRODUCTION_CASE
http://w3id.org/protys/fixture#Load00093_Flow_TitaniumDioxide,http://w3id.org/protys/fixture#Load00093_LCIProcess,http://w3id.org/protys/fixture#Load00093_Process,http://w3id.org/protys/fixture#TitaniumDioxide,35.4,kg,ProductFlow,PURCHASED_TECHNOSPHERE_INPUT,NO,SIMULATED_PRODUCTION_CASE
http://w3id.org/protys/fixture#Load00093_Flow_AcrylicResin,http://w3id.org/protys/fixture#Load00093_LCIProcess,http://w3id.org/protys/fixture#Load00093_Process,http://w3id.org/protys/fixture#AcrylicResin,53.1,kg,ProductFlow,PURCHASED_TECHNOSPHERE_INPUT,NO,SIMULATED_PRODUCTION_CASE
http://w3id.org/protys/fixture#Load00093_Flow_Water,http://w3id.org/protys/fixture#Load00093_LCIProcess,http://w3id.org/protys/fixture#Load00093_Process,http://w3id.org/protys/fixture#Water,86.73,kg,ProductFlow,PURCHASED_TECHNOSPHERE_INPUT,NO,SIMULATED_PRODUCTION_CASE
http://w3id.org/protys/fixture#Load00093_Flow_Biocide,http://w3id.org/protys/fixture#Load00093_LCIProcess,http://w3id.org/protys/fixture#Load00093_Process,http://w3id.org/protys/fixture#Biocide,1.77,kg,ProductFlow,PURCHASED_TECHNOSPHERE_INPUT,NO,SIMULATED_PRODUCTION_CASE
http://w3id.org/protys/fixture#Load00094_Flow_TitaniumDioxide,http://w3id.org/protys/fixture#Load00094_LCIProcess,http://w3id.org/protys/fixture#Load00094_Process,http://w3id.org/protys/fixture#TitaniumDioxide,36.2,kg,ProductFlow,PURCHASED_TECHNOSPHERE_INPUT,NO,SIMULATED_PRODUCTION_CASE
http://w3id.org/protys/fixture#Load00094_Flow_AcrylicResin,http://w3id.org/protys/fixture#Load00094_LCIProcess,http://w3id.org/protys/fixture#Load00094_Process,http://w3id.org/protys/fixture#AcrylicResin,54.3,kg,ProductFlow,PURCHASED_TECHNOSPHERE_INPUT,NO,SIMULATED_PRODUCTION_CASE
http://w3id.org/protys/fixture#Load00094_Flow_Water,http://w3id.org/protys/fixture#Load00094_LCIProcess,http://w3id.org/protys/fixture#Load00094_Process,http://w3id.org/protys/fixture#Water,88.69,kg,ProductFlow,PURCHASED_TECHNOSPHERE_INPUT,NO,SIMULATED_PRODUCTION_CASE
http://w3id.org/protys/fixture#Load00094_Flow_Biocide,http://w3id.org/protys/fixture#Load00094_LCIProcess,http://w3id.org/protys/fixture#Load00094_Process,http://w3id.org/protys/fixture#Biocide,1.81,kg,ProductFlow,PURCHASED_TECHNOSPHERE_INPUT,NO,SIMULATED_PRODUCTION_CASE
http://w3id.org/protys/fixture#Load00095_Flow_TitaniumDioxide,http://w3id.org/protys/fixture#Load00095_LCIProcess,http://w3id.org/protys/fixture#Load00095_Process,http://w3id.org/protys/fixture#TitaniumDioxide,24.2,kg,ProductFlow,PURCHASED_TECHNOSPHERE_INPUT,NO,SIMULATED_PRODUCTION_CASE
http://w3id.org/protys/fixture#Load00095_Flow_AcrylicResin,http://w3id.org/protys/fixture#Load00095_LCIProcess,http://w3id.org/protys/fixture#Load00095_Process,http://w3id.org/protys/fixture#AcrylicResin,36.3,kg,ProductFlow,PURCHASED_TECHNOSPHERE_INPUT,NO,SIMULATED_PRODUCTION_CASE
http://w3id.org/protys/fixture#Load00095_Flow_Water,http://w3id.org/protys/fixture#Load00095_LCIProcess,http://w3id.org/protys/fixture#Load00095_Process,http://w3id.org/protys/fixture#Water,59.29,kg,ProductFlow,PURCHASED_TECHNOSPHERE_INPUT,NO,SIMULATED_PRODUCTION_CASE
http://w3id.org/protys/fixture#Load00095_Flow_Biocide,http://w3id.org/protys/fixture#Load00095_LCIProcess,http://w3id.org/protys/fixture#Load00095_Process,http://w3id.org/protys/fixture#Biocide,1.21,kg,ProductFlow,PURCHASED_TECHNOSPHERE_INPUT,NO,SIMULATED_PRODUCTION_CASE
http://w3id.org/protys/fixture#Load00096_Flow_TitaniumDioxide,http://w3id.org/protys/fixture#Load00096_LCIProcess,http://w3id.org/protys/fixture#Load00096_Process,http://w3id.org/protys/fixture#TitaniumDioxide,33.6,kg,ProductFlow,PURCHASED_TECHNOSPHERE_INPUT,NO,SIMULATED_PRODUCTION_CASE
http://w3id.org/protys/fixture#Load00096_Flow_AcrylicResin,http://w3id.org/protys/fixture#Load00096_LCIProcess,http://w3id.org/protys/fixture#Load00096_Process,http://w3id.org/protys/fixture#AcrylicResin,50.4,kg,ProductFlow,PURCHASED_TECHNOSPHERE_INPUT,NO,SIMULATED_PRODUCTION_CASE
http://w3id.org/protys/fixture#Load00096_Flow_Water,http://w3id.org/protys/fixture#Load00096_LCIProcess,http://w3id.org/protys/fixture#Load00096_Process,http://w3id.org/protys/fixture#Water,82.32,kg,ProductFlow,PURCHASED_TECHNOSPHERE_INPUT,NO,SIMULATED_PRODUCTION_CASE
http://w3id.org/protys/fixture#Load00096_Flow_Biocide,http://w3id.org/protys/fixture#Load00096_LCIProcess,http://w3id.org/protys/fixture#Load00096_Process,http://w3id.org/protys/fixture#Biocide,1.68,kg,ProductFlow,PURCHASED_TECHNOSPHERE_INPUT,NO,SIMULATED_PRODUCTION_CASE
http://w3id.org/protys/fixture#Load00097_Flow_TitaniumDioxide,http://w3id.org/protys/fixture#Load00097_LCIProcess,http://w3id.org/protys/fixture#Load00097_Process,http://w3id.org/protys/fixture#TitaniumDioxide,38.6,kg,ProductFlow,PURCHASED_TECHNOSPHERE_INPUT,NO,SIMULATED_PRODUCTION_CASE
http://w3id.org/protys/fixture#Load00097_Flow_AcrylicResin,http://w3id.org/protys/fixture#Load00097_LCIProcess,http://w3id.org/protys/fixture#Load00097_Process,http://w3id.org/protys/fixture#AcrylicResin,57.9,kg,ProductFlow,PURCHASED_TECHNOSPHERE_INPUT,NO,SIMULATED_PRODUCTION_CASE
http://w3id.org/protys/fixture#Load00097_Flow_Water,http://w3id.org/protys/fixture#Load00097_LCIProcess,http://w3id.org/protys/fixture#Load00097_Process,http://w3id.org/protys/fixture#Water,94.57,kg,ProductFlow,PURCHASED_TECHNOSPHERE_INPUT,NO,SIMULATED_PRODUCTION_CASE
http://w3id.org/protys/fixture#Load00097_Flow_Biocide,http://w3id.org/protys/fixture#Load00097_LCIProcess,http://w3id.org/protys/fixture#Load00097_Process,http://w3id.org/protys/fixture#Biocide,1.93,kg,ProductFlow,PURCHASED_TECHNOSPHERE_INPUT,NO,SIMULATED_PRODUCTION_CASE
http://w3id.org/protys/fixture#Load00098_Flow_TitaniumDioxide,http://w3id.org/protys/fixture#Load00098_LCIProcess,http://w3id.org/protys/fixture#Load00098_Process,http://w3id.org/protys/fixture#TitaniumDioxide,26.2,kg,ProductFlow,PURCHASED_TECHNOSPHERE_INPUT,NO,SIMULATED_PRODUCTION_CASE
http://w3id.org/protys/fixture#Load00098_Flow_AcrylicResin,http://w3id.org/protys/fixture#Load00098_LCIProcess,http://w3id.org/protys/fixture#Load00098_Process,http://w3id.org/protys/fixture#AcrylicResin,39.3,kg,ProductFlow,PURCHASED_TECHNOSPHERE_INPUT,NO,SIMULATED_PRODUCTION_CASE
http://w3id.org/protys/fixture#Load00098_Flow_Water,http://w3id.org/protys/fixture#Load00098_LCIProcess,http://w3id.org/protys/fixture#Load00098_Process,http://w3id.org/protys/fixture#Water,64.19,kg,ProductFlow,PURCHASED_TECHNOSPHERE_INPUT,NO,SIMULATED_PRODUCTION_CASE
http://w3id.org/protys/fixture#Load00098_Flow_Biocide,http://w3id.org/protys/fixture#Load00098_LCIProcess,http://w3id.org/protys/fixture#Load00098_Process,http://w3id.org/protys/fixture#Biocide,1.31,kg,ProductFlow,PURCHASED_TECHNOSPHERE_INPUT,NO,SIMULATED_PRODUCTION_CASE
http://w3id.org/protys/fixture#Load00099_Flow_TitaniumDioxide,http://w3id.org/protys/fixture#Load00099_LCIProcess,http://w3id.org/protys/fixture#Load00099_Process,http://w3id.org/protys/fixture#TitaniumDioxide,24,kg,ProductFlow,PURCHASED_TECHNOSPHERE_INPUT,NO,SIMULATED_PRODUCTION_CASE
http://w3id.org/protys/fixture#Load00099_Flow_AcrylicResin,http://w3id.org/protys/fixture#Load00099_LCIProcess,http://w3id.org/protys/fixture#Load00099_Process,http://w3id.org/protys/fixture#AcrylicResin,36,kg,ProductFlow,PURCHASED_TECHNOSPHERE_INPUT,NO,SIMULATED_PRODUCTION_CASE
http://w3id.org/protys/fixture#Load00099_Flow_Water,http://w3id.org/protys/fixture#Load00099_LCIProcess,http://w3id.org/protys/fixture#Load00099_Process,http://w3id.org/protys/fixture#Water,58.8,kg,ProductFlow,PURCHASED_TECHNOSPHERE_INPUT,NO,SIMULATED_PRODUCTION_CASE
http://w3id.org/protys/fixture#Load00099_Flow_Biocide,http://w3id.org/protys/fixture#Load00099_LCIProcess,http://w3id.org/protys/fixture#Load00099_Process,http://w3id.org/protys/fixture#Biocide,1.2,kg,ProductFlow,PURCHASED_TECHNOSPHERE_INPUT,NO,SIMULATED_PRODUCTION_CASE
