operation_iri,lot_iri,process_iri,stage_index,stage_name,duration_minutes,energy_kwh,energy_unit,input_mass_kg,output_mass_kg,registered_loss_kg,mass_unit,scenario_role
http://w3id.org/protys/fixture#Load00000_Op1,http://w3id.org/protys/fixture#Load00000,http://w3id.org/protys/fixture#Load00000_Process,1,Recepción e inspección,10,0,kWh,181,181,0,kg,SIMULATED_PRODUCTION_CASE
http://w3id.org/protys/fixture#Load00000_Op2,http://w3id.org/protys/fixture#Load00000,http://w3id.org/protys/fixture#Load00000_Process,2,Dispersión de pigmentos,20,10,kWh,181,181,0,kg,SIMULATED_PRODUCTION_CASE
http://w3id.org/protys/fixture#Load00000_Op3,http://w3id.org/protys/fixture#Load00000,http://w3id.org/protys/fixture#Load00000_Process,3,Mezcla principal,30,75,kWh,181,181,0,kg,SIMULATED_PRODUCTION_CASE
http://w3id.org/protys/fixture#Load00000_Op4,http://w3id.org/protys/fixture#Load00000,http://w3id.org/protys/fixture#Load00000_Process,4,Ajuste de viscosidad,10,26.666667,kWh,181,181,0,kg,SIMULATED_PRODUCTION_CASE
http://w3id.org/protys/fixture#Load00000_Op5,http://w3id.org/protys/fixture#Load00000,http://w3id.org/protys/fixture#Load00000_Process,5,Filtrado,10,3.333333,kWh,181,181,0,kg,SIMULATED_PRODUCTION_CASE
http://w3id.org/protys/fixture#Load00000_Op6,http://w3id.org/protys/fixture#Load00000,http://w3id.org/protys/fixture#Load00000_Process,6,Control de calidad,20,0,kWh,181,181,0,kg,SIMULATED_PRODUCTION_CASE
http://w3id.org/protys/fixture#Load00000_Op7,http://w3id.org/protys/fixture#Load00000,http://w3id.org/protys/fixture#Load00000_Process,7,Envasado,10,0.333333,kWh,181,177.38,3.62,kg,SIMULATED_PRODUCTION_CASE
http://w3id.org/protys/fixture#Load00001_Op1,http://w3id.org/protys/fixture#Load00001,http://w3id.org/protys/fixture#Load00001_Process,1,Recepción e inspección,10,0,kWh,114,114,0,kg,SIMULATED_PRODUCTION_CASE
http://w3id.org/protys/fixture#Load00001_Op2,http://w3id.org/protys/fixture#Load00001,http://w3id.org/protys/fixture#Load00001_Process,2,Dispersión de pigmentos,20,10,kWh,114,114,0,kg,SIMULATED_PRODUCTION_CASE
http://w3id.org/protys/fixture#Load00001_Op3,http://w3id.org/protys/fixture#Load00001,http://w3id.org/protys/fixture#Load00001_Process,3,Mezcla principal,30,75,kWh,114,114,0,kg,SIMULATED_PRODUCTION_CASE
http://w3id.org/protys/fixture#Load00001_Op4,http://w3id.org/protys/fixture#Load00001,http://w3id.org/protys/fixture#Load00001_Process,4,Ajuste de viscosidad,10,26.666667,kWh,114,114,0,kg,SIMULATED_PRODUCTION_CASE
http://w3id.org/protys/fixture#Load00001_Op5,http://w3id.org/protys/fixture#Load00001,http://w3id.org/protys/fixture#Load00001_Process,5,Filtrado,10,3.333333,kWh,114,114,0,kg,SIMULATED_PRODUCTION_CASE
http://w3id.org/protys/fixture#Load00001_Op6,http://w3id.org/protys/fixture#Load00001,http://w3id.org/protys/fixture#Load00001_Process,6,Control de calidad,20,0,kWh,114,114,0,kg,SIMULATED_PRODUCTION_CASE
http://w3id.org/protys/fixture#Load00001_Op7,http://w3id.org/protys/fixture#Load00001,http://w3id.org/protys/fixture#Load00001_Process,7,Envasado,10,0.333333,kWh,114,111.72,2.28,kg,SIMULATED_PRODUCTION_CASE
http://w3id.org/protys/fixture#Load00002_Op1,http://w3id.org/protys/fixture#Load00002,http://w3id.org/protys/fixture#Load00002_Process,1,Recepción e inspección,10,0,kWh,103,103,0,kg,SIMULATED_PRODUCTION_CASE
http://w3id.org/protys/fixture#Load00002_Op2,http://w3id.org/protys/fixture#Load00002,http://w3id.org/protys/fixture#Load00002_Process,2,Dispersión de pigmentos,20,10,kWh,103,103,0,kg,SIMULATED_PRODUCTION_CASE
http://w3id.org/protys/fixture#Load00002_Op3,http://w3id.org/protys/fixture#Load00002,http://w3id.org/protys/fixture#Load00002_Process,3,Mezcla principal,30,75,kWh,103,103,0,kg,SIMULATED_PRODUCTION_CASE
http://w3id.org/protys/fixture#Load00002_Op4,http://w3id.org/protys/fixture#Load00002,http://w3id.org/protys/fixture#Load00002_Process,4,Ajuste de viscosidad,10,26.666667,kWh,103,103,0,kg,SIMULATED_PRODUCTION_CASE
http://w3id.org/protys/fixture#Load00002_Op5,http://w3id.org/protys/fixture#Load00002,http://w3id.org/protys/fixture#Load00002_Process,5,Filtrado,10,3.333333,kWh,103,103,0,kg,SIMULATED_PRODUCTION_CASE
http://w3id.org/protys/fixture#Load00002_Op6,http://w3id.org/protys/fixture#Load00002,http://w3id.org/protys/fixture#Load00002_Process,6,Control de calidad,20,0,kWh,103,103,0,kg,SIMULATED_PRODUCTION_CASE
http://w3id.org/protys/fixture#Load00002_Op7,http://w3id.org/protys/fixture#Load00002,http://w3id.org/protys/fixture#Load00002_Process,7,Envasado,10,0.333333,kWh,103,100.94,2.06,kg,SIMULATED_PRODUCTION_CASE
http://w3id.org/protys/fixture#Load00003_Op1,http://w3id.org/protys/fixture#Load00003,http://w3id.org/protys/fixture#Load00003_Process,1,Recepción e inspección,10,0,kWh,194,194,0,kg,SIMULATED_PRODUCTION_CASE
http://w3id.org/protys/fixture#Load00003_Op2,http://w3id.org/protys/fixture#Load00003,http://w3id.org/protys/fixture#Load00003_Process,2,Dispersión de pigmentos,20,10,kWh,194,194,0,kg,SIMULATED_PRODUCTION_CASE
http://w3id.org/protys/fixture#Load00003_Op3,http://w3id.org/protys/fixture#Load00003,http://w3id.org/protys/fixture#Load00003_Process,3,Mezcla principal,30,75,kWh,194,194,0,kg,SIMULATED_PRODUCTION_CASE
http://w3id.org/protys/fixture#Load00003_Op4,http://w3id.org/protys/fixture#Load00003,http://w3id.org/protys/fixture#Load00003_Process,4,Ajuste de viscosidad,10,26.666667,kWh,194,194,0,kg,SIMULATED_PRODUCTION_CASE
http://w3id.org/protys/fixture#Load00003_Op5,http://w3id.org/protys/fixture#Load00003,http://w3id.org/protys/fixture#Load00003_Process,5,Filtrado,10,3.333333,kWh,194,194,0,kg,SIMULATED_PRODUCTION_CASE
http://w3id.org/protys/fixture#Load00003_Op6,http://w3id.org/protys/fixture#Load00003,http://w3id.org/protys/fixture#Load00003_Process,6,Control de calidad,20,0,kWh,194,194,0,kg,SIMULATED_PRODUCTION_CASE
http://w3id.org/protys/fixture#Load00003_Op7,http://w3id.org/protys/fixture#Load00003,http://w3id.org/protys/fixture#Load00003_Process,7,Envasado,10,0.333333,kWh,194,190.12,3.88,kg,SIMULATED_PRODUCTION_CASE
http://w3id.org/protys/fixture#Load00004_Op1,http://w3id.org/protys/fixture#Load00004,http://w3id.org/protys/fixture#Load00004_Process,1,Recepción e inspección,10,0,kWh,135,135,0,kg,SIMULATED_PRODUCTION_CASE
http://w3id.org/protys/fixture#Load00004_Op2,http://w3id.org/protys/fixture#Load00004,http://w3id.org/protys/fixture#Load00004_Process,2,Dispersión de pigmentos,20,10,kWh,135,135,0,kg,SIMULATED_PRODUCTION_CASE
http://w3id.org/protys/fixture#Load00004_Op3,http://w3id.org/protys/fixture#Load00004,http://w3id.org/protys/fixture#Load00004_Process,3,Mezcla principal,30,75,kWh,135,135,0,kg,SIMULATED_PRODUCTION_CASE
http://w3id.org/protys/fixture#Load00004_Op4,http://w3id.org/protys/fixture#Load00004,http://w3id.org/protys/fixture#Load00004_Process,4,Ajuste de viscosidad,10,26.666667,kWh,135,135,0,kg,SIMULATED_PRODUCTION_CASE
http://w3id.org/protys/fixture#Load00004_Op5,http://w3id.org/protys/fixture#Load00004,http://w3id.org/protys/fixture#Load00004_Process,5,Filtrado,10,3.333333,kWh,135,135,0,kg,SIMULATED_PRODUCTION_CASE
http://w3id.org/protys/fixture#Load00004_Op6,http://w3id.org/protys/fixture#Load00004,http://w3id.org/protys/fixture#Load00004_Process,6,Control de calidad,20,0,kWh,135,135,0,kg,SIMULATED_PRODUCTION_CASE
http://w3id.org/protys/fixture#Load00004_Op7,http://w3id.org/protys/fixture#Load00004,http://w3id.org/protys/fixture#Load00004_Process,7,Envasado,10,0.333333,kWh,135,132.30,2.70,kg,SIMULATED_PRODUCTION_CASE
http://w3id.org/protys/fixture#Load00005_Op1,http://w3id.org/protys/fixture#Load00005,http://w3id.org/protys/fixture#Load00005_Process,1,Recepción e inspección,10,0,kWh,131,131,0,kg,SIMULATED_PRODUCTION_CASE
http://w3id.org/protys/fixture#Load00005_Op2,http://w3id.org/protys/fixture#Load00005,http://w3id.org/protys/fixture#Load00005_Process,2,Dispersión de pigmentos,20,10,kWh,131,131,0,kg,SIMULATED_PRODUCTION_CASE
http://w3id.org/protys/fixture#Load00005_Op3,http://w3id.org/protys/fixture#Load00005,http://w3id.org/protys/fixture#Load00005_Process,3,Mezcla principal,30,75,kWh,131,131,0,kg,SIMULATED_PRODUCTION_CASE
http://w3id.org/protys/fixture#Load00005_Op4,http://w3id.org/protys/fixture#Load00005,http://w3id.org/protys/fixture#Load00005_Process,4,Ajuste de viscosidad,10,26.666667,kWh,131,131,0,kg,SIMULATED_PRODUCTION_CASE
http://w3id.org/protys/fixture#Load00005_Op5,http://w3id.org/protys/fixture#Load00005,http://w3id.org/protys/fixture#Load00005_Process,5,Filtrado,10,3.333333,kWh,131,131,0,kg,SIMULATED_PRODUCTION_CASE
http://w3id.org/protys/fixture#Load00005_Op6,http://w3id.org/protys/fixture#Load00005,http://w3id.org/protys/fixture#Load00005_Process,6,Control de calidad,20,0,kWh,131,131,0,kg,SIMULATED_PRODUCTION_CASE
http://w3id.org/protys/fixture#Load00005_Op7,http://w3id.org/protys/fixture#Load00005,http://w3id.org/protys/fixture#Load00005_Process,7,Envasado,10,0.333333,kWh,131,128.38,2.62,kg,SIMULATED_PRODUCTION_CASE
http://w3id.org/protys/fixture#Load00006_Op1,http://w3id.org/protys/fixture#Load00006,http://w3id.org/protys/fixture#Load00006_Process,1,Recepción e inspección,10,0,kWh,128,128,0,kg,SIMULATED_PRODUCTION_CASE
http://w3id.org/protys/fixture#Load00006_Op2,http://w3id.org/protys/fixture#Load00006,http://w3id.org/protys/fixture#Load00006_Process,2,Dispersión de pigmentos,20,10,kWh,128,128,0,kg,SIMULATED_PRODUCTION_CASE
http://w3id.org/protys/fixture#Load00006_Op3,http://w3id.org/protys/fixture#Load00006,http://w3id.org/protys/fixture#Load00006_Process,3,Mezcla principal,30,75,kWh,128,128,0,kg,SIMULATED_PRODUCTION_CASE
http://w3id.org/protys/fixture#Load00006_Op4,http://w3id.org/protys/fixture#Load00006,http://w3id.org/protys/fixture#Load00006_Process,4,Ajuste de viscosidad,10,26.666667,kWh,128,128,0,kg,SIMULATED_PRODUCTION_CASE
http://w3id.org/protys/fixture#Load00006_Op5,http://w3id.org/protys/fixture#Load00006,http://w3id.org/protys/fixture#Load00006_Process,5,Filtrado,10,3.333333,kWh,128,128,0,kg,SIMULATED_PRODUCTION_CASE
http://w3id.org/protys/fixture#Load00006_Op6,http://w3id.org/protys/fixture#Load00006,http://w3id.org/protys/fixture#Load00006_Process,6,Control de calidad,20,0,kWh,128,128,0,kg,SIMULATED_PRODUCTION_CASE
http://w3id.org/protys/fixture#Load00006_Op7,http://w3id.org/protys/fixture#Load00006,http://w3id.org/protys/fixture#Load00006_Process,7,Envasado,10,0.333333,kWh,128,125.44,2.56,kg,SIMULATED_PRODUCTION_CASE
http://w3id.org/protys/fixture#Load00007_Op1,http://w3id.org/protys/fixture#Load00007,http://w3id.org/protys/fixture#Load00007_Process,1,Recepción e inspección,10,0,kWh,117,117,0,kg,SIMULATED_PRODUCTION_CASE
http://w3id.org/protys/fixture#Load00007_Op2,http://w3id.org/protys/fixture#Load00007,http://w3id.org/protys/fixture#Load00007_Process,2,Dispersión de pigmentos,20,10,kWh,117,117,0,kg,SIMULATED_PRODUCTION_CASE
http://w3id.org/protys/fixture#Load00007_Op3,http://w3id.org/protys/fixture#Load00007,http://w3id.org/protys/fixture#Load00007_Process,3,Mezcla principal,30,75,kWh,117,117,0,kg,SIMULATED_PRODUCTION_CASE
http://w3id.org/protys/fixture#Load00007_Op4,http://w3id.org/protys/fixture#Load00007,http://w3id.org/protys/fixture#Load00007_Process,4,Ajuste de viscosidad,10,26.666667,kWh,117,117,0,kg,SIMULATED_PRODUCTION_CASE
http://w3id.org/protys/fixture#Load00007_Op5,http://w3id.org/protys/fixture#Load00007,http://w3id.org/protys/fixture#Load00007_Process,5,Filtrado,10,3.333333,kWh,117,117,0,kg,SIMULATED_PRODUCTION_CASE
http://w3id.org/protys/fixture#Load00007_Op6,http://w3id.org/protys/fixture#Load00007,http://w3id.org/protys/fixture#Load00007_Process,6,Control de calidad,20,0,kWh,117,117,0,kg,SIMULATED_PRODUCTION_CASE
http://w3id.org/protys/fixture#Load00007_Op7,http://w3id.org/protys/fixture#Load00007,http://w3id.org/protys/fixture#Load00007_Process,7,Envasado,10,0.333333,kWh,117,114.66,2.34,kg,SIMULATED_PRODUCTION_CASE
http://w3id.org/protys/fixture#Load00008_Op1,http://w3id.org/protys/fixture#Load00008,http://w3id.org/protys/fixture#Load00008_Process,1,Recepción e inspección,10,0,kWh,194,194,0,kg,SIMULATED_PRODUCTION_CASE
http://w3id.org/protys/fixture#Load00008_Op2,http://w3id.org/protys/fixture#Load00008,http://w3id.org/protys/fixture#Load00008_Process,2,Dispersión de pigmentos,20,10,kWh,194,194,0,kg,SIMULATED_PRODUCTION_CASE
http://w3id.org/protys/fixture#Load00008_Op3,http://w3id.org/protys/fixture#Load00008,http://w3id.org/protys/fixture#Load00008_Process,3,Mezcla principal,30,75,kWh,194,194,0,kg,SIMULATED_PRODUCTION_CASE
http://w3id.org/protys/fixture#Load00008_Op4,http://w3id.org/protys/fixture#Load00008,http://w3id.org/protys/fixture#Load00008_Process,4,Ajuste de viscosidad,10,26.666667,kWh,194,194,0,kg,SIMULATED_PRODUCTION_CASE
http://w3id.org/protys/fixture#Load00008_Op5,http://w3id.org/protys/fixture#Load00008,http://w3id.org/protys/fixture#Load00008_Process,5,Filtrado,10,3.333333,kWh,194,194,0,kg,SIMULATED_PRODUCTION_CASE
http://w3id.org/protys/fixture#Load00008_Op6,http://w3id.org/protys/fixture#Load00008,http://w3id.org/protys/fixture#Load00008_Process,6,Control de calidad,20,0,kWh,194,194,0,kg,SIMULATED_PRODUCTION_CASE
http://w3id.org/protys/fixture#Load00008_Op7,http://w3id.org/protys/fixture#Load00008,http://w3id.org/protys/fixture#Load00008_Process,7,Envasado,10,0.333333,kWh,194,190.12,3.88,kg,SIMULATED_PRODUCTION_CASE
http://w3id.org/protys/fixture#Load00009_Op1,http://w3id.org/protys/fixture#Load00009,http://w3id.org/protys/fixture#Load00009_Process,1,Recepción e inspección,10,0,kWh,113,113,0,kg,SIMULATED_PRODUCTION_CASE
http://w3id.org/protys/fixture#Load00009_Op2,http://w3id.org/protys/fixture#Load00009,http://w3id.org/protys/fixture#Load00009_Process,2,Dispersión de pigmentos,20,10,kWh,113,113,0,kg,SIMULATED_PRODUCTION_CASE
http://w3id.org/protys/fixture#Load00009_Op3,http://w3id.org/protys/fixture#Load00009,http://w3id.org/protys/fixture#Load00009_Process,3,Mezcla principal,30,75,kWh,113,113,0,kg,SIMULATED_PRODUCTION_CASE
http://w3id.org/protys/fixture#Load00009_Op4,http://w3id.org/protys/fixture#Load00009,http://w3id.org/protys/fixture#Load00009_Process,4,Ajuste de viscosidad,10,26.666667,kWh,113,113,0,kg,SIMULATED_PRODUCTION_CASE
http://w3id.org/protys/fixture#Load00009_Op5,http://w3id.org/protys/fixture#Load00009,http://w3id.org/protys/fixture#Load00009_Process,5,Filtrado,10,3.333333,kWh,113,113,0,kg,SIMULATED_PRODUCTION_CASE
http://w3id.org/protys/fixture#Load00009_Op6,http://w3id.org/protys/fixture#Load00009,http://w3id.org/protys/fixture#Load00009_Process,6,Control de calidad,20,0,kWh,113,113,0,kg,SIMULATED_PRODUCTION_CASE
http://w3id.org/protys/fixture#Load00009_Op7,http://w3id.org/protys/fixture#Load00009,http://w3id.org/protys/fixture#Load00009_Process,7,Envasado,10,0.333333,kWh,113,110.74,2.26,kg,SIMULATED_PRODUCTION_CASE
http://w3id.org/protys/fixture#Load00010_Op1,http://w3id.org/protys/fixture#Load00010,http://w3id.org/protys/fixture#Load00010_Process,1,Recepción e inspección,10,0,kWh,186,186,0,kg,SIMULATED_PRODUCTION_CASE
http://w3id.org/protys/fixture#Load00010_Op2,http://w3id.org/protys/fixture#Load00010,http://w3id.org/protys/fixture#Load00010_Process,2,Dispersión de pigmentos,20,10,kWh,186,186,0,kg,SIMULATED_PRODUCTION_CASE
http://w3id.org/protys/fixture#Load00010_Op3,http://w3id.org/protys/fixture#Load00010,http://w3id.org/protys/fixture#Load00010_Process,3,Mezcla principal,30,75,kWh,186,186,0,kg,SIMULATED_PRODUCTION_CASE
http://w3id.org/protys/fixture#Load00010_Op4,http://w3id.org/protys/fixture#Load00010,http://w3id.org/protys/fixture#Load00010_Process,4,Ajuste de viscosidad,10,26.666667,kWh,186,186,0,kg,SIMULATED_PRODUCTION_CASE
http://w3id.org/protys/fixture#Load00010_Op5,http://w3id.org/protys/fixture#Load00010,http://w3id.org/protys/fixture#Load00010_Process,5,Filtrado,10,3.333333,kWh,186,186,0,kg,SIMULATED_PRODUCTION_CASE
http://w3id.org/protys/fixture#Load00010_Op6,http://w3id.org/protys/fixture#Load00010,http://w3id.org/protys/fixture#Load00010_Process,6,Control de calidad,20,0,kWh,186,186,0,kg,SIMULATED_PRODUCTION_CASE
http://w3id.org/protys/fixture#Load00010_Op7,http://w3id.org/protys/fixture#Load00010,http://w3id.org/protys/fixture#Load00010_Process,7,Envasado,10,0.333333,kWh,186,182.28,3.72,kg,SIMULATED_PRODUCTION_CASE
http://w3id.org/protys/fixture#Load00011_Op1,http://w3id.org/protys/fixture#Load00011,http://w3id.org/protys/fixture#Load00011_Process,1,Recepción e inspección,10,0,kWh,194,194,0,kg,SIMULATED_PRODUCTION_CASE
http://w3id.org/protys/fixture#Load00011_Op2,http://w3id.org/protys/fixture#Load00011,http://w3id.org/protys/fixture#Load00011_Process,2,Dispersión de pigmentos,20,10,kWh,194,194,0,kg,SIMULATED_PRODUCTION_CASE
http://w3id.org/protys/fixture#Load00011_Op3,http://w3id.org/protys/fixture#Load00011,http://w3id.org/protys/fixture#Load00011_Process,3,Mezcla principal,30,75,kWh,194,194,0,kg,SIMULATED_PRODUCTION_CASE
http://w3id.org/protys/fixture#Load00011_Op4,http://w3id.org/protys/fixture#Load00011,http://w3id.org/protys/fixture#Load00011_Process,4,Ajuste de viscosidad,10,26.666667,kWh,194,194,0,kg,SIMULATED_PRODUCTION_CASE
http://w3id.org/protys/fixture#Load00011_Op5,http://w3id.org/protys/fixture#Load00011,http://w3id.org/protys/fixture#Load00011_Process,5,Filtrado,10,3.333333,kWh,194,194,0,kg,SIMULATED_PRODUCTION_CASE
http://w3id.org/protys/fixture#Load00011_Op6,http://w3id.org/protys/fixture#Load00011,http://w3id.org/protys/fixture#Load00011_Process,6,Control de calidad,20,0,kWh,194,194,0,kg,SIMULATED_PRODUCTION_CASE
http://w3id.org/protys/fixture#Load00011_Op7,http://w3id.org/protys/fixture#Load00011,http://w3id.org/protys/fixture#Load00011_Process,7,Envasado,10,0.333333,kWh,194,190.12,3.88,kg,SIMULATED_PRODUCTION_CASE
http://w3id.org/protys/fixture#Load00012_Op1,http://w3id.org/protys/fixture#Load00012,http://w3id.org/protys/fixture#Load00012_Process,1,Recepción e inspección,10,0,kWh,169,169,0,kg,SIMULATED_PRODUCTION_CASE
http://w3id.org/protys/fixture#Load00012_Op2,http://w3id.org/protys/fixture#Load00012,http://w3id.org/protys/fixture#Load00012_Process,2,Dispersión de pigmentos,20,10,kWh,169,169,0,kg,SIMULATED_PRODUCTION_CASE
http://w3id.org/protys/fixture#Load00012_Op3,http://w3id.org/protys/fixture#Load00012,http://w3id.org/protys/fixture#Load00012_Process,3,Mezcla principal,30,75,kWh,169,169,0,kg,SIMULATED_PRODUCTION_CASE
http://w3id.org/protys/fixture#Load00012_Op4,http://w3id.org/protys/fixture#Load00012,http://w3id.org/protys/fixture#Load00012_Process,4,Ajuste de viscosidad,10,26.666667,kWh,169,169,0,kg,SIMULATED_PRODUCTION_CASE
http://w3id.org/protys/fixture#Load00012_Op5,http://w3id.org/protys/fixture#Load00012,http://w3id.org/protys/fixture#Load00012_Process,5,Filtrado,10,3.333333,kWh,169,169,0,kg,SIMULATED_PRODUCTION_CASE
http://w3id.org/protys/fixture#Load00012_Op6,http://w3id.org/protys/fixture#Load00012,http://w3id.org/protys/fixture#Load00012_Process,6,Control de calidad,20,0,kWh,169,169,0,kg,SIMULATED_PRODUCTION_CASE
http://w3id.org/protys/fixture#Load00012_Op7,http://w3id.org/protys/fixture#Load00012,http://w3id.org/protys/fixture#Load00012_Process,7,Envasado,10,0.333333,kWh,169,165.62,3.38,kg,SIMULATED_PRODUCTION_CASE
http://w3id.org/protys/fixture#Load00013_Op1,http://w3id.org/protys/fixture#Load00013,http://w3id.org/protys/fixture#Load00013_Process,1,Recepción e inspección,10,0,kWh,111,111,0,kg,SIMULATED_PRODUCTION_CASE
http://w3id.org/protys/fixture#Load00013_Op2,http://w3id.org/protys/fixture#Load00013,http://w3id.org/protys/fixture#Load00013_Process,2,Dispersión de pigmentos,20,10,kWh,111,111,0,kg,SIMULATED_PRODUCTION_CASE
http://w3id.org/protys/fixture#Load00013_Op3,http://w3id.org/protys/fixture#Load00013,http://w3id.org/protys/fixture#Load00013_Process,3,Mezcla principal,30,75,kWh,111,111,0,kg,SIMULATED_PRODUCTION_CASE
http://w3id.org/protys/fixture#Load00013_Op4,http://w3id.org/protys/fixture#Load00013,http://w3id.org/protys/fixture#Load00013_Process,4,Ajuste de viscosidad,10,26.666667,kWh,111,111,0,kg,SIMULATED_PRODUCTION_CASE
http://w3id.org/protys/fixture#Load00013_Op5,http://w3id.org/protys/fixture#Load00013,http://w3id.org/protys/fixture#Load00013_Process,5,Filtrado,10,3.333333,kWh,111,111,0,kg,SIMULATED_PRODUCTION_CASE
http://w3id.org/protys/fixture#Load00013_Op6,http://w3id.org/protys/fixture#Load00013,http://w3id.org/protys/fixture#Load00013_Process,6,Control de calidad,20,0,kWh,111,111,0,kg,SIMULATED_PRODUCTION_CASE
http://w3id.org/protys/fixture#Load00013_Op7,http://w3id.org/protys/fixture#Load00013,http://w3id.org/protys/fixture#Load00013_Process,7,Envasado,10,0.333333,kWh,111,108.78,2.22,kg,SIMULATED_PRODUCTION_CASE
http://w3id.org/protys/fixture#Load00014_Op1,http://w3id.org/protys/fixture#Load00014,http://w3id.org/protys/fixture#Load00014_Process,1,Recepción e inspección,10,0,kWh,175,175,0,kg,SIMULATED_PRODUCTION_CASE
http://w3id.org/protys/fixture#Load00014_Op2,http://w3id.org/protys/fixture#Load00014,http://w3id.org/protys/fixture#Load00014_Process,2,Dispersión de pigmentos,20,10,kWh,175,175,0,kg,SIMULATED_PRODUCTION_CASE
http://w3id.org/protys/fixture#Load00014_Op3,http://w3id.org/protys/fixture#Load00014,http://w3id.org/protys/fixture#Load00014_Process,3,Mezcla principal,30,75,kWh,175,175,0,kg,SIMULATED_PRODUCTION_CASE
http://w3id.org/protys/fixture#Load00014_Op4,http://w3id.org/protys/fixture#Load00014,http://w3id.org/protys/fixture#Load00014_Process,4,Ajuste de viscosidad,10,26.666667,kWh,175,175,0,kg,SIMULATED_PRODUCTION_CASE
http://w3id.org/protys/fixture#Load00014_Op5,http://w3id.org/protys/fixture#Load00014,http://w3id.org/protys/fixture#Load00014_Process,5,Filtrado,10,3.333333,kWh,175,175,0,kg,SIMULATED_PRODUCTION_CASE
http://w3id.org/protys/fixture#Load00014_Op6,http://w3id.org/protys/fixture#Load00014,http://w3id.org/protys/fixture#Load00014_Process,6,Control de calidad,20,0,kWh,175,175,0,kg,SIMULATED_PRODUCTION_CASE
http://w3id.org/protys/fixture#Load00014_Op7,http://w3id.org/protys/fixture#Load00014,http://w3id.org/protys/fixture#Load00014_Process,7,Envasado,10,0.333333,kWh,175,171.50,3.50,kg,SIMULATED_PRODUCTION_CASE
http://w3id.org/protys/fixture#Load00015_Op1,http://w3id.org/protys/fixture#Load00015,http://w3id.org/protys/fixture#Load00015_Process,1,Recepción e inspección,10,0,kWh,154,154,0,kg,SIMULATED_PRODUCTION_CASE
http://w3id.org/protys/fixture#Load00015_Op2,http://w3id.org/protys/fixture#Load00015,http://w3id.org/protys/fixture#Load00015_Process,2,Dispersión de pigmentos,20,10,kWh,154,154,0,kg,SIMULATED_PRODUCTION_CASE
http://w3id.org/protys/fixture#Load00015_Op3,http://w3id.org/protys/fixture#Load00015,http://w3id.org/protys/fixture#Load00015_Process,3,Mezcla principal,30,75,kWh,154,154,0,kg,SIMULATED_PRODUCTION_CASE
http://w3id.org/protys/fixture#Load00015_Op4,http://w3id.org/protys/fixture#Load00015,http://w3id.org/protys/fixture#Load00015_Process,4,Ajuste de viscosidad,10,26.666667,kWh,154,154,0,kg,SIMULATED_PRODUCTION_CASE
http://w3id.org/protys/fixture#Load00015_Op5,http://w3id.org/protys/fixture#Load00015,http://w3id.org/protys/fixture#Load00015_Process,5,Filtrado,10,3.333333,kWh,154,154,0,kg,SIMULATED_PRODUCTION_CASE
http://w3id.org/protys/fixture#Load00015_Op6,http://w3id.org/protys/fixture#Load00015,http://w3id.org/protys/fixture#Load00015_Process,6,Control de calidad,20,0,kWh,154,154,0,kg,SIMULATED_PRODUCTION_CASE
http://w3id.org/protys/fixture#Load00015_Op7,http://w3id.org/protys/fixture#Load00015,http://w3id.org/protys/fixture#Load00015_Process,7,Envasado,10,0.333333,kWh,154,150.92,3.08,kg,SIMULATED_PRODUCTION_CASE
http://w3id.org/protys/fixture#Load00016_Op1,http://w3id.org/protys/fixture#Load00016,http://w3id.org/protys/fixture#Load00016_Process,1,Recepción e inspección,10,0,kWh,104,104,0,kg,SIMULATED_PRODUCTION_CASE
http://w3id.org/protys/fixture#Load00016_Op2,http://w3id.org/protys/fixture#Load00016,http://w3id.org/protys/fixture#Load00016_Process,2,Dispersión de pigmentos,20,10,kWh,104,104,0,kg,SIMULATED_PRODUCTION_CASE
http://w3id.org/protys/fixture#Load00016_Op3,http://w3id.org/protys/fixture#Load00016,http://w3id.org/protys/fixture#Load00016_Process,3,Mezcla principal,30,75,kWh,104,104,0,kg,SIMULATED_PRODUCTION_CASE
http://w3id.org/protys/fixture#Load00016_Op4,http://w3id.org/protys/fixture#Load00016,http://w3id.org/protys/fixture#Load00016_Process,4,Ajuste de viscosidad,10,26.666667,kWh,104,104,0,kg,SIMULATED_PRODUCTION_CASE
http://w3id.org/protys/fixture#Load00016_Op5,http://w3id.org/protys/fixture#Load00016,http://w3id.org/protys/fixture#Load00016_Process,5,Filtrado,10,3.333333,kWh,104,104,0,kg,SIMULATED_PRODUCTION_CASE
http://w3id.org/protys/fixture#Load00016_Op6,http://w3id.org/protys/fixture#Load00016,http://w3id.org/protys/fixture#Load00016_Process,6,Control de calidad,20,0,kWh,104,104,0,kg,SIMULATED_PRODUCTION_CASE
http://w3id.org/protys/fixture#Load00016_Op7,http://w3id.org/protys/fixture#Load00016,http://w3id.org/protys/fixture#Load00016_Process,7,Envasado,10,0.333333,kWh,104,101.92,2.08,kg,SIMULATED_PRODUCTION_CASE
http://w3id.org/protys/fixture#Load00017_Op1,http://w3id.org/protys/fixture#Load00017,http://w3id.org/protys/fixture#Load00017_Process,1,Recepción e inspección,10,0,kWh,103,103,0,kg,SIMULATED_PRODUCTION_CASE
http://w3id.org/protys/fixture#Load00017_Op2,http://w3id.org/protys/fixture#Load00017,http://w3id.org/protys/fixture#Load00017_Process,2,Dispersión de pigmentos,20,10,kWh,103,103,0,kg,SIMULATED_PRODUCTION_CASE
http://w3id.org/protys/fixture#Load00017_Op3,http://w3id.org/protys/fixture#Load00017,http://w3id.org/protys/fixture#Load00017_Process,3,Mezcla principal,30,75,kWh,103,103,0,kg,SIMULATED_PRODUCTION_CASE
http://w3id.org/protys/fixture#Load00017_Op4,http://w3id.org/protys/fixture#Load00017,http://w3id.org/protys/fixture#Load00017_Process,4,Ajuste de viscosidad,10,26.666667,kWh,103,103,0,kg,SIMULATED_PRODUCTION_CASE
http://w3id.org/protys/fixture#Load00017_Op5,http://w3id.org/protys/fixture#Load00017,http://w3id.org/protys/fixture#Load00017_Process,5,Filtrado,10,3.333333,kWh,103,103,0,kg,SIMULATED_PRODUCTION_CASE
http://w3id.org/protys/fixture#Load00017_Op6,http://w3id.org/protys/fixture#Load00017,http://w3id.org/protys/fixture#Load00017_Process,6,Control de calidad,20,0,kWh,103,103,0,kg,SIMULATED_PRODUCTION_CASE
http://w3id.org/protys/fixture#Load00017_Op7,http://w3id.org/protys/fixture#Load00017,http://w3id.org/protys/fixture#Load00017_Process,7,Envasado,10,0.333333,kWh,103,100.94,2.06,kg,SIMULATED_PRODUCTION_CASE
http://w3id.org/protys/fixture#Load00018_Op1,http://w3id.org/protys/fixture#Load00018,http://w3id.org/protys/fixture#Load00018_Process,1,Recepción e inspección,10,0,kWh,111,111,0,kg,SIMULATED_PRODUCTION_CASE
http://w3id.org/protys/fixture#Load00018_Op2,http://w3id.org/protys/fixture#Load00018,http://w3id.org/protys/fixture#Load00018_Process,2,Dispersión de pigmentos,20,10,kWh,111,111,0,kg,SIMULATED_PRODUCTION_CASE
http://w3id.org/protys/fixture#Load00018_Op3,http://w3id.org/protys/fixture#Load00018,http://w3id.org/protys/fixture#Load00018_Process,3,Mezcla principal,30,75,kWh,111,111,0,kg,SIMULATED_PRODUCTION_CASE
http://w3id.org/protys/fixture#Load00018_Op4,http://w3id.org/protys/fixture#Load00018,http://w3id.org/protys/fixture#Load00018_Process,4,Ajuste de viscosidad,10,26.666667,kWh,111,111,0,kg,SIMULATED_PRODUCTION_CASE
http://w3id.org/protys/fixture#Load00018_Op5,http://w3id.org/protys/fixture#Load00018,http://w3id.org/protys/fixture#Load00018_Process,5,Filtrado,10,3.333333,kWh,111,111,0,kg,SIMULATED_PRODUCTION_CASE
http://w3id.org/protys/fixture#Load00018_Op6,http://w3id.org/protys/fixture#Load00018,http://w3id.org/protys/fixture#Load00018_Process,6,Control de calidad,20,0,kWh,111,111,0,kg,SIMULATED_PRODUCTION_CASE
http://w3id.org/protys/fixture#Load00018_Op7,http://w3id.org/protys/fixture#Load00018,http://w3id.org/protys/fixture#Load00018_Process,7,Envasado,10,0.333333,kWh,111,108.78,2.22,kg,SIMULATED_PRODUCTION_CASE
http://w3id.org/protys/fixture#Load00019_Op1,http://w3id.org/protys/fixture#Load00019,http://w3id.org/protys/fixture#Load00019_Process,1,Recepción e inspección,10,0,kWh,127,127,0,kg,SIMULATED_PRODUCTION_CASE
http://w3id.org/protys/fixture#Load00019_Op2,http://w3id.org/protys/fixture#Load00019,http://w3id.org/protys/fixture#Load00019_Process,2,Dispersión de pigmentos,20,10,kWh,127,127,0,kg,SIMULATED_PRODUCTION_CASE
http://w3id.org/protys/fixture#Load00019_Op3,http://w3id.org/protys/fixture#Load00019,http://w3id.org/protys/fixture#Load00019_Process,3,Mezcla principal,30,75,kWh,127,127,0,kg,SIMULATED_PRODUCTION_CASE
http://w3id.org/protys/fixture#Load00019_Op4,http://w3id.org/protys/fixture#Load00019,http://w3id.org/protys/fixture#Load00019_Process,4,Ajuste de viscosidad,10,26.666667,kWh,127,127,0,kg,SIMULATED_PRODUCTION_CASE
http://w3id.org/protys/fixture#Load00019_Op5,http://w3id.org/protys/fixture#Load00019,http://w3id.org/protys/fixture#Load00019_Process,5,Filtrado,10,3.333333,kWh,127,127,0,kg,SIMULATED_PRODUCTION_CASE
http://w3id.org/protys/fixture#Load00019_Op6,http://w3id.org/protys/fixture#Load00019,http://w3id.org/protys/fixture#Load00019_Process,6,Control de calidad,20,0,kWh,127,127,0,kg,SIMULATED_PRODUCTION_CASE
http://w3id.org/protys/fixture#Load00019_Op7,http://w3id.org/protys/fixture#Load00019,http://w3id.org/protys/fixture#Load00019_Process,7,Envasado,10,0.333333,kWh,127,124.46,2.54,kg,SIMULATED_PRODUCTION_CASE
http://w3id.org/protys/fixture#Load00020_Op1,http://w3id.org/protys/fixture#Load00020,http://w3id.org/protys/fixture#Load00020_Process,1,Recepción e inspección,10,0,kWh,129,129,0,kg,SIMULATED_PRODUCTION_CASE
http://w3id.org/protys/fixture#Load00020_Op2,http://w3id.org/protys/fixture#Load00020,http://w3id.org/protys/fixture#Load00020_Process,2,Dispersión de pigmentos,20,10,kWh,129,129,0,kg,SIMULATED_PRODUCTION_CASE
http://w3id.org/protys/fixture#Load00020_Op3,http://w3id.org/protys/fixture#Load00020,http://w3id.org/protys/fixture#Load00020_Process,3,Mezcla principal,30,75,kWh,129,129,0,kg,SIMULATED_PRODUCTION_CASE
http://w3id.org/protys/fixture#Load00020_Op4,http://w3id.org/protys/fixture#Load00020,http://w3id.org/protys/fixture#Load00020_Process,4,Ajuste de viscosidad,10,26.666667,kWh,129,129,0,kg,SIMULATED_PRODUCTION_CASE
http://w3id.org/protys/fixture#Load00020_Op5,http://w3id.org/protys/fixture#Load00020,http://w3id.org/protys/fixture#Load00020_Process,5,Filtrado,10,3.333333,kWh,129,129,0,kg,SIMULATED_PRODUCTION_CASE
http://w3id.org/protys/fixture#Load00020_Op6,http://w3id.org/protys/fixture#Load00020,http://w3id.org/protys/fixture#Load00020_Process,6,Control de calidad,20,0,kWh,129,129,0,kg,SIMULATED_PRODUCTION_CASE
http://w3id.org/protys/fixture#Load00020_Op7,http://w3id.org/protys/fixture#Load00020,http://w3id.org/protys/fixture#Load00020_Process,7,Envasado,10,0.333333,kWh,129,126.42,2.58,kg,SIMULATED_PRODUCTION_CASE
http://w3id.org/protys/fixture#Load00021_Op1,http://w3id.org/protys/fixture#Load00021,http://w3id.org/protys/fixture#Load00021_Process,1,Recepción e inspección,10,0,kWh,164,164,0,kg,SIMULATED_PRODUCTION_CASE
http://w3id.org/protys/fixture#Load00021_Op2,http://w3id.org/protys/fixture#Load00021,http://w3id.org/protys/fixture#Load00021_Process,2,Dispersión de pigmentos,20,10,kWh,164,164,0,kg,SIMULATED_PRODUCTION_CASE
http://w3id.org/protys/fixture#Load00021_Op3,http://w3id.org/protys/fixture#Load00021,http://w3id.org/protys/fixture#Load00021_Process,3,Mezcla principal,30,75,kWh,164,164,0,kg,SIMULATED_PRODUCTION_CASE
http://w3id.org/protys/fixture#Load00021_Op4,http://w3id.org/protys/fixture#Load00021,http://w3id.org/protys/fixture#Load00021_Process,4,Ajuste de viscosidad,10,26.666667,kWh,164,164,0,kg,SIMULATED_PRODUCTION_CASE
http://w3id.org/protys/fixture#Load00021_Op5,http://w3id.org/protys/fixture#Load00021,http://w3id.org/protys/fixture#Load00021_Process,5,Filtrado,10,3.333333,kWh,164,164,0,kg,SIMULATED_PRODUCTION_CASE
http://w3id.org/protys/fixture#Load00021_Op6,http://w3id.org/protys/fixture#Load00021,http://w3id.org/protys/fixture#Load00021_Process,6,Control de calidad,20,0,kWh,164,164,0,kg,SIMULATED_PRODUCTION_CASE
http://w3id.org/protys/fixture#Load00021_Op7,http://w3id.org/protys/fixture#Load00021,http://w3id.org/protys/fixture#Load00021_Process,7,Envasado,10,0.333333,kWh,164,160.72,3.28,kg,SIMULATED_PRODUCTION_CASE
http://w3id.org/protys/fixture#Load00022_Op1,http://w3id.org/protys/fixture#Load00022,http://w3id.org/protys/fixture#Load00022_Process,1,Recepción e inspección,10,0,kWh,177,177,0,kg,SIMULATED_PRODUCTION_CASE
http://w3id.org/protys/fixture#Load00022_Op2,http://w3id.org/protys/fixture#Load00022,http://w3id.org/protys/fixture#Load00022_Process,2,Dispersión de pigmentos,20,10,kWh,177,177,0,kg,SIMULATED_PRODUCTION_CASE
http://w3id.org/protys/fixture#Load00022_Op3,http://w3id.org/protys/fixture#Load00022,http://w3id.org/protys/fixture#Load00022_Process,3,Mezcla principal,30,75,kWh,177,177,0,kg,SIMULATED_PRODUCTION_CASE
http://w3id.org/protys/fixture#Load00022_Op4,http://w3id.org/protys/fixture#Load00022,http://w3id.org/protys/fixture#Load00022_Process,4,Ajuste de viscosidad,10,26.666667,kWh,177,177,0,kg,SIMULATED_PRODUCTION_CASE
http://w3id.org/protys/fixture#Load00022_Op5,http://w3id.org/protys/fixture#Load00022,http://w3id.org/protys/fixture#Load00022_Process,5,Filtrado,10,3.333333,kWh,177,177,0,kg,SIMULATED_PRODUCTION_CASE
http://w3id.org/protys/fixture#Load00022_Op6,http://w3id.org/protys/fixture#Load00022,http://w3id.org/protys/fixture#Load00022_Process,6,Control de calidad,20,0,kWh,177,177,0,kg,SIMULATED_PRODUCTION_CASE
http://w3id.org/protys/fixture#Load00022_Op7,http://w3id.org/protys/fixture#Load00022,http://w3id.org/protys/fixture#Load00022_Process,7,Envasado,10,0.333333,kWh,177,173.46,3.54,kg,SIMULATED_PRODUCTION_CASE
http://w3id.org/protys/fixture#Load00023_Op1,http://w3id.org/protys/fixture#Load00023,http://w3id.org/protys/fixture#Load00023_Process,1,Recepción e inspección,10,0,kWh,103,103,0,kg,SIMULATED_PRODUCTION_CASE
http://w3id.org/protys/fixture#Load00023_Op2,http://w3id.org/protys/fixture#Load00023,http://w3id.org/protys/fixture#Load00023_Process,2,Dispersión de pigmentos,20,10,kWh,103,103,0,kg,SIMULATED_PRODUCTION_CASE
http://w3id.org/protys/fixture#Load00023_Op3,http://w3id.org/protys/fixture#Load00023,http://w3id.org/protys/fixture#Load00023_Process,3,Mezcla principal,30,75,kWh,103,103,0,kg,SIMULATED_PRODUCTION_CASE
http://w3id.org/protys/fixture#Load00023_Op4,http://w3id.org/protys/fixture#Load00023,http://w3id.org/protys/fixture#Load00023_Process,4,Ajuste de viscosidad,10,26.666667,kWh,103,103,0,kg,SIMULATED_PRODUCTION_CASE
http://w3id.org/protys/fixture#Load00023_Op5,http://w3id.org/protys/fixture#Load00023,http://w3id.org/protys/fixture#Load00023_Process,5,Filtrado,10,3.333333,kWh,103,103,0,kg,SIMULATED_PRODUCTION_CASE
http://w3id.org/protys/fixture#Load00023_Op6,http://w3id.org/protys/fixture#Load00023,http://w3id.org/protys/fixture#Load00023_Process,6,Control de calidad,20,0,kWh,103,103,0,kg,SIMULATED_PRODUCTION_CASE
http://w3id.org/protys/fixture#Load00023_Op7,http://w3id.org/protys/fixture#Load00023,http://w3id.org/protys/fixture#Load00023_Process,7,Envasado,10,0.333333,kWh,103,100.94,2.06,kg,SIMULATED_PRODUCTION_CASE
http://w3id.org/protys/fixture#Load00024_Op1,http://w3id.org/protys/fixture#Load00024,http://w3id.org/protys/fixture#Load00024_Process,1,Recepción e inspección,10,0,kWh,171,171,0,kg,SIMULATED_PRODUCTION_CASE
http://w3id.org/protys/fixture#Load00024_Op2,http://w3id.org/protys/fixture#Load00024,http://w3id.org/protys/fixture#Load00024_Process,2,Dispersión de pigmentos,20,10,kWh,171,171,0,kg,SIMULATED_PRODUCTION_CASE
http://w3id.org/protys/fixture#Load00024_Op3,http://w3id.org/protys/fixture#Load00024,http://w3id.org/protys/fixture#Load00024_Process,3,Mezcla principal,30,75,kWh,171,171,0,kg,SIMULATED_PRODUCTION_CASE
http://w3id.org/protys/fixture#Load00024_Op4,http://w3id.org/protys/fixture#Load00024,http://w3id.org/protys/fixture#Load00024_Process,4,Ajuste de viscosidad,10,26.666667,kWh,171,171,0,kg,SIMULATED_PRODUCTION_CASE
http://w3id.org/protys/fixture#Load00024_Op5,http://w3id.org/protys/fixture#Load00024,http://w3id.org/protys/fixture#Load00024_Process,5,Filtrado,10,3.333333,kWh,171,171,0,kg,SIMULATED_PRODUCTION_CASE
http://w3id.org/protys/fixture#Load00024_Op6,http://w3id.org/protys/fixture#Load00024,http://w3id.org/protys/fixture#Load00024_Process,6,Control de calidad,20,0,kWh,171,171,0,kg,SIMULATED_PRODUCTION_CASE
http://w3id.org/protys/fixture#Load00024_Op7,http://w3id.org/protys/fixture#Load00024,http://w3id.org/protys/fixture#Load00024_Process,7,Envasado,10,0.333333,kWh,171,167.58,3.42,kg,SIMULATED_PRODUCTION_CASE
http://w3id.org/protys/fixture#Load00025_Op1,http://w3id.org/protys/fixture#Load00025,http://w3id.org/protys/fixture#Load00025_Process,1,Recepción e inspección,10,0,kWh,125,125,0,kg,SIMULATED_PRODUCTION_CASE
http://w3id.org/protys/fixture#Load00025_Op2,http://w3id.org/protys/fixture#Load00025,http://w3id.org/protys/fixture#Load00025_Process,2,Dispersión de pigmentos,20,10,kWh,125,125,0,kg,SIMULATED_PRODUCTION_CASE
http://w3id.org/protys/fixture#Load00025_Op3,http://w3id.org/protys/fixture#Load00025,http://w3id.org/protys/fixture#Load00025_Process,3,Mezcla principal,30,75,kWh,125,125,0,kg,SIMULATED_PRODUCTION_CASE
http://w3id.org/protys/fixture#Load00025_Op4,http://w3id.org/protys/fixture#Load00025,http://w3id.org/protys/fixture#Load00025_Process,4,Ajuste de viscosidad,10,26.666667,kWh,125,125,0,kg,SIMULATED_PRODUCTION_CASE
http://w3id.org/protys/fixture#Load00025_Op5,http://w3id.org/protys/fixture#Load00025,http://w3id.org/protys/fixture#Load00025_Process,5,Filtrado,10,3.333333,kWh,125,125,0,kg,SIMULATED_PRODUCTION_CASE
http://w3id.org/protys/fixture#Load00025_Op6,http://w3id.org/protys/fixture#Load00025,http://w3id.org/protys/fixture#Load00025_Process,6,Control de calidad,20,0,kWh,125,125,0,kg,SIMULATED_PRODUCTION_CASE
http://w3id.org/protys/fixture#Load00025_Op7,http://w3id.org/protys/fixture#Load00025,http://w3id.org/protys/fixture#Load00025_Process,7,Envasado,10,0.333333,kWh,125,122.50,2.50,kg,SIMULATED_PRODUCTION_CASE
http://w3id.org/protys/fixture#Load00026_Op1,http://w3id.org/protys/fixture#Load00026,http://w3id.org/protys/fixture#Load00026_Process,1,Recepción e inspección,10,0,kWh,191,191,0,kg,SIMULATED_PRODUCTION_CASE
http://w3id.org/protys/fixture#Load00026_Op2,http://w3id.org/protys/fixture#Load00026,http://w3id.org/protys/fixture#Load00026_Process,2,Dispersión de pigmentos,20,10,kWh,191,191,0,kg,SIMULATED_PRODUCTION_CASE
http://w3id.org/protys/fixture#Load00026_Op3,http://w3id.org/protys/fixture#Load00026,http://w3id.org/protys/fixture#Load00026_Process,3,Mezcla principal,30,75,kWh,191,191,0,kg,SIMULATED_PRODUCTION_CASE
http://w3id.org/protys/fixture#Load00026_Op4,http://w3id.org/protys/fixture#Load00026,http://w3id.org/protys/fixture#Load00026_Process,4,Ajuste de viscosidad,10,26.666667,kWh,191,191,0,kg,SIMULATED_PRODUCTION_CASE
http://w3id.org/protys/fixture#Load00026_Op5,http://w3id.org/protys/fixture#Load00026,http://w3id.org/protys/fixture#Load00026_Process,5,Filtrado,10,3.333333,kWh,191,191,0,kg,SIMULATED_PRODUCTION_CASE
http://w3id.org/protys/fixture#Load00026_Op6,http://w3id.org/protys/fixture#Load00026,http://w3id.org/protys/fixture#Load00026_Process,6,Control de calidad,20,0,kWh,191,191,0,kg,SIMULATED_PRODUCTION_CASE
http://w3id.org/protys/fixture#Load00026_Op7,http://w3id.org/protys/fixture#Load00026,http://w3id.org/protys/fixture#Load00026_Process,7,Envasado,10,0.333333,kWh,191,187.18,3.82,kg,SIMULATED_PRODUCTION_CASE
http://w3id.org/protys/fixture#Load00027_Op1,http://w3id.org/protys/fixture#Load00027,http://w3id.org/protys/fixture#Load00027_Process,1,Recepción e inspección,10,0,kWh,183,183,0,kg,SIMULATED_PRODUCTION_CASE
http://w3id.org/protys/fixture#Load00027_Op2,http://w3id.org/protys/fixture#Load00027,http://w3id.org/protys/fixture#Load00027_Process,2,Dispersión de pigmentos,20,10,kWh,183,183,0,kg,SIMULATED_PRODUCTION_CASE
http://w3id.org/protys/fixture#Load00027_Op3,http://w3id.org/protys/fixture#Load00027,http://w3id.org/protys/fixture#Load00027_Process,3,Mezcla principal,30,75,kWh,183,183,0,kg,SIMULATED_PRODUCTION_CASE
http://w3id.org/protys/fixture#Load00027_Op4,http://w3id.org/protys/fixture#Load00027,http://w3id.org/protys/fixture#Load00027_Process,4,Ajuste de viscosidad,10,26.666667,kWh,183,183,0,kg,SIMULATED_PRODUCTION_CASE
http://w3id.org/protys/fixture#Load00027_Op5,http://w3id.org/protys/fixture#Load00027,http://w3id.org/protys/fixture#Load00027_Process,5,Filtrado,10,3.333333,kWh,183,183,0,kg,SIMULATED_PRODUCTION_CASE
http://w3id.org/protys/fixture#Load00027_Op6,http://w3id.org/protys/fixture#Load00027,http://w3id.org/protys/fixture#Load00027_Process,6,Control de calidad,20,0,kWh,183,183,0,kg,SIMULATED_PRODUCTION_CASE
http://w3id.org/protys/fixture#Load00027_Op7,http://w3id.org/protys/fixture#Load00027,http://w3id.org/protys/fixture#Load00027_Process,7,Envasado,10,0.333333,kWh,183,179.34,3.66,kg,SIMULATED_PRODUCTION_CASE
http://w3id.org/protys/fixture#Load00028_Op1,http://w3id.org/protys/fixture#Load00028,http://w3id.org/protys/fixture#Load00028_Process,1,Recepción e inspección,10,0,kWh,189,189,0,kg,SIMULATED_PRODUCTION_CASE
http://w3id.org/protys/fixture#Load00028_Op2,http://w3id.org/protys/fixture#Load00028,http://w3id.org/protys/fixture#Load00028_Process,2,Dispersión de pigmentos,20,10,kWh,189,189,0,kg,SIMULATED_PRODUCTION_CASE
http://w3id.org/protys/fixture#Load00028_Op3,http://w3id.org/protys/fixture#Load00028,http://w3id.org/protys/fixture#Load00028_Process,3,Mezcla principal,30,75,kWh,189,189,0,kg,SIMULATED_PRODUCTION_CASE
http://w3id.org/protys/fixture#Load00028_Op4,http://w3id.org/protys/fixture#Load00028,http://w3id.org/protys/fixture#Load00028_Process,4,Ajuste de viscosidad,10,26.666667,kWh,189,189,0,kg,SIMULATED_PRODUCTION_CASE
http://w3id.org/protys/fixture#Load00028_Op5,http://w3id.org/protys/fixture#Load00028,http://w3id.org/protys/fixture#Load00028_Process,5,Filtrado,10,3.333333,kWh,189,189,0,kg,SIMULATED_PRODUCTION_CASE
http://w3id.org/protys/fixture#Load00028_Op6,http://w3id.org/protys/fixture#Load00028,http://w3id.org/protys/fixture#Load00028_Process,6,Control de calidad,20,0,kWh,189,189,0,kg,SIMULATED_PRODUCTION_CASE
http://w3id.org/protys/fixture#Load00028_Op7,http://w3id.org/protys/fixture#Load00028,http://w3id.org/protys/fixture#Load00028_Process,7,Envasado,10,0.333333,kWh,189,185.22,3.78,kg,SIMULATED_PRODUCTION_CASE
http://w3id.org/protys/fixture#Load00029_Op1,http://w3id.org/protys/fixture#Load00029,http://w3id.org/protys/fixture#Load00029_Process,1,Recepción e inspección,10,0,kWh,169,169,0,kg,SIMULATED_PRODUCTION_CASE
http://w3id.org/protys/fixture#Load00029_Op2,http://w3id.org/protys/fixture#Load00029,http://w3id.org/protys/fixture#Load00029_Process,2,Dispersión de pigmentos,20,10,kWh,169,169,0,kg,SIMULATED_PRODUCTION_CASE
http://w3id.org/protys/fixture#Load00029_Op3,http://w3id.org/protys/fixture#Load00029,http://w3id.org/protys/fixture#Load00029_Process,3,Mezcla principal,30,75,kWh,169,169,0,kg,SIMULATED_PRODUCTION_CASE
http://w3id.org/protys/fixture#Load00029_Op4,http://w3id.org/protys/fixture#Load00029,http://w3id.org/protys/fixture#Load00029_Process,4,Ajuste de viscosidad,10,26.666667,kWh,169,169,0,kg,SIMULATED_PRODUCTION_CASE
http://w3id.org/protys/fixture#Load00029_Op5,http://w3id.org/protys/fixture#Load00029,http://w3id.org/protys/fixture#Load00029_Process,5,Filtrado,10,3.333333,kWh,169,169,0,kg,SIMULATED_PRODUCTION_CASE
http://w3id.org/protys/fixture#Load00029_Op6,http://w3id.org/protys/fixture#Load00029,http://w3id.org/protys/fixture#Load00029_Process,6,Control de calidad,20,0,kWh,169,169,0,kg,SIMULATED_PRODUCTION_CASE
http://w3id.org/protys/fixture#Load00029_Op7,http://w3id.org/protys/fixture#Load00029,http://w3id.org/protys/fixture#Load00029_Process,7,Envasado,10,0.333333,kWh,169,165.62,3.38,kg,SIMULATED_PRODUCTION_CASE
http://w3id.org/protys/fixture#Load00030_Op1,http://w3id.org/protys/fixture#Load00030,http://w3id.org/protys/fixture#Load00030_Process,1,Recepción e inspección,10,0,kWh,153,153,0,kg,SIMULATED_PRODUCTION_CASE
http://w3id.org/protys/fixture#Load00030_Op2,http://w3id.org/protys/fixture#Load00030,http://w3id.org/protys/fixture#Load00030_Process,2,Dispersión de pigmentos,20,10,kWh,153,153,0,kg,SIMULATED_PRODUCTION_CASE
http://w3id.org/protys/fixture#Load00030_Op3,http://w3id.org/protys/fixture#Load00030,http://w3id.org/protys/fixture#Load00030_Process,3,Mezcla principal,30,75,kWh,153,153,0,kg,SIMULATED_PRODUCTION_CASE
http://w3id.org/protys/fixture#Load00030_Op4,http://w3id.org/protys/fixture#Load00030,http://w3id.org/protys/fixture#Load00030_Process,4,Ajuste de viscosidad,10,26.666667,kWh,153,153,0,kg,SIMULATED_PRODUCTION_CASE
http://w3id.org/protys/fixture#Load00030_Op5,http://w3id.org/protys/fixture#Load00030,http://w3id.org/protys/fixture#Load00030_Process,5,Filtrado,10,3.333333,kWh,153,153,0,kg,SIMULATED_PRODUCTION_CASE
http://w3id.org/protys/fixture#Load00030_Op6,http://w3id.org/protys/fixture#Load00030,http://w3id.org/protys/fixture#Load00030_Process,6,Control de calidad,20,0,kWh,153,153,0,kg,SIMULATED_PRODUCTION_CASE
http://w3id.org/protys/fixture#Load00030_Op7,http://w3id.org/protys/fixture#Load00030,http://w3id.org/protys/fixture#Load00030_Process,7,Envasado,10,0.333333,kWh,153,149.94,3.06,kg,SIMULATED_PRODUCTION_CASE
http://w3id.org/protys/fixture#Load00031_Op1,http://w3id.org/protys/fixture#Load00031,http://w3id.org/protys/fixture#Load00031_Process,1,Recepción e inspección,10,0,kWh,128,128,0,kg,SIMULATED_PRODUCTION_CASE
http://w3id.org/protys/fixture#Load00031_Op2,http://w3id.org/protys/fixture#Load00031,http://w3id.org/protys/fixture#Load00031_Process,2,Dispersión de pigmentos,20,10,kWh,128,128,0,kg,SIMULATED_PRODUCTION_CASE
http://w3id.org/protys/fixture#Load00031_Op3,http://w3id.org/protys/fixture#Load00031,http://w3id.org/protys/fixture#Load00031_Process,3,Mezcla principal,30,75,kWh,128,128,0,kg,SIMULATED_PRODUCTION_CASE
http://w3id.org/protys/fixture#Load00031_Op4,http://w3id.org/protys/fixture#Load00031,http://w3id.org/protys/fixture#Load00031_Process,4,Ajuste de viscosidad,10,26.666667,kWh,128,128,0,kg,SIMULATED_PRODUCTION_CASE
http://w3id.org/protys/fixture#Load00031_Op5,http://w3id.org/protys/fixture#Load00031,http://w3id.org/protys/fixture#Load00031_Process,5,Filtrado,10,3.333333,kWh,128,128,0,kg,SIMULATED_PRODUCTION_CASE
http://w3id.org/protys/fixture#Load00031_Op6,http://w3id.org/protys/fixture#Load00031,http://w3id.org/protys/fixture#Load00031_Process,6,Control de calidad,20,0,kWh,128,128,0,kg,SIMULATED_PRODUCTION_CASE
http://w3id.org/protys/fixture#Load00031_Op7,http://w3id.org/protys/fixture#Load00031,http://w3id.org/protys/fixture#Load00031_Process,7,Envasado,10,0.333333,kWh,128,125.44,2.56,kg,SIMULATED_PRODUCTION_CASE
http://w3id.org/protys/fixture#Load00032_Op1,http://w3id.org/protys/fixture#Load00032,http://w3id.org/protys/fixture#Load00032_Process,1,Recepción e inspección,10,0,kWh,157,157,0,kg,SIMULATED_PRODUCTION_CASE
http://w3id.org/protys/fixture#Load00032_Op2,http://w3id.org/protys/fixture#Load00032,http://w3id.org/protys/fixture#Load00032_Process,2,Dispersión de pigmentos,20,10,kWh,157,157,0,kg,SIMULATED_PRODUCTION_CASE
http://w3id.org/protys/fixture#Load00032_Op3,http://w3id.org/protys/fixture#Load00032,http://w3id.org/protys/fixture#Load00032_Process,3,Mezcla principal,30,75,kWh,157,157,0,kg,SIMULATED_PRODUCTION_CASE
http://w3id.org/protys/fixture#Load00032_Op4,http://w3id.org/protys/fixture#Load00032,http://w3id.org/protys/fixture#Load00032_Process,4,Ajuste de viscosidad,10,26.666667,kWh,157,157,0,kg,SIMULATED_PRODUCTION_CASE
http://w3id.org/protys/fixture#Load00032_Op5,http://w3id.org/protys/fixture#Load00032,http://w3id.org/protys/fixture#Load00032_Process,5,Filtrado,10,3.333333,kWh,157,157,0,kg,SIMULATED_PRODUCTION_CASE
http://w3id.org/protys/fixture#Load00032_Op6,http://w3id.org/protys/fixture#Load00032,http://w3id.org/protys/fixture#Load00032_Process,6,Control de calidad,20,0,kWh,157,157,0,kg,SIMULATED_PRODUCTION_CASE
http://w3id.org/protys/fixture#Load00032_Op7,http://w3id.org/protys/fixture#Load00032,http://w3id.org/protys/fixture#Load00032_Process,7,Envasado,10,0.333333,kWh,157,153.86,3.14,kg,SIMULATED_PRODUCTION_CASE
http://w3id.org/protys/fixture#Load00033_Op1,http://w3id.org/protys/fixture#Load00033,http://w3id.org/protys/fixture#Load00033_Process,1,Recepción e inspección,10,0,kWh,175,175,0,kg,SIMULATED_PRODUCTION_CASE
http://w3id.org/protys/fixture#Load00033_Op2,http://w3id.org/protys/fixture#Load00033,http://w3id.org/protys/fixture#Load00033_Process,2,Dispersión de pigmentos,20,10,kWh,175,175,0,kg,SIMULATED_PRODUCTION_CASE
http://w3id.org/protys/fixture#Load00033_Op3,http://w3id.org/protys/fixture#Load00033,http://w3id.org/protys/fixture#Load00033_Process,3,Mezcla principal,30,75,kWh,175,175,0,kg,SIMULATED_PRODUCTION_CASE
http://w3id.org/protys/fixture#Load00033_Op4,http://w3id.org/protys/fixture#Load00033,http://w3id.org/protys/fixture#Load00033_Process,4,Ajuste de viscosidad,10,26.666667,kWh,175,175,0,kg,SIMULATED_PRODUCTION_CASE
http://w3id.org/protys/fixture#Load00033_Op5,http://w3id.org/protys/fixture#Load00033,http://w3id.org/protys/fixture#Load00033_Process,5,Filtrado,10,3.333333,kWh,175,175,0,kg,SIMULATED_PRODUCTION_CASE
http://w3id.org/protys/fixture#Load00033_Op6,http://w3id.org/protys/fixture#Load00033,http://w3id.org/protys/fixture#Load00033_Process,6,Control de calidad,20,0,kWh,175,175,0,kg,SIMULATED_PRODUCTION_CASE
http://w3id.org/protys/fixture#Load00033_Op7,http://w3id.org/protys/fixture#Load00033,http://w3id.org/protys/fixture#Load00033_Process,7,Envasado,10,0.333333,kWh,175,171.50,3.50,kg,SIMULATED_PRODUCTION_CASE
http://w3id.org/protys/fixture#Load00034_Op1,http://w3id.org/protys/fixture#Load00034,http://w3id.org/protys/fixture#Load00034_Process,1,Recepción e inspección,10,0,kWh,135,135,0,kg,SIMULATED_PRODUCTION_CASE
http://w3id.org/protys/fixture#Load00034_Op2,http://w3id.org/protys/fixture#Load00034,http://w3id.org/protys/fixture#Load00034_Process,2,Dispersión de pigmentos,20,10,kWh,135,135,0,kg,SIMULATED_PRODUCTION_CASE
http://w3id.org/protys/fixture#Load00034_Op3,http://w3id.org/protys/fixture#Load00034,http://w3id.org/protys/fixture#Load00034_Process,3,Mezcla principal,30,75,kWh,135,135,0,kg,SIMULATED_PRODUCTION_CASE
http://w3id.org/protys/fixture#Load00034_Op4,http://w3id.org/protys/fixture#Load00034,http://w3id.org/protys/fixture#Load00034_Process,4,Ajuste de viscosidad,10,26.666667,kWh,135,135,0,kg,SIMULATED_PRODUCTION_CASE
http://w3id.org/protys/fixture#Load00034_Op5,http://w3id.org/protys/fixture#Load00034,http://w3id.org/protys/fixture#Load00034_Process,5,Filtrado,10,3.333333,kWh,135,135,0,kg,SIMULATED_PRODUCTION_CASE
http://w3id.org/protys/fixture#Load00034_Op6,http://w3id.org/protys/fixture#Load00034,http://w3id.org/protys/fixture#Load00034_Process,6,Control de calidad,20,0,kWh,135,135,0,kg,SIMULATED_PRODUCTION_CASE
http://w3id.org/protys/fixture#Load00034_Op7,http://w3id.org/protys/fixture#Load00034,http://w3id.org/protys/fixture#Load00034_Process,7,Envasado,10,0.333333,kWh,135,132.30,2.70,kg,SIMULATED_PRODUCTION_CASE
http://w3id.org/protys/fixture#Load00035_Op1,http://w3id.org/protys/fixture#Load00035,http://w3id.org/protys/fixture#Load00035_Process,1,Recepción e inspección,10,0,kWh,100,100,0,kg,SIMULATED_PRODUCTION_CASE
http://w3id.org/protys/fixture#Load00035_Op2,http://w3id.org/protys/fixture#Load00035,http://w3id.org/protys/fixture#Load00035_Process,2,Dispersión de pigmentos,20,10,kWh,100,100,0,kg,SIMULATED_PRODUCTION_CASE
http://w3id.org/protys/fixture#Load00035_Op3,http://w3id.org/protys/fixture#Load00035,http://w3id.org/protys/fixture#Load00035_Process,3,Mezcla principal,30,75,kWh,100,100,0,kg,SIMULATED_PRODUCTION_CASE
http://w3id.org/protys/fixture#Load00035_Op4,http://w3id.org/protys/fixture#Load00035,http://w3id.org/protys/fixture#Load00035_Process,4,Ajuste de viscosidad,10,26.666667,kWh,100,100,0,kg,SIMULATED_PRODUCTION_CASE
http://w3id.org/protys/fixture#Load00035_Op5,http://w3id.org/protys/fixture#Load00035,http://w3id.org/protys/fixture#Load00035_Process,5,Filtrado,10,3.333333,kWh,100,100,0,kg,SIMULATED_PRODUCTION_CASE
http://w3id.org/protys/fixture#Load00035_Op6,http://w3id.org/protys/fixture#Load00035,http://w3id.org/protys/fixture#Load00035_Process,6,Control de calidad,20,0,kWh,100,100,0,kg,SIMULATED_PRODUCTION_CASE
http://w3id.org/protys/fixture#Load00035_Op7,http://w3id.org/protys/fixture#Load00035,http://w3id.org/protys/fixture#Load00035_Process,7,Envasado,10,0.333333,kWh,100,98.00,2.00,kg,SIMULATED_PRODUCTION_CASE
http://w3id.org/protys/fixture#Load00036_Op1,http://w3id.org/protys/fixture#Load00036,http://w3id.org/protys/fixture#Load00036_Process,1,Recepción e inspección,10,0,kWh,197,197,0,kg,SIMULATED_PRODUCTION_CASE
http://w3id.org/protys/fixture#Load00036_Op2,http://w3id.org/protys/fixture#Load00036,http://w3id.org/protys/fixture#Load00036_Process,2,Dispersión de pigmentos,20,10,kWh,197,197,0,kg,SIMULATED_PRODUCTION_CASE
http://w3id.org/protys/fixture#Load00036_Op3,http://w3id.org/protys/fixture#Load00036,http://w3id.org/protys/fixture#Load00036_Process,3,Mezcla principal,30,75,kWh,197,197,0,kg,SIMULATED_PRODUCTION_CASE
http://w3id.org/protys/fixture#Load00036_Op4,http://w3id.org/protys/fixture#Load00036,http://w3id.org/protys/fixture#Load00036_Process,4,Ajuste de viscosidad,10,26.666667,kWh,197,197,0,kg,SIMULATED_PRODUCTION_CASE
http://w3id.org/protys/fixture#Load00036_Op5,http://w3id.org/protys/fixture#Load00036,http://w3id.org/protys/fixture#Load00036_Process,5,Filtrado,10,3.333333,kWh,197,197,0,kg,SIMULATED_PRODUCTION_CASE
http://w3id.org/protys/fixture#Load00036_Op6,http://w3id.org/protys/fixture#Load00036,http://w3id.org/protys/fixture#Load00036_Process,6,Control de calidad,20,0,kWh,197,197,0,kg,SIMULATED_PRODUCTION_CASE
http://w3id.org/protys/fixture#Load00036_Op7,http://w3id.org/protys/fixture#Load00036,http://w3id.org/protys/fixture#Load00036_Process,7,Envasado,10,0.333333,kWh,197,193.06,3.94,kg,SIMULATED_PRODUCTION_CASE
http://w3id.org/protys/fixture#Load00037_Op1,http://w3id.org/protys/fixture#Load00037,http://w3id.org/protys/fixture#Load00037_Process,1,Recepción e inspección,10,0,kWh,120,120,0,kg,SIMULATED_PRODUCTION_CASE
http://w3id.org/protys/fixture#Load00037_Op2,http://w3id.org/protys/fixture#Load00037,http://w3id.org/protys/fixture#Load00037_Process,2,Dispersión de pigmentos,20,10,kWh,120,120,0,kg,SIMULATED_PRODUCTION_CASE
http://w3id.org/protys/fixture#Load00037_Op3,http://w3id.org/protys/fixture#Load00037,http://w3id.org/protys/fixture#Load00037_Process,3,Mezcla principal,30,75,kWh,120,120,0,kg,SIMULATED_PRODUCTION_CASE
http://w3id.org/protys/fixture#Load00037_Op4,http://w3id.org/protys/fixture#Load00037,http://w3id.org/protys/fixture#Load00037_Process,4,Ajuste de viscosidad,10,26.666667,kWh,120,120,0,kg,SIMULATED_PRODUCTION_CASE
http://w3id.org/protys/fixture#Load00037_Op5,http://w3id.org/protys/fixture#Load00037,http://w3id.org/protys/fixture#Load00037_Process,5,Filtrado,10,3.333333,kWh,120,120,0,kg,SIMULATED_PRODUCTION_CASE
http://w3id.org/protys/fixture#Load00037_Op6,http://w3id.org/protys/fixture#Load00037,http://w3id.org/protys/fixture#Load00037_Process,6,Control de calidad,20,0,kWh,120,120,0,kg,SIMULATED_PRODUCTION_CASE
http://w3id.org/protys/fixture#Load00037_Op7,http://w3id.org/protys/fixture#Load00037,http://w3id.org/protys/fixture#Load00037_Process,7,Envasado,10,0.333333,kWh,120,117.60,2.40,kg,SIMULATED_PRODUCTION_CASE
http://w3id.org/protys/fixture#Load00038_Op1,http://w3id.org/protys/fixture#Load00038,http://w3id.org/protys/fixture#Load00038_Process,1,Recepción e inspección,10,0,kWh,189,189,0,kg,SIMULATED_PRODUCTION_CASE
http://w3id.org/protys/fixture#Load00038_Op2,http://w3id.org/protys/fixture#Load00038,http://w3id.org/protys/fixture#Load00038_Process,2,Dispersión de pigmentos,20,10,kWh,189,189,0,kg,SIMULATED_PRODUCTION_CASE
http://w3id.org/protys/fixture#Load00038_Op3,http://w3id.org/protys/fixture#Load00038,http://w3id.org/protys/fixture#Load00038_Process,3,Mezcla principal,30,75,kWh,189,189,0,kg,SIMULATED_PRODUCTION_CASE
http://w3id.org/protys/fixture#Load00038_Op4,http://w3id.org/protys/fixture#Load00038,http://w3id.org/protys/fixture#Load00038_Process,4,Ajuste de viscosidad,10,26.666667,kWh,189,189,0,kg,SIMULATED_PRODUCTION_CASE
http://w3id.org/protys/fixture#Load00038_Op5,http://w3id.org/protys/fixture#Load00038,http://w3id.org/protys/fixture#Load00038_Process,5,Filtrado,10,3.333333,kWh,189,189,0,kg,SIMULATED_PRODUCTION_CASE
http://w3id.org/protys/fixture#Load00038_Op6,http://w3id.org/protys/fixture#Load00038,http://w3id.org/protys/fixture#Load00038_Process,6,Control de calidad,20,0,kWh,189,189,0,kg,SIMULATED_PRODUCTION_CASE
http://w3id.org/protys/fixture#Load00038_Op7,http://w3id.org/protys/fixture#Load00038,http://w3id.org/protys/fixture#Load00038_Process,7,Envasado,10,0.333333,kWh,189,185.22,3.78,kg,SIMULATED_PRODUCTION_CASE
http://w3id.org/protys/fixture#Load00039_Op1,http://w3id.org/protys/fixture#Load00039,http://w3id.org/protys/fixture#Load00039_Process,1,Recepción e inspección,10,0,kWh,154,154,0,kg,SIMULATED_PRODUCTION_CASE
http://w3id.org/protys/fixture#Load00039_Op2,http://w3id.org/protys/fixture#Load00039,http://w3id.org/protys/fixture#Load00039_Process,2,Dispersión de pigmentos,20,10,kWh,154,154,0,kg,SIMULATED_PRODUCTION_CASE
http://w3id.org/protys/fixture#Load00039_Op3,http://w3id.org/protys/fixture#Load00039,http://w3id.org/protys/fixture#Load00039_Process,3,Mezcla principal,30,75,kWh,154,154,0,kg,SIMULATED_PRODUCTION_CASE
http://w3id.org/protys/fixture#Load00039_Op4,http://w3id.org/protys/fixture#Load00039,http://w3id.org/protys/fixture#Load00039_Process,4,Ajuste de viscosidad,10,26.666667,kWh,154,154,0,kg,SIMULATED_PRODUCTION_CASE
http://w3id.org/protys/fixture#Load00039_Op5,http://w3id.org/protys/fixture#Load00039,http://w3id.org/protys/fixture#Load00039_Process,5,Filtrado,10,3.333333,kWh,154,154,0,kg,SIMULATED_PRODUCTION_CASE
http://w3id.org/protys/fixture#Load00039_Op6,http://w3id.org/protys/fixture#Load00039,http://w3id.org/protys/fixture#Load00039_Process,6,Control de calidad,20,0,kWh,154,154,0,kg,SIMULATED_PRODUCTION_CASE
http://w3id.org/protys/fixture#Load00039_Op7,http://w3id.org/protys/fixture#Load00039,http://w3id.org/protys/fixture#Load00039_Process,7,Envasado,10,0.333333,kWh,154,150.92,3.08,kg,SIMULATED_PRODUCTION_CASE
http://w3id.org/protys/fixture#Load00040_Op1,http://w3id.org/protys/fixture#Load00040,http://w3id.org/protys/fixture#Load00040_Process,1,Recepción e inspección,10,0,kWh,143,143,0,kg,SIMULATED_PRODUCTION_CASE
http://w3id.org/protys/fixture#Load00040_Op2,http://w3id.org/protys/fixture#Load00040,http://w3id.org/protys/fixture#Load00040_Process,2,Dispersión de pigmentos,20,10,kWh,143,143,0,kg,SIMULATED_PRODUCTION_CASE
http://w3id.org/protys/fixture#Load00040_Op3,http://w3id.org/protys/fixture#Load00040,http://w3id.org/protys/fixture#Load00040_Process,3,Mezcla principal,30,75,kWh,143,143,0,kg,SIMULATED_PRODUCTION_CASE
http://w3id.org/protys/fixture#Load00040_Op4,http://w3id.org/protys/fixture#Load00040,http://w3id.org/protys/fixture#Load00040_Process,4,Ajuste de viscosidad,10,26.666667,kWh,143,143,0,kg,SIMULATED_PRODUCTION_CASE
http://w3id.org/protys/fixture#Load00040_Op5,http://w3id.org/protys/fixture#Load00040,http://w3id.org/protys/fixture#Load00040_Process,5,Filtrado,10,3.333333,kWh,143,143,0,kg,SIMULATED_PRODUCTION_CASE
http://w3id.org/protys/fixture#Load00040_Op6,http://w3id.org/protys/fixture#Load00040,http://w3id.org/protys/fixture#Load00040_Process,6,Control de calidad,20,0,kWh,143,143,0,kg,SIMULATED_PRODUCTION_CASE
http://w3id.org/protys/fixture#Load00040_Op7,http://w3id.org/protys/fixture#Load00040,http://w3id.org/protys/fixture#Load00040_Process,7,Envasado,10,0.333333,kWh,143,140.14,2.86,kg,SIMULATED_PRODUCTION_CASE
http://w3id.org/protys/fixture#Load00041_Op1,http://w3id.org/protys/fixture#Load00041,http://w3id.org/protys/fixture#Load00041_Process,1,Recepción e inspección,10,0,kWh,135,135,0,kg,SIMULATED_PRODUCTION_CASE
http://w3id.org/protys/fixture#Load00041_Op2,http://w3id.org/protys/fixture#Load00041,http://w3id.org/protys/fixture#Load00041_Process,2,Dispersión de pigmentos,20,10,kWh,135,135,0,kg,SIMULATED_PRODUCTION_CASE
http://w3id.org/protys/fixture#Load00041_Op3,http://w3id.org/protys/fixture#Load00041,http://w3id.org/protys/fixture#Load00041_Process,3,Mezcla principal,30,75,kWh,135,135,0,kg,SIMULATED_PRODUCTION_CASE
http://w3id.org/protys/fixture#Load00041_Op4,http://w3id.org/protys/fixture#Load00041,http://w3id.org/protys/fixture#Load00041_Process,4,Ajuste de viscosidad,10,26.666667,kWh,135,135,0,kg,SIMULATED_PRODUCTION_CASE
http://w3id.org/protys/fixture#Load00041_Op5,http://w3id.org/protys/fixture#Load00041,http://w3id.org/protys/fixture#Load00041_Process,5,Filtrado,10,3.333333,kWh,135,135,0,kg,SIMULATED_PRODUCTION_CASE
http://w3id.org/protys/fixture#Load00041_Op6,http://w3id.org/protys/fixture#Load00041,http://w3id.org/protys/fixture#Load00041_Process,6,Control de calidad,20,0,kWh,135,135,0,kg,SIMULATED_PRODUCTION_CASE
http://w3id.org/protys/fixture#Load00041_Op7,http://w3id.org/protys/fixture#Load00041,http://w3id.org/protys/fixture#Load00041_Process,7,Envasado,10,0.333333,kWh,135,132.30,2.70,kg,SIMULATED_PRODUCTION_CASE
http://w3id.org/protys/fixture#Load00042_Op1,http://w3id.org/protys/fixture#Load00042,http://w3id.org/protys/fixture#Load00042_Process,1,Recepción e inspección,10,0,kWh,119,119,0,kg,SIMULATED_PRODUCTION_CASE
http://w3id.org/protys/fixture#Load00042_Op2,http://w3id.org/protys/fixture#Load00042,http://w3id.org/protys/fixture#Load00042_Process,2,Dispersión de pigmentos,20,10,kWh,119,119,0,kg,SIMULATED_PRODUCTION_CASE
http://w3id.org/protys/fixture#Load00042_Op3,http://w3id.org/protys/fixture#Load00042,http://w3id.org/protys/fixture#Load00042_Process,3,Mezcla principal,30,75,kWh,119,119,0,kg,SIMULATED_PRODUCTION_CASE
http://w3id.org/protys/fixture#Load00042_Op4,http://w3id.org/protys/fixture#Load00042,http://w3id.org/protys/fixture#Load00042_Process,4,Ajuste de viscosidad,10,26.666667,kWh,119,119,0,kg,SIMULATED_PRODUCTION_CASE
http://w3id.org/protys/fixture#Load00042_Op5,http://w3id.org/protys/fixture#Load00042,http://w3id.org/protys/fixture#Load00042_Process,5,Filtrado,10,3.333333,kWh,119,119,0,kg,SIMULATED_PRODUCTION_CASE
http://w3id.org/protys/fixture#Load00042_Op6,http://w3id.org/protys/fixture#Load00042,http://w3id.org/protys/fixture#Load00042_Process,6,Control de calidad,20,0,kWh,119,119,0,kg,SIMULATED_PRODUCTION_CASE
http://w3id.org/protys/fixture#Load00042_Op7,http://w3id.org/protys/fixture#Load00042,http://w3id.org/protys/fixture#Load00042_Process,7,Envasado,10,0.333333,kWh,119,116.62,2.38,kg,SIMULATED_PRODUCTION_CASE
http://w3id.org/protys/fixture#Load00043_Op1,http://w3id.org/protys/fixture#Load00043,http://w3id.org/protys/fixture#Load00043_Process,1,Recepción e inspección,10,0,kWh,127,127,0,kg,SIMULATED_PRODUCTION_CASE
http://w3id.org/protys/fixture#Load00043_Op2,http://w3id.org/protys/fixture#Load00043,http://w3id.org/protys/fixture#Load00043_Process,2,Dispersión de pigmentos,20,10,kWh,127,127,0,kg,SIMULATED_PRODUCTION_CASE
http://w3id.org/protys/fixture#Load00043_Op3,http://w3id.org/protys/fixture#Load00043,http://w3id.org/protys/fixture#Load00043_Process,3,Mezcla principal,30,75,kWh,127,127,0,kg,SIMULATED_PRODUCTION_CASE
http://w3id.org/protys/fixture#Load00043_Op4,http://w3id.org/protys/fixture#Load00043,http://w3id.org/protys/fixture#Load00043_Process,4,Ajuste de viscosidad,10,26.666667,kWh,127,127,0,kg,SIMULATED_PRODUCTION_CASE
http://w3id.org/protys/fixture#Load00043_Op5,http://w3id.org/protys/fixture#Load00043,http://w3id.org/protys/fixture#Load00043_Process,5,Filtrado,10,3.333333,kWh,127,127,0,kg,SIMULATED_PRODUCTION_CASE
http://w3id.org/protys/fixture#Load00043_Op6,http://w3id.org/protys/fixture#Load00043,http://w3id.org/protys/fixture#Load00043_Process,6,Control de calidad,20,0,kWh,127,127,0,kg,SIMULATED_PRODUCTION_CASE
http://w3id.org/protys/fixture#Load00043_Op7,http://w3id.org/protys/fixture#Load00043,http://w3id.org/protys/fixture#Load00043_Process,7,Envasado,10,0.333333,kWh,127,124.46,2.54,kg,SIMULATED_PRODUCTION_CASE
http://w3id.org/protys/fixture#Load00044_Op1,http://w3id.org/protys/fixture#Load00044,http://w3id.org/protys/fixture#Load00044_Process,1,Recepción e inspección,10,0,kWh,197,197,0,kg,SIMULATED_PRODUCTION_CASE
http://w3id.org/protys/fixture#Load00044_Op2,http://w3id.org/protys/fixture#Load00044,http://w3id.org/protys/fixture#Load00044_Process,2,Dispersión de pigmentos,20,10,kWh,197,197,0,kg,SIMULATED_PRODUCTION_CASE
http://w3id.org/protys/fixture#Load00044_Op3,http://w3id.org/protys/fixture#Load00044,http://w3id.org/protys/fixture#Load00044_Process,3,Mezcla principal,30,75,kWh,197,197,0,kg,SIMULATED_PRODUCTION_CASE
http://w3id.org/protys/fixture#Load00044_Op4,http://w3id.org/protys/fixture#Load00044,http://w3id.org/protys/fixture#Load00044_Process,4,Ajuste de viscosidad,10,26.666667,kWh,197,197,0,kg,SIMULATED_PRODUCTION_CASE
http://w3id.org/protys/fixture#Load00044_Op5,http://w3id.org/protys/fixture#Load00044,http://w3id.org/protys/fixture#Load00044_Process,5,Filtrado,10,3.333333,kWh,197,197,0,kg,SIMULATED_PRODUCTION_CASE
http://w3id.org/protys/fixture#Load00044_Op6,http://w3id.org/protys/fixture#Load00044,http://w3id.org/protys/fixture#Load00044_Process,6,Control de calidad,20,0,kWh,197,197,0,kg,SIMULATED_PRODUCTION_CASE
http://w3id.org/protys/fixture#Load00044_Op7,http://w3id.org/protys/fixture#Load00044,http://w3id.org/protys/fixture#Load00044_Process,7,Envasado,10,0.333333,kWh,197,193.06,3.94,kg,SIMULATED_PRODUCTION_CASE
http://w3id.org/protys/fixture#Load00045_Op1,http://w3id.org/protys/fixture#Load00045,http://w3id.org/protys/fixture#Load00045_Process,1,Recepción e inspección,10,0,kWh,143,143,0,kg,SIMULATED_PRODUCTION_CASE
http://w3id.org/protys/fixture#Load00045_Op2,http://w3id.org/protys/fixture#Load00045,http://w3id.org/protys/fixture#Load00045_Process,2,Dispersión de pigmentos,20,10,kWh,143,143,0,kg,SIMULATED_PRODUCTION_CASE
http://w3id.org/protys/fixture#Load00045_Op3,http://w3id.org/protys/fixture#Load00045,http://w3id.org/protys/fixture#Load00045_Process,3,Mezcla principal,30,75,kWh,143,143,0,kg,SIMULATED_PRODUCTION_CASE
http://w3id.org/protys/fixture#Load00045_Op4,http://w3id.org/protys/fixture#Load00045,http://w3id.org/protys/fixture#Load00045_Process,4,Ajuste de viscosidad,10,26.666667,kWh,143,143,0,kg,SIMULATED_PRODUCTION_CASE
http://w3id.org/protys/fixture#Load00045_Op5,http://w3id.org/protys/fixture#Load00045,http://w3id.org/protys/fixture#Load00045_Process,5,Filtrado,10,3.333333,kWh,143,143,0,kg,SIMULATED_PRODUCTION_CASE
http://w3id.org/protys/fixture#Load00045_Op6,http://w3id.org/protys/fixture#Load00045,http://w3id.org/protys/fixture#Load00045_Process,6,Control de calidad,20,0,kWh,143,143,0,kg,SIMULATED_PRODUCTION_CASE
http://w3id.org/protys/fixture#Load00045_Op7,http://w3id.org/protys/fixture#Load00045,http://w3id.org/protys/fixture#Load00045_Process,7,Envasado,10,0.333333,kWh,143,140.14,2.86,kg,SIMULATED_PRODUCTION_CASE
http://w3id.org/protys/fixture#Load00046_Op1,http://w3id.org/protys/fixture#Load00046,http://w3id.org/protys/fixture#Load00046_Process,1,Recepción e inspección,10,0,kWh,113,113,0,kg,SIMULATED_PRODUCTION_CASE
http://w3id.org/protys/fixture#Load00046_Op2,http://w3id.org/protys/fixture#Load00046,http://w3id.org/protys/fixture#Load00046_Process,2,Dispersión de pigmentos,20,10,kWh,113,113,0,kg,SIMULATED_PRODUCTION_CASE
http://w3id.org/protys/fixture#Load00046_Op3,http://w3id.org/protys/fixture#Load00046,http://w3id.org/protys/fixture#Load00046_Process,3,Mezcla principal,30,75,kWh,113,113,0,kg,SIMULATED_PRODUCTION_CASE
http://w3id.org/protys/fixture#Load00046_Op4,http://w3id.org/protys/fixture#Load00046,http://w3id.org/protys/fixture#Load00046_Process,4,Ajuste de viscosidad,10,26.666667,kWh,113,113,0,kg,SIMULATED_PRODUCTION_CASE
http://w3id.org/protys/fixture#Load00046_Op5,http://w3id.org/protys/fixture#Load00046,http://w3id.org/protys/fixture#Load00046_Process,5,Filtrado,10,3.333333,kWh,113,113,0,kg,SIMULATED_PRODUCTION_CASE
http://w3id.org/protys/fixture#Load00046_Op6,http://w3id.org/protys/fixture#Load00046,http://w3id.org/protys/fixture#Load00046_Process,6,Control de calidad,20,0,kWh,113,113,0,kg,SIMULATED_PRODUCTION_CASE
http://w3id.org/protys/fixture#Load00046_Op7,http://w3id.org/protys/fixture#Load00046,http://w3id.org/protys/fixture#Load00046_Process,7,Envasado,10,0.333333,kWh,113,110.74,2.26,kg,SIMULATED_PRODUCTION_CASE
http://w3id.org/protys/fixture#Load00047_Op1,http://w3id.org/protys/fixture#Load00047,http://w3id.org/protys/fixture#Load00047_Process,1,Recepción e inspección,10,0,kWh,111,111,0,kg,SIMULATED_PRODUCTION_CASE
http://w3id.org/protys/fixture#Load00047_Op2,http://w3id.org/protys/fixture#Load00047,http://w3id.org/protys/fixture#Load00047_Process,2,Dispersión de pigmentos,20,10,kWh,111,111,0,kg,SIMULATED_PRODUCTION_CASE
http://w3id.org/protys/fixture#Load00047_Op3,http://w3id.org/protys/fixture#Load00047,http://w3id.org/protys/fixture#Load00047_Process,3,Mezcla principal,30,75,kWh,111,111,0,kg,SIMULATED_PRODUCTION_CASE
http://w3id.org/protys/fixture#Load00047_Op4,http://w3id.org/protys/fixture#Load00047,http://w3id.org/protys/fixture#Load00047_Process,4,Ajuste de viscosidad,10,26.666667,kWh,111,111,0,kg,SIMULATED_PRODUCTION_CASE
http://w3id.org/protys/fixture#Load00047_Op5,http://w3id.org/protys/fixture#Load00047,http://w3id.org/protys/fixture#Load00047_Process,5,Filtrado,10,3.333333,kWh,111,111,0,kg,SIMULATED_PRODUCTION_CASE
http://w3id.org/protys/fixture#Load00047_Op6,http://w3id.org/protys/fixture#Load00047,http://w3id.org/protys/fixture#Load00047_Process,6,Control de calidad,20,0,kWh,111,111,0,kg,SIMULATED_PRODUCTION_CASE
http://w3id.org/protys/fixture#Load00047_Op7,http://w3id.org/protys/fixture#Load00047,http://w3id.org/protys/fixture#Load00047_Process,7,Envasado,10,0.333333,kWh,111,108.78,2.22,kg,SIMULATED_PRODUCTION_CASE
http://w3id.org/protys/fixture#Load00048_Op1,http://w3id.org/protys/fixture#Load00048,http://w3id.org/protys/fixture#Load00048_Process,1,Recepción e inspección,10,0,kWh,148,148,0,kg,SIMULATED_PRODUCTION_CASE
http://w3id.org/protys/fixture#Load00048_Op2,http://w3id.org/protys/fixture#Load00048,http://w3id.org/protys/fixture#Load00048_Process,2,Dispersión de pigmentos,20,10,kWh,148,148,0,kg,SIMULATED_PRODUCTION_CASE
http://w3id.org/protys/fixture#Load00048_Op3,http://w3id.org/protys/fixture#Load00048,http://w3id.org/protys/fixture#Load00048_Process,3,Mezcla principal,30,75,kWh,148,148,0,kg,SIMULATED_PRODUCTION_CASE
http://w3id.org/protys/fixture#Load00048_Op4,http://w3id.org/protys/fixture#Load00048,http://w3id.org/protys/fixture#Load00048_Process,4,Ajuste de viscosidad,10,26.666667,kWh,148,148,0,kg,SIMULATED_PRODUCTION_CASE
http://w3id.org/protys/fixture#Load00048_Op5,http://w3id.org/protys/fixture#Load00048,http://w3id.org/protys/fixture#Load00048_Process,5,Filtrado,10,3.333333,kWh,148,148,0,kg,SIMULATED_PRODUCTION_CASE
http://w3id.org/protys/fixture#Load00048_Op6,http://w3id.org/protys/fixture#Load00048,http://w3id.org/protys/fixture#Load00048_Process,6,Control de calidad,20,0,kWh,148,148,0,kg,SIMULATED_PRODUCTION_CASE
http://w3id.org/protys/fixture#Load00048_Op7,http://w3id.org/protys/fixture#Load00048,http://w3id.org/protys/fixture#Load00048_Process,7,Envasado,10,0.333333,kWh,148,145.04,2.96,kg,SIMULATED_PRODUCTION_CASE
http://w3id.org/protys/fixture#Load00049_Op1,http://w3id.org/protys/fixture#Load00049,http://w3id.org/protys/fixture#Load00049_Process,1,Recepción e inspección,10,0,kWh,112,112,0,kg,SIMULATED_PRODUCTION_CASE
http://w3id.org/protys/fixture#Load00049_Op2,http://w3id.org/protys/fixture#Load00049,http://w3id.org/protys/fixture#Load00049_Process,2,Dispersión de pigmentos,20,10,kWh,112,112,0,kg,SIMULATED_PRODUCTION_CASE
http://w3id.org/protys/fixture#Load00049_Op3,http://w3id.org/protys/fixture#Load00049,http://w3id.org/protys/fixture#Load00049_Process,3,Mezcla principal,30,75,kWh,112,112,0,kg,SIMULATED_PRODUCTION_CASE
http://w3id.org/protys/fixture#Load00049_Op4,http://w3id.org/protys/fixture#Load00049,http://w3id.org/protys/fixture#Load00049_Process,4,Ajuste de viscosidad,10,26.666667,kWh,112,112,0,kg,SIMULATED_PRODUCTION_CASE
http://w3id.org/protys/fixture#Load00049_Op5,http://w3id.org/protys/fixture#Load00049,http://w3id.org/protys/fixture#Load00049_Process,5,Filtrado,10,3.333333,kWh,112,112,0,kg,SIMULATED_PRODUCTION_CASE
http://w3id.org/protys/fixture#Load00049_Op6,http://w3id.org/protys/fixture#Load00049,http://w3id.org/protys/fixture#Load00049_Process,6,Control de calidad,20,0,kWh,112,112,0,kg,SIMULATED_PRODUCTION_CASE
http://w3id.org/protys/fixture#Load00049_Op7,http://w3id.org/protys/fixture#Load00049,http://w3id.org/protys/fixture#Load00049_Process,7,Envasado,10,0.333333,kWh,112,109.76,2.24,kg,SIMULATED_PRODUCTION_CASE
http://w3id.org/protys/fixture#Load00050_Op1,http://w3id.org/protys/fixture#Load00050,http://w3id.org/protys/fixture#Load00050_Process,1,Recepción e inspección,10,0,kWh,145,145,0,kg,SIMULATED_PRODUCTION_CASE
http://w3id.org/protys/fixture#Load00050_Op2,http://w3id.org/protys/fixture#Load00050,http://w3id.org/protys/fixture#Load00050_Process,2,Dispersión de pigmentos,20,10,kWh,145,145,0,kg,SIMULATED_PRODUCTION_CASE
http://w3id.org/protys/fixture#Load00050_Op3,http://w3id.org/protys/fixture#Load00050,http://w3id.org/protys/fixture#Load00050_Process,3,Mezcla principal,30,75,kWh,145,145,0,kg,SIMULATED_PRODUCTION_CASE
http://w3id.org/protys/fixture#Load00050_Op4,http://w3id.org/protys/fixture#Load00050,http://w3id.org/protys/fixture#Load00050_Process,4,Ajuste de viscosidad,10,26.666667,kWh,145,145,0,kg,SIMULATED_PRODUCTION_CASE
http://w3id.org/protys/fixture#Load00050_Op5,http://w3id.org/protys/fixture#Load00050,http://w3id.org/protys/fixture#Load00050_Process,5,Filtrado,10,3.333333,kWh,145,145,0,kg,SIMULATED_PRODUCTION_CASE
http://w3id.org/protys/fixture#Load00050_Op6,http://w3id.org/protys/fixture#Load00050,http://w3id.org/protys/fixture#Load00050_Process,6,Control de calidad,20,0,kWh,145,145,0,kg,SIMULATED_PRODUCTION_CASE
http://w3id.org/protys/fixture#Load00050_Op7,http://w3id.org/protys/fixture#Load00050,http://w3id.org/protys/fixture#Load00050_Process,7,Envasado,10,0.333333,kWh,145,142.10,2.90,kg,SIMULATED_PRODUCTION_CASE
http://w3id.org/protys/fixture#Load00051_Op1,http://w3id.org/protys/fixture#Load00051,http://w3id.org/protys/fixture#Load00051_Process,1,Recepción e inspección,10,0,kWh,144,144,0,kg,SIMULATED_PRODUCTION_CASE
http://w3id.org/protys/fixture#Load00051_Op2,http://w3id.org/protys/fixture#Load00051,http://w3id.org/protys/fixture#Load00051_Process,2,Dispersión de pigmentos,20,10,kWh,144,144,0,kg,SIMULATED_PRODUCTION_CASE
http://w3id.org/protys/fixture#Load00051_Op3,http://w3id.org/protys/fixture#Load00051,http://w3id.org/protys/fixture#Load00051_Process,3,Mezcla principal,30,75,kWh,144,144,0,kg,SIMULATED_PRODUCTION_CASE
http://w3id.org/protys/fixture#Load00051_Op4,http://w3id.org/protys/fixture#Load00051,http://w3id.org/protys/fixture#Load00051_Process,4,Ajuste de viscosidad,10,26.666667,kWh,144,144,0,kg,SIMULATED_PRODUCTION_CASE
http://w3id.org/protys/fixture#Load00051_Op5,http://w3id.org/protys/fixture#Load00051,http://w3id.org/protys/fixture#Load00051_Process,5,Filtrado,10,3.333333,kWh,144,144,0,kg,SIMULATED_PRODUCTION_CASE
http://w3id.org/protys/fixture#Load00051_Op6,http://w3id.org/protys/fixture#Load00051,http://w3id.org/protys/fixture#Load00051_Process,6,Control de calidad,20,0,kWh,144,144,0,kg,SIMULATED_PRODUCTION_CASE
http://w3id.org/protys/fixture#Load00051_Op7,http://w3id.org/protys/fixture#Load00051,http://w3id.org/protys/fixture#Load00051_Process,7,Envasado,10,0.333333,kWh,144,141.12,2.88,kg,SIMULATED_PRODUCTION_CASE
http://w3id.org/protys/fixture#Load00052_Op1,http://w3id.org/protys/fixture#Load00052,http://w3id.org/protys/fixture#Load00052_Process,1,Recepción e inspección,10,0,kWh,177,177,0,kg,SIMULATED_PRODUCTION_CASE
http://w3id.org/protys/fixture#Load00052_Op2,http://w3id.org/protys/fixture#Load00052,http://w3id.org/protys/fixture#Load00052_Process,2,Dispersión de pigmentos,20,10,kWh,177,177,0,kg,SIMULATED_PRODUCTION_CASE
http://w3id.org/protys/fixture#Load00052_Op3,http://w3id.org/protys/fixture#Load00052,http://w3id.org/protys/fixture#Load00052_Process,3,Mezcla principal,30,75,kWh,177,177,0,kg,SIMULATED_PRODUCTION_CASE
http://w3id.org/protys/fixture#Load00052_Op4,http://w3id.org/protys/fixture#Load00052,http://w3id.org/protys/fixture#Load00052_Process,4,Ajuste de viscosidad,10,26.666667,kWh,177,177,0,kg,SIMULATED_PRODUCTION_CASE
http://w3id.org/protys/fixture#Load00052_Op5,http://w3id.org/protys/fixture#Load00052,http://w3id.org/protys/fixture#Load00052_Process,5,Filtrado,10,3.333333,kWh,177,177,0,kg,SIMULATED_PRODUCTION_CASE
http://w3id.org/protys/fixture#Load00052_Op6,http://w3id.org/protys/fixture#Load00052,http://w3id.org/protys/fixture#Load00052_Process,6,Control de calidad,20,0,kWh,177,177,0,kg,SIMULATED_PRODUCTION_CASE
http://w3id.org/protys/fixture#Load00052_Op7,http://w3id.org/protys/fixture#Load00052,http://w3id.org/protys/fixture#Load00052_Process,7,Envasado,10,0.333333,kWh,177,173.46,3.54,kg,SIMULATED_PRODUCTION_CASE
http://w3id.org/protys/fixture#Load00053_Op1,http://w3id.org/protys/fixture#Load00053,http://w3id.org/protys/fixture#Load00053_Process,1,Recepción e inspección,10,0,kWh,133,133,0,kg,SIMULATED_PRODUCTION_CASE
http://w3id.org/protys/fixture#Load00053_Op2,http://w3id.org/protys/fixture#Load00053,http://w3id.org/protys/fixture#Load00053_Process,2,Dispersión de pigmentos,20,10,kWh,133,133,0,kg,SIMULATED_PRODUCTION_CASE
http://w3id.org/protys/fixture#Load00053_Op3,http://w3id.org/protys/fixture#Load00053,http://w3id.org/protys/fixture#Load00053_Process,3,Mezcla principal,30,75,kWh,133,133,0,kg,SIMULATED_PRODUCTION_CASE
http://w3id.org/protys/fixture#Load00053_Op4,http://w3id.org/protys/fixture#Load00053,http://w3id.org/protys/fixture#Load00053_Process,4,Ajuste de viscosidad,10,26.666667,kWh,133,133,0,kg,SIMULATED_PRODUCTION_CASE
http://w3id.org/protys/fixture#Load00053_Op5,http://w3id.org/protys/fixture#Load00053,http://w3id.org/protys/fixture#Load00053_Process,5,Filtrado,10,3.333333,kWh,133,133,0,kg,SIMULATED_PRODUCTION_CASE
http://w3id.org/protys/fixture#Load00053_Op6,http://w3id.org/protys/fixture#Load00053,http://w3id.org/protys/fixture#Load00053_Process,6,Control de calidad,20,0,kWh,133,133,0,kg,SIMULATED_PRODUCTION_CASE
http://w3id.org/protys/fixture#Load00053_Op7,http://w3id.org/protys/fixture#Load00053,http://w3id.org/protys/fixture#Load00053_Process,7,Envasado,10,0.333333,kWh,133,130.34,2.66,kg,SIMULATED_PRODUCTION_CASE
http://w3id.org/protys/fixture#Load00054_Op1,http://w3id.org/protys/fixture#Load00054,http://w3id.org/protys/fixture#Load00054_Process,1,Recepción e inspección,10,0,kWh,105,105,0,kg,SIMULATED_PRODUCTION_CASE
http://w3id.org/protys/fixture#Load00054_Op2,http://w3id.org/protys/fixture#Load00054,http://w3id.org/protys/fixture#Load00054_Process,2,Dispersión de pigmentos,20,10,kWh,105,105,0,kg,SIMULATED_PRODUCTION_CASE
http://w3id.org/protys/fixture#Load00054_Op3,http://w3id.org/protys/fixture#Load00054,http://w3id.org/protys/fixture#Load00054_Process,3,Mezcla principal,30,75,kWh,105,105,0,kg,SIMULATED_PRODUCTION_CASE
http://w3id.org/protys/fixture#Load00054_Op4,http://w3id.org/protys/fixture#Load00054,http://w3id.org/protys/fixture#Load00054_Process,4,Ajuste de viscosidad,10,26.666667,kWh,105,105,0,kg,SIMULATED_PRODUCTION_CASE
http://w3id.org/protys/fixture#Load00054_Op5,http://w3id.org/protys/fixture#Load00054,http://w3id.org/protys/fixture#Load00054_Process,5,Filtrado,10,3.333333,kWh,105,105,0,kg,SIMULATED_PRODUCTION_CASE
http://w3id.org/protys/fixture#Load00054_Op6,http://w3id.org/protys/fixture#Load00054,http://w3id.org/protys/fixture#Load00054_Process,6,Control de calidad,20,0,kWh,105,105,0,kg,SIMULATED_PRODUCTION_CASE
http://w3id.org/protys/fixture#Load00054_Op7,http://w3id.org/protys/fixture#Load00054,http://w3id.org/protys/fixture#Load00054_Process,7,Envasado,10,0.333333,kWh,105,102.90,2.10,kg,SIMULATED_PRODUCTION_CASE
http://w3id.org/protys/fixture#Load00055_Op1,http://w3id.org/protys/fixture#Load00055,http://w3id.org/protys/fixture#Load00055_Process,1,Recepción e inspección,10,0,kWh,193,193,0,kg,SIMULATED_PRODUCTION_CASE
http://w3id.org/protys/fixture#Load00055_Op2,http://w3id.org/protys/fixture#Load00055,http://w3id.org/protys/fixture#Load00055_Process,2,Dispersión de pigmentos,20,10,kWh,193,193,0,kg,SIMULATED_PRODUCTION_CASE
http://w3id.org/protys/fixture#Load00055_Op3,http://w3id.org/protys/fixture#Load00055,http://w3id.org/protys/fixture#Load00055_Process,3,Mezcla principal,30,75,kWh,193,193,0,kg,SIMULATED_PRODUCTION_CASE
http://w3id.org/protys/fixture#Load00055_Op4,http://w3id.org/protys/fixture#Load00055,http://w3id.org/protys/fixture#Load00055_Process,4,Ajuste de viscosidad,10,26.666667,kWh,193,193,0,kg,SIMULATED_PRODUCTION_CASE
http://w3id.org/protys/fixture#Load00055_Op5,http://w3id.org/protys/fixture#Load00055,http://w3id.org/protys/fixture#Load00055_Process,5,Filtrado,10,3.333333,kWh,193,193,0,kg,SIMULATED_PRODUCTION_CASE
http://w3id.org/protys/fixture#Load00055_Op6,http://w3id.org/protys/fixture#Load00055,http://w3id.org/protys/fixture#Load00055_Process,6,Control de calidad,20,0,kWh,193,193,0,kg,SIMULATED_PRODUCTION_CASE
http://w3id.org/protys/fixture#Load00055_Op7,http://w3id.org/protys/fixture#Load00055,http://w3id.org/protys/fixture#Load00055_Process,7,Envasado,10,0.333333,kWh,193,189.14,3.86,kg,SIMULATED_PRODUCTION_CASE
http://w3id.org/protys/fixture#Load00056_Op1,http://w3id.org/protys/fixture#Load00056,http://w3id.org/protys/fixture#Load00056_Process,1,Recepción e inspección,10,0,kWh,158,158,0,kg,SIMULATED_PRODUCTION_CASE
http://w3id.org/protys/fixture#Load00056_Op2,http://w3id.org/protys/fixture#Load00056,http://w3id.org/protys/fixture#Load00056_Process,2,Dispersión de pigmentos,20,10,kWh,158,158,0,kg,SIMULATED_PRODUCTION_CASE
http://w3id.org/protys/fixture#Load00056_Op3,http://w3id.org/protys/fixture#Load00056,http://w3id.org/protys/fixture#Load00056_Process,3,Mezcla principal,30,75,kWh,158,158,0,kg,SIMULATED_PRODUCTION_CASE
http://w3id.org/protys/fixture#Load00056_Op4,http://w3id.org/protys/fixture#Load00056,http://w3id.org/protys/fixture#Load00056_Process,4,Ajuste de viscosidad,10,26.666667,kWh,158,158,0,kg,SIMULATED_PRODUCTION_CASE
http://w3id.org/protys/fixture#Load00056_Op5,http://w3id.org/protys/fixture#Load00056,http://w3id.org/protys/fixture#Load00056_Process,5,Filtrado,10,3.333333,kWh,158,158,0,kg,SIMULATED_PRODUCTION_CASE
http://w3id.org/protys/fixture#Load00056_Op6,http://w3id.org/protys/fixture#Load00056,http://w3id.org/protys/fixture#Load00056_Process,6,Control de calidad,20,0,kWh,158,158,0,kg,SIMULATED_PRODUCTION_CASE
http://w3id.org/protys/fixture#Load00056_Op7,http://w3id.org/protys/fixture#Load00056,http://w3id.org/protys/fixture#Load00056_Process,7,Envasado,10,0.333333,kWh,158,154.84,3.16,kg,SIMULATED_PRODUCTION_CASE
http://w3id.org/protys/fixture#Load00057_Op1,http://w3id.org/protys/fixture#Load00057,http://w3id.org/protys/fixture#Load00057_Process,1,Recepción e inspección,10,0,kWh,168,168,0,kg,SIMULATED_PRODUCTION_CASE
http://w3id.org/protys/fixture#Load00057_Op2,http://w3id.org/protys/fixture#Load00057,http://w3id.org/protys/fixture#Load00057_Process,2,Dispersión de pigmentos,20,10,kWh,168,168,0,kg,SIMULATED_PRODUCTION_CASE
http://w3id.org/protys/fixture#Load00057_Op3,http://w3id.org/protys/fixture#Load00057,http://w3id.org/protys/fixture#Load00057_Process,3,Mezcla principal,30,75,kWh,168,168,0,kg,SIMULATED_PRODUCTION_CASE
http://w3id.org/protys/fixture#Load00057_Op4,http://w3id.org/protys/fixture#Load00057,http://w3id.org/protys/fixture#Load00057_Process,4,Ajuste de viscosidad,10,26.666667,kWh,168,168,0,kg,SIMULATED_PRODUCTION_CASE
http://w3id.org/protys/fixture#Load00057_Op5,http://w3id.org/protys/fixture#Load00057,http://w3id.org/protys/fixture#Load00057_Process,5,Filtrado,10,3.333333,kWh,168,168,0,kg,SIMULATED_PRODUCTION_CASE
http://w3id.org/protys/fixture#Load00057_Op6,http://w3id.org/protys/fixture#Load00057,http://w3id.org/protys/fixture#Load00057_Process,6,Control de calidad,20,0,kWh,168,168,0,kg,SIMULATED_PRODUCTION_CASE
http://w3id.org/protys/fixture#Load00057_Op7,http://w3id.org/protys/fixture#Load00057,http://w3id.org/protys/fixture#Load00057_Process,7,Envasado,10,0.333333,kWh,168,164.64,3.36,kg,SIMULATED_PRODUCTION_CASE
http://w3id.org/protys/fixture#Load00058_Op1,http://w3id.org/protys/fixture#Load00058,http://w3id.org/protys/fixture#Load00058_Process,1,Recepción e inspección,10,0,kWh,115,115,0,kg,SIMULATED_PRODUCTION_CASE
http://w3id.org/protys/fixture#Load00058_Op2,http://w3id.org/protys/fixture#Load00058,http://w3id.org/protys/fixture#Load00058_Process,2,Dispersión de pigmentos,20,10,kWh,115,115,0,kg,SIMULATED_PRODUCTION_CASE
http://w3id.org/protys/fixture#Load00058_Op3,http://w3id.org/protys/fixture#Load00058,http://w3id.org/protys/fixture#Load00058_Process,3,Mezcla principal,30,75,kWh,115,115,0,kg,SIMULATED_PRODUCTION_CASE
http://w3id.org/protys/fixture#Load00058_Op4,http://w3id.org/protys/fixture#Load00058,http://w3id.org/protys/fixture#Load00058_Process,4,Ajuste de viscosidad,10,26.666667,kWh,115,115,0,kg,SIMULATED_PRODUCTION_CASE
http://w3id.org/protys/fixture#Load00058_Op5,http://w3id.org/protys/fixture#Load00058,http://w3id.org/protys/fixture#Load00058_Process,5,Filtrado,10,3.333333,kWh,115,115,0,kg,SIMULATED_PRODUCTION_CASE
http://w3id.org/protys/fixture#Load00058_Op6,http://w3id.org/protys/fixture#Load00058,http://w3id.org/protys/fixture#Load00058_Process,6,Control de calidad,20,0,kWh,115,115,0,kg,SIMULATED_PRODUCTION_CASE
http://w3id.org/protys/fixture#Load00058_Op7,http://w3id.org/protys/fixture#Load00058,http://w3id.org/protys/fixture#Load00058_Process,7,Envasado,10,0.333333,kWh,115,112.70,2.30,kg,SIMULATED_PRODUCTION_CASE
http://w3id.org/protys/fixture#Load00059_Op1,http://w3id.org/protys/fixture#Load00059,http://w3id.org/protys/fixture#Load00059_Process,1,Recepción e inspección,10,0,kWh,148,148,0,kg,SIMULATED_PRODUCTION_CASE
http://w3id.org/protys/fixture#Load00059_Op2,http://w3id.org/protys/fixture#Load00059,http://w3id.org/protys/fixture#Load00059_Process,2,Dispersión de pigmentos,20,10,kWh,148,148,0,kg,SIMULATED_PRODUCTION_CASE
http://w3id.org/protys/fixture#Load00059_Op3,http://w3id.org/protys/fixture#Load00059,http://w3id.org/protys/fixture#Load00059_Process,3,Mezcla principal,30,75,kWh,148,148,0,kg,SIMULATED_PRODUCTION_CASE
http://w3id.org/protys/fixture#Load00059_Op4,http://w3id.org/protys/fixture#Load00059,http://w3id.org/protys/fixture#Load00059_Process,4,Ajuste de viscosidad,10,26.666667,kWh,148,148,0,kg,SIMULATED_PRODUCTION_CASE
http://w3id.org/protys/fixture#Load00059_Op5,http://w3id.org/protys/fixture#Load00059,http://w3id.org/protys/fixture#Load00059_Process,5,Filtrado,10,3.333333,kWh,148,148,0,kg,SIMULATED_PRODUCTION_CASE
http://w3id.org/protys/fixture#Load00059_Op6,http://w3id.org/protys/fixture#Load00059,http://w3id.org/protys/fixture#Load00059_Process,6,Control de calidad,20,0,kWh,148,148,0,kg,SIMULATED_PRODUCTION_CASE
http://w3id.org/protys/fixture#Load00059_Op7,http://w3id.org/protys/fixture#Load00059,http://w3id.org/protys/fixture#Load00059_Process,7,Envasado,10,0.333333,kWh,148,145.04,2.96,kg,SIMULATED_PRODUCTION_CASE
http://w3id.org/protys/fixture#Load00060_Op1,http://w3id.org/protys/fixture#Load00060,http://w3id.org/protys/fixture#Load00060_Process,1,Recepción e inspección,10,0,kWh,110,110,0,kg,SIMULATED_PRODUCTION_CASE
http://w3id.org/protys/fixture#Load00060_Op2,http://w3id.org/protys/fixture#Load00060,http://w3id.org/protys/fixture#Load00060_Process,2,Dispersión de pigmentos,20,10,kWh,110,110,0,kg,SIMULATED_PRODUCTION_CASE
http://w3id.org/protys/fixture#Load00060_Op3,http://w3id.org/protys/fixture#Load00060,http://w3id.org/protys/fixture#Load00060_Process,3,Mezcla principal,30,75,kWh,110,110,0,kg,SIMULATED_PRODUCTION_CASE
http://w3id.org/protys/fixture#Load00060_Op4,http://w3id.org/protys/fixture#Load00060,http://w3id.org/protys/fixture#Load00060_Process,4,Ajuste de viscosidad,10,26.666667,kWh,110,110,0,kg,SIMULATED_PRODUCTION_CASE
http://w3id.org/protys/fixture#Load00060_Op5,http://w3id.org/protys/fixture#Load00060,http://w3id.org/protys/fixture#Load00060_Process,5,Filtrado,10,3.333333,kWh,110,110,0,kg,SIMULATED_PRODUCTION_CASE
http://w3id.org/protys/fixture#Load00060_Op6,http://w3id.org/protys/fixture#Load00060,http://w3id.org/protys/fixture#Load00060_Process,6,Control de calidad,20,0,kWh,110,110,0,kg,SIMULATED_PRODUCTION_CASE
http://w3id.org/protys/fixture#Load00060_Op7,http://w3id.org/protys/fixture#Load00060,http://w3id.org/protys/fixture#Load00060_Process,7,Envasado,10,0.333333,kWh,110,107.80,2.20,kg,SIMULATED_PRODUCTION_CASE
http://w3id.org/protys/fixture#Load00061_Op1,http://w3id.org/protys/fixture#Load00061,http://w3id.org/protys/fixture#Load00061_Process,1,Recepción e inspección,10,0,kWh,170,170,0,kg,SIMULATED_PRODUCTION_CASE
http://w3id.org/protys/fixture#Load00061_Op2,http://w3id.org/protys/fixture#Load00061,http://w3id.org/protys/fixture#Load00061_Process,2,Dispersión de pigmentos,20,10,kWh,170,170,0,kg,SIMULATED_PRODUCTION_CASE
http://w3id.org/protys/fixture#Load00061_Op3,http://w3id.org/protys/fixture#Load00061,http://w3id.org/protys/fixture#Load00061_Process,3,Mezcla principal,30,75,kWh,170,170,0,kg,SIMULATED_PRODUCTION_CASE
http://w3id.org/protys/fixture#Load00061_Op4,http://w3id.org/protys/fixture#Load00061,http://w3id.org/protys/fixture#Load00061_Process,4,Ajuste de viscosidad,10,26.666667,kWh,170,170,0,kg,SIMULATED_PRODUCTION_CASE
http://w3id.org/protys/fixture#Load00061_Op5,http://w3id.org/protys/fixture#Load00061,http://w3id.org/protys/fixture#Load00061_Process,5,Filtrado,10,3.333333,kWh,170,170,0,kg,SIMULATED_PRODUCTION_CASE
http://w3id.org/protys/fixture#Load00061_Op6,http://w3id.org/protys/fixture#Load00061,http://w3id.org/protys/fixture#Load00061_Process,6,Control de calidad,20,0,kWh,170,170,0,kg,SIMULATED_PRODUCTION_CASE
http://w3id.org/protys/fixture#Load00061_Op7,http://w3id.org/protys/fixture#Load00061,http://w3id.org/protys/fixture#Load00061_Process,7,Envasado,10,0.333333,kWh,170,166.60,3.40,kg,SIMULATED_PRODUCTION_CASE
http://w3id.org/protys/fixture#Load00062_Op1,http://w3id.org/protys/fixture#Load00062,http://w3id.org/protys/fixture#Load00062_Process,1,Recepción e inspección,10,0,kWh,137,137,0,kg,SIMULATED_PRODUCTION_CASE
http://w3id.org/protys/fixture#Load00062_Op2,http://w3id.org/protys/fixture#Load00062,http://w3id.org/protys/fixture#Load00062_Process,2,Dispersión de pigmentos,20,10,kWh,137,137,0,kg,SIMULATED_PRODUCTION_CASE
http://w3id.org/protys/fixture#Load00062_Op3,http://w3id.org/protys/fixture#Load00062,http://w3id.org/protys/fixture#Load00062_Process,3,Mezcla principal,30,75,kWh,137,137,0,kg,SIMULATED_PRODUCTION_CASE
http://w3id.org/protys/fixture#Load00062_Op4,http://w3id.org/protys/fixture#Load00062,http://w3id.org/protys/fixture#Load00062_Process,4,Ajuste de viscosidad,10,26.666667,kWh,137,137,0,kg,SIMULATED_PRODUCTION_CASE
http://w3id.org/protys/fixture#Load00062_Op5,http://w3id.org/protys/fixture#Load00062,http://w3id.org/protys/fixture#Load00062_Process,5,Filtrado,10,3.333333,kWh,137,137,0,kg,SIMULATED_PRODUCTION_CASE
http://w3id.org/protys/fixture#Load00062_Op6,http://w3id.org/protys/fixture#Load00062,http://w3id.org/protys/fixture#Load00062_Process,6,Control de calidad,20,0,kWh,137,137,0,kg,SIMULATED_PRODUCTION_CASE
http://w3id.org/protys/fixture#Load00062_Op7,http://w3id.org/protys/fixture#Load00062,http://w3id.org/protys/fixture#Load00062_Process,7,Envasado,10,0.333333,kWh,137,134.26,2.74,kg,SIMULATED_PRODUCTION_CASE
http://w3id.org/protys/fixture#Load00063_Op1,http://w3id.org/protys/fixture#Load00063,http://w3id.org/protys/fixture#Load00063_Process,1,Recepción e inspección,10,0,kWh,180,180,0,kg,SIMULATED_PRODUCTION_CASE
http://w3id.org/protys/fixture#Load00063_Op2,http://w3id.org/protys/fixture#Load00063,http://w3id.org/protys/fixture#Load00063_Process,2,Dispersión de pigmentos,20,10,kWh,180,180,0,kg,SIMULATED_PRODUCTION_CASE
http://w3id.org/protys/fixture#Load00063_Op3,http://w3id.org/protys/fixture#Load00063,http://w3id.org/protys/fixture#Load00063_Process,3,Mezcla principal,30,75,kWh,180,180,0,kg,SIMULATED_PRODUCTION_CASE
http://w3id.org/protys/fixture#Load00063_Op4,http://w3id.org/protys/fixture#Load00063,http://w3id.org/protys/fixture#Load00063_Process,4,Ajuste de viscosidad,10,26.666667,kWh,180,180,0,kg,SIMULATED_PRODUCTION_CASE
http://w3id.org/protys/fixture#Load00063_Op5,http://w3id.org/protys/fixture#Load00063,http://w3id.org/protys/fixture#Load00063_Process,5,Filtrado,10,3.333333,kWh,180,180,0,kg,SIMULATED_PRODUCTION_CASE
http://w3id.org/protys/fixture#Load00063_Op6,http://w3id.org/protys/fixture#Load00063,http://w3id.org/protys/fixture#Load00063_Process,6,Control de calidad,20,0,kWh,180,180,0,kg,SIMULATED_PRODUCTION_CASE
http://w3id.org/protys/fixture#Load00063_Op7,http://w3id.org/protys/fixture#Load00063,http://w3id.org/protys/fixture#Load00063_Process,7,Envasado,10,0.333333,kWh,180,176.40,3.60,kg,SIMULATED_PRODUCTION_CASE
http://w3id.org/protys/fixture#Load00064_Op1,http://w3id.org/protys/fixture#Load00064,http://w3id.org/protys/fixture#Load00064_Process,1,Recepción e inspección,10,0,kWh,179,179,0,kg,SIMULATED_PRODUCTION_CASE
http://w3id.org/protys/fixture#Load00064_Op2,http://w3id.org/protys/fixture#Load00064,http://w3id.org/protys/fixture#Load00064_Process,2,Dispersión de pigmentos,20,10,kWh,179,179,0,kg,SIMULATED_PRODUCTION_CASE
http://w3id.org/protys/fixture#Load00064_Op3,http://w3id.org/protys/fixture#Load00064,http://w3id.org/protys/fixture#Load00064_Process,3,Mezcla principal,30,75,kWh,179,179,0,kg,SIMULATED_PRODUCTION_CASE
http://w3id.org/protys/fixture#Load00064_Op4,http://w3id.org/protys/fixture#Load00064,http://w3id.org/protys/fixture#Load00064_Process,4,Ajuste de viscosidad,10,26.666667,kWh,179,179,0,kg,SIMULATED_PRODUCTION_CASE
http://w3id.org/protys/fixture#Load00064_Op5,http://w3id.org/protys/fixture#Load00064,http://w3id.org/protys/fixture#Load00064_Process,5,Filtrado,10,3.333333,kWh,179,179,0,kg,SIMULATED_PRODUCTION_CASE
http://w3id.org/protys/fixture#Load00064_Op6,http://w3id.org/protys/fixture#Load00064,http://w3id.org/protys/fixture#Load00064_Process,6,Control de calidad,20,0,kWh,179,179,0,kg,SIMULATED_PRODUCTION_CASE
http://w3id.org/protys/fixture#Load00064_Op7,http://w3id.org/protys/fixture#Load00064,http://w3id.org/protys/fixture#Load00064_Process,7,Envasado,10,0.333333,kWh,179,175.42,3.58,kg,SIMULATED_PRODUCTION_CASE
http://w3id.org/protys/fixture#Load00065_Op1,http://w3id.org/protys/fixture#Load00065,http://w3id.org/protys/fixture#Load00065_Process,1,Recepción e inspección,10,0,kWh,146,146,0,kg,SIMULATED_PRODUCTION_CASE
http://w3id.org/protys/fixture#Load00065_Op2,http://w3id.org/protys/fixture#Load00065,http://w3id.org/protys/fixture#Load00065_Process,2,Dispersión de pigmentos,20,10,kWh,146,146,0,kg,SIMULATED_PRODUCTION_CASE
http://w3id.org/protys/fixture#Load00065_Op3,http://w3id.org/protys/fixture#Load00065,http://w3id.org/protys/fixture#Load00065_Process,3,Mezcla principal,30,75,kWh,146,146,0,kg,SIMULATED_PRODUCTION_CASE
http://w3id.org/protys/fixture#Load00065_Op4,http://w3id.org/protys/fixture#Load00065,http://w3id.org/protys/fixture#Load00065_Process,4,Ajuste de viscosidad,10,26.666667,kWh,146,146,0,kg,SIMULATED_PRODUCTION_CASE
http://w3id.org/protys/fixture#Load00065_Op5,http://w3id.org/protys/fixture#Load00065,http://w3id.org/protys/fixture#Load00065_Process,5,Filtrado,10,3.333333,kWh,146,146,0,kg,SIMULATED_PRODUCTION_CASE
http://w3id.org/protys/fixture#Load00065_Op6,http://w3id.org/protys/fixture#Load00065,http://w3id.org/protys/fixture#Load00065_Process,6,Control de calidad,20,0,kWh,146,146,0,kg,SIMULATED_PRODUCTION_CASE
http://w3id.org/protys/fixture#Load00065_Op7,http://w3id.org/protys/fixture#Load00065,http://w3id.org/protys/fixture#Load00065_Process,7,Envasado,10,0.333333,kWh,146,143.08,2.92,kg,SIMULATED_PRODUCTION_CASE
http://w3id.org/protys/fixture#Load00066_Op1,http://w3id.org/protys/fixture#Load00066,http://w3id.org/protys/fixture#Load00066_Process,1,Recepción e inspección,10,0,kWh,173,173,0,kg,SIMULATED_PRODUCTION_CASE
http://w3id.org/protys/fixture#Load00066_Op2,http://w3id.org/protys/fixture#Load00066,http://w3id.org/protys/fixture#Load00066_Process,2,Dispersión de pigmentos,20,10,kWh,173,173,0,kg,SIMULATED_PRODUCTION_CASE
http://w3id.org/protys/fixture#Load00066_Op3,http://w3id.org/protys/fixture#Load00066,http://w3id.org/protys/fixture#Load00066_Process,3,Mezcla principal,30,75,kWh,173,173,0,kg,SIMULATED_PRODUCTION_CASE
http://w3id.org/protys/fixture#Load00066_Op4,http://w3id.org/protys/fixture#Load00066,http://w3id.org/protys/fixture#Load00066_Process,4,Ajuste de viscosidad,10,26.666667,kWh,173,173,0,kg,SIMULATED_PRODUCTION_CASE
http://w3id.org/protys/fixture#Load00066_Op5,http://w3id.org/protys/fixture#Load00066,http://w3id.org/protys/fixture#Load00066_Process,5,Filtrado,10,3.333333,kWh,173,173,0,kg,SIMULATED_PRODUCTION_CASE
http://w3id.org/protys/fixture#Load00066_Op6,http://w3id.org/protys/fixture#Load00066,http://w3id.org/protys/fixture#Load00066_Process,6,Control de calidad,20,0,kWh,173,173,0,kg,SIMULATED_PRODUCTION_CASE
http://w3id.org/protys/fixture#Load00066_Op7,http://w3id.org/protys/fixture#Load00066,http://w3id.org/protys/fixture#Load00066_Process,7,Envasado,10,0.333333,kWh,173,169.54,3.46,kg,SIMULATED_PRODUCTION_CASE
http://w3id.org/protys/fixture#Load00067_Op1,http://w3id.org/protys/fixture#Load00067,http://w3id.org/protys/fixture#Load00067_Process,1,Recepción e inspección,10,0,kWh,124,124,0,kg,SIMULATED_PRODUCTION_CASE
http://w3id.org/protys/fixture#Load00067_Op2,http://w3id.org/protys/fixture#Load00067,http://w3id.org/protys/fixture#Load00067_Process,2,Dispersión de pigmentos,20,10,kWh,124,124,0,kg,SIMULATED_PRODUCTION_CASE
http://w3id.org/protys/fixture#Load00067_Op3,http://w3id.org/protys/fixture#Load00067,http://w3id.org/protys/fixture#Load00067_Process,3,Mezcla principal,30,75,kWh,124,124,0,kg,SIMULATED_PRODUCTION_CASE
http://w3id.org/protys/fixture#Load00067_Op4,http://w3id.org/protys/fixture#Load00067,http://w3id.org/protys/fixture#Load00067_Process,4,Ajuste de viscosidad,10,26.666667,kWh,124,124,0,kg,SIMULATED_PRODUCTION_CASE
http://w3id.org/protys/fixture#Load00067_Op5,http://w3id.org/protys/fixture#Load00067,http://w3id.org/protys/fixture#Load00067_Process,5,Filtrado,10,3.333333,kWh,124,124,0,kg,SIMULATED_PRODUCTION_CASE
http://w3id.org/protys/fixture#Load00067_Op6,http://w3id.org/protys/fixture#Load00067,http://w3id.org/protys/fixture#Load00067_Process,6,Control de calidad,20,0,kWh,124,124,0,kg,SIMULATED_PRODUCTION_CASE
http://w3id.org/protys/fixture#Load00067_Op7,http://w3id.org/protys/fixture#Load00067,http://w3id.org/protys/fixture#Load00067_Process,7,Envasado,10,0.333333,kWh,124,121.52,2.48,kg,SIMULATED_PRODUCTION_CASE
http://w3id.org/protys/fixture#Load00068_Op1,http://w3id.org/protys/fixture#Load00068,http://w3id.org/protys/fixture#Load00068_Process,1,Recepción e inspección,10,0,kWh,190,190,0,kg,SIMULATED_PRODUCTION_CASE
http://w3id.org/protys/fixture#Load00068_Op2,http://w3id.org/protys/fixture#Load00068,http://w3id.org/protys/fixture#Load00068_Process,2,Dispersión de pigmentos,20,10,kWh,190,190,0,kg,SIMULATED_PRODUCTION_CASE
http://w3id.org/protys/fixture#Load00068_Op3,http://w3id.org/protys/fixture#Load00068,http://w3id.org/protys/fixture#Load00068_Process,3,Mezcla principal,30,75,kWh,190,190,0,kg,SIMULATED_PRODUCTION_CASE
http://w3id.org/protys/fixture#Load00068_Op4,http://w3id.org/protys/fixture#Load00068,http://w3id.org/protys/fixture#Load00068_Process,4,Ajuste de viscosidad,10,26.666667,kWh,190,190,0,kg,SIMULATED_PRODUCTION_CASE
http://w3id.org/protys/fixture#Load00068_Op5,http://w3id.org/protys/fixture#Load00068,http://w3id.org/protys/fixture#Load00068_Process,5,Filtrado,10,3.333333,kWh,190,190,0,kg,SIMULATED_PRODUCTION_CASE
http://w3id.org/protys/fixture#Load00068_Op6,http://w3id.org/protys/fixture#Load00068,http://w3id.org/protys/fixture#Load00068_Process,6,Control de calidad,20,0,kWh,190,190,0,kg,SIMULATED_PRODUCTION_CASE
http://w3id.org/protys/fixture#Load00068_Op7,http://w3id.org/protys/fixture#Load00068,http://w3id.org/protys/fixture#Load00068_Process,7,Envasado,10,0.333333,kWh,190,186.20,3.80,kg,SIMULATED_PRODUCTION_CASE
http://w3id.org/protys/fixture#Load00069_Op1,http://w3id.org/protys/fixture#Load00069,http://w3id.org/protys/fixture#Load00069_Process,1,Recepción e inspección,10,0,kWh,108,108,0,kg,SIMULATED_PRODUCTION_CASE
http://w3id.org/protys/fixture#Load00069_Op2,http://w3id.org/protys/fixture#Load00069,http://w3id.org/protys/fixture#Load00069_Process,2,Dispersión de pigmentos,20,10,kWh,108,108,0,kg,SIMULATED_PRODUCTION_CASE
http://w3id.org/protys/fixture#Load00069_Op3,http://w3id.org/protys/fixture#Load00069,http://w3id.org/protys/fixture#Load00069_Process,3,Mezcla principal,30,75,kWh,108,108,0,kg,SIMULATED_PRODUCTION_CASE
http://w3id.org/protys/fixture#Load00069_Op4,http://w3id.org/protys/fixture#Load00069,http://w3id.org/protys/fixture#Load00069_Process,4,Ajuste de viscosidad,10,26.666667,kWh,108,108,0,kg,SIMULATED_PRODUCTION_CASE
http://w3id.org/protys/fixture#Load00069_Op5,http://w3id.org/protys/fixture#Load00069,http://w3id.org/protys/fixture#Load00069_Process,5,Filtrado,10,3.333333,kWh,108,108,0,kg,SIMULATED_PRODUCTION_CASE
http://w3id.org/protys/fixture#Load00069_Op6,http://w3id.org/protys/fixture#Load00069,http://w3id.org/protys/fixture#Load00069_Process,6,Control de calidad,20,0,kWh,108,108,0,kg,SIMULATED_PRODUCTION_CASE
http://w3id.org/protys/fixture#Load00069_Op7,http://w3id.org/protys/fixture#Load00069,http://w3id.org/protys/fixture#Load00069_Process,7,Envasado,10,0.333333,kWh,108,105.84,2.16,kg,SIMULATED_PRODUCTION_CASE
http://w3id.org/protys/fixture#Load00070_Op1,http://w3id.org/protys/fixture#Load00070,http://w3id.org/protys/fixture#Load00070_Process,1,Recepción e inspección,10,0,kWh,105,105,0,kg,SIMULATED_PRODUCTION_CASE
http://w3id.org/protys/fixture#Load00070_Op2,http://w3id.org/protys/fixture#Load00070,http://w3id.org/protys/fixture#Load00070_Process,2,Dispersión de pigmentos,20,10,kWh,105,105,0,kg,SIMULATED_PRODUCTION_CASE
http://w3id.org/protys/fixture#Load00070_Op3,http://w3id.org/protys/fixture#Load00070,http://w3id.org/protys/fixture#Load00070_Process,3,Mezcla principal,30,75,kWh,105,105,0,kg,SIMULATED_PRODUCTION_CASE
http://w3id.org/protys/fixture#Load00070_Op4,http://w3id.org/protys/fixture#Load00070,http://w3id.org/protys/fixture#Load00070_Process,4,Ajuste de viscosidad,10,26.666667,kWh,105,105,0,kg,SIMULATED_PRODUCTION_CASE
http://w3id.org/protys/fixture#Load00070_Op5,http://w3id.org/protys/fixture#Load00070,http://w3id.org/protys/fixture#Load00070_Process,5,Filtrado,10,3.333333,kWh,105,105,0,kg,SIMULATED_PRODUCTION_CASE
http://w3id.org/protys/fixture#Load00070_Op6,http://w3id.org/protys/fixture#Load00070,http://w3id.org/protys/fixture#Load00070_Process,6,Control de calidad,20,0,kWh,105,105,0,kg,SIMULATED_PRODUCTION_CASE
http://w3id.org/protys/fixture#Load00070_Op7,http://w3id.org/protys/fixture#Load00070,http://w3id.org/protys/fixture#Load00070_Process,7,Envasado,10,0.333333,kWh,105,102.90,2.10,kg,SIMULATED_PRODUCTION_CASE
http://w3id.org/protys/fixture#Load00071_Op1,http://w3id.org/protys/fixture#Load00071,http://w3id.org/protys/fixture#Load00071_Process,1,Recepción e inspección,10,0,kWh,184,184,0,kg,SIMULATED_PRODUCTION_CASE
http://w3id.org/protys/fixture#Load00071_Op2,http://w3id.org/protys/fixture#Load00071,http://w3id.org/protys/fixture#Load00071_Process,2,Dispersión de pigmentos,20,10,kWh,184,184,0,kg,SIMULATED_PRODUCTION_CASE
http://w3id.org/protys/fixture#Load00071_Op3,http://w3id.org/protys/fixture#Load00071,http://w3id.org/protys/fixture#Load00071_Process,3,Mezcla principal,30,75,kWh,184,184,0,kg,SIMULATED_PRODUCTION_CASE
http://w3id.org/protys/fixture#Load00071_Op4,http://w3id.org/protys/fixture#Load00071,http://w3id.org/protys/fixture#Load00071_Process,4,Ajuste de viscosidad,10,26.666667,kWh,184,184,0,kg,SIMULATED_PRODUCTION_CASE
http://w3id.org/protys/fixture#Load00071_Op5,http://w3id.org/protys/fixture#Load00071,http://w3id.org/protys/fixture#Load00071_Process,5,Filtrado,10,3.333333,kWh,184,184,0,kg,SIMULATED_PRODUCTION_CASE
http://w3id.org/protys/fixture#Load00071_Op6,http://w3id.org/protys/fixture#Load00071,http://w3id.org/protys/fixture#Load00071_Process,6,Control de calidad,20,0,kWh,184,184,0,kg,SIMULATED_PRODUCTION_CASE
http://w3id.org/protys/fixture#Load00071_Op7,http://w3id.org/protys/fixture#Load00071,http://w3id.org/protys/fixture#Load00071_Process,7,Envasado,10,0.333333,kWh,184,180.32,3.68,kg,SIMULATED_PRODUCTION_CASE
http://w3id.org/protys/fixture#Load00072_Op1,http://w3id.org/protys/fixture#Load00072,http://w3id.org/protys/fixture#Load00072_Process,1,Recepción e inspección,10,0,kWh,129,129,0,kg,SIMULATED_PRODUCTION_CASE
http://w3id.org/protys/fixture#Load00072_Op2,http://w3id.org/protys/fixture#Load00072,http://w3id.org/protys/fixture#Load00072_Process,2,Dispersión de pigmentos,20,10,kWh,129,129,0,kg,SIMULATED_PRODUCTION_CASE
http://w3id.org/protys/fixture#Load00072_Op3,http://w3id.org/protys/fixture#Load00072,http://w3id.org/protys/fixture#Load00072_Process,3,Mezcla principal,30,75,kWh,129,129,0,kg,SIMULATED_PRODUCTION_CASE
http://w3id.org/protys/fixture#Load00072_Op4,http://w3id.org/protys/fixture#Load00072,http://w3id.org/protys/fixture#Load00072_Process,4,Ajuste de viscosidad,10,26.666667,kWh,129,129,0,kg,SIMULATED_PRODUCTION_CASE
http://w3id.org/protys/fixture#Load00072_Op5,http://w3id.org/protys/fixture#Load00072,http://w3id.org/protys/fixture#Load00072_Process,5,Filtrado,10,3.333333,kWh,129,129,0,kg,SIMULATED_PRODUCTION_CASE
http://w3id.org/protys/fixture#Load00072_Op6,http://w3id.org/protys/fixture#Load00072,http://w3id.org/protys/fixture#Load00072_Process,6,Control de calidad,20,0,kWh,129,129,0,kg,SIMULATED_PRODUCTION_CASE
http://w3id.org/protys/fixture#Load00072_Op7,http://w3id.org/protys/fixture#Load00072,http://w3id.org/protys/fixture#Load00072_Process,7,Envasado,10,0.333333,kWh,129,126.42,2.58,kg,SIMULATED_PRODUCTION_CASE
http://w3id.org/protys/fixture#Load00073_Op1,http://w3id.org/protys/fixture#Load00073,http://w3id.org/protys/fixture#Load00073_Process,1,Recepción e inspección,10,0,kWh,198,198,0,kg,SIMULATED_PRODUCTION_CASE
http://w3id.org/protys/fixture#Load00073_Op2,http://w3id.org/protys/fixture#Load00073,http://w3id.org/protys/fixture#Load00073_Process,2,Dispersión de pigmentos,20,10,kWh,198,198,0,kg,SIMULATED_PRODUCTION_CASE
http://w3id.org/protys/fixture#Load00073_Op3,http://w3id.org/protys/fixture#Load00073,http://w3id.org/protys/fixture#Load00073_Process,3,Mezcla principal,30,75,kWh,198,198,0,kg,SIMULATED_PRODUCTION_CASE
http://w3id.org/protys/fixture#Load00073_Op4,http://w3id.org/protys/fixture#Load00073,http://w3id.org/protys/fixture#Load00073_Process,4,Ajuste de viscosidad,10,26.666667,kWh,198,198,0,kg,SIMULATED_PRODUCTION_CASE
http://w3id.org/protys/fixture#Load00073_Op5,http://w3id.org/protys/fixture#Load00073,http://w3id.org/protys/fixture#Load00073_Process,5,Filtrado,10,3.333333,kWh,198,198,0,kg,SIMULATED_PRODUCTION_CASE
http://w3id.org/protys/fixture#Load00073_Op6,http://w3id.org/protys/fixture#Load00073,http://w3id.org/protys/fixture#Load00073_Process,6,Control de calidad,20,0,kWh,198,198,0,kg,SIMULATED_PRODUCTION_CASE
http://w3id.org/protys/fixture#Load00073_Op7,http://w3id.org/protys/fixture#Load00073,http://w3id.org/protys/fixture#Load00073_Process,7,Envasado,10,0.333333,kWh,198,194.04,3.96,kg,SIMULATED_PRODUCTION_CASE
http://w3id.org/protys/fixture#Load00074_Op1,http://w3id.org/protys/fixture#Load00074,http://w3id.org/protys/fixture#Load00074_Process,1,Recepción e inspección,10,0,kWh,137,137,0,kg,SIMULATED_PRODUCTION_CASE
http://w3id.org/protys/fixture#Load00074_Op2,http://w3id.org/protys/fixture#Load00074,http://w3id.org/protys/fixture#Load00074_Process,2,Dispersión de pigmentos,20,10,kWh,137,137,0,kg,SIMULATED_PRODUCTION_CASE
http://w3id.org/protys/fixture#Load00074_Op3,http://w3id.org/protys/fixture#Load00074,http://w3id.org/protys/fixture#Load00074_Process,3,Mezcla principal,30,75,kWh,137,137,0,kg,SIMULATED_PRODUCTION_CASE
http://w3id.org/protys/fixture#Load00074_Op4,http://w3id.org/protys/fixture#Load00074,http://w3id.org/protys/fixture#Load00074_Process,4,Ajuste de viscosidad,10,26.666667,kWh,137,137,0,kg,SIMULATED_PRODUCTION_CASE
http://w3id.org/protys/fixture#Load00074_Op5,http://w3id.org/protys/fixture#Load00074,http://w3id.org/protys/fixture#Load00074_Process,5,Filtrado,10,3.333333,kWh,137,137,0,kg,SIMULATED_PRODUCTION_CASE
http://w3id.org/protys/fixture#Load00074_Op6,http://w3id.org/protys/fixture#Load00074,http://w3id.org/protys/fixture#Load00074_Process,6,Control de calidad,20,0,kWh,137,137,0,kg,SIMULATED_PRODUCTION_CASE
http://w3id.org/protys/fixture#Load00074_Op7,http://w3id.org/protys/fixture#Load00074,http://w3id.org/protys/fixture#Load00074_Process,7,Envasado,10,0.333333,kWh,137,134.26,2.74,kg,SIMULATED_PRODUCTION_CASE
http://w3id.org/protys/fixture#Load00075_Op1,http://w3id.org/protys/fixture#Load00075,http://w3id.org/protys/fixture#Load00075_Process,1,Recepción e inspección,10,0,kWh,110,110,0,kg,SIMULATED_PRODUCTION_CASE
http://w3id.org/protys/fixture#Load00075_Op2,http://w3id.org/protys/fixture#Load00075,http://w3id.org/protys/fixture#Load00075_Process,2,Dispersión de pigmentos,20,10,kWh,110,110,0,kg,SIMULATED_PRODUCTION_CASE
http://w3id.org/protys/fixture#Load00075_Op3,http://w3id.org/protys/fixture#Load00075,http://w3id.org/protys/fixture#Load00075_Process,3,Mezcla principal,30,75,kWh,110,110,0,kg,SIMULATED_PRODUCTION_CASE
http://w3id.org/protys/fixture#Load00075_Op4,http://w3id.org/protys/fixture#Load00075,http://w3id.org/protys/fixture#Load00075_Process,4,Ajuste de viscosidad,10,26.666667,kWh,110,110,0,kg,SIMULATED_PRODUCTION_CASE
http://w3id.org/protys/fixture#Load00075_Op5,http://w3id.org/protys/fixture#Load00075,http://w3id.org/protys/fixture#Load00075_Process,5,Filtrado,10,3.333333,kWh,110,110,0,kg,SIMULATED_PRODUCTION_CASE
http://w3id.org/protys/fixture#Load00075_Op6,http://w3id.org/protys/fixture#Load00075,http://w3id.org/protys/fixture#Load00075_Process,6,Control de calidad,20,0,kWh,110,110,0,kg,SIMULATED_PRODUCTION_CASE
http://w3id.org/protys/fixture#Load00075_Op7,http://w3id.org/protys/fixture#Load00075,http://w3id.org/protys/fixture#Load00075_Process,7,Envasado,10,0.333333,kWh,110,107.80,2.20,kg,SIMULATED_PRODUCTION_CASE
http://w3id.org/protys/fixture#Load00076_Op1,http://w3id.org/protys/fixture#Load00076,http://w3id.org/protys/fixture#Load00076_Process,1,Recepción e inspección,10,0,kWh,129,129,0,kg,SIMULATED_PRODUCTION_CASE
http://w3id.org/protys/fixture#Load00076_Op2,http://w3id.org/protys/fixture#Load00076,http://w3id.org/protys/fixture#Load00076_Process,2,Dispersión de pigmentos,20,10,kWh,129,129,0,kg,SIMULATED_PRODUCTION_CASE
http://w3id.org/protys/fixture#Load00076_Op3,http://w3id.org/protys/fixture#Load00076,http://w3id.org/protys/fixture#Load00076_Process,3,Mezcla principal,30,75,kWh,129,129,0,kg,SIMULATED_PRODUCTION_CASE
http://w3id.org/protys/fixture#Load00076_Op4,http://w3id.org/protys/fixture#Load00076,http://w3id.org/protys/fixture#Load00076_Process,4,Ajuste de viscosidad,10,26.666667,kWh,129,129,0,kg,SIMULATED_PRODUCTION_CASE
http://w3id.org/protys/fixture#Load00076_Op5,http://w3id.org/protys/fixture#Load00076,http://w3id.org/protys/fixture#Load00076_Process,5,Filtrado,10,3.333333,kWh,129,129,0,kg,SIMULATED_PRODUCTION_CASE
http://w3id.org/protys/fixture#Load00076_Op6,http://w3id.org/protys/fixture#Load00076,http://w3id.org/protys/fixture#Load00076_Process,6,Control de calidad,20,0,kWh,129,129,0,kg,SIMULATED_PRODUCTION_CASE
http://w3id.org/protys/fixture#Load00076_Op7,http://w3id.org/protys/fixture#Load00076,http://w3id.org/protys/fixture#Load00076_Process,7,Envasado,10,0.333333,kWh,129,126.42,2.58,kg,SIMULATED_PRODUCTION_CASE
http://w3id.org/protys/fixture#Load00077_Op1,http://w3id.org/protys/fixture#Load00077,http://w3id.org/protys/fixture#Load00077_Process,1,Recepción e inspección,10,0,kWh,112,112,0,kg,SIMULATED_PRODUCTION_CASE
http://w3id.org/protys/fixture#Load00077_Op2,http://w3id.org/protys/fixture#Load00077,http://w3id.org/protys/fixture#Load00077_Process,2,Dispersión de pigmentos,20,10,kWh,112,112,0,kg,SIMULATED_PRODUCTION_CASE
http://w3id.org/protys/fixture#Load00077_Op3,http://w3id.org/protys/fixture#Load00077,http://w3id.org/protys/fixture#Load00077_Process,3,Mezcla principal,30,75,kWh,112,112,0,kg,SIMULATED_PRODUCTION_CASE
http://w3id.org/protys/fixture#Load00077_Op4,http://w3id.org/protys/fixture#Load00077,http://w3id.org/protys/fixture#Load00077_Process,4,Ajuste de viscosidad,10,26.666667,kWh,112,112,0,kg,SIMULATED_PRODUCTION_CASE
http://w3id.org/protys/fixture#Load00077_Op5,http://w3id.org/protys/fixture#Load00077,http://w3id.org/protys/fixture#Load00077_Process,5,Filtrado,10,3.333333,kWh,112,112,0,kg,SIMULATED_PRODUCTION_CASE
http://w3id.org/protys/fixture#Load00077_Op6,http://w3id.org/protys/fixture#Load00077,http://w3id.org/protys/fixture#Load00077_Process,6,Control de calidad,20,0,kWh,112,112,0,kg,SIMULATED_PRODUCTION_CASE
http://w3id.org/protys/fixture#Load00077_Op7,http://w3id.org/protys/fixture#Load00077,http://w3id.org/protys/fixture#Load00077_Process,7,Envasado,10,0.333333,kWh,112,109.76,2.24,kg,SIMULATED_PRODUCTION_CASE
http://w3id.org/protys/fixture#Load00078_Op1,http://w3id.org/protys/fixture#Load00078,http://w3id.org/protys/fixture#Load00078_Process,1,Recepción e inspección,10,0,kWh,148,148,0,kg,SIMULATED_PRODUCTION_CASE
http://w3id.org/protys/fixture#Load00078_Op2,http://w3id.org/protys/fixture#Load00078,http://w3id.org/protys/fixture#Load00078_Process,2,Dispersión de pigmentos,20,10,kWh,148,148,0,kg,SIMULATED_PRODUCTION_CASE
http://w3id.org/protys/fixture#Load00078_Op3,http://w3id.org/protys/fixture#Load00078,http://w3id.org/protys/fixture#Load00078_Process,3,Mezcla principal,30,75,kWh,148,148,0,kg,SIMULATED_PRODUCTION_CASE
http://w3id.org/protys/fixture#Load00078_Op4,http://w3id.org/protys/fixture#Load00078,http://w3id.org/protys/fixture#Load00078_Process,4,Ajuste de viscosidad,10,26.666667,kWh,148,148,0,kg,SIMULATED_PRODUCTION_CASE
http://w3id.org/protys/fixture#Load00078_Op5,http://w3id.org/protys/fixture#Load00078,http://w3id.org/protys/fixture#Load00078_Process,5,Filtrado,10,3.333333,kWh,148,148,0,kg,SIMULATED_PRODUCTION_CASE
http://w3id.org/protys/fixture#Load00078_Op6,http://w3id.org/protys/fixture#Load00078,http://w3id.org/protys/fixture#Load00078_Process,6,Control de calidad,20,0,kWh,148,148,0,kg,SIMULATED_PRODUCTION_CASE
http://w3id.org/protys/fixture#Load00078_Op7,http://w3id.org/protys/fixture#Load00078,http://w3id.org/protys/fixture#Load00078_Process,7,Envasado,10,0.333333,kWh,148,145.04,2.96,kg,SIMULATED_PRODUCTION_CASE
http://w3id.org/protys/fixture#Load00079_Op1,http://w3id.org/protys/fixture#Load00079,http://w3id.org/protys/fixture#Load00079_Process,1,Recepción e inspección,10,0,kWh,135,135,0,kg,SIMULATED_PRODUCTION_CASE
http://w3id.org/protys/fixture#Load00079_Op2,http://w3id.org/protys/fixture#Load00079,http://w3id.org/protys/fixture#Load00079_Process,2,Dispersión de pigmentos,20,10,kWh,135,135,0,kg,SIMULATED_PRODUCTION_CASE
http://w3id.org/protys/fixture#Load00079_Op3,http://w3id.org/protys/fixture#Load00079,http://w3id.org/protys/fixture#Load00079_Process,3,Mezcla principal,30,75,kWh,135,135,0,kg,SIMULATED_PRODUCTION_CASE
http://w3id.org/protys/fixture#Load00079_Op4,http://w3id.org/protys/fixture#Load00079,http://w3id.org/protys/fixture#Load00079_Process,4,Ajuste de viscosidad,10,26.666667,kWh,135,135,0,kg,SIMULATED_PRODUCTION_CASE
http://w3id.org/protys/fixture#Load00079_Op5,http://w3id.org/protys/fixture#Load00079,http://w3id.org/protys/fixture#Load00079_Process,5,Filtrado,10,3.333333,kWh,135,135,0,kg,SIMULATED_PRODUCTION_CASE
http://w3id.org/protys/fixture#Load00079_Op6,http://w3id.org/protys/fixture#Load00079,http://w3id.org/protys/fixture#Load00079_Process,6,Control de calidad,20,0,kWh,135,135,0,kg,SIMULATED_PRODUCTION_CASE
http://w3id.org/protys/fixture#Load00079_Op7,http://w3id.org/protys/fixture#Load00079,http://w3id.org/protys/fixture#Load00079_Process,7,Envasado,10,0.333333,kWh,135,132.30,2.70,kg,SIMULATED_PRODUCTION_CASE
http://w3id.org/protys/fixture#Load00080_Op1,http://w3id.org/protys/fixture#Load00080,http://w3id.org/protys/fixture#Load00080_Process,1,Recepción e inspección,10,0,kWh,158,158,0,kg,SIMULATED_PRODUCTION_CASE
http://w3id.org/protys/fixture#Load00080_Op2,http://w3id.org/protys/fixture#Load00080,http://w3id.org/protys/fixture#Load00080_Process,2,Dispersión de pigmentos,20,10,kWh,158,158,0,kg,SIMULATED_PRODUCTION_CASE
http://w3id.org/protys/fixture#Load00080_Op3,http://w3id.org/protys/fixture#Load00080,http://w3id.org/protys/fixture#Load00080_Process,3,Mezcla principal,30,75,kWh,158,158,0,kg,SIMULATED_PRODUCTION_CASE
http://w3id.org/protys/fixture#Load00080_Op4,http://w3id.org/protys/fixture#Load00080,http://w3id.org/protys/fixture#Load00080_Process,4,Ajuste de viscosidad,10,26.666667,kWh,158,158,0,kg,SIMULATED_PRODUCTION_CASE
http://w3id.org/protys/fixture#Load00080_Op5,http://w3id.org/protys/fixture#Load00080,http://w3id.org/protys/fixture#Load00080_Process,5,Filtrado,10,3.333333,kWh,158,158,0,kg,SIMULATED_PRODUCTION_CASE
http://w3id.org/protys/fixture#Load00080_Op6,http://w3id.org/protys/fixture#Load00080,http://w3id.org/protys/fixture#Load00080_Process,6,Control de calidad,20,0,kWh,158,158,0,kg,SIMULATED_PRODUCTION_CASE
http://w3id.org/protys/fixture#Load00080_Op7,http://w3id.org/protys/fixture#Load00080,http://w3id.org/protys/fixture#Load00080_Process,7,Envasado,10,0.333333,kWh,158,154.84,3.16,kg,SIMULATED_PRODUCTION_CASE
http://w3id.org/protys/fixture#Load00081_Op1,http://w3id.org/protys/fixture#Load00081,http://w3id.org/protys/fixture#Load00081_Process,1,Recepción e inspección,10,0,kWh,181,181,0,kg,SIMULATED_PRODUCTION_CASE
http://w3id.org/protys/fixture#Load00081_Op2,http://w3id.org/protys/fixture#Load00081,http://w3id.org/protys/fixture#Load00081_Process,2,Dispersión de pigmentos,20,10,kWh,181,181,0,kg,SIMULATED_PRODUCTION_CASE
http://w3id.org/protys/fixture#Load00081_Op3,http://w3id.org/protys/fixture#Load00081,http://w3id.org/protys/fixture#Load00081_Process,3,Mezcla principal,30,75,kWh,181,181,0,kg,SIMULATED_PRODUCTION_CASE
http://w3id.org/protys/fixture#Load00081_Op4,http://w3id.org/protys/fixture#Load00081,http://w3id.org/protys/fixture#Load00081_Process,4,Ajuste de viscosidad,10,26.666667,kWh,181,181,0,kg,SIMULATED_PRODUCTION_CASE
http://w3id.org/protys/fixture#Load00081_Op5,http://w3id.org/protys/fixture#Load00081,http://w3id.org/protys/fixture#Load00081_Process,5,Filtrado,10,3.333333,kWh,181,181,0,kg,SIMULATED_PRODUCTION_CASE
http://w3id.org/protys/fixture#Load00081_Op6,http://w3id.org/protys/fixture#Load00081,http://w3id.org/protys/fixture#Load00081_Process,6,Control de calidad,20,0,kWh,181,181,0,kg,SIMULATED_PRODUCTION_CASE
http://w3id.org/protys/fixture#Load00081_Op7,http://w3id.org/protys/fixture#Load00081,http://w3id.org/protys/fixture#Load00081_Process,7,Envasado,10,0.333333,kWh,181,177.38,3.62,kg,SIMULATED_PRODUCTION_CASE
http://w3id.org/protys/fixture#Load00082_Op1,http://w3id.org/protys/fixture#Load00082,http://w3id.org/protys/fixture#Load00082_Process,1,Recepción e inspección,10,0,kWh,146,146,0,kg,SIMULATED_PRODUCTION_CASE
http://w3id.org/protys/fixture#Load00082_Op2,http://w3id.org/protys/fixture#Load00082,http://w3id.org/protys/fixture#Load00082_Process,2,Dispersión de pigmentos,20,10,kWh,146,146,0,kg,SIMULATED_PRODUCTION_CASE
http://w3id.org/protys/fixture#Load00082_Op3,http://w3id.org/protys/fixture#Load00082,http://w3id.org/protys/fixture#Load00082_Process,3,Mezcla principal,30,75,kWh,146,146,0,kg,SIMULATED_PRODUCTION_CASE
http://w3id.org/protys/fixture#Load00082_Op4,http://w3id.org/protys/fixture#Load00082,http://w3id.org/protys/fixture#Load00082_Process,4,Ajuste de viscosidad,10,26.666667,kWh,146,146,0,kg,SIMULATED_PRODUCTION_CASE
http://w3id.org/protys/fixture#Load00082_Op5,http://w3id.org/protys/fixture#Load00082,http://w3id.org/protys/fixture#Load00082_Process,5,Filtrado,10,3.333333,kWh,146,146,0,kg,SIMULATED_PRODUCTION_CASE
http://w3id.org/protys/fixture#Load00082_Op6,http://w3id.org/protys/fixture#Load00082,http://w3id.org/protys/fixture#Load00082_Process,6,Control de calidad,20,0,kWh,146,146,0,kg,SIMULATED_PRODUCTION_CASE
http://w3id.org/protys/fixture#Load00082_Op7,http://w3id.org/protys/fixture#Load00082,http://w3id.org/protys/fixture#Load00082_Process,7,Envasado,10,0.333333,kWh,146,143.08,2.92,kg,SIMULATED_PRODUCTION_CASE
http://w3id.org/protys/fixture#Load00083_Op1,http://w3id.org/protys/fixture#Load00083,http://w3id.org/protys/fixture#Load00083_Process,1,Recepción e inspección,10,0,kWh,120,120,0,kg,SIMULATED_PRODUCTION_CASE
http://w3id.org/protys/fixture#Load00083_Op2,http://w3id.org/protys/fixture#Load00083,http://w3id.org/protys/fixture#Load00083_Process,2,Dispersión de pigmentos,20,10,kWh,120,120,0,kg,SIMULATED_PRODUCTION_CASE
http://w3id.org/protys/fixture#Load00083_Op3,http://w3id.org/protys/fixture#Load00083,http://w3id.org/protys/fixture#Load00083_Process,3,Mezcla principal,30,75,kWh,120,120,0,kg,SIMULATED_PRODUCTION_CASE
http://w3id.org/protys/fixture#Load00083_Op4,http://w3id.org/protys/fixture#Load00083,http://w3id.org/protys/fixture#Load00083_Process,4,Ajuste de viscosidad,10,26.666667,kWh,120,120,0,kg,SIMULATED_PRODUCTION_CASE
http://w3id.org/protys/fixture#Load00083_Op5,http://w3id.org/protys/fixture#Load00083,http://w3id.org/protys/fixture#Load00083_Process,5,Filtrado,10,3.333333,kWh,120,120,0,kg,SIMULATED_PRODUCTION_CASE
http://w3id.org/protys/fixture#Load00083_Op6,http://w3id.org/protys/fixture#Load00083,http://w3id.org/protys/fixture#Load00083_Process,6,Control de calidad,20,0,kWh,120,120,0,kg,SIMULATED_PRODUCTION_CASE
http://w3id.org/protys/fixture#Load00083_Op7,http://w3id.org/protys/fixture#Load00083,http://w3id.org/protys/fixture#Load00083_Process,7,Envasado,10,0.333333,kWh,120,117.60,2.40,kg,SIMULATED_PRODUCTION_CASE
http://w3id.org/protys/fixture#Load00084_Op1,http://w3id.org/protys/fixture#Load00084,http://w3id.org/protys/fixture#Load00084_Process,1,Recepción e inspección,10,0,kWh,147,147,0,kg,SIMULATED_PRODUCTION_CASE
http://w3id.org/protys/fixture#Load00084_Op2,http://w3id.org/protys/fixture#Load00084,http://w3id.org/protys/fixture#Load00084_Process,2,Dispersión de pigmentos,20,10,kWh,147,147,0,kg,SIMULATED_PRODUCTION_CASE
http://w3id.org/protys/fixture#Load00084_Op3,http://w3id.org/protys/fixture#Load00084,http://w3id.org/protys/fixture#Load00084_Process,3,Mezcla principal,30,75,kWh,147,147,0,kg,SIMULATED_PRODUCTION_CASE
http://w3id.org/protys/fixture#Load00084_Op4,http://w3id.org/protys/fixture#Load00084,http://w3id.org/protys/fixture#Load00084_Process,4,Ajuste de viscosidad,10,26.666667,kWh,147,147,0,kg,SIMULATED_PRODUCTION_CASE
http://w3id.org/protys/fixture#Load00084_Op5,http://w3id.org/protys/fixture#Load00084,http://w3id.org/protys/fixture#Load00084_Process,5,Filtrado,10,3.333333,kWh,147,147,0,kg,SIMULATED_PRODUCTION_CASE
http://w3id.org/protys/fixture#Load00084_Op6,http://w3id.org/protys/fixture#Load00084,http://w3id.org/protys/fixture#Load00084_Process,6,Control de calidad,20,0,kWh,147,147,0,kg,SIMULATED_PRODUCTION_CASE
http://w3id.org/protys/fixture#Load00084_Op7,http://w3id.org/protys/fixture#Load00084,http://w3id.org/protys/fixture#Load00084_Process,7,Envasado,10,0.333333,kWh,147,144.06,2.94,kg,SIMULATED_PRODUCTION_CASE
http://w3id.org/protys/fixture#Load00085_Op1,http://w3id.org/protys/fixture#Load00085,http://w3id.org/protys/fixture#Load00085_Process,1,Recepción e inspección,10,0,kWh,145,145,0,kg,SIMULATED_PRODUCTION_CASE
http://w3id.org/protys/fixture#Load00085_Op2,http://w3id.org/protys/fixture#Load00085,http://w3id.org/protys/fixture#Load00085_Process,2,Dispersión de pigmentos,20,10,kWh,145,145,0,kg,SIMULATED_PRODUCTION_CASE
http://w3id.org/protys/fixture#Load00085_Op3,http://w3id.org/protys/fixture#Load00085,http://w3id.org/protys/fixture#Load00085_Process,3,Mezcla principal,30,75,kWh,145,145,0,kg,SIMULATED_PRODUCTION_CASE
http://w3id.org/protys/fixture#Load00085_Op4,http://w3id.org/protys/fixture#Load00085,http://w3id.org/protys/fixture#Load00085_Process,4,Ajuste de viscosidad,10,26.666667,kWh,145,145,0,kg,SIMULATED_PRODUCTION_CASE
http://w3id.org/protys/fixture#Load00085_Op5,http://w3id.org/protys/fixture#Load00085,http://w3id.org/protys/fixture#Load00085_Process,5,Filtrado,10,3.333333,kWh,145,145,0,kg,SIMULATED_PRODUCTION_CASE
http://w3id.org/protys/fixture#Load00085_Op6,http://w3id.org/protys/fixture#Load00085,http://w3id.org/protys/fixture#Load00085_Process,6,Control de calidad,20,0,kWh,145,145,0,kg,SIMULATED_PRODUCTION_CASE
http://w3id.org/protys/fixture#Load00085_Op7,http://w3id.org/protys/fixture#Load00085,http://w3id.org/protys/fixture#Load00085_Process,7,Envasado,10,0.333333,kWh,145,142.10,2.90,kg,SIMULATED_PRODUCTION_CASE
http://w3id.org/protys/fixture#Load00086_Op1,http://w3id.org/protys/fixture#Load00086,http://w3id.org/protys/fixture#Load00086_Process,1,Recepción e inspección,10,0,kWh,126,126,0,kg,SIMULATED_PRODUCTION_CASE
http://w3id.org/protys/fixture#Load00086_Op2,http://w3id.org/protys/fixture#Load00086,http://w3id.org/protys/fixture#Load00086_Process,2,Dispersión de pigmentos,20,10,kWh,126,126,0,kg,SIMULATED_PRODUCTION_CASE
http://w3id.org/protys/fixture#Load00086_Op3,http://w3id.org/protys/fixture#Load00086,http://w3id.org/protys/fixture#Load00086_Process,3,Mezcla principal,30,75,kWh,126,126,0,kg,SIMULATED_PRODUCTION_CASE
http://w3id.org/protys/fixture#Load00086_Op4,http://w3id.org/protys/fixture#Load00086,http://w3id.org/protys/fixture#Load00086_Process,4,Ajuste de viscosidad,10,26.666667,kWh,126,126,0,kg,SIMULATED_PRODUCTION_CASE
http://w3id.org/protys/fixture#Load00086_Op5,http://w3id.org/protys/fixture#Load00086,http://w3id.org/protys/fixture#Load00086_Process,5,Filtrado,10,3.333333,kWh,126,126,0,kg,SIMULATED_PRODUCTION_CASE
http://w3id.org/protys/fixture#Load00086_Op6,http://w3id.org/protys/fixture#Load00086,http://w3id.org/protys/fixture#Load00086_Process,6,Control de calidad,20,0,kWh,126,126,0,kg,SIMULATED_PRODUCTION_CASE
http://w3id.org/protys/fixture#Load00086_Op7,http://w3id.org/protys/fixture#Load00086,http://w3id.org/protys/fixture#Load00086_Process,7,Envasado,10,0.333333,kWh,126,123.48,2.52,kg,SIMULATED_PRODUCTION_CASE
http://w3id.org/protys/fixture#Load00087_Op1,http://w3id.org/protys/fixture#Load00087,http://w3id.org/protys/fixture#Load00087_Process,1,Recepción e inspección,10,0,kWh,185,185,0,kg,SIMULATED_PRODUCTION_CASE
http://w3id.org/protys/fixture#Load00087_Op2,http://w3id.org/protys/fixture#Load00087,http://w3id.org/protys/fixture#Load00087_Process,2,Dispersión de pigmentos,20,10,kWh,185,185,0,kg,SIMULATED_PRODUCTION_CASE
http://w3id.org/protys/fixture#Load00087_Op3,http://w3id.org/protys/fixture#Load00087,http://w3id.org/protys/fixture#Load00087_Process,3,Mezcla principal,30,75,kWh,185,185,0,kg,SIMULATED_PRODUCTION_CASE
http://w3id.org/protys/fixture#Load00087_Op4,http://w3id.org/protys/fixture#Load00087,http://w3id.org/protys/fixture#Load00087_Process,4,Ajuste de viscosidad,10,26.666667,kWh,185,185,0,kg,SIMULATED_PRODUCTION_CASE
http://w3id.org/protys/fixture#Load00087_Op5,http://w3id.org/protys/fixture#Load00087,http://w3id.org/protys/fixture#Load00087_Process,5,Filtrado,10,3.333333,kWh,185,185,0,kg,SIMULATED_PRODUCTION_CASE
http://w3id.org/protys/fixture#Load00087_Op6,http://w3id.org/protys/fixture#Load00087,http://w3id.org/protys/fixture#Load00087_Process,6,Control de calidad,20,0,kWh,185,185,0,kg,SIMULATED_PRODUCTION_CASE
http://w3id.org/protys/fixture#Load00087_Op7,http://w3id.org/protys/fixture#Load00087,http://w3id.org/protys/fixture#Load00087_Process,7,Envasado,10,0.333333,kWh,185,181.30,3.70,kg,SIMULATED_PRODUCTION_CASE
http://w3id.org/protys/fixture#Load00088_Op1,http://w3id.org/protys/fixture#Load00088,http://w3id.org/protys/fixture#Load00088_Process,1,Recepción e inspección,10,0,kWh,134,134,0,kg,SIMULATED_PRODUCTION_CASE
http://w3id.org/protys/fixture#Load00088_Op2,http://w3id.org/protys/fixture#Load00088,http://w3id.org/protys/fixture#Load00088_Process,2,Dispersión de pigmentos,20,10,kWh,134,134,0,kg,SIMULATED_PRODUCTION_CASE
http://w3id.org/protys/fixture#Load00088_Op3,http://w3id.org/protys/fixture#Load00088,http://w3id.org/protys/fixture#Load00088_Process,3,Mezcla principal,30,75,kWh,134,134,0,kg,SIMULATED_PRODUCTION_CASE
http://w3id.org/protys/fixture#Load00088_Op4,http://w3id.org/protys/fixture#Load00088,http://w3id.org/protys/fixture#Load00088_Process,4,Ajuste de viscosidad,10,26.666667,kWh,134,134,0,kg,SIMULATED_PRODUCTION_CASE
http://w3id.org/protys/fixture#Load00088_Op5,http://w3id.org/protys/fixture#Load00088,http://w3id.org/protys/fixture#Load00088_Process,5,Filtrado,10,3.333333,kWh,134,134,0,kg,SIMULATED_PRODUCTION_CASE
http://w3id.org/protys/fixture#Load00088_Op6,http://w3id.org/protys/fixture#Load00088,http://w3id.org/protys/fixture#Load00088_Process,6,Control de calidad,20,0,kWh,134,134,0,kg,SIMULATED_PRODUCTION_CASE
http://w3id.org/protys/fixture#Load00088_Op7,http://w3id.org/protys/fixture#Load00088,http://w3id.org/protys/fixture#Load00088_Process,7,Envasado,10,0.333333,kWh,134,131.32,2.68,kg,SIMULATED_PRODUCTION_CASE
http://w3id.org/protys/fixture#Load00089_Op1,http://w3id.org/protys/fixture#Load00089,http://w3id.org/protys/fixture#Load00089_Process,1,Recepción e inspección,10,0,kWh,189,189,0,kg,SIMULATED_PRODUCTION_CASE
http://w3id.org/protys/fixture#Load00089_Op2,http://w3id.org/protys/fixture#Load00089,http://w3id.org/protys/fixture#Load00089_Process,2,Dispersión de pigmentos,20,10,kWh,189,189,0,kg,SIMULATED_PRODUCTION_CASE
http://w3id.org/protys/fixture#Load00089_Op3,http://w3id.org/protys/fixture#Load00089,http://w3id.org/protys/fixture#Load00089_Process,3,Mezcla principal,30,75,kWh,189,189,0,kg,SIMULATED_PRODUCTION_CASE
http://w3id.org/protys/fixture#Load00089_Op4,http://w3id.org/protys/fixture#Load00089,http://w3id.org/protys/fixture#Load00089_Process,4,Ajuste de viscosidad,10,26.666667,kWh,189,189,0,kg,SIMULATED_PRODUCTION_CASE
http://w3id.org/protys/fixture#Load00089_Op5,http://w3id.org/protys/fixture#Load00089,http://w3id.org/protys/fixture#Load00089_Process,5,Filtrado,10,3.333333,kWh,189,189,0,kg,SIMULATED_PRODUCTION_CASE
http://w3id.org/protys/fixture#Load00089_Op6,http://w3id.org/protys/fixture#Load00089,http://w3id.org/protys/fixture#Load00089_Process,6,Control de calidad,20,0,kWh,189,189,0,kg,SIMULATED_PRODUCTION_CASE
http://w3id.org/protys/fixture#Load00089_Op7,http://w3id.org/protys/fixture#Load00089,http://w3id.org/protys/fixture#Load00089_Process,7,Envasado,10,0.333333,kWh,189,185.22,3.78,kg,SIMULATED_PRODUCTION_CASE
http://w3id.org/protys/fixture#Load00090_Op1,http://w3id.org/protys/fixture#Load00090,http://w3id.org/protys/fixture#Load00090_Process,1,Recepción e inspección,10,0,kWh,187,187,0,kg,SIMULATED_PRODUCTION_CASE
http://w3id.org/protys/fixture#Load00090_Op2,http://w3id.org/protys/fixture#Load00090,http://w3id.org/protys/fixture#Load00090_Process,2,Dispersión de pigmentos,20,10,kWh,187,187,0,kg,SIMULATED_PRODUCTION_CASE
http://w3id.org/protys/fixture#Load00090_Op3,http://w3id.org/protys/fixture#Load00090,http://w3id.org/protys/fixture#Load00090_Process,3,Mezcla principal,30,75,kWh,187,187,0,kg,SIMULATED_PRODUCTION_CASE
http://w3id.org/protys/fixture#Load00090_Op4,http://w3id.org/protys/fixture#Load00090,http://w3id.org/protys/fixture#Load00090_Process,4,Ajuste de viscosidad,10,26.666667,kWh,187,187,0,kg,SIMULATED_PRODUCTION_CASE
http://w3id.org/protys/fixture#Load00090_Op5,http://w3id.org/protys/fixture#Load00090,http://w3id.org/protys/fixture#Load00090_Process,5,Filtrado,10,3.333333,kWh,187,187,0,kg,SIMULATED_PRODUCTION_CASE
http://w3id.org/protys/fixture#Load00090_Op6,http://w3id.org/protys/fixture#Load00090,http://w3id.org/protys/fixture#Load00090_Process,6,Control de calidad,20,0,kWh,187,187,0,kg,SIMULATED_PRODUCTION_CASE
http://w3id.org/protys/fixture#Load00090_Op7,http://w3id.org/protys/fixture#Load00090,http://w3id.org/protys/fixture#Load00090_Process,7,Envasado,10,0.333333,kWh,187,183.26,3.74,kg,SIMULATED_PRODUCTION_CASE
http://w3id.org/protys/fixture#Load00091_Op1,http://w3id.org/protys/fixture#Load00091,http://w3id.org/protys/fixture#Load00091_Process,1,Recepción e inspección,10,0,kWh,182,182,0,kg,SIMULATED_PRODUCTION_CASE
http://w3id.org/protys/fixture#Load00091_Op2,http://w3id.org/protys/fixture#Load00091,http://w3id.org/protys/fixture#Load00091_Process,2,Dispersión de pigmentos,20,10,kWh,182,182,0,kg,SIMULATED_PRODUCTION_CASE
http://w3id.org/protys/fixture#Load00091_Op3,http://w3id.org/protys/fixture#Load00091,http://w3id.org/protys/fixture#Load00091_Process,3,Mezcla principal,30,75,kWh,182,182,0,kg,SIMULATED_PRODUCTION_CASE
http://w3id.org/protys/fixture#Load00091_Op4,http://w3id.org/protys/fixture#Load00091,http://w3id.org/protys/fixture#Load00091_Process,4,Ajuste de viscosidad,10,26.666667,kWh,182,182,0,kg,SIMULATED_PRODUCTION_CASE
http://w3id.org/protys/fixture#Load00091_Op5,http://w3id.org/protys/fixture#Load00091,http://w3id.org/protys/fixture#Load00091_Process,5,Filtrado,10,3.333333,kWh,182,182,0,kg,SIMULATED_PRODUCTION_CASE
http://w3id.org/protys/fixture#Load00091_Op6,http://w3id.org/protys/fixture#Load00091,http://w3id.org/protys/fixture#Load00091_Process,6,Control de calidad,20,0,kWh,182,182,0,kg,SIMULATED_PRODUCTION_CASE
http://w3id.org/protys/fixture#Load00091_Op7,http://w3id.org/protys/fixture#Load00091,http://w3id.org/protys/fixture#Load00091_Process,7,Envasado,10,0.333333,kWh,182,178.36,3.64,kg,SIMULATED_PRODUCTION_CASE
http://w3id.org/protys/fixture#Load00092_Op1,http://w3id.org/protys/fixture#Load00092,http://w3id.org/protys/fixture#Load00092_Process,1,Recepción e inspección,10,0,kWh,109,109,0,kg,SIMULATED_PRODUCTION_CASE
http://w3id.org/protys/fixture#Load00092_Op2,http://w3id.org/protys/fixture#Load00092,http://w3id.org/protys/fixture#Load00092_Process,2,Dispersión de pigmentos,20,10,kWh,109,109,0,kg,SIMULATED_PRODUCTION_CASE
http://w3id.org/protys/fixture#Load00092_Op3,http://w3id.org/protys/fixture#Load00092,http://w3id.org/protys/fixture#Load00092_Process,3,Mezcla principal,30,75,kWh,109,109,0,kg,SIMULATED_PRODUCTION_CASE
http://w3id.org/protys/fixture#Load00092_Op4,http://w3id.org/protys/fixture#Load00092,http://w3id.org/protys/fixture#Load00092_Process,4,Ajuste de viscosidad,10,26.666667,kWh,109,109,0,kg,SIMULATED_PRODUCTION_CASE
http://w3id.org/protys/fixture#Load00092_Op5,http://w3id.org/protys/fixture#Load00092,http://w3id.org/protys/fixture#Load00092_Process,5,Filtrado,10,3.333333,kWh,109,109,0,kg,SIMULATED_PRODUCTION_CASE
http://w3id.org/protys/fixture#Load00092_Op6,http://w3id.org/protys/fixture#Load00092,http://w3id.org/protys/fixture#Load00092_Process,6,Control de calidad,20,0,kWh,109,109,0,kg,SIMULATED_PRODUCTION_CASE
http://w3id.org/protys/fixture#Load00092_Op7,http://w3id.org/protys/fixture#Load00092,http://w3id.org/protys/fixture#Load00092_Process,7,Envasado,10,0.333333,kWh,109,106.82,2.18,kg,SIMULATED_PRODUCTION_CASE
http://w3id.org/protys/fixture#Load00093_Op1,http://w3id.org/protys/fixture#Load00093,http://w3id.org/protys/fixture#Load00093_Process,1,Recepción e inspección,10,0,kWh,177,177,0,kg,SIMULATED_PRODUCTION_CASE
http://w3id.org/protys/fixture#Load00093_Op2,http://w3id.org/protys/fixture#Load00093,http://w3id.org/protys/fixture#Load00093_Process,2,Dispersión de pigmentos,20,10,kWh,177,177,0,kg,SIMULATED_PRODUCTION_CASE
http://w3id.org/protys/fixture#Load00093_Op3,http://w3id.org/protys/fixture#Load00093,http://w3id.org/protys/fixture#Load00093_Process,3,Mezcla principal,30,75,kWh,177,177,0,kg,SIMULATED_PRODUCTION_CASE
http://w3id.org/protys/fixture#Load00093_Op4,http://w3id.org/protys/fixture#Load00093,http://w3id.org/protys/fixture#Load00093_Process,4,Ajuste de viscosidad,10,26.666667,kWh,177,177,0,kg,SIMULATED_PRODUCTION_CASE
http://w3id.org/protys/fixture#Load00093_Op5,http://w3id.org/protys/fixture#Load00093,http://w3id.org/protys/fixture#Load00093_Process,5,Filtrado,10,3.333333,kWh,177,177,0,kg,SIMULATED_PRODUCTION_CASE
http://w3id.org/protys/fixture#Load00093_Op6,http://w3id.org/protys/fixture#Load00093,http://w3id.org/protys/fixture#Load00093_Process,6,Control de calidad,20,0,kWh,177,177,0,kg,SIMULATED_PRODUCTION_CASE
http://w3id.org/protys/fixture#Load00093_Op7,http://w3id.org/protys/fixture#Load00093,http://w3id.org/protys/fixture#Load00093_Process,7,Envasado,10,0.333333,kWh,177,173.46,3.54,kg,SIMULATED_PRODUCTION_CASE
http://w3id.org/protys/fixture#Load00094_Op1,http://w3id.org/protys/fixture#Load00094,http://w3id.org/protys/fixture#Load00094_Process,1,Recepción e inspección,10,0,kWh,181,181,0,kg,SIMULATED_PRODUCTION_CASE
http://w3id.org/protys/fixture#Load00094_Op2,http://w3id.org/protys/fixture#Load00094,http://w3id.org/protys/fixture#Load00094_Process,2,Dispersión de pigmentos,20,10,kWh,181,181,0,kg,SIMULATED_PRODUCTION_CASE
http://w3id.org/protys/fixture#Load00094_Op3,http://w3id.org/protys/fixture#Load00094,http://w3id.org/protys/fixture#Load00094_Process,3,Mezcla principal,30,75,kWh,181,181,0,kg,SIMULATED_PRODUCTION_CASE
http://w3id.org/protys/fixture#Load00094_Op4,http://w3id.org/protys/fixture#Load00094,http://w3id.org/protys/fixture#Load00094_Process,4,Ajuste de viscosidad,10,26.666667,kWh,181,181,0,kg,SIMULATED_PRODUCTION_CASE
http://w3id.org/protys/fixture#Load00094_Op5,http://w3id.org/protys/fixture#Load00094,http://w3id.org/protys/fixture#Load00094_Process,5,Filtrado,10,3.333333,kWh,181,181,0,kg,SIMULATED_PRODUCTION_CASE
http://w3id.org/protys/fixture#Load00094_Op6,http://w3id.org/protys/fixture#Load00094,http://w3id.org/protys/fixture#Load00094_Process,6,Control de calidad,20,0,kWh,181,181,0,kg,SIMULATED_PRODUCTION_CASE
http://w3id.org/protys/fixture#Load00094_Op7,http://w3id.org/protys/fixture#Load00094,http://w3id.org/protys/fixture#Load00094_Process,7,Envasado,10,0.333333,kWh,181,177.38,3.62,kg,SIMULATED_PRODUCTION_CASE
http://w3id.org/protys/fixture#Load00095_Op1,http://w3id.org/protys/fixture#Load00095,http://w3id.org/protys/fixture#Load00095_Process,1,Recepción e inspección,10,0,kWh,121,121,0,kg,SIMULATED_PRODUCTION_CASE
http://w3id.org/protys/fixture#Load00095_Op2,http://w3id.org/protys/fixture#Load00095,http://w3id.org/protys/fixture#Load00095_Process,2,Dispersión de pigmentos,20,10,kWh,121,121,0,kg,SIMULATED_PRODUCTION_CASE
http://w3id.org/protys/fixture#Load00095_Op3,http://w3id.org/protys/fixture#Load00095,http://w3id.org/protys/fixture#Load00095_Process,3,Mezcla principal,30,75,kWh,121,121,0,kg,SIMULATED_PRODUCTION_CASE
http://w3id.org/protys/fixture#Load00095_Op4,http://w3id.org/protys/fixture#Load00095,http://w3id.org/protys/fixture#Load00095_Process,4,Ajuste de viscosidad,10,26.666667,kWh,121,121,0,kg,SIMULATED_PRODUCTION_CASE
http://w3id.org/protys/fixture#Load00095_Op5,http://w3id.org/protys/fixture#Load00095,http://w3id.org/protys/fixture#Load00095_Process,5,Filtrado,10,3.333333,kWh,121,121,0,kg,SIMULATED_PRODUCTION_CASE
http://w3id.org/protys/fixture#Load00095_Op6,http://w3id.org/protys/fixture#Load00095,http://w3id.org/protys/fixture#Load00095_Process,6,Control de calidad,20,0,kWh,121,121,0,kg,SIMULATED_PRODUCTION_CASE
http://w3id.org/protys/fixture#Load00095_Op7,http://w3id.org/protys/fixture#Load00095,http://w3id.org/protys/fixture#Load00095_Process,7,Envasado,10,0.333333,kWh,121,118.58,2.42,kg,SIMULATED_PRODUCTION_CASE
http://w3id.org/protys/fixture#Load00096_Op1,http://w3id.org/protys/fixture#Load00096,http://w3id.org/protys/fixture#Load00096_Process,1,Recepción e inspección,10,0,kWh,168,168,0,kg,SIMULATED_PRODUCTION_CASE
http://w3id.org/protys/fixture#Load00096_Op2,http://w3id.org/protys/fixture#Load00096,http://w3id.org/protys/fixture#Load00096_Process,2,Dispersión de pigmentos,20,10,kWh,168,168,0,kg,SIMULATED_PRODUCTION_CASE
http://w3id.org/protys/fixture#Load00096_Op3,http://w3id.org/protys/fixture#Load00096,http://w3id.org/protys/fixture#Load00096_Process,3,Mezcla principal,30,75,kWh,168,168,0,kg,SIMULATED_PRODUCTION_CASE
http://w3id.org/protys/fixture#Load00096_Op4,http://w3id.org/protys/fixture#Load00096,http://w3id.org/protys/fixture#Load00096_Process,4,Ajuste de viscosidad,10,26.666667,kWh,168,168,0,kg,SIMULATED_PRODUCTION_CASE
http://w3id.org/protys/fixture#Load00096_Op5,http://w3id.org/protys/fixture#Load00096,http://w3id.org/protys/fixture#Load00096_Process,5,Filtrado,10,3.333333,kWh,168,168,0,kg,SIMULATED_PRODUCTION_CASE
http://w3id.org/protys/fixture#Load00096_Op6,http://w3id.org/protys/fixture#Load00096,http://w3id.org/protys/fixture#Load00096_Process,6,Control de calidad,20,0,kWh,168,168,0,kg,SIMULATED_PRODUCTION_CASE
http://w3id.org/protys/fixture#Load00096_Op7,http://w3id.org/protys/fixture#Load00096,http://w3id.org/protys/fixture#Load00096_Process,7,Envasado,10,0.333333,kWh,168,164.64,3.36,kg,SIMULATED_PRODUCTION_CASE
http://w3id.org/protys/fixture#Load00097_Op1,http://w3id.org/protys/fixture#Load00097,http://w3id.org/protys/fixture#Load00097_Process,1,Recepción e inspección,10,0,kWh,193,193,0,kg,SIMULATED_PRODUCTION_CASE
http://w3id.org/protys/fixture#Load00097_Op2,http://w3id.org/protys/fixture#Load00097,http://w3id.org/protys/fixture#Load00097_Process,2,Dispersión de pigmentos,20,10,kWh,193,193,0,kg,SIMULATED_PRODUCTION_CASE
http://w3id.org/protys/fixture#Load00097_Op3,http://w3id.org/protys/fixture#Load00097,http://w3id.org/protys/fixture#Load00097_Process,3,Mezcla principal,30,75,kWh,193,193,0,kg,SIMULATED_PRODUCTION_CASE
http://w3id.org/protys/fixture#Load00097_Op4,http://w3id.org/protys/fixture#Load00097,http://w3id.org/protys/fixture#Load00097_Process,4,Ajuste de viscosidad,10,26.666667,kWh,193,193,0,kg,SIMULATED_PRODUCTION_CASE
http://w3id.org/protys/fixture#Load00097_Op5,http://w3id.org/protys/fixture#Load00097,http://w3id.org/protys/fixture#Load00097_Process,5,Filtrado,10,3.333333,kWh,193,193,0,kg,SIMULATED_PRODUCTION_CASE
http://w3id.org/protys/fixture#Load00097_Op6,http://w3id.org/protys/fixture#Load00097,http://w3id.org/protys/fixture#Load00097_Process,6,Control de calidad,20,0,kWh,193,193,0,kg,SIMULATED_PRODUCTION_CASE
http://w3id.org/protys/fixture#Load00097_Op7,http://w3id.org/protys/fixture#Load00097,http://w3id.org/protys/fixture#Load00097_Process,7,Envasado,10,0.333333,kWh,193,189.14,3.86,kg,SIMULATED_PRODUCTION_CASE
http://w3id.org/protys/fixture#Load00098_Op1,http://w3id.org/protys/fixture#Load00098,http://w3id.org/protys/fixture#Load00098_Process,1,Recepción e inspección,10,0,kWh,131,131,0,kg,SIMULATED_PRODUCTION_CASE
http://w3id.org/protys/fixture#Load00098_Op2,http://w3id.org/protys/fixture#Load00098,http://w3id.org/protys/fixture#Load00098_Process,2,Dispersión de pigmentos,20,10,kWh,131,131,0,kg,SIMULATED_PRODUCTION_CASE
http://w3id.org/protys/fixture#Load00098_Op3,http://w3id.org/protys/fixture#Load00098,http://w3id.org/protys/fixture#Load00098_Process,3,Mezcla principal,30,75,kWh,131,131,0,kg,SIMULATED_PRODUCTION_CASE
http://w3id.org/protys/fixture#Load00098_Op4,http://w3id.org/protys/fixture#Load00098,http://w3id.org/protys/fixture#Load00098_Process,4,Ajuste de viscosidad,10,26.666667,kWh,131,131,0,kg,SIMULATED_PRODUCTION_CASE
http://w3id.org/protys/fixture#Load00098_Op5,http://w3id.org/protys/fixture#Load00098,http://w3id.org/protys/fixture#Load00098_Process,5,Filtrado,10,3.333333,kWh,131,131,0,kg,SIMULATED_PRODUCTION_CASE
http://w3id.org/protys/fixture#Load00098_Op6,http://w3id.org/protys/fixture#Load00098,http://w3id.org/protys/fixture#Load00098_Process,6,Control de calidad,20,0,kWh,131,131,0,kg,SIMULATED_PRODUCTION_CASE
http://w3id.org/protys/fixture#Load00098_Op7,http://w3id.org/protys/fixture#Load00098,http://w3id.org/protys/fixture#Load00098_Process,7,Envasado,10,0.333333,kWh,131,128.38,2.62,kg,SIMULATED_PRODUCTION_CASE
http://w3id.org/protys/fixture#Load00099_Op1,http://w3id.org/protys/fixture#Load00099,http://w3id.org/protys/fixture#Load00099_Process,1,Recepción e inspección,10,0,kWh,120,120,0,kg,SIMULATED_PRODUCTION_CASE
http://w3id.org/protys/fixture#Load00099_Op2,http://w3id.org/protys/fixture#Load00099,http://w3id.org/protys/fixture#Load00099_Process,2,Dispersión de pigmentos,20,10,kWh,120,120,0,kg,SIMULATED_PRODUCTION_CASE
http://w3id.org/protys/fixture#Load00099_Op3,http://w3id.org/protys/fixture#Load00099,http://w3id.org/protys/fixture#Load00099_Process,3,Mezcla principal,30,75,kWh,120,120,0,kg,SIMULATED_PRODUCTION_CASE
http://w3id.org/protys/fixture#Load00099_Op4,http://w3id.org/protys/fixture#Load00099,http://w3id.org/protys/fixture#Load00099_Process,4,Ajuste de viscosidad,10,26.666667,kWh,120,120,0,kg,SIMULATED_PRODUCTION_CASE
http://w3id.org/protys/fixture#Load00099_Op5,http://w3id.org/protys/fixture#Load00099,http://w3id.org/protys/fixture#Load00099_Process,5,Filtrado,10,3.333333,kWh,120,120,0,kg,SIMULATED_PRODUCTION_CASE
http://w3id.org/protys/fixture#Load00099_Op6,http://w3id.org/protys/fixture#Load00099,http://w3id.org/protys/fixture#Load00099_Process,6,Control de calidad,20,0,kWh,120,120,0,kg,SIMULATED_PRODUCTION_CASE
http://w3id.org/protys/fixture#Load00099_Op7,http://w3id.org/protys/fixture#Load00099,http://w3id.org/protys/fixture#Load00099_Process,7,Envasado,10,0.333333,kWh,120,117.60,2.40,kg,SIMULATED_PRODUCTION_CASE
