operation_iri,lot_iri,manufacturing_process_iri,lci_representation_iri,energy_value,energy_unit,factor_iri,inventory_scope,scenario_role
http://w3id.org/protys/fixture#Load00000_Op1,http://w3id.org/protys/fixture#Load00000,http://w3id.org/protys/fixture#Load00000_Process,http://w3id.org/protys/fixture#Load00000_LCIProcess,0,kWh,http://w3id.org/protys/fixture#GridFactor,ELECTRICITY_CONSUMED_IN_PRODUCTION_ONLY,SIMULATED_PRODUCTION_CASE
http://w3id.org/protys/fixture#Load00000_Op2,http://w3id.org/protys/fixture#Load00000,http://w3id.org/protys/fixture#Load00000_Process,http://w3id.org/protys/fixture#Load00000_LCIProcess,10,kWh,http://w3id.org/protys/fixture#GridFactor,ELECTRICITY_CONSUMED_IN_PRODUCTION_ONLY,SIMULATED_PRODUCTION_CASE
http://w3id.org/protys/fixture#Load00000_Op3,http://w3id.org/protys/fixture#Load00000,http://w3id.org/protys/fixture#Load00000_Process,http://w3id.org/protys/fixture#Load00000_LCIProcess,75,kWh,http://w3id.org/protys/fixture#GridFactor,ELECTRICITY_CONSUMED_IN_PRODUCTION_ONLY,SIMULATED_PRODUCTION_CASE
http://w3id.org/protys/fixture#Load00000_Op4,http://w3id.org/protys/fixture#Load00000,http://w3id.org/protys/fixture#Load00000_Process,http://w3id.org/protys/fixture#Load00000_LCIProcess,26.666667,kWh,http://w3id.org/protys/fixture#GridFactor,ELECTRICITY_CONSUMED_IN_PRODUCTION_ONLY,SIMULATED_PRODUCTION_CASE
http://w3id.org/protys/fixture#Load00000_Op5,http://w3id.org/protys/fixture#Load00000,http://w3id.org/protys/fixture#Load00000_Process,http://w3id.org/protys/fixture#Load00000_LCIProcess,3.333333,kWh,http://w3id.org/protys/fixture#GridFactor,ELECTRICITY_CONSUMED_IN_PRODUCTION_ONLY,SIMULATED_PRODUCTION_CASE
http://w3id.org/protys/fixture#Load00000_Op6,http://w3id.org/protys/fixture#Load00000,http://w3id.org/protys/fixture#Load00000_Process,http://w3id.org/protys/fixture#Load00000_LCIProcess,0,kWh,http://w3id.org/protys/fixture#GridFactor,ELECTRICITY_CONSUMED_IN_PRODUCTION_ONLY,SIMULATED_PRODUCTION_CASE
http://w3id.org/protys/fixture#Load00000_Op7,http://w3id.org/protys/fixture#Load00000,http://w3id.org/protys/fixture#Load00000_Process,http://w3id.org/protys/fixture#Load00000_LCIProcess,0.333333,kWh,http://w3id.org/protys/fixture#GridFactor,ELECTRICITY_CONSUMED_IN_PRODUCTION_ONLY,SIMULATED_PRODUCTION_CASE
http://w3id.org/protys/fixture#Load00001_Op1,http://w3id.org/protys/fixture#Load00001,http://w3id.org/protys/fixture#Load00001_Process,http://w3id.org/protys/fixture#Load00001_LCIProcess,0,kWh,http://w3id.org/protys/fixture#GridFactor,ELECTRICITY_CONSUMED_IN_PRODUCTION_ONLY,SIMULATED_PRODUCTION_CASE
http://w3id.org/protys/fixture#Load00001_Op2,http://w3id.org/protys/fixture#Load00001,http://w3id.org/protys/fixture#Load00001_Process,http://w3id.org/protys/fixture#Load00001_LCIProcess,10,kWh,http://w3id.org/protys/fixture#GridFactor,ELECTRICITY_CONSUMED_IN_PRODUCTION_ONLY,SIMULATED_PRODUCTION_CASE
http://w3id.org/protys/fixture#Load00001_Op3,http://w3id.org/protys/fixture#Load00001,http://w3id.org/protys/fixture#Load00001_Process,http://w3id.org/protys/fixture#Load00001_LCIProcess,75,kWh,http://w3id.org/protys/fixture#GridFactor,ELECTRICITY_CONSUMED_IN_PRODUCTION_ONLY,SIMULATED_PRODUCTION_CASE
http://w3id.org/protys/fixture#Load00001_Op4,http://w3id.org/protys/fixture#Load00001,http://w3id.org/protys/fixture#Load00001_Process,http://w3id.org/protys/fixture#Load00001_LCIProcess,26.666667,kWh,http://w3id.org/protys/fixture#GridFactor,ELECTRICITY_CONSUMED_IN_PRODUCTION_ONLY,SIMULATED_PRODUCTION_CASE
http://w3id.org/protys/fixture#Load00001_Op5,http://w3id.org/protys/fixture#Load00001,http://w3id.org/protys/fixture#Load00001_Process,http://w3id.org/protys/fixture#Load00001_LCIProcess,3.333333,kWh,http://w3id.org/protys/fixture#GridFactor,ELECTRICITY_CONSUMED_IN_PRODUCTION_ONLY,SIMULATED_PRODUCTION_CASE
http://w3id.org/protys/fixture#Load00001_Op6,http://w3id.org/protys/fixture#Load00001,http://w3id.org/protys/fixture#Load00001_Process,http://w3id.org/protys/fixture#Load00001_LCIProcess,0,kWh,http://w3id.org/protys/fixture#GridFactor,ELECTRICITY_CONSUMED_IN_PRODUCTION_ONLY,SIMULATED_PRODUCTION_CASE
http://w3id.org/protys/fixture#Load00001_Op7,http://w3id.org/protys/fixture#Load00001,http://w3id.org/protys/fixture#Load00001_Process,http://w3id.org/protys/fixture#Load00001_LCIProcess,0.333333,kWh,http://w3id.org/protys/fixture#GridFactor,ELECTRICITY_CONSUMED_IN_PRODUCTION_ONLY,SIMULATED_PRODUCTION_CASE
http://w3id.org/protys/fixture#Load00002_Op1,http://w3id.org/protys/fixture#Load00002,http://w3id.org/protys/fixture#Load00002_Process,http://w3id.org/protys/fixture#Load00002_LCIProcess,0,kWh,http://w3id.org/protys/fixture#GridFactor,ELECTRICITY_CONSUMED_IN_PRODUCTION_ONLY,SIMULATED_PRODUCTION_CASE
http://w3id.org/protys/fixture#Load00002_Op2,http://w3id.org/protys/fixture#Load00002,http://w3id.org/protys/fixture#Load00002_Process,http://w3id.org/protys/fixture#Load00002_LCIProcess,10,kWh,http://w3id.org/protys/fixture#GridFactor,ELECTRICITY_CONSUMED_IN_PRODUCTION_ONLY,SIMULATED_PRODUCTION_CASE
http://w3id.org/protys/fixture#Load00002_Op3,http://w3id.org/protys/fixture#Load00002,http://w3id.org/protys/fixture#Load00002_Process,http://w3id.org/protys/fixture#Load00002_LCIProcess,75,kWh,http://w3id.org/protys/fixture#GridFactor,ELECTRICITY_CONSUMED_IN_PRODUCTION_ONLY,SIMULATED_PRODUCTION_CASE
http://w3id.org/protys/fixture#Load00002_Op4,http://w3id.org/protys/fixture#Load00002,http://w3id.org/protys/fixture#Load00002_Process,http://w3id.org/protys/fixture#Load00002_LCIProcess,26.666667,kWh,http://w3id.org/protys/fixture#GridFactor,ELECTRICITY_CONSUMED_IN_PRODUCTION_ONLY,SIMULATED_PRODUCTION_CASE
http://w3id.org/protys/fixture#Load00002_Op5,http://w3id.org/protys/fixture#Load00002,http://w3id.org/protys/fixture#Load00002_Process,http://w3id.org/protys/fixture#Load00002_LCIProcess,3.333333,kWh,http://w3id.org/protys/fixture#GridFactor,ELECTRICITY_CONSUMED_IN_PRODUCTION_ONLY,SIMULATED_PRODUCTION_CASE
http://w3id.org/protys/fixture#Load00002_Op6,http://w3id.org/protys/fixture#Load00002,http://w3id.org/protys/fixture#Load00002_Process,http://w3id.org/protys/fixture#Load00002_LCIProcess,0,kWh,http://w3id.org/protys/fixture#GridFactor,ELECTRICITY_CONSUMED_IN_PRODUCTION_ONLY,SIMULATED_PRODUCTION_CASE
http://w3id.org/protys/fixture#Load00002_Op7,http://w3id.org/protys/fixture#Load00002,http://w3id.org/protys/fixture#Load00002_Process,http://w3id.org/protys/fixture#Load00002_LCIProcess,0.333333,kWh,http://w3id.org/protys/fixture#GridFactor,ELECTRICITY_CONSUMED_IN_PRODUCTION_ONLY,SIMULATED_PRODUCTION_CASE
http://w3id.org/protys/fixture#Load00003_Op1,http://w3id.org/protys/fixture#Load00003,http://w3id.org/protys/fixture#Load00003_Process,http://w3id.org/protys/fixture#Load00003_LCIProcess,0,kWh,http://w3id.org/protys/fixture#GridFactor,ELECTRICITY_CONSUMED_IN_PRODUCTION_ONLY,SIMULATED_PRODUCTION_CASE
http://w3id.org/protys/fixture#Load00003_Op2,http://w3id.org/protys/fixture#Load00003,http://w3id.org/protys/fixture#Load00003_Process,http://w3id.org/protys/fixture#Load00003_LCIProcess,10,kWh,http://w3id.org/protys/fixture#GridFactor,ELECTRICITY_CONSUMED_IN_PRODUCTION_ONLY,SIMULATED_PRODUCTION_CASE
http://w3id.org/protys/fixture#Load00003_Op3,http://w3id.org/protys/fixture#Load00003,http://w3id.org/protys/fixture#Load00003_Process,http://w3id.org/protys/fixture#Load00003_LCIProcess,75,kWh,http://w3id.org/protys/fixture#GridFactor,ELECTRICITY_CONSUMED_IN_PRODUCTION_ONLY,SIMULATED_PRODUCTION_CASE
http://w3id.org/protys/fixture#Load00003_Op4,http://w3id.org/protys/fixture#Load00003,http://w3id.org/protys/fixture#Load00003_Process,http://w3id.org/protys/fixture#Load00003_LCIProcess,26.666667,kWh,http://w3id.org/protys/fixture#GridFactor,ELECTRICITY_CONSUMED_IN_PRODUCTION_ONLY,SIMULATED_PRODUCTION_CASE
http://w3id.org/protys/fixture#Load00003_Op5,http://w3id.org/protys/fixture#Load00003,http://w3id.org/protys/fixture#Load00003_Process,http://w3id.org/protys/fixture#Load00003_LCIProcess,3.333333,kWh,http://w3id.org/protys/fixture#GridFactor,ELECTRICITY_CONSUMED_IN_PRODUCTION_ONLY,SIMULATED_PRODUCTION_CASE
http://w3id.org/protys/fixture#Load00003_Op6,http://w3id.org/protys/fixture#Load00003,http://w3id.org/protys/fixture#Load00003_Process,http://w3id.org/protys/fixture#Load00003_LCIProcess,0,kWh,http://w3id.org/protys/fixture#GridFactor,ELECTRICITY_CONSUMED_IN_PRODUCTION_ONLY,SIMULATED_PRODUCTION_CASE
http://w3id.org/protys/fixture#Load00003_Op7,http://w3id.org/protys/fixture#Load00003,http://w3id.org/protys/fixture#Load00003_Process,http://w3id.org/protys/fixture#Load00003_LCIProcess,0.333333,kWh,http://w3id.org/protys/fixture#GridFactor,ELECTRICITY_CONSUMED_IN_PRODUCTION_ONLY,SIMULATED_PRODUCTION_CASE
http://w3id.org/protys/fixture#Load00004_Op1,http://w3id.org/protys/fixture#Load00004,http://w3id.org/protys/fixture#Load00004_Process,http://w3id.org/protys/fixture#Load00004_LCIProcess,0,kWh,http://w3id.org/protys/fixture#GridFactor,ELECTRICITY_CONSUMED_IN_PRODUCTION_ONLY,SIMULATED_PRODUCTION_CASE
http://w3id.org/protys/fixture#Load00004_Op2,http://w3id.org/protys/fixture#Load00004,http://w3id.org/protys/fixture#Load00004_Process,http://w3id.org/protys/fixture#Load00004_LCIProcess,10,kWh,http://w3id.org/protys/fixture#GridFactor,ELECTRICITY_CONSUMED_IN_PRODUCTION_ONLY,SIMULATED_PRODUCTION_CASE
http://w3id.org/protys/fixture#Load00004_Op3,http://w3id.org/protys/fixture#Load00004,http://w3id.org/protys/fixture#Load00004_Process,http://w3id.org/protys/fixture#Load00004_LCIProcess,75,kWh,http://w3id.org/protys/fixture#GridFactor,ELECTRICITY_CONSUMED_IN_PRODUCTION_ONLY,SIMULATED_PRODUCTION_CASE
http://w3id.org/protys/fixture#Load00004_Op4,http://w3id.org/protys/fixture#Load00004,http://w3id.org/protys/fixture#Load00004_Process,http://w3id.org/protys/fixture#Load00004_LCIProcess,26.666667,kWh,http://w3id.org/protys/fixture#GridFactor,ELECTRICITY_CONSUMED_IN_PRODUCTION_ONLY,SIMULATED_PRODUCTION_CASE
http://w3id.org/protys/fixture#Load00004_Op5,http://w3id.org/protys/fixture#Load00004,http://w3id.org/protys/fixture#Load00004_Process,http://w3id.org/protys/fixture#Load00004_LCIProcess,3.333333,kWh,http://w3id.org/protys/fixture#GridFactor,ELECTRICITY_CONSUMED_IN_PRODUCTION_ONLY,SIMULATED_PRODUCTION_CASE
http://w3id.org/protys/fixture#Load00004_Op6,http://w3id.org/protys/fixture#Load00004,http://w3id.org/protys/fixture#Load00004_Process,http://w3id.org/protys/fixture#Load00004_LCIProcess,0,kWh,http://w3id.org/protys/fixture#GridFactor,ELECTRICITY_CONSUMED_IN_PRODUCTION_ONLY,SIMULATED_PRODUCTION_CASE
http://w3id.org/protys/fixture#Load00004_Op7,http://w3id.org/protys/fixture#Load00004,http://w3id.org/protys/fixture#Load00004_Process,http://w3id.org/protys/fixture#Load00004_LCIProcess,0.333333,kWh,http://w3id.org/protys/fixture#GridFactor,ELECTRICITY_CONSUMED_IN_PRODUCTION_ONLY,SIMULATED_PRODUCTION_CASE
http://w3id.org/protys/fixture#Load00005_Op1,http://w3id.org/protys/fixture#Load00005,http://w3id.org/protys/fixture#Load00005_Process,http://w3id.org/protys/fixture#Load00005_LCIProcess,0,kWh,http://w3id.org/protys/fixture#GridFactor,ELECTRICITY_CONSUMED_IN_PRODUCTION_ONLY,SIMULATED_PRODUCTION_CASE
http://w3id.org/protys/fixture#Load00005_Op2,http://w3id.org/protys/fixture#Load00005,http://w3id.org/protys/fixture#Load00005_Process,http://w3id.org/protys/fixture#Load00005_LCIProcess,10,kWh,http://w3id.org/protys/fixture#GridFactor,ELECTRICITY_CONSUMED_IN_PRODUCTION_ONLY,SIMULATED_PRODUCTION_CASE
http://w3id.org/protys/fixture#Load00005_Op3,http://w3id.org/protys/fixture#Load00005,http://w3id.org/protys/fixture#Load00005_Process,http://w3id.org/protys/fixture#Load00005_LCIProcess,75,kWh,http://w3id.org/protys/fixture#GridFactor,ELECTRICITY_CONSUMED_IN_PRODUCTION_ONLY,SIMULATED_PRODUCTION_CASE
http://w3id.org/protys/fixture#Load00005_Op4,http://w3id.org/protys/fixture#Load00005,http://w3id.org/protys/fixture#Load00005_Process,http://w3id.org/protys/fixture#Load00005_LCIProcess,26.666667,kWh,http://w3id.org/protys/fixture#GridFactor,ELECTRICITY_CONSUMED_IN_PRODUCTION_ONLY,SIMULATED_PRODUCTION_CASE
http://w3id.org/protys/fixture#Load00005_Op5,http://w3id.org/protys/fixture#Load00005,http://w3id.org/protys/fixture#Load00005_Process,http://w3id.org/protys/fixture#Load00005_LCIProcess,3.333333,kWh,http://w3id.org/protys/fixture#GridFactor,ELECTRICITY_CONSUMED_IN_PRODUCTION_ONLY,SIMULATED_PRODUCTION_CASE
http://w3id.org/protys/fixture#Load00005_Op6,http://w3id.org/protys/fixture#Load00005,http://w3id.org/protys/fixture#Load00005_Process,http://w3id.org/protys/fixture#Load00005_LCIProcess,0,kWh,http://w3id.org/protys/fixture#GridFactor,ELECTRICITY_CONSUMED_IN_PRODUCTION_ONLY,SIMULATED_PRODUCTION_CASE
http://w3id.org/protys/fixture#Load00005_Op7,http://w3id.org/protys/fixture#Load00005,http://w3id.org/protys/fixture#Load00005_Process,http://w3id.org/protys/fixture#Load00005_LCIProcess,0.333333,kWh,http://w3id.org/protys/fixture#GridFactor,ELECTRICITY_CONSUMED_IN_PRODUCTION_ONLY,SIMULATED_PRODUCTION_CASE
http://w3id.org/protys/fixture#Load00006_Op1,http://w3id.org/protys/fixture#Load00006,http://w3id.org/protys/fixture#Load00006_Process,http://w3id.org/protys/fixture#Load00006_LCIProcess,0,kWh,http://w3id.org/protys/fixture#GridFactor,ELECTRICITY_CONSUMED_IN_PRODUCTION_ONLY,SIMULATED_PRODUCTION_CASE
http://w3id.org/protys/fixture#Load00006_Op2,http://w3id.org/protys/fixture#Load00006,http://w3id.org/protys/fixture#Load00006_Process,http://w3id.org/protys/fixture#Load00006_LCIProcess,10,kWh,http://w3id.org/protys/fixture#GridFactor,ELECTRICITY_CONSUMED_IN_PRODUCTION_ONLY,SIMULATED_PRODUCTION_CASE
http://w3id.org/protys/fixture#Load00006_Op3,http://w3id.org/protys/fixture#Load00006,http://w3id.org/protys/fixture#Load00006_Process,http://w3id.org/protys/fixture#Load00006_LCIProcess,75,kWh,http://w3id.org/protys/fixture#GridFactor,ELECTRICITY_CONSUMED_IN_PRODUCTION_ONLY,SIMULATED_PRODUCTION_CASE
http://w3id.org/protys/fixture#Load00006_Op4,http://w3id.org/protys/fixture#Load00006,http://w3id.org/protys/fixture#Load00006_Process,http://w3id.org/protys/fixture#Load00006_LCIProcess,26.666667,kWh,http://w3id.org/protys/fixture#GridFactor,ELECTRICITY_CONSUMED_IN_PRODUCTION_ONLY,SIMULATED_PRODUCTION_CASE
http://w3id.org/protys/fixture#Load00006_Op5,http://w3id.org/protys/fixture#Load00006,http://w3id.org/protys/fixture#Load00006_Process,http://w3id.org/protys/fixture#Load00006_LCIProcess,3.333333,kWh,http://w3id.org/protys/fixture#GridFactor,ELECTRICITY_CONSUMED_IN_PRODUCTION_ONLY,SIMULATED_PRODUCTION_CASE
http://w3id.org/protys/fixture#Load00006_Op6,http://w3id.org/protys/fixture#Load00006,http://w3id.org/protys/fixture#Load00006_Process,http://w3id.org/protys/fixture#Load00006_LCIProcess,0,kWh,http://w3id.org/protys/fixture#GridFactor,ELECTRICITY_CONSUMED_IN_PRODUCTION_ONLY,SIMULATED_PRODUCTION_CASE
http://w3id.org/protys/fixture#Load00006_Op7,http://w3id.org/protys/fixture#Load00006,http://w3id.org/protys/fixture#Load00006_Process,http://w3id.org/protys/fixture#Load00006_LCIProcess,0.333333,kWh,http://w3id.org/protys/fixture#GridFactor,ELECTRICITY_CONSUMED_IN_PRODUCTION_ONLY,SIMULATED_PRODUCTION_CASE
http://w3id.org/protys/fixture#Load00007_Op1,http://w3id.org/protys/fixture#Load00007,http://w3id.org/protys/fixture#Load00007_Process,http://w3id.org/protys/fixture#Load00007_LCIProcess,0,kWh,http://w3id.org/protys/fixture#GridFactor,ELECTRICITY_CONSUMED_IN_PRODUCTION_ONLY,SIMULATED_PRODUCTION_CASE
http://w3id.org/protys/fixture#Load00007_Op2,http://w3id.org/protys/fixture#Load00007,http://w3id.org/protys/fixture#Load00007_Process,http://w3id.org/protys/fixture#Load00007_LCIProcess,10,kWh,http://w3id.org/protys/fixture#GridFactor,ELECTRICITY_CONSUMED_IN_PRODUCTION_ONLY,SIMULATED_PRODUCTION_CASE
http://w3id.org/protys/fixture#Load00007_Op3,http://w3id.org/protys/fixture#Load00007,http://w3id.org/protys/fixture#Load00007_Process,http://w3id.org/protys/fixture#Load00007_LCIProcess,75,kWh,http://w3id.org/protys/fixture#GridFactor,ELECTRICITY_CONSUMED_IN_PRODUCTION_ONLY,SIMULATED_PRODUCTION_CASE
http://w3id.org/protys/fixture#Load00007_Op4,http://w3id.org/protys/fixture#Load00007,http://w3id.org/protys/fixture#Load00007_Process,http://w3id.org/protys/fixture#Load00007_LCIProcess,26.666667,kWh,http://w3id.org/protys/fixture#GridFactor,ELECTRICITY_CONSUMED_IN_PRODUCTION_ONLY,SIMULATED_PRODUCTION_CASE
http://w3id.org/protys/fixture#Load00007_Op5,http://w3id.org/protys/fixture#Load00007,http://w3id.org/protys/fixture#Load00007_Process,http://w3id.org/protys/fixture#Load00007_LCIProcess,3.333333,kWh,http://w3id.org/protys/fixture#GridFactor,ELECTRICITY_CONSUMED_IN_PRODUCTION_ONLY,SIMULATED_PRODUCTION_CASE
http://w3id.org/protys/fixture#Load00007_Op6,http://w3id.org/protys/fixture#Load00007,http://w3id.org/protys/fixture#Load00007_Process,http://w3id.org/protys/fixture#Load00007_LCIProcess,0,kWh,http://w3id.org/protys/fixture#GridFactor,ELECTRICITY_CONSUMED_IN_PRODUCTION_ONLY,SIMULATED_PRODUCTION_CASE
http://w3id.org/protys/fixture#Load00007_Op7,http://w3id.org/protys/fixture#Load00007,http://w3id.org/protys/fixture#Load00007_Process,http://w3id.org/protys/fixture#Load00007_LCIProcess,0.333333,kWh,http://w3id.org/protys/fixture#GridFactor,ELECTRICITY_CONSUMED_IN_PRODUCTION_ONLY,SIMULATED_PRODUCTION_CASE
http://w3id.org/protys/fixture#Load00008_Op1,http://w3id.org/protys/fixture#Load00008,http://w3id.org/protys/fixture#Load00008_Process,http://w3id.org/protys/fixture#Load00008_LCIProcess,0,kWh,http://w3id.org/protys/fixture#GridFactor,ELECTRICITY_CONSUMED_IN_PRODUCTION_ONLY,SIMULATED_PRODUCTION_CASE
http://w3id.org/protys/fixture#Load00008_Op2,http://w3id.org/protys/fixture#Load00008,http://w3id.org/protys/fixture#Load00008_Process,http://w3id.org/protys/fixture#Load00008_LCIProcess,10,kWh,http://w3id.org/protys/fixture#GridFactor,ELECTRICITY_CONSUMED_IN_PRODUCTION_ONLY,SIMULATED_PRODUCTION_CASE
http://w3id.org/protys/fixture#Load00008_Op3,http://w3id.org/protys/fixture#Load00008,http://w3id.org/protys/fixture#Load00008_Process,http://w3id.org/protys/fixture#Load00008_LCIProcess,75,kWh,http://w3id.org/protys/fixture#GridFactor,ELECTRICITY_CONSUMED_IN_PRODUCTION_ONLY,SIMULATED_PRODUCTION_CASE
http://w3id.org/protys/fixture#Load00008_Op4,http://w3id.org/protys/fixture#Load00008,http://w3id.org/protys/fixture#Load00008_Process,http://w3id.org/protys/fixture#Load00008_LCIProcess,26.666667,kWh,http://w3id.org/protys/fixture#GridFactor,ELECTRICITY_CONSUMED_IN_PRODUCTION_ONLY,SIMULATED_PRODUCTION_CASE
http://w3id.org/protys/fixture#Load00008_Op5,http://w3id.org/protys/fixture#Load00008,http://w3id.org/protys/fixture#Load00008_Process,http://w3id.org/protys/fixture#Load00008_LCIProcess,3.333333,kWh,http://w3id.org/protys/fixture#GridFactor,ELECTRICITY_CONSUMED_IN_PRODUCTION_ONLY,SIMULATED_PRODUCTION_CASE
http://w3id.org/protys/fixture#Load00008_Op6,http://w3id.org/protys/fixture#Load00008,http://w3id.org/protys/fixture#Load00008_Process,http://w3id.org/protys/fixture#Load00008_LCIProcess,0,kWh,http://w3id.org/protys/fixture#GridFactor,ELECTRICITY_CONSUMED_IN_PRODUCTION_ONLY,SIMULATED_PRODUCTION_CASE
http://w3id.org/protys/fixture#Load00008_Op7,http://w3id.org/protys/fixture#Load00008,http://w3id.org/protys/fixture#Load00008_Process,http://w3id.org/protys/fixture#Load00008_LCIProcess,0.333333,kWh,http://w3id.org/protys/fixture#GridFactor,ELECTRICITY_CONSUMED_IN_PRODUCTION_ONLY,SIMULATED_PRODUCTION_CASE
http://w3id.org/protys/fixture#Load00009_Op1,http://w3id.org/protys/fixture#Load00009,http://w3id.org/protys/fixture#Load00009_Process,http://w3id.org/protys/fixture#Load00009_LCIProcess,0,kWh,http://w3id.org/protys/fixture#GridFactor,ELECTRICITY_CONSUMED_IN_PRODUCTION_ONLY,SIMULATED_PRODUCTION_CASE
http://w3id.org/protys/fixture#Load00009_Op2,http://w3id.org/protys/fixture#Load00009,http://w3id.org/protys/fixture#Load00009_Process,http://w3id.org/protys/fixture#Load00009_LCIProcess,10,kWh,http://w3id.org/protys/fixture#GridFactor,ELECTRICITY_CONSUMED_IN_PRODUCTION_ONLY,SIMULATED_PRODUCTION_CASE
http://w3id.org/protys/fixture#Load00009_Op3,http://w3id.org/protys/fixture#Load00009,http://w3id.org/protys/fixture#Load00009_Process,http://w3id.org/protys/fixture#Load00009_LCIProcess,75,kWh,http://w3id.org/protys/fixture#GridFactor,ELECTRICITY_CONSUMED_IN_PRODUCTION_ONLY,SIMULATED_PRODUCTION_CASE
http://w3id.org/protys/fixture#Load00009_Op4,http://w3id.org/protys/fixture#Load00009,http://w3id.org/protys/fixture#Load00009_Process,http://w3id.org/protys/fixture#Load00009_LCIProcess,26.666667,kWh,http://w3id.org/protys/fixture#GridFactor,ELECTRICITY_CONSUMED_IN_PRODUCTION_ONLY,SIMULATED_PRODUCTION_CASE
http://w3id.org/protys/fixture#Load00009_Op5,http://w3id.org/protys/fixture#Load00009,http://w3id.org/protys/fixture#Load00009_Process,http://w3id.org/protys/fixture#Load00009_LCIProcess,3.333333,kWh,http://w3id.org/protys/fixture#GridFactor,ELECTRICITY_CONSUMED_IN_PRODUCTION_ONLY,SIMULATED_PRODUCTION_CASE
http://w3id.org/protys/fixture#Load00009_Op6,http://w3id.org/protys/fixture#Load00009,http://w3id.org/protys/fixture#Load00009_Process,http://w3id.org/protys/fixture#Load00009_LCIProcess,0,kWh,http://w3id.org/protys/fixture#GridFactor,ELECTRICITY_CONSUMED_IN_PRODUCTION_ONLY,SIMULATED_PRODUCTION_CASE
http://w3id.org/protys/fixture#Load00009_Op7,http://w3id.org/protys/fixture#Load00009,http://w3id.org/protys/fixture#Load00009_Process,http://w3id.org/protys/fixture#Load00009_LCIProcess,0.333333,kWh,http://w3id.org/protys/fixture#GridFactor,ELECTRICITY_CONSUMED_IN_PRODUCTION_ONLY,SIMULATED_PRODUCTION_CASE
http://w3id.org/protys/fixture#Load00010_Op1,http://w3id.org/protys/fixture#Load00010,http://w3id.org/protys/fixture#Load00010_Process,http://w3id.org/protys/fixture#Load00010_LCIProcess,0,kWh,http://w3id.org/protys/fixture#GridFactor,ELECTRICITY_CONSUMED_IN_PRODUCTION_ONLY,SIMULATED_PRODUCTION_CASE
http://w3id.org/protys/fixture#Load00010_Op2,http://w3id.org/protys/fixture#Load00010,http://w3id.org/protys/fixture#Load00010_Process,http://w3id.org/protys/fixture#Load00010_LCIProcess,10,kWh,http://w3id.org/protys/fixture#GridFactor,ELECTRICITY_CONSUMED_IN_PRODUCTION_ONLY,SIMULATED_PRODUCTION_CASE
http://w3id.org/protys/fixture#Load00010_Op3,http://w3id.org/protys/fixture#Load00010,http://w3id.org/protys/fixture#Load00010_Process,http://w3id.org/protys/fixture#Load00010_LCIProcess,75,kWh,http://w3id.org/protys/fixture#GridFactor,ELECTRICITY_CONSUMED_IN_PRODUCTION_ONLY,SIMULATED_PRODUCTION_CASE
http://w3id.org/protys/fixture#Load00010_Op4,http://w3id.org/protys/fixture#Load00010,http://w3id.org/protys/fixture#Load00010_Process,http://w3id.org/protys/fixture#Load00010_LCIProcess,26.666667,kWh,http://w3id.org/protys/fixture#GridFactor,ELECTRICITY_CONSUMED_IN_PRODUCTION_ONLY,SIMULATED_PRODUCTION_CASE
http://w3id.org/protys/fixture#Load00010_Op5,http://w3id.org/protys/fixture#Load00010,http://w3id.org/protys/fixture#Load00010_Process,http://w3id.org/protys/fixture#Load00010_LCIProcess,3.333333,kWh,http://w3id.org/protys/fixture#GridFactor,ELECTRICITY_CONSUMED_IN_PRODUCTION_ONLY,SIMULATED_PRODUCTION_CASE
http://w3id.org/protys/fixture#Load00010_Op6,http://w3id.org/protys/fixture#Load00010,http://w3id.org/protys/fixture#Load00010_Process,http://w3id.org/protys/fixture#Load00010_LCIProcess,0,kWh,http://w3id.org/protys/fixture#GridFactor,ELECTRICITY_CONSUMED_IN_PRODUCTION_ONLY,SIMULATED_PRODUCTION_CASE
http://w3id.org/protys/fixture#Load00010_Op7,http://w3id.org/protys/fixture#Load00010,http://w3id.org/protys/fixture#Load00010_Process,http://w3id.org/protys/fixture#Load00010_LCIProcess,0.333333,kWh,http://w3id.org/protys/fixture#GridFactor,ELECTRICITY_CONSUMED_IN_PRODUCTION_ONLY,SIMULATED_PRODUCTION_CASE
http://w3id.org/protys/fixture#Load00011_Op1,http://w3id.org/protys/fixture#Load00011,http://w3id.org/protys/fixture#Load00011_Process,http://w3id.org/protys/fixture#Load00011_LCIProcess,0,kWh,http://w3id.org/protys/fixture#GridFactor,ELECTRICITY_CONSUMED_IN_PRODUCTION_ONLY,SIMULATED_PRODUCTION_CASE
http://w3id.org/protys/fixture#Load00011_Op2,http://w3id.org/protys/fixture#Load00011,http://w3id.org/protys/fixture#Load00011_Process,http://w3id.org/protys/fixture#Load00011_LCIProcess,10,kWh,http://w3id.org/protys/fixture#GridFactor,ELECTRICITY_CONSUMED_IN_PRODUCTION_ONLY,SIMULATED_PRODUCTION_CASE
http://w3id.org/protys/fixture#Load00011_Op3,http://w3id.org/protys/fixture#Load00011,http://w3id.org/protys/fixture#Load00011_Process,http://w3id.org/protys/fixture#Load00011_LCIProcess,75,kWh,http://w3id.org/protys/fixture#GridFactor,ELECTRICITY_CONSUMED_IN_PRODUCTION_ONLY,SIMULATED_PRODUCTION_CASE
http://w3id.org/protys/fixture#Load00011_Op4,http://w3id.org/protys/fixture#Load00011,http://w3id.org/protys/fixture#Load00011_Process,http://w3id.org/protys/fixture#Load00011_LCIProcess,26.666667,kWh,http://w3id.org/protys/fixture#GridFactor,ELECTRICITY_CONSUMED_IN_PRODUCTION_ONLY,SIMULATED_PRODUCTION_CASE
http://w3id.org/protys/fixture#Load00011_Op5,http://w3id.org/protys/fixture#Load00011,http://w3id.org/protys/fixture#Load00011_Process,http://w3id.org/protys/fixture#Load00011_LCIProcess,3.333333,kWh,http://w3id.org/protys/fixture#GridFactor,ELECTRICITY_CONSUMED_IN_PRODUCTION_ONLY,SIMULATED_PRODUCTION_CASE
http://w3id.org/protys/fixture#Load00011_Op6,http://w3id.org/protys/fixture#Load00011,http://w3id.org/protys/fixture#Load00011_Process,http://w3id.org/protys/fixture#Load00011_LCIProcess,0,kWh,http://w3id.org/protys/fixture#GridFactor,ELECTRICITY_CONSUMED_IN_PRODUCTION_ONLY,SIMULATED_PRODUCTION_CASE
http://w3id.org/protys/fixture#Load00011_Op7,http://w3id.org/protys/fixture#Load00011,http://w3id.org/protys/fixture#Load00011_Process,http://w3id.org/protys/fixture#Load00011_LCIProcess,0.333333,kWh,http://w3id.org/protys/fixture#GridFactor,ELECTRICITY_CONSUMED_IN_PRODUCTION_ONLY,SIMULATED_PRODUCTION_CASE
http://w3id.org/protys/fixture#Load00012_Op1,http://w3id.org/protys/fixture#Load00012,http://w3id.org/protys/fixture#Load00012_Process,http://w3id.org/protys/fixture#Load00012_LCIProcess,0,kWh,http://w3id.org/protys/fixture#GridFactor,ELECTRICITY_CONSUMED_IN_PRODUCTION_ONLY,SIMULATED_PRODUCTION_CASE
http://w3id.org/protys/fixture#Load00012_Op2,http://w3id.org/protys/fixture#Load00012,http://w3id.org/protys/fixture#Load00012_Process,http://w3id.org/protys/fixture#Load00012_LCIProcess,10,kWh,http://w3id.org/protys/fixture#GridFactor,ELECTRICITY_CONSUMED_IN_PRODUCTION_ONLY,SIMULATED_PRODUCTION_CASE
http://w3id.org/protys/fixture#Load00012_Op3,http://w3id.org/protys/fixture#Load00012,http://w3id.org/protys/fixture#Load00012_Process,http://w3id.org/protys/fixture#Load00012_LCIProcess,75,kWh,http://w3id.org/protys/fixture#GridFactor,ELECTRICITY_CONSUMED_IN_PRODUCTION_ONLY,SIMULATED_PRODUCTION_CASE
http://w3id.org/protys/fixture#Load00012_Op4,http://w3id.org/protys/fixture#Load00012,http://w3id.org/protys/fixture#Load00012_Process,http://w3id.org/protys/fixture#Load00012_LCIProcess,26.666667,kWh,http://w3id.org/protys/fixture#GridFactor,ELECTRICITY_CONSUMED_IN_PRODUCTION_ONLY,SIMULATED_PRODUCTION_CASE
http://w3id.org/protys/fixture#Load00012_Op5,http://w3id.org/protys/fixture#Load00012,http://w3id.org/protys/fixture#Load00012_Process,http://w3id.org/protys/fixture#Load00012_LCIProcess,3.333333,kWh,http://w3id.org/protys/fixture#GridFactor,ELECTRICITY_CONSUMED_IN_PRODUCTION_ONLY,SIMULATED_PRODUCTION_CASE
http://w3id.org/protys/fixture#Load00012_Op6,http://w3id.org/protys/fixture#Load00012,http://w3id.org/protys/fixture#Load00012_Process,http://w3id.org/protys/fixture#Load00012_LCIProcess,0,kWh,http://w3id.org/protys/fixture#GridFactor,ELECTRICITY_CONSUMED_IN_PRODUCTION_ONLY,SIMULATED_PRODUCTION_CASE
http://w3id.org/protys/fixture#Load00012_Op7,http://w3id.org/protys/fixture#Load00012,http://w3id.org/protys/fixture#Load00012_Process,http://w3id.org/protys/fixture#Load00012_LCIProcess,0.333333,kWh,http://w3id.org/protys/fixture#GridFactor,ELECTRICITY_CONSUMED_IN_PRODUCTION_ONLY,SIMULATED_PRODUCTION_CASE
http://w3id.org/protys/fixture#Load00013_Op1,http://w3id.org/protys/fixture#Load00013,http://w3id.org/protys/fixture#Load00013_Process,http://w3id.org/protys/fixture#Load00013_LCIProcess,0,kWh,http://w3id.org/protys/fixture#GridFactor,ELECTRICITY_CONSUMED_IN_PRODUCTION_ONLY,SIMULATED_PRODUCTION_CASE
http://w3id.org/protys/fixture#Load00013_Op2,http://w3id.org/protys/fixture#Load00013,http://w3id.org/protys/fixture#Load00013_Process,http://w3id.org/protys/fixture#Load00013_LCIProcess,10,kWh,http://w3id.org/protys/fixture#GridFactor,ELECTRICITY_CONSUMED_IN_PRODUCTION_ONLY,SIMULATED_PRODUCTION_CASE
http://w3id.org/protys/fixture#Load00013_Op3,http://w3id.org/protys/fixture#Load00013,http://w3id.org/protys/fixture#Load00013_Process,http://w3id.org/protys/fixture#Load00013_LCIProcess,75,kWh,http://w3id.org/protys/fixture#GridFactor,ELECTRICITY_CONSUMED_IN_PRODUCTION_ONLY,SIMULATED_PRODUCTION_CASE
http://w3id.org/protys/fixture#Load00013_Op4,http://w3id.org/protys/fixture#Load00013,http://w3id.org/protys/fixture#Load00013_Process,http://w3id.org/protys/fixture#Load00013_LCIProcess,26.666667,kWh,http://w3id.org/protys/fixture#GridFactor,ELECTRICITY_CONSUMED_IN_PRODUCTION_ONLY,SIMULATED_PRODUCTION_CASE
http://w3id.org/protys/fixture#Load00013_Op5,http://w3id.org/protys/fixture#Load00013,http://w3id.org/protys/fixture#Load00013_Process,http://w3id.org/protys/fixture#Load00013_LCIProcess,3.333333,kWh,http://w3id.org/protys/fixture#GridFactor,ELECTRICITY_CONSUMED_IN_PRODUCTION_ONLY,SIMULATED_PRODUCTION_CASE
http://w3id.org/protys/fixture#Load00013_Op6,http://w3id.org/protys/fixture#Load00013,http://w3id.org/protys/fixture#Load00013_Process,http://w3id.org/protys/fixture#Load00013_LCIProcess,0,kWh,http://w3id.org/protys/fixture#GridFactor,ELECTRICITY_CONSUMED_IN_PRODUCTION_ONLY,SIMULATED_PRODUCTION_CASE
http://w3id.org/protys/fixture#Load00013_Op7,http://w3id.org/protys/fixture#Load00013,http://w3id.org/protys/fixture#Load00013_Process,http://w3id.org/protys/fixture#Load00013_LCIProcess,0.333333,kWh,http://w3id.org/protys/fixture#GridFactor,ELECTRICITY_CONSUMED_IN_PRODUCTION_ONLY,SIMULATED_PRODUCTION_CASE
http://w3id.org/protys/fixture#Load00014_Op1,http://w3id.org/protys/fixture#Load00014,http://w3id.org/protys/fixture#Load00014_Process,http://w3id.org/protys/fixture#Load00014_LCIProcess,0,kWh,http://w3id.org/protys/fixture#GridFactor,ELECTRICITY_CONSUMED_IN_PRODUCTION_ONLY,SIMULATED_PRODUCTION_CASE
http://w3id.org/protys/fixture#Load00014_Op2,http://w3id.org/protys/fixture#Load00014,http://w3id.org/protys/fixture#Load00014_Process,http://w3id.org/protys/fixture#Load00014_LCIProcess,10,kWh,http://w3id.org/protys/fixture#GridFactor,ELECTRICITY_CONSUMED_IN_PRODUCTION_ONLY,SIMULATED_PRODUCTION_CASE
http://w3id.org/protys/fixture#Load00014_Op3,http://w3id.org/protys/fixture#Load00014,http://w3id.org/protys/fixture#Load00014_Process,http://w3id.org/protys/fixture#Load00014_LCIProcess,75,kWh,http://w3id.org/protys/fixture#GridFactor,ELECTRICITY_CONSUMED_IN_PRODUCTION_ONLY,SIMULATED_PRODUCTION_CASE
http://w3id.org/protys/fixture#Load00014_Op4,http://w3id.org/protys/fixture#Load00014,http://w3id.org/protys/fixture#Load00014_Process,http://w3id.org/protys/fixture#Load00014_LCIProcess,26.666667,kWh,http://w3id.org/protys/fixture#GridFactor,ELECTRICITY_CONSUMED_IN_PRODUCTION_ONLY,SIMULATED_PRODUCTION_CASE
http://w3id.org/protys/fixture#Load00014_Op5,http://w3id.org/protys/fixture#Load00014,http://w3id.org/protys/fixture#Load00014_Process,http://w3id.org/protys/fixture#Load00014_LCIProcess,3.333333,kWh,http://w3id.org/protys/fixture#GridFactor,ELECTRICITY_CONSUMED_IN_PRODUCTION_ONLY,SIMULATED_PRODUCTION_CASE
http://w3id.org/protys/fixture#Load00014_Op6,http://w3id.org/protys/fixture#Load00014,http://w3id.org/protys/fixture#Load00014_Process,http://w3id.org/protys/fixture#Load00014_LCIProcess,0,kWh,http://w3id.org/protys/fixture#GridFactor,ELECTRICITY_CONSUMED_IN_PRODUCTION_ONLY,SIMULATED_PRODUCTION_CASE
http://w3id.org/protys/fixture#Load00014_Op7,http://w3id.org/protys/fixture#Load00014,http://w3id.org/protys/fixture#Load00014_Process,http://w3id.org/protys/fixture#Load00014_LCIProcess,0.333333,kWh,http://w3id.org/protys/fixture#GridFactor,ELECTRICITY_CONSUMED_IN_PRODUCTION_ONLY,SIMULATED_PRODUCTION_CASE
http://w3id.org/protys/fixture#Load00015_Op1,http://w3id.org/protys/fixture#Load00015,http://w3id.org/protys/fixture#Load00015_Process,http://w3id.org/protys/fixture#Load00015_LCIProcess,0,kWh,http://w3id.org/protys/fixture#GridFactor,ELECTRICITY_CONSUMED_IN_PRODUCTION_ONLY,SIMULATED_PRODUCTION_CASE
http://w3id.org/protys/fixture#Load00015_Op2,http://w3id.org/protys/fixture#Load00015,http://w3id.org/protys/fixture#Load00015_Process,http://w3id.org/protys/fixture#Load00015_LCIProcess,10,kWh,http://w3id.org/protys/fixture#GridFactor,ELECTRICITY_CONSUMED_IN_PRODUCTION_ONLY,SIMULATED_PRODUCTION_CASE
http://w3id.org/protys/fixture#Load00015_Op3,http://w3id.org/protys/fixture#Load00015,http://w3id.org/protys/fixture#Load00015_Process,http://w3id.org/protys/fixture#Load00015_LCIProcess,75,kWh,http://w3id.org/protys/fixture#GridFactor,ELECTRICITY_CONSUMED_IN_PRODUCTION_ONLY,SIMULATED_PRODUCTION_CASE
http://w3id.org/protys/fixture#Load00015_Op4,http://w3id.org/protys/fixture#Load00015,http://w3id.org/protys/fixture#Load00015_Process,http://w3id.org/protys/fixture#Load00015_LCIProcess,26.666667,kWh,http://w3id.org/protys/fixture#GridFactor,ELECTRICITY_CONSUMED_IN_PRODUCTION_ONLY,SIMULATED_PRODUCTION_CASE
http://w3id.org/protys/fixture#Load00015_Op5,http://w3id.org/protys/fixture#Load00015,http://w3id.org/protys/fixture#Load00015_Process,http://w3id.org/protys/fixture#Load00015_LCIProcess,3.333333,kWh,http://w3id.org/protys/fixture#GridFactor,ELECTRICITY_CONSUMED_IN_PRODUCTION_ONLY,SIMULATED_PRODUCTION_CASE
http://w3id.org/protys/fixture#Load00015_Op6,http://w3id.org/protys/fixture#Load00015,http://w3id.org/protys/fixture#Load00015_Process,http://w3id.org/protys/fixture#Load00015_LCIProcess,0,kWh,http://w3id.org/protys/fixture#GridFactor,ELECTRICITY_CONSUMED_IN_PRODUCTION_ONLY,SIMULATED_PRODUCTION_CASE
http://w3id.org/protys/fixture#Load00015_Op7,http://w3id.org/protys/fixture#Load00015,http://w3id.org/protys/fixture#Load00015_Process,http://w3id.org/protys/fixture#Load00015_LCIProcess,0.333333,kWh,http://w3id.org/protys/fixture#GridFactor,ELECTRICITY_CONSUMED_IN_PRODUCTION_ONLY,SIMULATED_PRODUCTION_CASE
http://w3id.org/protys/fixture#Load00016_Op1,http://w3id.org/protys/fixture#Load00016,http://w3id.org/protys/fixture#Load00016_Process,http://w3id.org/protys/fixture#Load00016_LCIProcess,0,kWh,http://w3id.org/protys/fixture#GridFactor,ELECTRICITY_CONSUMED_IN_PRODUCTION_ONLY,SIMULATED_PRODUCTION_CASE
http://w3id.org/protys/fixture#Load00016_Op2,http://w3id.org/protys/fixture#Load00016,http://w3id.org/protys/fixture#Load00016_Process,http://w3id.org/protys/fixture#Load00016_LCIProcess,10,kWh,http://w3id.org/protys/fixture#GridFactor,ELECTRICITY_CONSUMED_IN_PRODUCTION_ONLY,SIMULATED_PRODUCTION_CASE
http://w3id.org/protys/fixture#Load00016_Op3,http://w3id.org/protys/fixture#Load00016,http://w3id.org/protys/fixture#Load00016_Process,http://w3id.org/protys/fixture#Load00016_LCIProcess,75,kWh,http://w3id.org/protys/fixture#GridFactor,ELECTRICITY_CONSUMED_IN_PRODUCTION_ONLY,SIMULATED_PRODUCTION_CASE
http://w3id.org/protys/fixture#Load00016_Op4,http://w3id.org/protys/fixture#Load00016,http://w3id.org/protys/fixture#Load00016_Process,http://w3id.org/protys/fixture#Load00016_LCIProcess,26.666667,kWh,http://w3id.org/protys/fixture#GridFactor,ELECTRICITY_CONSUMED_IN_PRODUCTION_ONLY,SIMULATED_PRODUCTION_CASE
http://w3id.org/protys/fixture#Load00016_Op5,http://w3id.org/protys/fixture#Load00016,http://w3id.org/protys/fixture#Load00016_Process,http://w3id.org/protys/fixture#Load00016_LCIProcess,3.333333,kWh,http://w3id.org/protys/fixture#GridFactor,ELECTRICITY_CONSUMED_IN_PRODUCTION_ONLY,SIMULATED_PRODUCTION_CASE
http://w3id.org/protys/fixture#Load00016_Op6,http://w3id.org/protys/fixture#Load00016,http://w3id.org/protys/fixture#Load00016_Process,http://w3id.org/protys/fixture#Load00016_LCIProcess,0,kWh,http://w3id.org/protys/fixture#GridFactor,ELECTRICITY_CONSUMED_IN_PRODUCTION_ONLY,SIMULATED_PRODUCTION_CASE
http://w3id.org/protys/fixture#Load00016_Op7,http://w3id.org/protys/fixture#Load00016,http://w3id.org/protys/fixture#Load00016_Process,http://w3id.org/protys/fixture#Load00016_LCIProcess,0.333333,kWh,http://w3id.org/protys/fixture#GridFactor,ELECTRICITY_CONSUMED_IN_PRODUCTION_ONLY,SIMULATED_PRODUCTION_CASE
http://w3id.org/protys/fixture#Load00017_Op1,http://w3id.org/protys/fixture#Load00017,http://w3id.org/protys/fixture#Load00017_Process,http://w3id.org/protys/fixture#Load00017_LCIProcess,0,kWh,http://w3id.org/protys/fixture#GridFactor,ELECTRICITY_CONSUMED_IN_PRODUCTION_ONLY,SIMULATED_PRODUCTION_CASE
http://w3id.org/protys/fixture#Load00017_Op2,http://w3id.org/protys/fixture#Load00017,http://w3id.org/protys/fixture#Load00017_Process,http://w3id.org/protys/fixture#Load00017_LCIProcess,10,kWh,http://w3id.org/protys/fixture#GridFactor,ELECTRICITY_CONSUMED_IN_PRODUCTION_ONLY,SIMULATED_PRODUCTION_CASE
http://w3id.org/protys/fixture#Load00017_Op3,http://w3id.org/protys/fixture#Load00017,http://w3id.org/protys/fixture#Load00017_Process,http://w3id.org/protys/fixture#Load00017_LCIProcess,75,kWh,http://w3id.org/protys/fixture#GridFactor,ELECTRICITY_CONSUMED_IN_PRODUCTION_ONLY,SIMULATED_PRODUCTION_CASE
http://w3id.org/protys/fixture#Load00017_Op4,http://w3id.org/protys/fixture#Load00017,http://w3id.org/protys/fixture#Load00017_Process,http://w3id.org/protys/fixture#Load00017_LCIProcess,26.666667,kWh,http://w3id.org/protys/fixture#GridFactor,ELECTRICITY_CONSUMED_IN_PRODUCTION_ONLY,SIMULATED_PRODUCTION_CASE
http://w3id.org/protys/fixture#Load00017_Op5,http://w3id.org/protys/fixture#Load00017,http://w3id.org/protys/fixture#Load00017_Process,http://w3id.org/protys/fixture#Load00017_LCIProcess,3.333333,kWh,http://w3id.org/protys/fixture#GridFactor,ELECTRICITY_CONSUMED_IN_PRODUCTION_ONLY,SIMULATED_PRODUCTION_CASE
http://w3id.org/protys/fixture#Load00017_Op6,http://w3id.org/protys/fixture#Load00017,http://w3id.org/protys/fixture#Load00017_Process,http://w3id.org/protys/fixture#Load00017_LCIProcess,0,kWh,http://w3id.org/protys/fixture#GridFactor,ELECTRICITY_CONSUMED_IN_PRODUCTION_ONLY,SIMULATED_PRODUCTION_CASE
http://w3id.org/protys/fixture#Load00017_Op7,http://w3id.org/protys/fixture#Load00017,http://w3id.org/protys/fixture#Load00017_Process,http://w3id.org/protys/fixture#Load00017_LCIProcess,0.333333,kWh,http://w3id.org/protys/fixture#GridFactor,ELECTRICITY_CONSUMED_IN_PRODUCTION_ONLY,SIMULATED_PRODUCTION_CASE
http://w3id.org/protys/fixture#Load00018_Op1,http://w3id.org/protys/fixture#Load00018,http://w3id.org/protys/fixture#Load00018_Process,http://w3id.org/protys/fixture#Load00018_LCIProcess,0,kWh,http://w3id.org/protys/fixture#GridFactor,ELECTRICITY_CONSUMED_IN_PRODUCTION_ONLY,SIMULATED_PRODUCTION_CASE
http://w3id.org/protys/fixture#Load00018_Op2,http://w3id.org/protys/fixture#Load00018,http://w3id.org/protys/fixture#Load00018_Process,http://w3id.org/protys/fixture#Load00018_LCIProcess,10,kWh,http://w3id.org/protys/fixture#GridFactor,ELECTRICITY_CONSUMED_IN_PRODUCTION_ONLY,SIMULATED_PRODUCTION_CASE
http://w3id.org/protys/fixture#Load00018_Op3,http://w3id.org/protys/fixture#Load00018,http://w3id.org/protys/fixture#Load00018_Process,http://w3id.org/protys/fixture#Load00018_LCIProcess,75,kWh,http://w3id.org/protys/fixture#GridFactor,ELECTRICITY_CONSUMED_IN_PRODUCTION_ONLY,SIMULATED_PRODUCTION_CASE
http://w3id.org/protys/fixture#Load00018_Op4,http://w3id.org/protys/fixture#Load00018,http://w3id.org/protys/fixture#Load00018_Process,http://w3id.org/protys/fixture#Load00018_LCIProcess,26.666667,kWh,http://w3id.org/protys/fixture#GridFactor,ELECTRICITY_CONSUMED_IN_PRODUCTION_ONLY,SIMULATED_PRODUCTION_CASE
http://w3id.org/protys/fixture#Load00018_Op5,http://w3id.org/protys/fixture#Load00018,http://w3id.org/protys/fixture#Load00018_Process,http://w3id.org/protys/fixture#Load00018_LCIProcess,3.333333,kWh,http://w3id.org/protys/fixture#GridFactor,ELECTRICITY_CONSUMED_IN_PRODUCTION_ONLY,SIMULATED_PRODUCTION_CASE
http://w3id.org/protys/fixture#Load00018_Op6,http://w3id.org/protys/fixture#Load00018,http://w3id.org/protys/fixture#Load00018_Process,http://w3id.org/protys/fixture#Load00018_LCIProcess,0,kWh,http://w3id.org/protys/fixture#GridFactor,ELECTRICITY_CONSUMED_IN_PRODUCTION_ONLY,SIMULATED_PRODUCTION_CASE
http://w3id.org/protys/fixture#Load00018_Op7,http://w3id.org/protys/fixture#Load00018,http://w3id.org/protys/fixture#Load00018_Process,http://w3id.org/protys/fixture#Load00018_LCIProcess,0.333333,kWh,http://w3id.org/protys/fixture#GridFactor,ELECTRICITY_CONSUMED_IN_PRODUCTION_ONLY,SIMULATED_PRODUCTION_CASE
http://w3id.org/protys/fixture#Load00019_Op1,http://w3id.org/protys/fixture#Load00019,http://w3id.org/protys/fixture#Load00019_Process,http://w3id.org/protys/fixture#Load00019_LCIProcess,0,kWh,http://w3id.org/protys/fixture#GridFactor,ELECTRICITY_CONSUMED_IN_PRODUCTION_ONLY,SIMULATED_PRODUCTION_CASE
http://w3id.org/protys/fixture#Load00019_Op2,http://w3id.org/protys/fixture#Load00019,http://w3id.org/protys/fixture#Load00019_Process,http://w3id.org/protys/fixture#Load00019_LCIProcess,10,kWh,http://w3id.org/protys/fixture#GridFactor,ELECTRICITY_CONSUMED_IN_PRODUCTION_ONLY,SIMULATED_PRODUCTION_CASE
http://w3id.org/protys/fixture#Load00019_Op3,http://w3id.org/protys/fixture#Load00019,http://w3id.org/protys/fixture#Load00019_Process,http://w3id.org/protys/fixture#Load00019_LCIProcess,75,kWh,http://w3id.org/protys/fixture#GridFactor,ELECTRICITY_CONSUMED_IN_PRODUCTION_ONLY,SIMULATED_PRODUCTION_CASE
http://w3id.org/protys/fixture#Load00019_Op4,http://w3id.org/protys/fixture#Load00019,http://w3id.org/protys/fixture#Load00019_Process,http://w3id.org/protys/fixture#Load00019_LCIProcess,26.666667,kWh,http://w3id.org/protys/fixture#GridFactor,ELECTRICITY_CONSUMED_IN_PRODUCTION_ONLY,SIMULATED_PRODUCTION_CASE
http://w3id.org/protys/fixture#Load00019_Op5,http://w3id.org/protys/fixture#Load00019,http://w3id.org/protys/fixture#Load00019_Process,http://w3id.org/protys/fixture#Load00019_LCIProcess,3.333333,kWh,http://w3id.org/protys/fixture#GridFactor,ELECTRICITY_CONSUMED_IN_PRODUCTION_ONLY,SIMULATED_PRODUCTION_CASE
http://w3id.org/protys/fixture#Load00019_Op6,http://w3id.org/protys/fixture#Load00019,http://w3id.org/protys/fixture#Load00019_Process,http://w3id.org/protys/fixture#Load00019_LCIProcess,0,kWh,http://w3id.org/protys/fixture#GridFactor,ELECTRICITY_CONSUMED_IN_PRODUCTION_ONLY,SIMULATED_PRODUCTION_CASE
http://w3id.org/protys/fixture#Load00019_Op7,http://w3id.org/protys/fixture#Load00019,http://w3id.org/protys/fixture#Load00019_Process,http://w3id.org/protys/fixture#Load00019_LCIProcess,0.333333,kWh,http://w3id.org/protys/fixture#GridFactor,ELECTRICITY_CONSUMED_IN_PRODUCTION_ONLY,SIMULATED_PRODUCTION_CASE
http://w3id.org/protys/fixture#Load00020_Op1,http://w3id.org/protys/fixture#Load00020,http://w3id.org/protys/fixture#Load00020_Process,http://w3id.org/protys/fixture#Load00020_LCIProcess,0,kWh,http://w3id.org/protys/fixture#GridFactor,ELECTRICITY_CONSUMED_IN_PRODUCTION_ONLY,SIMULATED_PRODUCTION_CASE
http://w3id.org/protys/fixture#Load00020_Op2,http://w3id.org/protys/fixture#Load00020,http://w3id.org/protys/fixture#Load00020_Process,http://w3id.org/protys/fixture#Load00020_LCIProcess,10,kWh,http://w3id.org/protys/fixture#GridFactor,ELECTRICITY_CONSUMED_IN_PRODUCTION_ONLY,SIMULATED_PRODUCTION_CASE
http://w3id.org/protys/fixture#Load00020_Op3,http://w3id.org/protys/fixture#Load00020,http://w3id.org/protys/fixture#Load00020_Process,http://w3id.org/protys/fixture#Load00020_LCIProcess,75,kWh,http://w3id.org/protys/fixture#GridFactor,ELECTRICITY_CONSUMED_IN_PRODUCTION_ONLY,SIMULATED_PRODUCTION_CASE
http://w3id.org/protys/fixture#Load00020_Op4,http://w3id.org/protys/fixture#Load00020,http://w3id.org/protys/fixture#Load00020_Process,http://w3id.org/protys/fixture#Load00020_LCIProcess,26.666667,kWh,http://w3id.org/protys/fixture#GridFactor,ELECTRICITY_CONSUMED_IN_PRODUCTION_ONLY,SIMULATED_PRODUCTION_CASE
http://w3id.org/protys/fixture#Load00020_Op5,http://w3id.org/protys/fixture#Load00020,http://w3id.org/protys/fixture#Load00020_Process,http://w3id.org/protys/fixture#Load00020_LCIProcess,3.333333,kWh,http://w3id.org/protys/fixture#GridFactor,ELECTRICITY_CONSUMED_IN_PRODUCTION_ONLY,SIMULATED_PRODUCTION_CASE
http://w3id.org/protys/fixture#Load00020_Op6,http://w3id.org/protys/fixture#Load00020,http://w3id.org/protys/fixture#Load00020_Process,http://w3id.org/protys/fixture#Load00020_LCIProcess,0,kWh,http://w3id.org/protys/fixture#GridFactor,ELECTRICITY_CONSUMED_IN_PRODUCTION_ONLY,SIMULATED_PRODUCTION_CASE
http://w3id.org/protys/fixture#Load00020_Op7,http://w3id.org/protys/fixture#Load00020,http://w3id.org/protys/fixture#Load00020_Process,http://w3id.org/protys/fixture#Load00020_LCIProcess,0.333333,kWh,http://w3id.org/protys/fixture#GridFactor,ELECTRICITY_CONSUMED_IN_PRODUCTION_ONLY,SIMULATED_PRODUCTION_CASE
http://w3id.org/protys/fixture#Load00021_Op1,http://w3id.org/protys/fixture#Load00021,http://w3id.org/protys/fixture#Load00021_Process,http://w3id.org/protys/fixture#Load00021_LCIProcess,0,kWh,http://w3id.org/protys/fixture#GridFactor,ELECTRICITY_CONSUMED_IN_PRODUCTION_ONLY,SIMULATED_PRODUCTION_CASE
http://w3id.org/protys/fixture#Load00021_Op2,http://w3id.org/protys/fixture#Load00021,http://w3id.org/protys/fixture#Load00021_Process,http://w3id.org/protys/fixture#Load00021_LCIProcess,10,kWh,http://w3id.org/protys/fixture#GridFactor,ELECTRICITY_CONSUMED_IN_PRODUCTION_ONLY,SIMULATED_PRODUCTION_CASE
http://w3id.org/protys/fixture#Load00021_Op3,http://w3id.org/protys/fixture#Load00021,http://w3id.org/protys/fixture#Load00021_Process,http://w3id.org/protys/fixture#Load00021_LCIProcess,75,kWh,http://w3id.org/protys/fixture#GridFactor,ELECTRICITY_CONSUMED_IN_PRODUCTION_ONLY,SIMULATED_PRODUCTION_CASE
http://w3id.org/protys/fixture#Load00021_Op4,http://w3id.org/protys/fixture#Load00021,http://w3id.org/protys/fixture#Load00021_Process,http://w3id.org/protys/fixture#Load00021_LCIProcess,26.666667,kWh,http://w3id.org/protys/fixture#GridFactor,ELECTRICITY_CONSUMED_IN_PRODUCTION_ONLY,SIMULATED_PRODUCTION_CASE
http://w3id.org/protys/fixture#Load00021_Op5,http://w3id.org/protys/fixture#Load00021,http://w3id.org/protys/fixture#Load00021_Process,http://w3id.org/protys/fixture#Load00021_LCIProcess,3.333333,kWh,http://w3id.org/protys/fixture#GridFactor,ELECTRICITY_CONSUMED_IN_PRODUCTION_ONLY,SIMULATED_PRODUCTION_CASE
http://w3id.org/protys/fixture#Load00021_Op6,http://w3id.org/protys/fixture#Load00021,http://w3id.org/protys/fixture#Load00021_Process,http://w3id.org/protys/fixture#Load00021_LCIProcess,0,kWh,http://w3id.org/protys/fixture#GridFactor,ELECTRICITY_CONSUMED_IN_PRODUCTION_ONLY,SIMULATED_PRODUCTION_CASE
http://w3id.org/protys/fixture#Load00021_Op7,http://w3id.org/protys/fixture#Load00021,http://w3id.org/protys/fixture#Load00021_Process,http://w3id.org/protys/fixture#Load00021_LCIProcess,0.333333,kWh,http://w3id.org/protys/fixture#GridFactor,ELECTRICITY_CONSUMED_IN_PRODUCTION_ONLY,SIMULATED_PRODUCTION_CASE
http://w3id.org/protys/fixture#Load00022_Op1,http://w3id.org/protys/fixture#Load00022,http://w3id.org/protys/fixture#Load00022_Process,http://w3id.org/protys/fixture#Load00022_LCIProcess,0,kWh,http://w3id.org/protys/fixture#GridFactor,ELECTRICITY_CONSUMED_IN_PRODUCTION_ONLY,SIMULATED_PRODUCTION_CASE
http://w3id.org/protys/fixture#Load00022_Op2,http://w3id.org/protys/fixture#Load00022,http://w3id.org/protys/fixture#Load00022_Process,http://w3id.org/protys/fixture#Load00022_LCIProcess,10,kWh,http://w3id.org/protys/fixture#GridFactor,ELECTRICITY_CONSUMED_IN_PRODUCTION_ONLY,SIMULATED_PRODUCTION_CASE
http://w3id.org/protys/fixture#Load00022_Op3,http://w3id.org/protys/fixture#Load00022,http://w3id.org/protys/fixture#Load00022_Process,http://w3id.org/protys/fixture#Load00022_LCIProcess,75,kWh,http://w3id.org/protys/fixture#GridFactor,ELECTRICITY_CONSUMED_IN_PRODUCTION_ONLY,SIMULATED_PRODUCTION_CASE
http://w3id.org/protys/fixture#Load00022_Op4,http://w3id.org/protys/fixture#Load00022,http://w3id.org/protys/fixture#Load00022_Process,http://w3id.org/protys/fixture#Load00022_LCIProcess,26.666667,kWh,http://w3id.org/protys/fixture#GridFactor,ELECTRICITY_CONSUMED_IN_PRODUCTION_ONLY,SIMULATED_PRODUCTION_CASE
http://w3id.org/protys/fixture#Load00022_Op5,http://w3id.org/protys/fixture#Load00022,http://w3id.org/protys/fixture#Load00022_Process,http://w3id.org/protys/fixture#Load00022_LCIProcess,3.333333,kWh,http://w3id.org/protys/fixture#GridFactor,ELECTRICITY_CONSUMED_IN_PRODUCTION_ONLY,SIMULATED_PRODUCTION_CASE
http://w3id.org/protys/fixture#Load00022_Op6,http://w3id.org/protys/fixture#Load00022,http://w3id.org/protys/fixture#Load00022_Process,http://w3id.org/protys/fixture#Load00022_LCIProcess,0,kWh,http://w3id.org/protys/fixture#GridFactor,ELECTRICITY_CONSUMED_IN_PRODUCTION_ONLY,SIMULATED_PRODUCTION_CASE
http://w3id.org/protys/fixture#Load00022_Op7,http://w3id.org/protys/fixture#Load00022,http://w3id.org/protys/fixture#Load00022_Process,http://w3id.org/protys/fixture#Load00022_LCIProcess,0.333333,kWh,http://w3id.org/protys/fixture#GridFactor,ELECTRICITY_CONSUMED_IN_PRODUCTION_ONLY,SIMULATED_PRODUCTION_CASE
http://w3id.org/protys/fixture#Load00023_Op1,http://w3id.org/protys/fixture#Load00023,http://w3id.org/protys/fixture#Load00023_Process,http://w3id.org/protys/fixture#Load00023_LCIProcess,0,kWh,http://w3id.org/protys/fixture#GridFactor,ELECTRICITY_CONSUMED_IN_PRODUCTION_ONLY,SIMULATED_PRODUCTION_CASE
http://w3id.org/protys/fixture#Load00023_Op2,http://w3id.org/protys/fixture#Load00023,http://w3id.org/protys/fixture#Load00023_Process,http://w3id.org/protys/fixture#Load00023_LCIProcess,10,kWh,http://w3id.org/protys/fixture#GridFactor,ELECTRICITY_CONSUMED_IN_PRODUCTION_ONLY,SIMULATED_PRODUCTION_CASE
http://w3id.org/protys/fixture#Load00023_Op3,http://w3id.org/protys/fixture#Load00023,http://w3id.org/protys/fixture#Load00023_Process,http://w3id.org/protys/fixture#Load00023_LCIProcess,75,kWh,http://w3id.org/protys/fixture#GridFactor,ELECTRICITY_CONSUMED_IN_PRODUCTION_ONLY,SIMULATED_PRODUCTION_CASE
http://w3id.org/protys/fixture#Load00023_Op4,http://w3id.org/protys/fixture#Load00023,http://w3id.org/protys/fixture#Load00023_Process,http://w3id.org/protys/fixture#Load00023_LCIProcess,26.666667,kWh,http://w3id.org/protys/fixture#GridFactor,ELECTRICITY_CONSUMED_IN_PRODUCTION_ONLY,SIMULATED_PRODUCTION_CASE
http://w3id.org/protys/fixture#Load00023_Op5,http://w3id.org/protys/fixture#Load00023,http://w3id.org/protys/fixture#Load00023_Process,http://w3id.org/protys/fixture#Load00023_LCIProcess,3.333333,kWh,http://w3id.org/protys/fixture#GridFactor,ELECTRICITY_CONSUMED_IN_PRODUCTION_ONLY,SIMULATED_PRODUCTION_CASE
http://w3id.org/protys/fixture#Load00023_Op6,http://w3id.org/protys/fixture#Load00023,http://w3id.org/protys/fixture#Load00023_Process,http://w3id.org/protys/fixture#Load00023_LCIProcess,0,kWh,http://w3id.org/protys/fixture#GridFactor,ELECTRICITY_CONSUMED_IN_PRODUCTION_ONLY,SIMULATED_PRODUCTION_CASE
http://w3id.org/protys/fixture#Load00023_Op7,http://w3id.org/protys/fixture#Load00023,http://w3id.org/protys/fixture#Load00023_Process,http://w3id.org/protys/fixture#Load00023_LCIProcess,0.333333,kWh,http://w3id.org/protys/fixture#GridFactor,ELECTRICITY_CONSUMED_IN_PRODUCTION_ONLY,SIMULATED_PRODUCTION_CASE
http://w3id.org/protys/fixture#Load00024_Op1,http://w3id.org/protys/fixture#Load00024,http://w3id.org/protys/fixture#Load00024_Process,http://w3id.org/protys/fixture#Load00024_LCIProcess,0,kWh,http://w3id.org/protys/fixture#GridFactor,ELECTRICITY_CONSUMED_IN_PRODUCTION_ONLY,SIMULATED_PRODUCTION_CASE
http://w3id.org/protys/fixture#Load00024_Op2,http://w3id.org/protys/fixture#Load00024,http://w3id.org/protys/fixture#Load00024_Process,http://w3id.org/protys/fixture#Load00024_LCIProcess,10,kWh,http://w3id.org/protys/fixture#GridFactor,ELECTRICITY_CONSUMED_IN_PRODUCTION_ONLY,SIMULATED_PRODUCTION_CASE
http://w3id.org/protys/fixture#Load00024_Op3,http://w3id.org/protys/fixture#Load00024,http://w3id.org/protys/fixture#Load00024_Process,http://w3id.org/protys/fixture#Load00024_LCIProcess,75,kWh,http://w3id.org/protys/fixture#GridFactor,ELECTRICITY_CONSUMED_IN_PRODUCTION_ONLY,SIMULATED_PRODUCTION_CASE
http://w3id.org/protys/fixture#Load00024_Op4,http://w3id.org/protys/fixture#Load00024,http://w3id.org/protys/fixture#Load00024_Process,http://w3id.org/protys/fixture#Load00024_LCIProcess,26.666667,kWh,http://w3id.org/protys/fixture#GridFactor,ELECTRICITY_CONSUMED_IN_PRODUCTION_ONLY,SIMULATED_PRODUCTION_CASE
http://w3id.org/protys/fixture#Load00024_Op5,http://w3id.org/protys/fixture#Load00024,http://w3id.org/protys/fixture#Load00024_Process,http://w3id.org/protys/fixture#Load00024_LCIProcess,3.333333,kWh,http://w3id.org/protys/fixture#GridFactor,ELECTRICITY_CONSUMED_IN_PRODUCTION_ONLY,SIMULATED_PRODUCTION_CASE
http://w3id.org/protys/fixture#Load00024_Op6,http://w3id.org/protys/fixture#Load00024,http://w3id.org/protys/fixture#Load00024_Process,http://w3id.org/protys/fixture#Load00024_LCIProcess,0,kWh,http://w3id.org/protys/fixture#GridFactor,ELECTRICITY_CONSUMED_IN_PRODUCTION_ONLY,SIMULATED_PRODUCTION_CASE
http://w3id.org/protys/fixture#Load00024_Op7,http://w3id.org/protys/fixture#Load00024,http://w3id.org/protys/fixture#Load00024_Process,http://w3id.org/protys/fixture#Load00024_LCIProcess,0.333333,kWh,http://w3id.org/protys/fixture#GridFactor,ELECTRICITY_CONSUMED_IN_PRODUCTION_ONLY,SIMULATED_PRODUCTION_CASE
http://w3id.org/protys/fixture#Load00025_Op1,http://w3id.org/protys/fixture#Load00025,http://w3id.org/protys/fixture#Load00025_Process,http://w3id.org/protys/fixture#Load00025_LCIProcess,0,kWh,http://w3id.org/protys/fixture#GridFactor,ELECTRICITY_CONSUMED_IN_PRODUCTION_ONLY,SIMULATED_PRODUCTION_CASE
http://w3id.org/protys/fixture#Load00025_Op2,http://w3id.org/protys/fixture#Load00025,http://w3id.org/protys/fixture#Load00025_Process,http://w3id.org/protys/fixture#Load00025_LCIProcess,10,kWh,http://w3id.org/protys/fixture#GridFactor,ELECTRICITY_CONSUMED_IN_PRODUCTION_ONLY,SIMULATED_PRODUCTION_CASE
http://w3id.org/protys/fixture#Load00025_Op3,http://w3id.org/protys/fixture#Load00025,http://w3id.org/protys/fixture#Load00025_Process,http://w3id.org/protys/fixture#Load00025_LCIProcess,75,kWh,http://w3id.org/protys/fixture#GridFactor,ELECTRICITY_CONSUMED_IN_PRODUCTION_ONLY,SIMULATED_PRODUCTION_CASE
http://w3id.org/protys/fixture#Load00025_Op4,http://w3id.org/protys/fixture#Load00025,http://w3id.org/protys/fixture#Load00025_Process,http://w3id.org/protys/fixture#Load00025_LCIProcess,26.666667,kWh,http://w3id.org/protys/fixture#GridFactor,ELECTRICITY_CONSUMED_IN_PRODUCTION_ONLY,SIMULATED_PRODUCTION_CASE
http://w3id.org/protys/fixture#Load00025_Op5,http://w3id.org/protys/fixture#Load00025,http://w3id.org/protys/fixture#Load00025_Process,http://w3id.org/protys/fixture#Load00025_LCIProcess,3.333333,kWh,http://w3id.org/protys/fixture#GridFactor,ELECTRICITY_CONSUMED_IN_PRODUCTION_ONLY,SIMULATED_PRODUCTION_CASE
http://w3id.org/protys/fixture#Load00025_Op6,http://w3id.org/protys/fixture#Load00025,http://w3id.org/protys/fixture#Load00025_Process,http://w3id.org/protys/fixture#Load00025_LCIProcess,0,kWh,http://w3id.org/protys/fixture#GridFactor,ELECTRICITY_CONSUMED_IN_PRODUCTION_ONLY,SIMULATED_PRODUCTION_CASE
http://w3id.org/protys/fixture#Load00025_Op7,http://w3id.org/protys/fixture#Load00025,http://w3id.org/protys/fixture#Load00025_Process,http://w3id.org/protys/fixture#Load00025_LCIProcess,0.333333,kWh,http://w3id.org/protys/fixture#GridFactor,ELECTRICITY_CONSUMED_IN_PRODUCTION_ONLY,SIMULATED_PRODUCTION_CASE
http://w3id.org/protys/fixture#Load00026_Op1,http://w3id.org/protys/fixture#Load00026,http://w3id.org/protys/fixture#Load00026_Process,http://w3id.org/protys/fixture#Load00026_LCIProcess,0,kWh,http://w3id.org/protys/fixture#GridFactor,ELECTRICITY_CONSUMED_IN_PRODUCTION_ONLY,SIMULATED_PRODUCTION_CASE
http://w3id.org/protys/fixture#Load00026_Op2,http://w3id.org/protys/fixture#Load00026,http://w3id.org/protys/fixture#Load00026_Process,http://w3id.org/protys/fixture#Load00026_LCIProcess,10,kWh,http://w3id.org/protys/fixture#GridFactor,ELECTRICITY_CONSUMED_IN_PRODUCTION_ONLY,SIMULATED_PRODUCTION_CASE
http://w3id.org/protys/fixture#Load00026_Op3,http://w3id.org/protys/fixture#Load00026,http://w3id.org/protys/fixture#Load00026_Process,http://w3id.org/protys/fixture#Load00026_LCIProcess,75,kWh,http://w3id.org/protys/fixture#GridFactor,ELECTRICITY_CONSUMED_IN_PRODUCTION_ONLY,SIMULATED_PRODUCTION_CASE
http://w3id.org/protys/fixture#Load00026_Op4,http://w3id.org/protys/fixture#Load00026,http://w3id.org/protys/fixture#Load00026_Process,http://w3id.org/protys/fixture#Load00026_LCIProcess,26.666667,kWh,http://w3id.org/protys/fixture#GridFactor,ELECTRICITY_CONSUMED_IN_PRODUCTION_ONLY,SIMULATED_PRODUCTION_CASE
http://w3id.org/protys/fixture#Load00026_Op5,http://w3id.org/protys/fixture#Load00026,http://w3id.org/protys/fixture#Load00026_Process,http://w3id.org/protys/fixture#Load00026_LCIProcess,3.333333,kWh,http://w3id.org/protys/fixture#GridFactor,ELECTRICITY_CONSUMED_IN_PRODUCTION_ONLY,SIMULATED_PRODUCTION_CASE
http://w3id.org/protys/fixture#Load00026_Op6,http://w3id.org/protys/fixture#Load00026,http://w3id.org/protys/fixture#Load00026_Process,http://w3id.org/protys/fixture#Load00026_LCIProcess,0,kWh,http://w3id.org/protys/fixture#GridFactor,ELECTRICITY_CONSUMED_IN_PRODUCTION_ONLY,SIMULATED_PRODUCTION_CASE
http://w3id.org/protys/fixture#Load00026_Op7,http://w3id.org/protys/fixture#Load00026,http://w3id.org/protys/fixture#Load00026_Process,http://w3id.org/protys/fixture#Load00026_LCIProcess,0.333333,kWh,http://w3id.org/protys/fixture#GridFactor,ELECTRICITY_CONSUMED_IN_PRODUCTION_ONLY,SIMULATED_PRODUCTION_CASE
http://w3id.org/protys/fixture#Load00027_Op1,http://w3id.org/protys/fixture#Load00027,http://w3id.org/protys/fixture#Load00027_Process,http://w3id.org/protys/fixture#Load00027_LCIProcess,0,kWh,http://w3id.org/protys/fixture#GridFactor,ELECTRICITY_CONSUMED_IN_PRODUCTION_ONLY,SIMULATED_PRODUCTION_CASE
http://w3id.org/protys/fixture#Load00027_Op2,http://w3id.org/protys/fixture#Load00027,http://w3id.org/protys/fixture#Load00027_Process,http://w3id.org/protys/fixture#Load00027_LCIProcess,10,kWh,http://w3id.org/protys/fixture#GridFactor,ELECTRICITY_CONSUMED_IN_PRODUCTION_ONLY,SIMULATED_PRODUCTION_CASE
http://w3id.org/protys/fixture#Load00027_Op3,http://w3id.org/protys/fixture#Load00027,http://w3id.org/protys/fixture#Load00027_Process,http://w3id.org/protys/fixture#Load00027_LCIProcess,75,kWh,http://w3id.org/protys/fixture#GridFactor,ELECTRICITY_CONSUMED_IN_PRODUCTION_ONLY,SIMULATED_PRODUCTION_CASE
http://w3id.org/protys/fixture#Load00027_Op4,http://w3id.org/protys/fixture#Load00027,http://w3id.org/protys/fixture#Load00027_Process,http://w3id.org/protys/fixture#Load00027_LCIProcess,26.666667,kWh,http://w3id.org/protys/fixture#GridFactor,ELECTRICITY_CONSUMED_IN_PRODUCTION_ONLY,SIMULATED_PRODUCTION_CASE
http://w3id.org/protys/fixture#Load00027_Op5,http://w3id.org/protys/fixture#Load00027,http://w3id.org/protys/fixture#Load00027_Process,http://w3id.org/protys/fixture#Load00027_LCIProcess,3.333333,kWh,http://w3id.org/protys/fixture#GridFactor,ELECTRICITY_CONSUMED_IN_PRODUCTION_ONLY,SIMULATED_PRODUCTION_CASE
http://w3id.org/protys/fixture#Load00027_Op6,http://w3id.org/protys/fixture#Load00027,http://w3id.org/protys/fixture#Load00027_Process,http://w3id.org/protys/fixture#Load00027_LCIProcess,0,kWh,http://w3id.org/protys/fixture#GridFactor,ELECTRICITY_CONSUMED_IN_PRODUCTION_ONLY,SIMULATED_PRODUCTION_CASE
http://w3id.org/protys/fixture#Load00027_Op7,http://w3id.org/protys/fixture#Load00027,http://w3id.org/protys/fixture#Load00027_Process,http://w3id.org/protys/fixture#Load00027_LCIProcess,0.333333,kWh,http://w3id.org/protys/fixture#GridFactor,ELECTRICITY_CONSUMED_IN_PRODUCTION_ONLY,SIMULATED_PRODUCTION_CASE
http://w3id.org/protys/fixture#Load00028_Op1,http://w3id.org/protys/fixture#Load00028,http://w3id.org/protys/fixture#Load00028_Process,http://w3id.org/protys/fixture#Load00028_LCIProcess,0,kWh,http://w3id.org/protys/fixture#GridFactor,ELECTRICITY_CONSUMED_IN_PRODUCTION_ONLY,SIMULATED_PRODUCTION_CASE
http://w3id.org/protys/fixture#Load00028_Op2,http://w3id.org/protys/fixture#Load00028,http://w3id.org/protys/fixture#Load00028_Process,http://w3id.org/protys/fixture#Load00028_LCIProcess,10,kWh,http://w3id.org/protys/fixture#GridFactor,ELECTRICITY_CONSUMED_IN_PRODUCTION_ONLY,SIMULATED_PRODUCTION_CASE
http://w3id.org/protys/fixture#Load00028_Op3,http://w3id.org/protys/fixture#Load00028,http://w3id.org/protys/fixture#Load00028_Process,http://w3id.org/protys/fixture#Load00028_LCIProcess,75,kWh,http://w3id.org/protys/fixture#GridFactor,ELECTRICITY_CONSUMED_IN_PRODUCTION_ONLY,SIMULATED_PRODUCTION_CASE
http://w3id.org/protys/fixture#Load00028_Op4,http://w3id.org/protys/fixture#Load00028,http://w3id.org/protys/fixture#Load00028_Process,http://w3id.org/protys/fixture#Load00028_LCIProcess,26.666667,kWh,http://w3id.org/protys/fixture#GridFactor,ELECTRICITY_CONSUMED_IN_PRODUCTION_ONLY,SIMULATED_PRODUCTION_CASE
http://w3id.org/protys/fixture#Load00028_Op5,http://w3id.org/protys/fixture#Load00028,http://w3id.org/protys/fixture#Load00028_Process,http://w3id.org/protys/fixture#Load00028_LCIProcess,3.333333,kWh,http://w3id.org/protys/fixture#GridFactor,ELECTRICITY_CONSUMED_IN_PRODUCTION_ONLY,SIMULATED_PRODUCTION_CASE
http://w3id.org/protys/fixture#Load00028_Op6,http://w3id.org/protys/fixture#Load00028,http://w3id.org/protys/fixture#Load00028_Process,http://w3id.org/protys/fixture#Load00028_LCIProcess,0,kWh,http://w3id.org/protys/fixture#GridFactor,ELECTRICITY_CONSUMED_IN_PRODUCTION_ONLY,SIMULATED_PRODUCTION_CASE
http://w3id.org/protys/fixture#Load00028_Op7,http://w3id.org/protys/fixture#Load00028,http://w3id.org/protys/fixture#Load00028_Process,http://w3id.org/protys/fixture#Load00028_LCIProcess,0.333333,kWh,http://w3id.org/protys/fixture#GridFactor,ELECTRICITY_CONSUMED_IN_PRODUCTION_ONLY,SIMULATED_PRODUCTION_CASE
http://w3id.org/protys/fixture#Load00029_Op1,http://w3id.org/protys/fixture#Load00029,http://w3id.org/protys/fixture#Load00029_Process,http://w3id.org/protys/fixture#Load00029_LCIProcess,0,kWh,http://w3id.org/protys/fixture#GridFactor,ELECTRICITY_CONSUMED_IN_PRODUCTION_ONLY,SIMULATED_PRODUCTION_CASE
http://w3id.org/protys/fixture#Load00029_Op2,http://w3id.org/protys/fixture#Load00029,http://w3id.org/protys/fixture#Load00029_Process,http://w3id.org/protys/fixture#Load00029_LCIProcess,10,kWh,http://w3id.org/protys/fixture#GridFactor,ELECTRICITY_CONSUMED_IN_PRODUCTION_ONLY,SIMULATED_PRODUCTION_CASE
http://w3id.org/protys/fixture#Load00029_Op3,http://w3id.org/protys/fixture#Load00029,http://w3id.org/protys/fixture#Load00029_Process,http://w3id.org/protys/fixture#Load00029_LCIProcess,75,kWh,http://w3id.org/protys/fixture#GridFactor,ELECTRICITY_CONSUMED_IN_PRODUCTION_ONLY,SIMULATED_PRODUCTION_CASE
http://w3id.org/protys/fixture#Load00029_Op4,http://w3id.org/protys/fixture#Load00029,http://w3id.org/protys/fixture#Load00029_Process,http://w3id.org/protys/fixture#Load00029_LCIProcess,26.666667,kWh,http://w3id.org/protys/fixture#GridFactor,ELECTRICITY_CONSUMED_IN_PRODUCTION_ONLY,SIMULATED_PRODUCTION_CASE
http://w3id.org/protys/fixture#Load00029_Op5,http://w3id.org/protys/fixture#Load00029,http://w3id.org/protys/fixture#Load00029_Process,http://w3id.org/protys/fixture#Load00029_LCIProcess,3.333333,kWh,http://w3id.org/protys/fixture#GridFactor,ELECTRICITY_CONSUMED_IN_PRODUCTION_ONLY,SIMULATED_PRODUCTION_CASE
http://w3id.org/protys/fixture#Load00029_Op6,http://w3id.org/protys/fixture#Load00029,http://w3id.org/protys/fixture#Load00029_Process,http://w3id.org/protys/fixture#Load00029_LCIProcess,0,kWh,http://w3id.org/protys/fixture#GridFactor,ELECTRICITY_CONSUMED_IN_PRODUCTION_ONLY,SIMULATED_PRODUCTION_CASE
http://w3id.org/protys/fixture#Load00029_Op7,http://w3id.org/protys/fixture#Load00029,http://w3id.org/protys/fixture#Load00029_Process,http://w3id.org/protys/fixture#Load00029_LCIProcess,0.333333,kWh,http://w3id.org/protys/fixture#GridFactor,ELECTRICITY_CONSUMED_IN_PRODUCTION_ONLY,SIMULATED_PRODUCTION_CASE
http://w3id.org/protys/fixture#Load00030_Op1,http://w3id.org/protys/fixture#Load00030,http://w3id.org/protys/fixture#Load00030_Process,http://w3id.org/protys/fixture#Load00030_LCIProcess,0,kWh,http://w3id.org/protys/fixture#GridFactor,ELECTRICITY_CONSUMED_IN_PRODUCTION_ONLY,SIMULATED_PRODUCTION_CASE
http://w3id.org/protys/fixture#Load00030_Op2,http://w3id.org/protys/fixture#Load00030,http://w3id.org/protys/fixture#Load00030_Process,http://w3id.org/protys/fixture#Load00030_LCIProcess,10,kWh,http://w3id.org/protys/fixture#GridFactor,ELECTRICITY_CONSUMED_IN_PRODUCTION_ONLY,SIMULATED_PRODUCTION_CASE
http://w3id.org/protys/fixture#Load00030_Op3,http://w3id.org/protys/fixture#Load00030,http://w3id.org/protys/fixture#Load00030_Process,http://w3id.org/protys/fixture#Load00030_LCIProcess,75,kWh,http://w3id.org/protys/fixture#GridFactor,ELECTRICITY_CONSUMED_IN_PRODUCTION_ONLY,SIMULATED_PRODUCTION_CASE
http://w3id.org/protys/fixture#Load00030_Op4,http://w3id.org/protys/fixture#Load00030,http://w3id.org/protys/fixture#Load00030_Process,http://w3id.org/protys/fixture#Load00030_LCIProcess,26.666667,kWh,http://w3id.org/protys/fixture#GridFactor,ELECTRICITY_CONSUMED_IN_PRODUCTION_ONLY,SIMULATED_PRODUCTION_CASE
http://w3id.org/protys/fixture#Load00030_Op5,http://w3id.org/protys/fixture#Load00030,http://w3id.org/protys/fixture#Load00030_Process,http://w3id.org/protys/fixture#Load00030_LCIProcess,3.333333,kWh,http://w3id.org/protys/fixture#GridFactor,ELECTRICITY_CONSUMED_IN_PRODUCTION_ONLY,SIMULATED_PRODUCTION_CASE
http://w3id.org/protys/fixture#Load00030_Op6,http://w3id.org/protys/fixture#Load00030,http://w3id.org/protys/fixture#Load00030_Process,http://w3id.org/protys/fixture#Load00030_LCIProcess,0,kWh,http://w3id.org/protys/fixture#GridFactor,ELECTRICITY_CONSUMED_IN_PRODUCTION_ONLY,SIMULATED_PRODUCTION_CASE
http://w3id.org/protys/fixture#Load00030_Op7,http://w3id.org/protys/fixture#Load00030,http://w3id.org/protys/fixture#Load00030_Process,http://w3id.org/protys/fixture#Load00030_LCIProcess,0.333333,kWh,http://w3id.org/protys/fixture#GridFactor,ELECTRICITY_CONSUMED_IN_PRODUCTION_ONLY,SIMULATED_PRODUCTION_CASE
http://w3id.org/protys/fixture#Load00031_Op1,http://w3id.org/protys/fixture#Load00031,http://w3id.org/protys/fixture#Load00031_Process,http://w3id.org/protys/fixture#Load00031_LCIProcess,0,kWh,http://w3id.org/protys/fixture#GridFactor,ELECTRICITY_CONSUMED_IN_PRODUCTION_ONLY,SIMULATED_PRODUCTION_CASE
http://w3id.org/protys/fixture#Load00031_Op2,http://w3id.org/protys/fixture#Load00031,http://w3id.org/protys/fixture#Load00031_Process,http://w3id.org/protys/fixture#Load00031_LCIProcess,10,kWh,http://w3id.org/protys/fixture#GridFactor,ELECTRICITY_CONSUMED_IN_PRODUCTION_ONLY,SIMULATED_PRODUCTION_CASE
http://w3id.org/protys/fixture#Load00031_Op3,http://w3id.org/protys/fixture#Load00031,http://w3id.org/protys/fixture#Load00031_Process,http://w3id.org/protys/fixture#Load00031_LCIProcess,75,kWh,http://w3id.org/protys/fixture#GridFactor,ELECTRICITY_CONSUMED_IN_PRODUCTION_ONLY,SIMULATED_PRODUCTION_CASE
http://w3id.org/protys/fixture#Load00031_Op4,http://w3id.org/protys/fixture#Load00031,http://w3id.org/protys/fixture#Load00031_Process,http://w3id.org/protys/fixture#Load00031_LCIProcess,26.666667,kWh,http://w3id.org/protys/fixture#GridFactor,ELECTRICITY_CONSUMED_IN_PRODUCTION_ONLY,SIMULATED_PRODUCTION_CASE
http://w3id.org/protys/fixture#Load00031_Op5,http://w3id.org/protys/fixture#Load00031,http://w3id.org/protys/fixture#Load00031_Process,http://w3id.org/protys/fixture#Load00031_LCIProcess,3.333333,kWh,http://w3id.org/protys/fixture#GridFactor,ELECTRICITY_CONSUMED_IN_PRODUCTION_ONLY,SIMULATED_PRODUCTION_CASE
http://w3id.org/protys/fixture#Load00031_Op6,http://w3id.org/protys/fixture#Load00031,http://w3id.org/protys/fixture#Load00031_Process,http://w3id.org/protys/fixture#Load00031_LCIProcess,0,kWh,http://w3id.org/protys/fixture#GridFactor,ELECTRICITY_CONSUMED_IN_PRODUCTION_ONLY,SIMULATED_PRODUCTION_CASE
http://w3id.org/protys/fixture#Load00031_Op7,http://w3id.org/protys/fixture#Load00031,http://w3id.org/protys/fixture#Load00031_Process,http://w3id.org/protys/fixture#Load00031_LCIProcess,0.333333,kWh,http://w3id.org/protys/fixture#GridFactor,ELECTRICITY_CONSUMED_IN_PRODUCTION_ONLY,SIMULATED_PRODUCTION_CASE
http://w3id.org/protys/fixture#Load00032_Op1,http://w3id.org/protys/fixture#Load00032,http://w3id.org/protys/fixture#Load00032_Process,http://w3id.org/protys/fixture#Load00032_LCIProcess,0,kWh,http://w3id.org/protys/fixture#GridFactor,ELECTRICITY_CONSUMED_IN_PRODUCTION_ONLY,SIMULATED_PRODUCTION_CASE
http://w3id.org/protys/fixture#Load00032_Op2,http://w3id.org/protys/fixture#Load00032,http://w3id.org/protys/fixture#Load00032_Process,http://w3id.org/protys/fixture#Load00032_LCIProcess,10,kWh,http://w3id.org/protys/fixture#GridFactor,ELECTRICITY_CONSUMED_IN_PRODUCTION_ONLY,SIMULATED_PRODUCTION_CASE
http://w3id.org/protys/fixture#Load00032_Op3,http://w3id.org/protys/fixture#Load00032,http://w3id.org/protys/fixture#Load00032_Process,http://w3id.org/protys/fixture#Load00032_LCIProcess,75,kWh,http://w3id.org/protys/fixture#GridFactor,ELECTRICITY_CONSUMED_IN_PRODUCTION_ONLY,SIMULATED_PRODUCTION_CASE
http://w3id.org/protys/fixture#Load00032_Op4,http://w3id.org/protys/fixture#Load00032,http://w3id.org/protys/fixture#Load00032_Process,http://w3id.org/protys/fixture#Load00032_LCIProcess,26.666667,kWh,http://w3id.org/protys/fixture#GridFactor,ELECTRICITY_CONSUMED_IN_PRODUCTION_ONLY,SIMULATED_PRODUCTION_CASE
http://w3id.org/protys/fixture#Load00032_Op5,http://w3id.org/protys/fixture#Load00032,http://w3id.org/protys/fixture#Load00032_Process,http://w3id.org/protys/fixture#Load00032_LCIProcess,3.333333,kWh,http://w3id.org/protys/fixture#GridFactor,ELECTRICITY_CONSUMED_IN_PRODUCTION_ONLY,SIMULATED_PRODUCTION_CASE
http://w3id.org/protys/fixture#Load00032_Op6,http://w3id.org/protys/fixture#Load00032,http://w3id.org/protys/fixture#Load00032_Process,http://w3id.org/protys/fixture#Load00032_LCIProcess,0,kWh,http://w3id.org/protys/fixture#GridFactor,ELECTRICITY_CONSUMED_IN_PRODUCTION_ONLY,SIMULATED_PRODUCTION_CASE
http://w3id.org/protys/fixture#Load00032_Op7,http://w3id.org/protys/fixture#Load00032,http://w3id.org/protys/fixture#Load00032_Process,http://w3id.org/protys/fixture#Load00032_LCIProcess,0.333333,kWh,http://w3id.org/protys/fixture#GridFactor,ELECTRICITY_CONSUMED_IN_PRODUCTION_ONLY,SIMULATED_PRODUCTION_CASE
http://w3id.org/protys/fixture#Load00033_Op1,http://w3id.org/protys/fixture#Load00033,http://w3id.org/protys/fixture#Load00033_Process,http://w3id.org/protys/fixture#Load00033_LCIProcess,0,kWh,http://w3id.org/protys/fixture#GridFactor,ELECTRICITY_CONSUMED_IN_PRODUCTION_ONLY,SIMULATED_PRODUCTION_CASE
http://w3id.org/protys/fixture#Load00033_Op2,http://w3id.org/protys/fixture#Load00033,http://w3id.org/protys/fixture#Load00033_Process,http://w3id.org/protys/fixture#Load00033_LCIProcess,10,kWh,http://w3id.org/protys/fixture#GridFactor,ELECTRICITY_CONSUMED_IN_PRODUCTION_ONLY,SIMULATED_PRODUCTION_CASE
http://w3id.org/protys/fixture#Load00033_Op3,http://w3id.org/protys/fixture#Load00033,http://w3id.org/protys/fixture#Load00033_Process,http://w3id.org/protys/fixture#Load00033_LCIProcess,75,kWh,http://w3id.org/protys/fixture#GridFactor,ELECTRICITY_CONSUMED_IN_PRODUCTION_ONLY,SIMULATED_PRODUCTION_CASE
http://w3id.org/protys/fixture#Load00033_Op4,http://w3id.org/protys/fixture#Load00033,http://w3id.org/protys/fixture#Load00033_Process,http://w3id.org/protys/fixture#Load00033_LCIProcess,26.666667,kWh,http://w3id.org/protys/fixture#GridFactor,ELECTRICITY_CONSUMED_IN_PRODUCTION_ONLY,SIMULATED_PRODUCTION_CASE
http://w3id.org/protys/fixture#Load00033_Op5,http://w3id.org/protys/fixture#Load00033,http://w3id.org/protys/fixture#Load00033_Process,http://w3id.org/protys/fixture#Load00033_LCIProcess,3.333333,kWh,http://w3id.org/protys/fixture#GridFactor,ELECTRICITY_CONSUMED_IN_PRODUCTION_ONLY,SIMULATED_PRODUCTION_CASE
http://w3id.org/protys/fixture#Load00033_Op6,http://w3id.org/protys/fixture#Load00033,http://w3id.org/protys/fixture#Load00033_Process,http://w3id.org/protys/fixture#Load00033_LCIProcess,0,kWh,http://w3id.org/protys/fixture#GridFactor,ELECTRICITY_CONSUMED_IN_PRODUCTION_ONLY,SIMULATED_PRODUCTION_CASE
http://w3id.org/protys/fixture#Load00033_Op7,http://w3id.org/protys/fixture#Load00033,http://w3id.org/protys/fixture#Load00033_Process,http://w3id.org/protys/fixture#Load00033_LCIProcess,0.333333,kWh,http://w3id.org/protys/fixture#GridFactor,ELECTRICITY_CONSUMED_IN_PRODUCTION_ONLY,SIMULATED_PRODUCTION_CASE
http://w3id.org/protys/fixture#Load00034_Op1,http://w3id.org/protys/fixture#Load00034,http://w3id.org/protys/fixture#Load00034_Process,http://w3id.org/protys/fixture#Load00034_LCIProcess,0,kWh,http://w3id.org/protys/fixture#GridFactor,ELECTRICITY_CONSUMED_IN_PRODUCTION_ONLY,SIMULATED_PRODUCTION_CASE
http://w3id.org/protys/fixture#Load00034_Op2,http://w3id.org/protys/fixture#Load00034,http://w3id.org/protys/fixture#Load00034_Process,http://w3id.org/protys/fixture#Load00034_LCIProcess,10,kWh,http://w3id.org/protys/fixture#GridFactor,ELECTRICITY_CONSUMED_IN_PRODUCTION_ONLY,SIMULATED_PRODUCTION_CASE
http://w3id.org/protys/fixture#Load00034_Op3,http://w3id.org/protys/fixture#Load00034,http://w3id.org/protys/fixture#Load00034_Process,http://w3id.org/protys/fixture#Load00034_LCIProcess,75,kWh,http://w3id.org/protys/fixture#GridFactor,ELECTRICITY_CONSUMED_IN_PRODUCTION_ONLY,SIMULATED_PRODUCTION_CASE
http://w3id.org/protys/fixture#Load00034_Op4,http://w3id.org/protys/fixture#Load00034,http://w3id.org/protys/fixture#Load00034_Process,http://w3id.org/protys/fixture#Load00034_LCIProcess,26.666667,kWh,http://w3id.org/protys/fixture#GridFactor,ELECTRICITY_CONSUMED_IN_PRODUCTION_ONLY,SIMULATED_PRODUCTION_CASE
http://w3id.org/protys/fixture#Load00034_Op5,http://w3id.org/protys/fixture#Load00034,http://w3id.org/protys/fixture#Load00034_Process,http://w3id.org/protys/fixture#Load00034_LCIProcess,3.333333,kWh,http://w3id.org/protys/fixture#GridFactor,ELECTRICITY_CONSUMED_IN_PRODUCTION_ONLY,SIMULATED_PRODUCTION_CASE
http://w3id.org/protys/fixture#Load00034_Op6,http://w3id.org/protys/fixture#Load00034,http://w3id.org/protys/fixture#Load00034_Process,http://w3id.org/protys/fixture#Load00034_LCIProcess,0,kWh,http://w3id.org/protys/fixture#GridFactor,ELECTRICITY_CONSUMED_IN_PRODUCTION_ONLY,SIMULATED_PRODUCTION_CASE
http://w3id.org/protys/fixture#Load00034_Op7,http://w3id.org/protys/fixture#Load00034,http://w3id.org/protys/fixture#Load00034_Process,http://w3id.org/protys/fixture#Load00034_LCIProcess,0.333333,kWh,http://w3id.org/protys/fixture#GridFactor,ELECTRICITY_CONSUMED_IN_PRODUCTION_ONLY,SIMULATED_PRODUCTION_CASE
http://w3id.org/protys/fixture#Load00035_Op1,http://w3id.org/protys/fixture#Load00035,http://w3id.org/protys/fixture#Load00035_Process,http://w3id.org/protys/fixture#Load00035_LCIProcess,0,kWh,http://w3id.org/protys/fixture#GridFactor,ELECTRICITY_CONSUMED_IN_PRODUCTION_ONLY,SIMULATED_PRODUCTION_CASE
http://w3id.org/protys/fixture#Load00035_Op2,http://w3id.org/protys/fixture#Load00035,http://w3id.org/protys/fixture#Load00035_Process,http://w3id.org/protys/fixture#Load00035_LCIProcess,10,kWh,http://w3id.org/protys/fixture#GridFactor,ELECTRICITY_CONSUMED_IN_PRODUCTION_ONLY,SIMULATED_PRODUCTION_CASE
http://w3id.org/protys/fixture#Load00035_Op3,http://w3id.org/protys/fixture#Load00035,http://w3id.org/protys/fixture#Load00035_Process,http://w3id.org/protys/fixture#Load00035_LCIProcess,75,kWh,http://w3id.org/protys/fixture#GridFactor,ELECTRICITY_CONSUMED_IN_PRODUCTION_ONLY,SIMULATED_PRODUCTION_CASE
http://w3id.org/protys/fixture#Load00035_Op4,http://w3id.org/protys/fixture#Load00035,http://w3id.org/protys/fixture#Load00035_Process,http://w3id.org/protys/fixture#Load00035_LCIProcess,26.666667,kWh,http://w3id.org/protys/fixture#GridFactor,ELECTRICITY_CONSUMED_IN_PRODUCTION_ONLY,SIMULATED_PRODUCTION_CASE
http://w3id.org/protys/fixture#Load00035_Op5,http://w3id.org/protys/fixture#Load00035,http://w3id.org/protys/fixture#Load00035_Process,http://w3id.org/protys/fixture#Load00035_LCIProcess,3.333333,kWh,http://w3id.org/protys/fixture#GridFactor,ELECTRICITY_CONSUMED_IN_PRODUCTION_ONLY,SIMULATED_PRODUCTION_CASE
http://w3id.org/protys/fixture#Load00035_Op6,http://w3id.org/protys/fixture#Load00035,http://w3id.org/protys/fixture#Load00035_Process,http://w3id.org/protys/fixture#Load00035_LCIProcess,0,kWh,http://w3id.org/protys/fixture#GridFactor,ELECTRICITY_CONSUMED_IN_PRODUCTION_ONLY,SIMULATED_PRODUCTION_CASE
http://w3id.org/protys/fixture#Load00035_Op7,http://w3id.org/protys/fixture#Load00035,http://w3id.org/protys/fixture#Load00035_Process,http://w3id.org/protys/fixture#Load00035_LCIProcess,0.333333,kWh,http://w3id.org/protys/fixture#GridFactor,ELECTRICITY_CONSUMED_IN_PRODUCTION_ONLY,SIMULATED_PRODUCTION_CASE
http://w3id.org/protys/fixture#Load00036_Op1,http://w3id.org/protys/fixture#Load00036,http://w3id.org/protys/fixture#Load00036_Process,http://w3id.org/protys/fixture#Load00036_LCIProcess,0,kWh,http://w3id.org/protys/fixture#GridFactor,ELECTRICITY_CONSUMED_IN_PRODUCTION_ONLY,SIMULATED_PRODUCTION_CASE
http://w3id.org/protys/fixture#Load00036_Op2,http://w3id.org/protys/fixture#Load00036,http://w3id.org/protys/fixture#Load00036_Process,http://w3id.org/protys/fixture#Load00036_LCIProcess,10,kWh,http://w3id.org/protys/fixture#GridFactor,ELECTRICITY_CONSUMED_IN_PRODUCTION_ONLY,SIMULATED_PRODUCTION_CASE
http://w3id.org/protys/fixture#Load00036_Op3,http://w3id.org/protys/fixture#Load00036,http://w3id.org/protys/fixture#Load00036_Process,http://w3id.org/protys/fixture#Load00036_LCIProcess,75,kWh,http://w3id.org/protys/fixture#GridFactor,ELECTRICITY_CONSUMED_IN_PRODUCTION_ONLY,SIMULATED_PRODUCTION_CASE
http://w3id.org/protys/fixture#Load00036_Op4,http://w3id.org/protys/fixture#Load00036,http://w3id.org/protys/fixture#Load00036_Process,http://w3id.org/protys/fixture#Load00036_LCIProcess,26.666667,kWh,http://w3id.org/protys/fixture#GridFactor,ELECTRICITY_CONSUMED_IN_PRODUCTION_ONLY,SIMULATED_PRODUCTION_CASE
http://w3id.org/protys/fixture#Load00036_Op5,http://w3id.org/protys/fixture#Load00036,http://w3id.org/protys/fixture#Load00036_Process,http://w3id.org/protys/fixture#Load00036_LCIProcess,3.333333,kWh,http://w3id.org/protys/fixture#GridFactor,ELECTRICITY_CONSUMED_IN_PRODUCTION_ONLY,SIMULATED_PRODUCTION_CASE
http://w3id.org/protys/fixture#Load00036_Op6,http://w3id.org/protys/fixture#Load00036,http://w3id.org/protys/fixture#Load00036_Process,http://w3id.org/protys/fixture#Load00036_LCIProcess,0,kWh,http://w3id.org/protys/fixture#GridFactor,ELECTRICITY_CONSUMED_IN_PRODUCTION_ONLY,SIMULATED_PRODUCTION_CASE
http://w3id.org/protys/fixture#Load00036_Op7,http://w3id.org/protys/fixture#Load00036,http://w3id.org/protys/fixture#Load00036_Process,http://w3id.org/protys/fixture#Load00036_LCIProcess,0.333333,kWh,http://w3id.org/protys/fixture#GridFactor,ELECTRICITY_CONSUMED_IN_PRODUCTION_ONLY,SIMULATED_PRODUCTION_CASE
http://w3id.org/protys/fixture#Load00037_Op1,http://w3id.org/protys/fixture#Load00037,http://w3id.org/protys/fixture#Load00037_Process,http://w3id.org/protys/fixture#Load00037_LCIProcess,0,kWh,http://w3id.org/protys/fixture#GridFactor,ELECTRICITY_CONSUMED_IN_PRODUCTION_ONLY,SIMULATED_PRODUCTION_CASE
http://w3id.org/protys/fixture#Load00037_Op2,http://w3id.org/protys/fixture#Load00037,http://w3id.org/protys/fixture#Load00037_Process,http://w3id.org/protys/fixture#Load00037_LCIProcess,10,kWh,http://w3id.org/protys/fixture#GridFactor,ELECTRICITY_CONSUMED_IN_PRODUCTION_ONLY,SIMULATED_PRODUCTION_CASE
http://w3id.org/protys/fixture#Load00037_Op3,http://w3id.org/protys/fixture#Load00037,http://w3id.org/protys/fixture#Load00037_Process,http://w3id.org/protys/fixture#Load00037_LCIProcess,75,kWh,http://w3id.org/protys/fixture#GridFactor,ELECTRICITY_CONSUMED_IN_PRODUCTION_ONLY,SIMULATED_PRODUCTION_CASE
http://w3id.org/protys/fixture#Load00037_Op4,http://w3id.org/protys/fixture#Load00037,http://w3id.org/protys/fixture#Load00037_Process,http://w3id.org/protys/fixture#Load00037_LCIProcess,26.666667,kWh,http://w3id.org/protys/fixture#GridFactor,ELECTRICITY_CONSUMED_IN_PRODUCTION_ONLY,SIMULATED_PRODUCTION_CASE
http://w3id.org/protys/fixture#Load00037_Op5,http://w3id.org/protys/fixture#Load00037,http://w3id.org/protys/fixture#Load00037_Process,http://w3id.org/protys/fixture#Load00037_LCIProcess,3.333333,kWh,http://w3id.org/protys/fixture#GridFactor,ELECTRICITY_CONSUMED_IN_PRODUCTION_ONLY,SIMULATED_PRODUCTION_CASE
http://w3id.org/protys/fixture#Load00037_Op6,http://w3id.org/protys/fixture#Load00037,http://w3id.org/protys/fixture#Load00037_Process,http://w3id.org/protys/fixture#Load00037_LCIProcess,0,kWh,http://w3id.org/protys/fixture#GridFactor,ELECTRICITY_CONSUMED_IN_PRODUCTION_ONLY,SIMULATED_PRODUCTION_CASE
http://w3id.org/protys/fixture#Load00037_Op7,http://w3id.org/protys/fixture#Load00037,http://w3id.org/protys/fixture#Load00037_Process,http://w3id.org/protys/fixture#Load00037_LCIProcess,0.333333,kWh,http://w3id.org/protys/fixture#GridFactor,ELECTRICITY_CONSUMED_IN_PRODUCTION_ONLY,SIMULATED_PRODUCTION_CASE
http://w3id.org/protys/fixture#Load00038_Op1,http://w3id.org/protys/fixture#Load00038,http://w3id.org/protys/fixture#Load00038_Process,http://w3id.org/protys/fixture#Load00038_LCIProcess,0,kWh,http://w3id.org/protys/fixture#GridFactor,ELECTRICITY_CONSUMED_IN_PRODUCTION_ONLY,SIMULATED_PRODUCTION_CASE
http://w3id.org/protys/fixture#Load00038_Op2,http://w3id.org/protys/fixture#Load00038,http://w3id.org/protys/fixture#Load00038_Process,http://w3id.org/protys/fixture#Load00038_LCIProcess,10,kWh,http://w3id.org/protys/fixture#GridFactor,ELECTRICITY_CONSUMED_IN_PRODUCTION_ONLY,SIMULATED_PRODUCTION_CASE
http://w3id.org/protys/fixture#Load00038_Op3,http://w3id.org/protys/fixture#Load00038,http://w3id.org/protys/fixture#Load00038_Process,http://w3id.org/protys/fixture#Load00038_LCIProcess,75,kWh,http://w3id.org/protys/fixture#GridFactor,ELECTRICITY_CONSUMED_IN_PRODUCTION_ONLY,SIMULATED_PRODUCTION_CASE
http://w3id.org/protys/fixture#Load00038_Op4,http://w3id.org/protys/fixture#Load00038,http://w3id.org/protys/fixture#Load00038_Process,http://w3id.org/protys/fixture#Load00038_LCIProcess,26.666667,kWh,http://w3id.org/protys/fixture#GridFactor,ELECTRICITY_CONSUMED_IN_PRODUCTION_ONLY,SIMULATED_PRODUCTION_CASE
http://w3id.org/protys/fixture#Load00038_Op5,http://w3id.org/protys/fixture#Load00038,http://w3id.org/protys/fixture#Load00038_Process,http://w3id.org/protys/fixture#Load00038_LCIProcess,3.333333,kWh,http://w3id.org/protys/fixture#GridFactor,ELECTRICITY_CONSUMED_IN_PRODUCTION_ONLY,SIMULATED_PRODUCTION_CASE
http://w3id.org/protys/fixture#Load00038_Op6,http://w3id.org/protys/fixture#Load00038,http://w3id.org/protys/fixture#Load00038_Process,http://w3id.org/protys/fixture#Load00038_LCIProcess,0,kWh,http://w3id.org/protys/fixture#GridFactor,ELECTRICITY_CONSUMED_IN_PRODUCTION_ONLY,SIMULATED_PRODUCTION_CASE
http://w3id.org/protys/fixture#Load00038_Op7,http://w3id.org/protys/fixture#Load00038,http://w3id.org/protys/fixture#Load00038_Process,http://w3id.org/protys/fixture#Load00038_LCIProcess,0.333333,kWh,http://w3id.org/protys/fixture#GridFactor,ELECTRICITY_CONSUMED_IN_PRODUCTION_ONLY,SIMULATED_PRODUCTION_CASE
http://w3id.org/protys/fixture#Load00039_Op1,http://w3id.org/protys/fixture#Load00039,http://w3id.org/protys/fixture#Load00039_Process,http://w3id.org/protys/fixture#Load00039_LCIProcess,0,kWh,http://w3id.org/protys/fixture#GridFactor,ELECTRICITY_CONSUMED_IN_PRODUCTION_ONLY,SIMULATED_PRODUCTION_CASE
http://w3id.org/protys/fixture#Load00039_Op2,http://w3id.org/protys/fixture#Load00039,http://w3id.org/protys/fixture#Load00039_Process,http://w3id.org/protys/fixture#Load00039_LCIProcess,10,kWh,http://w3id.org/protys/fixture#GridFactor,ELECTRICITY_CONSUMED_IN_PRODUCTION_ONLY,SIMULATED_PRODUCTION_CASE
http://w3id.org/protys/fixture#Load00039_Op3,http://w3id.org/protys/fixture#Load00039,http://w3id.org/protys/fixture#Load00039_Process,http://w3id.org/protys/fixture#Load00039_LCIProcess,75,kWh,http://w3id.org/protys/fixture#GridFactor,ELECTRICITY_CONSUMED_IN_PRODUCTION_ONLY,SIMULATED_PRODUCTION_CASE
http://w3id.org/protys/fixture#Load00039_Op4,http://w3id.org/protys/fixture#Load00039,http://w3id.org/protys/fixture#Load00039_Process,http://w3id.org/protys/fixture#Load00039_LCIProcess,26.666667,kWh,http://w3id.org/protys/fixture#GridFactor,ELECTRICITY_CONSUMED_IN_PRODUCTION_ONLY,SIMULATED_PRODUCTION_CASE
http://w3id.org/protys/fixture#Load00039_Op5,http://w3id.org/protys/fixture#Load00039,http://w3id.org/protys/fixture#Load00039_Process,http://w3id.org/protys/fixture#Load00039_LCIProcess,3.333333,kWh,http://w3id.org/protys/fixture#GridFactor,ELECTRICITY_CONSUMED_IN_PRODUCTION_ONLY,SIMULATED_PRODUCTION_CASE
http://w3id.org/protys/fixture#Load00039_Op6,http://w3id.org/protys/fixture#Load00039,http://w3id.org/protys/fixture#Load00039_Process,http://w3id.org/protys/fixture#Load00039_LCIProcess,0,kWh,http://w3id.org/protys/fixture#GridFactor,ELECTRICITY_CONSUMED_IN_PRODUCTION_ONLY,SIMULATED_PRODUCTION_CASE
http://w3id.org/protys/fixture#Load00039_Op7,http://w3id.org/protys/fixture#Load00039,http://w3id.org/protys/fixture#Load00039_Process,http://w3id.org/protys/fixture#Load00039_LCIProcess,0.333333,kWh,http://w3id.org/protys/fixture#GridFactor,ELECTRICITY_CONSUMED_IN_PRODUCTION_ONLY,SIMULATED_PRODUCTION_CASE
http://w3id.org/protys/fixture#Load00040_Op1,http://w3id.org/protys/fixture#Load00040,http://w3id.org/protys/fixture#Load00040_Process,http://w3id.org/protys/fixture#Load00040_LCIProcess,0,kWh,http://w3id.org/protys/fixture#GridFactor,ELECTRICITY_CONSUMED_IN_PRODUCTION_ONLY,SIMULATED_PRODUCTION_CASE
http://w3id.org/protys/fixture#Load00040_Op2,http://w3id.org/protys/fixture#Load00040,http://w3id.org/protys/fixture#Load00040_Process,http://w3id.org/protys/fixture#Load00040_LCIProcess,10,kWh,http://w3id.org/protys/fixture#GridFactor,ELECTRICITY_CONSUMED_IN_PRODUCTION_ONLY,SIMULATED_PRODUCTION_CASE
http://w3id.org/protys/fixture#Load00040_Op3,http://w3id.org/protys/fixture#Load00040,http://w3id.org/protys/fixture#Load00040_Process,http://w3id.org/protys/fixture#Load00040_LCIProcess,75,kWh,http://w3id.org/protys/fixture#GridFactor,ELECTRICITY_CONSUMED_IN_PRODUCTION_ONLY,SIMULATED_PRODUCTION_CASE
http://w3id.org/protys/fixture#Load00040_Op4,http://w3id.org/protys/fixture#Load00040,http://w3id.org/protys/fixture#Load00040_Process,http://w3id.org/protys/fixture#Load00040_LCIProcess,26.666667,kWh,http://w3id.org/protys/fixture#GridFactor,ELECTRICITY_CONSUMED_IN_PRODUCTION_ONLY,SIMULATED_PRODUCTION_CASE
http://w3id.org/protys/fixture#Load00040_Op5,http://w3id.org/protys/fixture#Load00040,http://w3id.org/protys/fixture#Load00040_Process,http://w3id.org/protys/fixture#Load00040_LCIProcess,3.333333,kWh,http://w3id.org/protys/fixture#GridFactor,ELECTRICITY_CONSUMED_IN_PRODUCTION_ONLY,SIMULATED_PRODUCTION_CASE
http://w3id.org/protys/fixture#Load00040_Op6,http://w3id.org/protys/fixture#Load00040,http://w3id.org/protys/fixture#Load00040_Process,http://w3id.org/protys/fixture#Load00040_LCIProcess,0,kWh,http://w3id.org/protys/fixture#GridFactor,ELECTRICITY_CONSUMED_IN_PRODUCTION_ONLY,SIMULATED_PRODUCTION_CASE
http://w3id.org/protys/fixture#Load00040_Op7,http://w3id.org/protys/fixture#Load00040,http://w3id.org/protys/fixture#Load00040_Process,http://w3id.org/protys/fixture#Load00040_LCIProcess,0.333333,kWh,http://w3id.org/protys/fixture#GridFactor,ELECTRICITY_CONSUMED_IN_PRODUCTION_ONLY,SIMULATED_PRODUCTION_CASE
http://w3id.org/protys/fixture#Load00041_Op1,http://w3id.org/protys/fixture#Load00041,http://w3id.org/protys/fixture#Load00041_Process,http://w3id.org/protys/fixture#Load00041_LCIProcess,0,kWh,http://w3id.org/protys/fixture#GridFactor,ELECTRICITY_CONSUMED_IN_PRODUCTION_ONLY,SIMULATED_PRODUCTION_CASE
http://w3id.org/protys/fixture#Load00041_Op2,http://w3id.org/protys/fixture#Load00041,http://w3id.org/protys/fixture#Load00041_Process,http://w3id.org/protys/fixture#Load00041_LCIProcess,10,kWh,http://w3id.org/protys/fixture#GridFactor,ELECTRICITY_CONSUMED_IN_PRODUCTION_ONLY,SIMULATED_PRODUCTION_CASE
http://w3id.org/protys/fixture#Load00041_Op3,http://w3id.org/protys/fixture#Load00041,http://w3id.org/protys/fixture#Load00041_Process,http://w3id.org/protys/fixture#Load00041_LCIProcess,75,kWh,http://w3id.org/protys/fixture#GridFactor,ELECTRICITY_CONSUMED_IN_PRODUCTION_ONLY,SIMULATED_PRODUCTION_CASE
http://w3id.org/protys/fixture#Load00041_Op4,http://w3id.org/protys/fixture#Load00041,http://w3id.org/protys/fixture#Load00041_Process,http://w3id.org/protys/fixture#Load00041_LCIProcess,26.666667,kWh,http://w3id.org/protys/fixture#GridFactor,ELECTRICITY_CONSUMED_IN_PRODUCTION_ONLY,SIMULATED_PRODUCTION_CASE
http://w3id.org/protys/fixture#Load00041_Op5,http://w3id.org/protys/fixture#Load00041,http://w3id.org/protys/fixture#Load00041_Process,http://w3id.org/protys/fixture#Load00041_LCIProcess,3.333333,kWh,http://w3id.org/protys/fixture#GridFactor,ELECTRICITY_CONSUMED_IN_PRODUCTION_ONLY,SIMULATED_PRODUCTION_CASE
http://w3id.org/protys/fixture#Load00041_Op6,http://w3id.org/protys/fixture#Load00041,http://w3id.org/protys/fixture#Load00041_Process,http://w3id.org/protys/fixture#Load00041_LCIProcess,0,kWh,http://w3id.org/protys/fixture#GridFactor,ELECTRICITY_CONSUMED_IN_PRODUCTION_ONLY,SIMULATED_PRODUCTION_CASE
http://w3id.org/protys/fixture#Load00041_Op7,http://w3id.org/protys/fixture#Load00041,http://w3id.org/protys/fixture#Load00041_Process,http://w3id.org/protys/fixture#Load00041_LCIProcess,0.333333,kWh,http://w3id.org/protys/fixture#GridFactor,ELECTRICITY_CONSUMED_IN_PRODUCTION_ONLY,SIMULATED_PRODUCTION_CASE
http://w3id.org/protys/fixture#Load00042_Op1,http://w3id.org/protys/fixture#Load00042,http://w3id.org/protys/fixture#Load00042_Process,http://w3id.org/protys/fixture#Load00042_LCIProcess,0,kWh,http://w3id.org/protys/fixture#GridFactor,ELECTRICITY_CONSUMED_IN_PRODUCTION_ONLY,SIMULATED_PRODUCTION_CASE
http://w3id.org/protys/fixture#Load00042_Op2,http://w3id.org/protys/fixture#Load00042,http://w3id.org/protys/fixture#Load00042_Process,http://w3id.org/protys/fixture#Load00042_LCIProcess,10,kWh,http://w3id.org/protys/fixture#GridFactor,ELECTRICITY_CONSUMED_IN_PRODUCTION_ONLY,SIMULATED_PRODUCTION_CASE
http://w3id.org/protys/fixture#Load00042_Op3,http://w3id.org/protys/fixture#Load00042,http://w3id.org/protys/fixture#Load00042_Process,http://w3id.org/protys/fixture#Load00042_LCIProcess,75,kWh,http://w3id.org/protys/fixture#GridFactor,ELECTRICITY_CONSUMED_IN_PRODUCTION_ONLY,SIMULATED_PRODUCTION_CASE
http://w3id.org/protys/fixture#Load00042_Op4,http://w3id.org/protys/fixture#Load00042,http://w3id.org/protys/fixture#Load00042_Process,http://w3id.org/protys/fixture#Load00042_LCIProcess,26.666667,kWh,http://w3id.org/protys/fixture#GridFactor,ELECTRICITY_CONSUMED_IN_PRODUCTION_ONLY,SIMULATED_PRODUCTION_CASE
http://w3id.org/protys/fixture#Load00042_Op5,http://w3id.org/protys/fixture#Load00042,http://w3id.org/protys/fixture#Load00042_Process,http://w3id.org/protys/fixture#Load00042_LCIProcess,3.333333,kWh,http://w3id.org/protys/fixture#GridFactor,ELECTRICITY_CONSUMED_IN_PRODUCTION_ONLY,SIMULATED_PRODUCTION_CASE
http://w3id.org/protys/fixture#Load00042_Op6,http://w3id.org/protys/fixture#Load00042,http://w3id.org/protys/fixture#Load00042_Process,http://w3id.org/protys/fixture#Load00042_LCIProcess,0,kWh,http://w3id.org/protys/fixture#GridFactor,ELECTRICITY_CONSUMED_IN_PRODUCTION_ONLY,SIMULATED_PRODUCTION_CASE
http://w3id.org/protys/fixture#Load00042_Op7,http://w3id.org/protys/fixture#Load00042,http://w3id.org/protys/fixture#Load00042_Process,http://w3id.org/protys/fixture#Load00042_LCIProcess,0.333333,kWh,http://w3id.org/protys/fixture#GridFactor,ELECTRICITY_CONSUMED_IN_PRODUCTION_ONLY,SIMULATED_PRODUCTION_CASE
http://w3id.org/protys/fixture#Load00043_Op1,http://w3id.org/protys/fixture#Load00043,http://w3id.org/protys/fixture#Load00043_Process,http://w3id.org/protys/fixture#Load00043_LCIProcess,0,kWh,http://w3id.org/protys/fixture#GridFactor,ELECTRICITY_CONSUMED_IN_PRODUCTION_ONLY,SIMULATED_PRODUCTION_CASE
http://w3id.org/protys/fixture#Load00043_Op2,http://w3id.org/protys/fixture#Load00043,http://w3id.org/protys/fixture#Load00043_Process,http://w3id.org/protys/fixture#Load00043_LCIProcess,10,kWh,http://w3id.org/protys/fixture#GridFactor,ELECTRICITY_CONSUMED_IN_PRODUCTION_ONLY,SIMULATED_PRODUCTION_CASE
http://w3id.org/protys/fixture#Load00043_Op3,http://w3id.org/protys/fixture#Load00043,http://w3id.org/protys/fixture#Load00043_Process,http://w3id.org/protys/fixture#Load00043_LCIProcess,75,kWh,http://w3id.org/protys/fixture#GridFactor,ELECTRICITY_CONSUMED_IN_PRODUCTION_ONLY,SIMULATED_PRODUCTION_CASE
http://w3id.org/protys/fixture#Load00043_Op4,http://w3id.org/protys/fixture#Load00043,http://w3id.org/protys/fixture#Load00043_Process,http://w3id.org/protys/fixture#Load00043_LCIProcess,26.666667,kWh,http://w3id.org/protys/fixture#GridFactor,ELECTRICITY_CONSUMED_IN_PRODUCTION_ONLY,SIMULATED_PRODUCTION_CASE
http://w3id.org/protys/fixture#Load00043_Op5,http://w3id.org/protys/fixture#Load00043,http://w3id.org/protys/fixture#Load00043_Process,http://w3id.org/protys/fixture#Load00043_LCIProcess,3.333333,kWh,http://w3id.org/protys/fixture#GridFactor,ELECTRICITY_CONSUMED_IN_PRODUCTION_ONLY,SIMULATED_PRODUCTION_CASE
http://w3id.org/protys/fixture#Load00043_Op6,http://w3id.org/protys/fixture#Load00043,http://w3id.org/protys/fixture#Load00043_Process,http://w3id.org/protys/fixture#Load00043_LCIProcess,0,kWh,http://w3id.org/protys/fixture#GridFactor,ELECTRICITY_CONSUMED_IN_PRODUCTION_ONLY,SIMULATED_PRODUCTION_CASE
http://w3id.org/protys/fixture#Load00043_Op7,http://w3id.org/protys/fixture#Load00043,http://w3id.org/protys/fixture#Load00043_Process,http://w3id.org/protys/fixture#Load00043_LCIProcess,0.333333,kWh,http://w3id.org/protys/fixture#GridFactor,ELECTRICITY_CONSUMED_IN_PRODUCTION_ONLY,SIMULATED_PRODUCTION_CASE
http://w3id.org/protys/fixture#Load00044_Op1,http://w3id.org/protys/fixture#Load00044,http://w3id.org/protys/fixture#Load00044_Process,http://w3id.org/protys/fixture#Load00044_LCIProcess,0,kWh,http://w3id.org/protys/fixture#GridFactor,ELECTRICITY_CONSUMED_IN_PRODUCTION_ONLY,SIMULATED_PRODUCTION_CASE
http://w3id.org/protys/fixture#Load00044_Op2,http://w3id.org/protys/fixture#Load00044,http://w3id.org/protys/fixture#Load00044_Process,http://w3id.org/protys/fixture#Load00044_LCIProcess,10,kWh,http://w3id.org/protys/fixture#GridFactor,ELECTRICITY_CONSUMED_IN_PRODUCTION_ONLY,SIMULATED_PRODUCTION_CASE
http://w3id.org/protys/fixture#Load00044_Op3,http://w3id.org/protys/fixture#Load00044,http://w3id.org/protys/fixture#Load00044_Process,http://w3id.org/protys/fixture#Load00044_LCIProcess,75,kWh,http://w3id.org/protys/fixture#GridFactor,ELECTRICITY_CONSUMED_IN_PRODUCTION_ONLY,SIMULATED_PRODUCTION_CASE
http://w3id.org/protys/fixture#Load00044_Op4,http://w3id.org/protys/fixture#Load00044,http://w3id.org/protys/fixture#Load00044_Process,http://w3id.org/protys/fixture#Load00044_LCIProcess,26.666667,kWh,http://w3id.org/protys/fixture#GridFactor,ELECTRICITY_CONSUMED_IN_PRODUCTION_ONLY,SIMULATED_PRODUCTION_CASE
http://w3id.org/protys/fixture#Load00044_Op5,http://w3id.org/protys/fixture#Load00044,http://w3id.org/protys/fixture#Load00044_Process,http://w3id.org/protys/fixture#Load00044_LCIProcess,3.333333,kWh,http://w3id.org/protys/fixture#GridFactor,ELECTRICITY_CONSUMED_IN_PRODUCTION_ONLY,SIMULATED_PRODUCTION_CASE
http://w3id.org/protys/fixture#Load00044_Op6,http://w3id.org/protys/fixture#Load00044,http://w3id.org/protys/fixture#Load00044_Process,http://w3id.org/protys/fixture#Load00044_LCIProcess,0,kWh,http://w3id.org/protys/fixture#GridFactor,ELECTRICITY_CONSUMED_IN_PRODUCTION_ONLY,SIMULATED_PRODUCTION_CASE
http://w3id.org/protys/fixture#Load00044_Op7,http://w3id.org/protys/fixture#Load00044,http://w3id.org/protys/fixture#Load00044_Process,http://w3id.org/protys/fixture#Load00044_LCIProcess,0.333333,kWh,http://w3id.org/protys/fixture#GridFactor,ELECTRICITY_CONSUMED_IN_PRODUCTION_ONLY,SIMULATED_PRODUCTION_CASE
http://w3id.org/protys/fixture#Load00045_Op1,http://w3id.org/protys/fixture#Load00045,http://w3id.org/protys/fixture#Load00045_Process,http://w3id.org/protys/fixture#Load00045_LCIProcess,0,kWh,http://w3id.org/protys/fixture#GridFactor,ELECTRICITY_CONSUMED_IN_PRODUCTION_ONLY,SIMULATED_PRODUCTION_CASE
http://w3id.org/protys/fixture#Load00045_Op2,http://w3id.org/protys/fixture#Load00045,http://w3id.org/protys/fixture#Load00045_Process,http://w3id.org/protys/fixture#Load00045_LCIProcess,10,kWh,http://w3id.org/protys/fixture#GridFactor,ELECTRICITY_CONSUMED_IN_PRODUCTION_ONLY,SIMULATED_PRODUCTION_CASE
http://w3id.org/protys/fixture#Load00045_Op3,http://w3id.org/protys/fixture#Load00045,http://w3id.org/protys/fixture#Load00045_Process,http://w3id.org/protys/fixture#Load00045_LCIProcess,75,kWh,http://w3id.org/protys/fixture#GridFactor,ELECTRICITY_CONSUMED_IN_PRODUCTION_ONLY,SIMULATED_PRODUCTION_CASE
http://w3id.org/protys/fixture#Load00045_Op4,http://w3id.org/protys/fixture#Load00045,http://w3id.org/protys/fixture#Load00045_Process,http://w3id.org/protys/fixture#Load00045_LCIProcess,26.666667,kWh,http://w3id.org/protys/fixture#GridFactor,ELECTRICITY_CONSUMED_IN_PRODUCTION_ONLY,SIMULATED_PRODUCTION_CASE
http://w3id.org/protys/fixture#Load00045_Op5,http://w3id.org/protys/fixture#Load00045,http://w3id.org/protys/fixture#Load00045_Process,http://w3id.org/protys/fixture#Load00045_LCIProcess,3.333333,kWh,http://w3id.org/protys/fixture#GridFactor,ELECTRICITY_CONSUMED_IN_PRODUCTION_ONLY,SIMULATED_PRODUCTION_CASE
http://w3id.org/protys/fixture#Load00045_Op6,http://w3id.org/protys/fixture#Load00045,http://w3id.org/protys/fixture#Load00045_Process,http://w3id.org/protys/fixture#Load00045_LCIProcess,0,kWh,http://w3id.org/protys/fixture#GridFactor,ELECTRICITY_CONSUMED_IN_PRODUCTION_ONLY,SIMULATED_PRODUCTION_CASE
http://w3id.org/protys/fixture#Load00045_Op7,http://w3id.org/protys/fixture#Load00045,http://w3id.org/protys/fixture#Load00045_Process,http://w3id.org/protys/fixture#Load00045_LCIProcess,0.333333,kWh,http://w3id.org/protys/fixture#GridFactor,ELECTRICITY_CONSUMED_IN_PRODUCTION_ONLY,SIMULATED_PRODUCTION_CASE
http://w3id.org/protys/fixture#Load00046_Op1,http://w3id.org/protys/fixture#Load00046,http://w3id.org/protys/fixture#Load00046_Process,http://w3id.org/protys/fixture#Load00046_LCIProcess,0,kWh,http://w3id.org/protys/fixture#GridFactor,ELECTRICITY_CONSUMED_IN_PRODUCTION_ONLY,SIMULATED_PRODUCTION_CASE
http://w3id.org/protys/fixture#Load00046_Op2,http://w3id.org/protys/fixture#Load00046,http://w3id.org/protys/fixture#Load00046_Process,http://w3id.org/protys/fixture#Load00046_LCIProcess,10,kWh,http://w3id.org/protys/fixture#GridFactor,ELECTRICITY_CONSUMED_IN_PRODUCTION_ONLY,SIMULATED_PRODUCTION_CASE
http://w3id.org/protys/fixture#Load00046_Op3,http://w3id.org/protys/fixture#Load00046,http://w3id.org/protys/fixture#Load00046_Process,http://w3id.org/protys/fixture#Load00046_LCIProcess,75,kWh,http://w3id.org/protys/fixture#GridFactor,ELECTRICITY_CONSUMED_IN_PRODUCTION_ONLY,SIMULATED_PRODUCTION_CASE
http://w3id.org/protys/fixture#Load00046_Op4,http://w3id.org/protys/fixture#Load00046,http://w3id.org/protys/fixture#Load00046_Process,http://w3id.org/protys/fixture#Load00046_LCIProcess,26.666667,kWh,http://w3id.org/protys/fixture#GridFactor,ELECTRICITY_CONSUMED_IN_PRODUCTION_ONLY,SIMULATED_PRODUCTION_CASE
http://w3id.org/protys/fixture#Load00046_Op5,http://w3id.org/protys/fixture#Load00046,http://w3id.org/protys/fixture#Load00046_Process,http://w3id.org/protys/fixture#Load00046_LCIProcess,3.333333,kWh,http://w3id.org/protys/fixture#GridFactor,ELECTRICITY_CONSUMED_IN_PRODUCTION_ONLY,SIMULATED_PRODUCTION_CASE
http://w3id.org/protys/fixture#Load00046_Op6,http://w3id.org/protys/fixture#Load00046,http://w3id.org/protys/fixture#Load00046_Process,http://w3id.org/protys/fixture#Load00046_LCIProcess,0,kWh,http://w3id.org/protys/fixture#GridFactor,ELECTRICITY_CONSUMED_IN_PRODUCTION_ONLY,SIMULATED_PRODUCTION_CASE
http://w3id.org/protys/fixture#Load00046_Op7,http://w3id.org/protys/fixture#Load00046,http://w3id.org/protys/fixture#Load00046_Process,http://w3id.org/protys/fixture#Load00046_LCIProcess,0.333333,kWh,http://w3id.org/protys/fixture#GridFactor,ELECTRICITY_CONSUMED_IN_PRODUCTION_ONLY,SIMULATED_PRODUCTION_CASE
http://w3id.org/protys/fixture#Load00047_Op1,http://w3id.org/protys/fixture#Load00047,http://w3id.org/protys/fixture#Load00047_Process,http://w3id.org/protys/fixture#Load00047_LCIProcess,0,kWh,http://w3id.org/protys/fixture#GridFactor,ELECTRICITY_CONSUMED_IN_PRODUCTION_ONLY,SIMULATED_PRODUCTION_CASE
http://w3id.org/protys/fixture#Load00047_Op2,http://w3id.org/protys/fixture#Load00047,http://w3id.org/protys/fixture#Load00047_Process,http://w3id.org/protys/fixture#Load00047_LCIProcess,10,kWh,http://w3id.org/protys/fixture#GridFactor,ELECTRICITY_CONSUMED_IN_PRODUCTION_ONLY,SIMULATED_PRODUCTION_CASE
http://w3id.org/protys/fixture#Load00047_Op3,http://w3id.org/protys/fixture#Load00047,http://w3id.org/protys/fixture#Load00047_Process,http://w3id.org/protys/fixture#Load00047_LCIProcess,75,kWh,http://w3id.org/protys/fixture#GridFactor,ELECTRICITY_CONSUMED_IN_PRODUCTION_ONLY,SIMULATED_PRODUCTION_CASE
http://w3id.org/protys/fixture#Load00047_Op4,http://w3id.org/protys/fixture#Load00047,http://w3id.org/protys/fixture#Load00047_Process,http://w3id.org/protys/fixture#Load00047_LCIProcess,26.666667,kWh,http://w3id.org/protys/fixture#GridFactor,ELECTRICITY_CONSUMED_IN_PRODUCTION_ONLY,SIMULATED_PRODUCTION_CASE
http://w3id.org/protys/fixture#Load00047_Op5,http://w3id.org/protys/fixture#Load00047,http://w3id.org/protys/fixture#Load00047_Process,http://w3id.org/protys/fixture#Load00047_LCIProcess,3.333333,kWh,http://w3id.org/protys/fixture#GridFactor,ELECTRICITY_CONSUMED_IN_PRODUCTION_ONLY,SIMULATED_PRODUCTION_CASE
http://w3id.org/protys/fixture#Load00047_Op6,http://w3id.org/protys/fixture#Load00047,http://w3id.org/protys/fixture#Load00047_Process,http://w3id.org/protys/fixture#Load00047_LCIProcess,0,kWh,http://w3id.org/protys/fixture#GridFactor,ELECTRICITY_CONSUMED_IN_PRODUCTION_ONLY,SIMULATED_PRODUCTION_CASE
http://w3id.org/protys/fixture#Load00047_Op7,http://w3id.org/protys/fixture#Load00047,http://w3id.org/protys/fixture#Load00047_Process,http://w3id.org/protys/fixture#Load00047_LCIProcess,0.333333,kWh,http://w3id.org/protys/fixture#GridFactor,ELECTRICITY_CONSUMED_IN_PRODUCTION_ONLY,SIMULATED_PRODUCTION_CASE
http://w3id.org/protys/fixture#Load00048_Op1,http://w3id.org/protys/fixture#Load00048,http://w3id.org/protys/fixture#Load00048_Process,http://w3id.org/protys/fixture#Load00048_LCIProcess,0,kWh,http://w3id.org/protys/fixture#GridFactor,ELECTRICITY_CONSUMED_IN_PRODUCTION_ONLY,SIMULATED_PRODUCTION_CASE
http://w3id.org/protys/fixture#Load00048_Op2,http://w3id.org/protys/fixture#Load00048,http://w3id.org/protys/fixture#Load00048_Process,http://w3id.org/protys/fixture#Load00048_LCIProcess,10,kWh,http://w3id.org/protys/fixture#GridFactor,ELECTRICITY_CONSUMED_IN_PRODUCTION_ONLY,SIMULATED_PRODUCTION_CASE
http://w3id.org/protys/fixture#Load00048_Op3,http://w3id.org/protys/fixture#Load00048,http://w3id.org/protys/fixture#Load00048_Process,http://w3id.org/protys/fixture#Load00048_LCIProcess,75,kWh,http://w3id.org/protys/fixture#GridFactor,ELECTRICITY_CONSUMED_IN_PRODUCTION_ONLY,SIMULATED_PRODUCTION_CASE
http://w3id.org/protys/fixture#Load00048_Op4,http://w3id.org/protys/fixture#Load00048,http://w3id.org/protys/fixture#Load00048_Process,http://w3id.org/protys/fixture#Load00048_LCIProcess,26.666667,kWh,http://w3id.org/protys/fixture#GridFactor,ELECTRICITY_CONSUMED_IN_PRODUCTION_ONLY,SIMULATED_PRODUCTION_CASE
http://w3id.org/protys/fixture#Load00048_Op5,http://w3id.org/protys/fixture#Load00048,http://w3id.org/protys/fixture#Load00048_Process,http://w3id.org/protys/fixture#Load00048_LCIProcess,3.333333,kWh,http://w3id.org/protys/fixture#GridFactor,ELECTRICITY_CONSUMED_IN_PRODUCTION_ONLY,SIMULATED_PRODUCTION_CASE
http://w3id.org/protys/fixture#Load00048_Op6,http://w3id.org/protys/fixture#Load00048,http://w3id.org/protys/fixture#Load00048_Process,http://w3id.org/protys/fixture#Load00048_LCIProcess,0,kWh,http://w3id.org/protys/fixture#GridFactor,ELECTRICITY_CONSUMED_IN_PRODUCTION_ONLY,SIMULATED_PRODUCTION_CASE
http://w3id.org/protys/fixture#Load00048_Op7,http://w3id.org/protys/fixture#Load00048,http://w3id.org/protys/fixture#Load00048_Process,http://w3id.org/protys/fixture#Load00048_LCIProcess,0.333333,kWh,http://w3id.org/protys/fixture#GridFactor,ELECTRICITY_CONSUMED_IN_PRODUCTION_ONLY,SIMULATED_PRODUCTION_CASE
http://w3id.org/protys/fixture#Load00049_Op1,http://w3id.org/protys/fixture#Load00049,http://w3id.org/protys/fixture#Load00049_Process,http://w3id.org/protys/fixture#Load00049_LCIProcess,0,kWh,http://w3id.org/protys/fixture#GridFactor,ELECTRICITY_CONSUMED_IN_PRODUCTION_ONLY,SIMULATED_PRODUCTION_CASE
http://w3id.org/protys/fixture#Load00049_Op2,http://w3id.org/protys/fixture#Load00049,http://w3id.org/protys/fixture#Load00049_Process,http://w3id.org/protys/fixture#Load00049_LCIProcess,10,kWh,http://w3id.org/protys/fixture#GridFactor,ELECTRICITY_CONSUMED_IN_PRODUCTION_ONLY,SIMULATED_PRODUCTION_CASE
http://w3id.org/protys/fixture#Load00049_Op3,http://w3id.org/protys/fixture#Load00049,http://w3id.org/protys/fixture#Load00049_Process,http://w3id.org/protys/fixture#Load00049_LCIProcess,75,kWh,http://w3id.org/protys/fixture#GridFactor,ELECTRICITY_CONSUMED_IN_PRODUCTION_ONLY,SIMULATED_PRODUCTION_CASE
http://w3id.org/protys/fixture#Load00049_Op4,http://w3id.org/protys/fixture#Load00049,http://w3id.org/protys/fixture#Load00049_Process,http://w3id.org/protys/fixture#Load00049_LCIProcess,26.666667,kWh,http://w3id.org/protys/fixture#GridFactor,ELECTRICITY_CONSUMED_IN_PRODUCTION_ONLY,SIMULATED_PRODUCTION_CASE
http://w3id.org/protys/fixture#Load00049_Op5,http://w3id.org/protys/fixture#Load00049,http://w3id.org/protys/fixture#Load00049_Process,http://w3id.org/protys/fixture#Load00049_LCIProcess,3.333333,kWh,http://w3id.org/protys/fixture#GridFactor,ELECTRICITY_CONSUMED_IN_PRODUCTION_ONLY,SIMULATED_PRODUCTION_CASE
http://w3id.org/protys/fixture#Load00049_Op6,http://w3id.org/protys/fixture#Load00049,http://w3id.org/protys/fixture#Load00049_Process,http://w3id.org/protys/fixture#Load00049_LCIProcess,0,kWh,http://w3id.org/protys/fixture#GridFactor,ELECTRICITY_CONSUMED_IN_PRODUCTION_ONLY,SIMULATED_PRODUCTION_CASE
http://w3id.org/protys/fixture#Load00049_Op7,http://w3id.org/protys/fixture#Load00049,http://w3id.org/protys/fixture#Load00049_Process,http://w3id.org/protys/fixture#Load00049_LCIProcess,0.333333,kWh,http://w3id.org/protys/fixture#GridFactor,ELECTRICITY_CONSUMED_IN_PRODUCTION_ONLY,SIMULATED_PRODUCTION_CASE
http://w3id.org/protys/fixture#Load00050_Op1,http://w3id.org/protys/fixture#Load00050,http://w3id.org/protys/fixture#Load00050_Process,http://w3id.org/protys/fixture#Load00050_LCIProcess,0,kWh,http://w3id.org/protys/fixture#GridFactor,ELECTRICITY_CONSUMED_IN_PRODUCTION_ONLY,SIMULATED_PRODUCTION_CASE
http://w3id.org/protys/fixture#Load00050_Op2,http://w3id.org/protys/fixture#Load00050,http://w3id.org/protys/fixture#Load00050_Process,http://w3id.org/protys/fixture#Load00050_LCIProcess,10,kWh,http://w3id.org/protys/fixture#GridFactor,ELECTRICITY_CONSUMED_IN_PRODUCTION_ONLY,SIMULATED_PRODUCTION_CASE
http://w3id.org/protys/fixture#Load00050_Op3,http://w3id.org/protys/fixture#Load00050,http://w3id.org/protys/fixture#Load00050_Process,http://w3id.org/protys/fixture#Load00050_LCIProcess,75,kWh,http://w3id.org/protys/fixture#GridFactor,ELECTRICITY_CONSUMED_IN_PRODUCTION_ONLY,SIMULATED_PRODUCTION_CASE
http://w3id.org/protys/fixture#Load00050_Op4,http://w3id.org/protys/fixture#Load00050,http://w3id.org/protys/fixture#Load00050_Process,http://w3id.org/protys/fixture#Load00050_LCIProcess,26.666667,kWh,http://w3id.org/protys/fixture#GridFactor,ELECTRICITY_CONSUMED_IN_PRODUCTION_ONLY,SIMULATED_PRODUCTION_CASE
http://w3id.org/protys/fixture#Load00050_Op5,http://w3id.org/protys/fixture#Load00050,http://w3id.org/protys/fixture#Load00050_Process,http://w3id.org/protys/fixture#Load00050_LCIProcess,3.333333,kWh,http://w3id.org/protys/fixture#GridFactor,ELECTRICITY_CONSUMED_IN_PRODUCTION_ONLY,SIMULATED_PRODUCTION_CASE
http://w3id.org/protys/fixture#Load00050_Op6,http://w3id.org/protys/fixture#Load00050,http://w3id.org/protys/fixture#Load00050_Process,http://w3id.org/protys/fixture#Load00050_LCIProcess,0,kWh,http://w3id.org/protys/fixture#GridFactor,ELECTRICITY_CONSUMED_IN_PRODUCTION_ONLY,SIMULATED_PRODUCTION_CASE
http://w3id.org/protys/fixture#Load00050_Op7,http://w3id.org/protys/fixture#Load00050,http://w3id.org/protys/fixture#Load00050_Process,http://w3id.org/protys/fixture#Load00050_LCIProcess,0.333333,kWh,http://w3id.org/protys/fixture#GridFactor,ELECTRICITY_CONSUMED_IN_PRODUCTION_ONLY,SIMULATED_PRODUCTION_CASE
http://w3id.org/protys/fixture#Load00051_Op1,http://w3id.org/protys/fixture#Load00051,http://w3id.org/protys/fixture#Load00051_Process,http://w3id.org/protys/fixture#Load00051_LCIProcess,0,kWh,http://w3id.org/protys/fixture#GridFactor,ELECTRICITY_CONSUMED_IN_PRODUCTION_ONLY,SIMULATED_PRODUCTION_CASE
http://w3id.org/protys/fixture#Load00051_Op2,http://w3id.org/protys/fixture#Load00051,http://w3id.org/protys/fixture#Load00051_Process,http://w3id.org/protys/fixture#Load00051_LCIProcess,10,kWh,http://w3id.org/protys/fixture#GridFactor,ELECTRICITY_CONSUMED_IN_PRODUCTION_ONLY,SIMULATED_PRODUCTION_CASE
http://w3id.org/protys/fixture#Load00051_Op3,http://w3id.org/protys/fixture#Load00051,http://w3id.org/protys/fixture#Load00051_Process,http://w3id.org/protys/fixture#Load00051_LCIProcess,75,kWh,http://w3id.org/protys/fixture#GridFactor,ELECTRICITY_CONSUMED_IN_PRODUCTION_ONLY,SIMULATED_PRODUCTION_CASE
http://w3id.org/protys/fixture#Load00051_Op4,http://w3id.org/protys/fixture#Load00051,http://w3id.org/protys/fixture#Load00051_Process,http://w3id.org/protys/fixture#Load00051_LCIProcess,26.666667,kWh,http://w3id.org/protys/fixture#GridFactor,ELECTRICITY_CONSUMED_IN_PRODUCTION_ONLY,SIMULATED_PRODUCTION_CASE
http://w3id.org/protys/fixture#Load00051_Op5,http://w3id.org/protys/fixture#Load00051,http://w3id.org/protys/fixture#Load00051_Process,http://w3id.org/protys/fixture#Load00051_LCIProcess,3.333333,kWh,http://w3id.org/protys/fixture#GridFactor,ELECTRICITY_CONSUMED_IN_PRODUCTION_ONLY,SIMULATED_PRODUCTION_CASE
http://w3id.org/protys/fixture#Load00051_Op6,http://w3id.org/protys/fixture#Load00051,http://w3id.org/protys/fixture#Load00051_Process,http://w3id.org/protys/fixture#Load00051_LCIProcess,0,kWh,http://w3id.org/protys/fixture#GridFactor,ELECTRICITY_CONSUMED_IN_PRODUCTION_ONLY,SIMULATED_PRODUCTION_CASE
http://w3id.org/protys/fixture#Load00051_Op7,http://w3id.org/protys/fixture#Load00051,http://w3id.org/protys/fixture#Load00051_Process,http://w3id.org/protys/fixture#Load00051_LCIProcess,0.333333,kWh,http://w3id.org/protys/fixture#GridFactor,ELECTRICITY_CONSUMED_IN_PRODUCTION_ONLY,SIMULATED_PRODUCTION_CASE
http://w3id.org/protys/fixture#Load00052_Op1,http://w3id.org/protys/fixture#Load00052,http://w3id.org/protys/fixture#Load00052_Process,http://w3id.org/protys/fixture#Load00052_LCIProcess,0,kWh,http://w3id.org/protys/fixture#GridFactor,ELECTRICITY_CONSUMED_IN_PRODUCTION_ONLY,SIMULATED_PRODUCTION_CASE
http://w3id.org/protys/fixture#Load00052_Op2,http://w3id.org/protys/fixture#Load00052,http://w3id.org/protys/fixture#Load00052_Process,http://w3id.org/protys/fixture#Load00052_LCIProcess,10,kWh,http://w3id.org/protys/fixture#GridFactor,ELECTRICITY_CONSUMED_IN_PRODUCTION_ONLY,SIMULATED_PRODUCTION_CASE
http://w3id.org/protys/fixture#Load00052_Op3,http://w3id.org/protys/fixture#Load00052,http://w3id.org/protys/fixture#Load00052_Process,http://w3id.org/protys/fixture#Load00052_LCIProcess,75,kWh,http://w3id.org/protys/fixture#GridFactor,ELECTRICITY_CONSUMED_IN_PRODUCTION_ONLY,SIMULATED_PRODUCTION_CASE
http://w3id.org/protys/fixture#Load00052_Op4,http://w3id.org/protys/fixture#Load00052,http://w3id.org/protys/fixture#Load00052_Process,http://w3id.org/protys/fixture#Load00052_LCIProcess,26.666667,kWh,http://w3id.org/protys/fixture#GridFactor,ELECTRICITY_CONSUMED_IN_PRODUCTION_ONLY,SIMULATED_PRODUCTION_CASE
http://w3id.org/protys/fixture#Load00052_Op5,http://w3id.org/protys/fixture#Load00052,http://w3id.org/protys/fixture#Load00052_Process,http://w3id.org/protys/fixture#Load00052_LCIProcess,3.333333,kWh,http://w3id.org/protys/fixture#GridFactor,ELECTRICITY_CONSUMED_IN_PRODUCTION_ONLY,SIMULATED_PRODUCTION_CASE
http://w3id.org/protys/fixture#Load00052_Op6,http://w3id.org/protys/fixture#Load00052,http://w3id.org/protys/fixture#Load00052_Process,http://w3id.org/protys/fixture#Load00052_LCIProcess,0,kWh,http://w3id.org/protys/fixture#GridFactor,ELECTRICITY_CONSUMED_IN_PRODUCTION_ONLY,SIMULATED_PRODUCTION_CASE
http://w3id.org/protys/fixture#Load00052_Op7,http://w3id.org/protys/fixture#Load00052,http://w3id.org/protys/fixture#Load00052_Process,http://w3id.org/protys/fixture#Load00052_LCIProcess,0.333333,kWh,http://w3id.org/protys/fixture#GridFactor,ELECTRICITY_CONSUMED_IN_PRODUCTION_ONLY,SIMULATED_PRODUCTION_CASE
http://w3id.org/protys/fixture#Load00053_Op1,http://w3id.org/protys/fixture#Load00053,http://w3id.org/protys/fixture#Load00053_Process,http://w3id.org/protys/fixture#Load00053_LCIProcess,0,kWh,http://w3id.org/protys/fixture#GridFactor,ELECTRICITY_CONSUMED_IN_PRODUCTION_ONLY,SIMULATED_PRODUCTION_CASE
http://w3id.org/protys/fixture#Load00053_Op2,http://w3id.org/protys/fixture#Load00053,http://w3id.org/protys/fixture#Load00053_Process,http://w3id.org/protys/fixture#Load00053_LCIProcess,10,kWh,http://w3id.org/protys/fixture#GridFactor,ELECTRICITY_CONSUMED_IN_PRODUCTION_ONLY,SIMULATED_PRODUCTION_CASE
http://w3id.org/protys/fixture#Load00053_Op3,http://w3id.org/protys/fixture#Load00053,http://w3id.org/protys/fixture#Load00053_Process,http://w3id.org/protys/fixture#Load00053_LCIProcess,75,kWh,http://w3id.org/protys/fixture#GridFactor,ELECTRICITY_CONSUMED_IN_PRODUCTION_ONLY,SIMULATED_PRODUCTION_CASE
http://w3id.org/protys/fixture#Load00053_Op4,http://w3id.org/protys/fixture#Load00053,http://w3id.org/protys/fixture#Load00053_Process,http://w3id.org/protys/fixture#Load00053_LCIProcess,26.666667,kWh,http://w3id.org/protys/fixture#GridFactor,ELECTRICITY_CONSUMED_IN_PRODUCTION_ONLY,SIMULATED_PRODUCTION_CASE
http://w3id.org/protys/fixture#Load00053_Op5,http://w3id.org/protys/fixture#Load00053,http://w3id.org/protys/fixture#Load00053_Process,http://w3id.org/protys/fixture#Load00053_LCIProcess,3.333333,kWh,http://w3id.org/protys/fixture#GridFactor,ELECTRICITY_CONSUMED_IN_PRODUCTION_ONLY,SIMULATED_PRODUCTION_CASE
http://w3id.org/protys/fixture#Load00053_Op6,http://w3id.org/protys/fixture#Load00053,http://w3id.org/protys/fixture#Load00053_Process,http://w3id.org/protys/fixture#Load00053_LCIProcess,0,kWh,http://w3id.org/protys/fixture#GridFactor,ELECTRICITY_CONSUMED_IN_PRODUCTION_ONLY,SIMULATED_PRODUCTION_CASE
http://w3id.org/protys/fixture#Load00053_Op7,http://w3id.org/protys/fixture#Load00053,http://w3id.org/protys/fixture#Load00053_Process,http://w3id.org/protys/fixture#Load00053_LCIProcess,0.333333,kWh,http://w3id.org/protys/fixture#GridFactor,ELECTRICITY_CONSUMED_IN_PRODUCTION_ONLY,SIMULATED_PRODUCTION_CASE
http://w3id.org/protys/fixture#Load00054_Op1,http://w3id.org/protys/fixture#Load00054,http://w3id.org/protys/fixture#Load00054_Process,http://w3id.org/protys/fixture#Load00054_LCIProcess,0,kWh,http://w3id.org/protys/fixture#GridFactor,ELECTRICITY_CONSUMED_IN_PRODUCTION_ONLY,SIMULATED_PRODUCTION_CASE
http://w3id.org/protys/fixture#Load00054_Op2,http://w3id.org/protys/fixture#Load00054,http://w3id.org/protys/fixture#Load00054_Process,http://w3id.org/protys/fixture#Load00054_LCIProcess,10,kWh,http://w3id.org/protys/fixture#GridFactor,ELECTRICITY_CONSUMED_IN_PRODUCTION_ONLY,SIMULATED_PRODUCTION_CASE
http://w3id.org/protys/fixture#Load00054_Op3,http://w3id.org/protys/fixture#Load00054,http://w3id.org/protys/fixture#Load00054_Process,http://w3id.org/protys/fixture#Load00054_LCIProcess,75,kWh,http://w3id.org/protys/fixture#GridFactor,ELECTRICITY_CONSUMED_IN_PRODUCTION_ONLY,SIMULATED_PRODUCTION_CASE
http://w3id.org/protys/fixture#Load00054_Op4,http://w3id.org/protys/fixture#Load00054,http://w3id.org/protys/fixture#Load00054_Process,http://w3id.org/protys/fixture#Load00054_LCIProcess,26.666667,kWh,http://w3id.org/protys/fixture#GridFactor,ELECTRICITY_CONSUMED_IN_PRODUCTION_ONLY,SIMULATED_PRODUCTION_CASE
http://w3id.org/protys/fixture#Load00054_Op5,http://w3id.org/protys/fixture#Load00054,http://w3id.org/protys/fixture#Load00054_Process,http://w3id.org/protys/fixture#Load00054_LCIProcess,3.333333,kWh,http://w3id.org/protys/fixture#GridFactor,ELECTRICITY_CONSUMED_IN_PRODUCTION_ONLY,SIMULATED_PRODUCTION_CASE
http://w3id.org/protys/fixture#Load00054_Op6,http://w3id.org/protys/fixture#Load00054,http://w3id.org/protys/fixture#Load00054_Process,http://w3id.org/protys/fixture#Load00054_LCIProcess,0,kWh,http://w3id.org/protys/fixture#GridFactor,ELECTRICITY_CONSUMED_IN_PRODUCTION_ONLY,SIMULATED_PRODUCTION_CASE
http://w3id.org/protys/fixture#Load00054_Op7,http://w3id.org/protys/fixture#Load00054,http://w3id.org/protys/fixture#Load00054_Process,http://w3id.org/protys/fixture#Load00054_LCIProcess,0.333333,kWh,http://w3id.org/protys/fixture#GridFactor,ELECTRICITY_CONSUMED_IN_PRODUCTION_ONLY,SIMULATED_PRODUCTION_CASE
http://w3id.org/protys/fixture#Load00055_Op1,http://w3id.org/protys/fixture#Load00055,http://w3id.org/protys/fixture#Load00055_Process,http://w3id.org/protys/fixture#Load00055_LCIProcess,0,kWh,http://w3id.org/protys/fixture#GridFactor,ELECTRICITY_CONSUMED_IN_PRODUCTION_ONLY,SIMULATED_PRODUCTION_CASE
http://w3id.org/protys/fixture#Load00055_Op2,http://w3id.org/protys/fixture#Load00055,http://w3id.org/protys/fixture#Load00055_Process,http://w3id.org/protys/fixture#Load00055_LCIProcess,10,kWh,http://w3id.org/protys/fixture#GridFactor,ELECTRICITY_CONSUMED_IN_PRODUCTION_ONLY,SIMULATED_PRODUCTION_CASE
http://w3id.org/protys/fixture#Load00055_Op3,http://w3id.org/protys/fixture#Load00055,http://w3id.org/protys/fixture#Load00055_Process,http://w3id.org/protys/fixture#Load00055_LCIProcess,75,kWh,http://w3id.org/protys/fixture#GridFactor,ELECTRICITY_CONSUMED_IN_PRODUCTION_ONLY,SIMULATED_PRODUCTION_CASE
http://w3id.org/protys/fixture#Load00055_Op4,http://w3id.org/protys/fixture#Load00055,http://w3id.org/protys/fixture#Load00055_Process,http://w3id.org/protys/fixture#Load00055_LCIProcess,26.666667,kWh,http://w3id.org/protys/fixture#GridFactor,ELECTRICITY_CONSUMED_IN_PRODUCTION_ONLY,SIMULATED_PRODUCTION_CASE
http://w3id.org/protys/fixture#Load00055_Op5,http://w3id.org/protys/fixture#Load00055,http://w3id.org/protys/fixture#Load00055_Process,http://w3id.org/protys/fixture#Load00055_LCIProcess,3.333333,kWh,http://w3id.org/protys/fixture#GridFactor,ELECTRICITY_CONSUMED_IN_PRODUCTION_ONLY,SIMULATED_PRODUCTION_CASE
http://w3id.org/protys/fixture#Load00055_Op6,http://w3id.org/protys/fixture#Load00055,http://w3id.org/protys/fixture#Load00055_Process,http://w3id.org/protys/fixture#Load00055_LCIProcess,0,kWh,http://w3id.org/protys/fixture#GridFactor,ELECTRICITY_CONSUMED_IN_PRODUCTION_ONLY,SIMULATED_PRODUCTION_CASE
http://w3id.org/protys/fixture#Load00055_Op7,http://w3id.org/protys/fixture#Load00055,http://w3id.org/protys/fixture#Load00055_Process,http://w3id.org/protys/fixture#Load00055_LCIProcess,0.333333,kWh,http://w3id.org/protys/fixture#GridFactor,ELECTRICITY_CONSUMED_IN_PRODUCTION_ONLY,SIMULATED_PRODUCTION_CASE
http://w3id.org/protys/fixture#Load00056_Op1,http://w3id.org/protys/fixture#Load00056,http://w3id.org/protys/fixture#Load00056_Process,http://w3id.org/protys/fixture#Load00056_LCIProcess,0,kWh,http://w3id.org/protys/fixture#GridFactor,ELECTRICITY_CONSUMED_IN_PRODUCTION_ONLY,SIMULATED_PRODUCTION_CASE
http://w3id.org/protys/fixture#Load00056_Op2,http://w3id.org/protys/fixture#Load00056,http://w3id.org/protys/fixture#Load00056_Process,http://w3id.org/protys/fixture#Load00056_LCIProcess,10,kWh,http://w3id.org/protys/fixture#GridFactor,ELECTRICITY_CONSUMED_IN_PRODUCTION_ONLY,SIMULATED_PRODUCTION_CASE
http://w3id.org/protys/fixture#Load00056_Op3,http://w3id.org/protys/fixture#Load00056,http://w3id.org/protys/fixture#Load00056_Process,http://w3id.org/protys/fixture#Load00056_LCIProcess,75,kWh,http://w3id.org/protys/fixture#GridFactor,ELECTRICITY_CONSUMED_IN_PRODUCTION_ONLY,SIMULATED_PRODUCTION_CASE
http://w3id.org/protys/fixture#Load00056_Op4,http://w3id.org/protys/fixture#Load00056,http://w3id.org/protys/fixture#Load00056_Process,http://w3id.org/protys/fixture#Load00056_LCIProcess,26.666667,kWh,http://w3id.org/protys/fixture#GridFactor,ELECTRICITY_CONSUMED_IN_PRODUCTION_ONLY,SIMULATED_PRODUCTION_CASE
http://w3id.org/protys/fixture#Load00056_Op5,http://w3id.org/protys/fixture#Load00056,http://w3id.org/protys/fixture#Load00056_Process,http://w3id.org/protys/fixture#Load00056_LCIProcess,3.333333,kWh,http://w3id.org/protys/fixture#GridFactor,ELECTRICITY_CONSUMED_IN_PRODUCTION_ONLY,SIMULATED_PRODUCTION_CASE
http://w3id.org/protys/fixture#Load00056_Op6,http://w3id.org/protys/fixture#Load00056,http://w3id.org/protys/fixture#Load00056_Process,http://w3id.org/protys/fixture#Load00056_LCIProcess,0,kWh,http://w3id.org/protys/fixture#GridFactor,ELECTRICITY_CONSUMED_IN_PRODUCTION_ONLY,SIMULATED_PRODUCTION_CASE
http://w3id.org/protys/fixture#Load00056_Op7,http://w3id.org/protys/fixture#Load00056,http://w3id.org/protys/fixture#Load00056_Process,http://w3id.org/protys/fixture#Load00056_LCIProcess,0.333333,kWh,http://w3id.org/protys/fixture#GridFactor,ELECTRICITY_CONSUMED_IN_PRODUCTION_ONLY,SIMULATED_PRODUCTION_CASE
http://w3id.org/protys/fixture#Load00057_Op1,http://w3id.org/protys/fixture#Load00057,http://w3id.org/protys/fixture#Load00057_Process,http://w3id.org/protys/fixture#Load00057_LCIProcess,0,kWh,http://w3id.org/protys/fixture#GridFactor,ELECTRICITY_CONSUMED_IN_PRODUCTION_ONLY,SIMULATED_PRODUCTION_CASE
http://w3id.org/protys/fixture#Load00057_Op2,http://w3id.org/protys/fixture#Load00057,http://w3id.org/protys/fixture#Load00057_Process,http://w3id.org/protys/fixture#Load00057_LCIProcess,10,kWh,http://w3id.org/protys/fixture#GridFactor,ELECTRICITY_CONSUMED_IN_PRODUCTION_ONLY,SIMULATED_PRODUCTION_CASE
http://w3id.org/protys/fixture#Load00057_Op3,http://w3id.org/protys/fixture#Load00057,http://w3id.org/protys/fixture#Load00057_Process,http://w3id.org/protys/fixture#Load00057_LCIProcess,75,kWh,http://w3id.org/protys/fixture#GridFactor,ELECTRICITY_CONSUMED_IN_PRODUCTION_ONLY,SIMULATED_PRODUCTION_CASE
http://w3id.org/protys/fixture#Load00057_Op4,http://w3id.org/protys/fixture#Load00057,http://w3id.org/protys/fixture#Load00057_Process,http://w3id.org/protys/fixture#Load00057_LCIProcess,26.666667,kWh,http://w3id.org/protys/fixture#GridFactor,ELECTRICITY_CONSUMED_IN_PRODUCTION_ONLY,SIMULATED_PRODUCTION_CASE
http://w3id.org/protys/fixture#Load00057_Op5,http://w3id.org/protys/fixture#Load00057,http://w3id.org/protys/fixture#Load00057_Process,http://w3id.org/protys/fixture#Load00057_LCIProcess,3.333333,kWh,http://w3id.org/protys/fixture#GridFactor,ELECTRICITY_CONSUMED_IN_PRODUCTION_ONLY,SIMULATED_PRODUCTION_CASE
http://w3id.org/protys/fixture#Load00057_Op6,http://w3id.org/protys/fixture#Load00057,http://w3id.org/protys/fixture#Load00057_Process,http://w3id.org/protys/fixture#Load00057_LCIProcess,0,kWh,http://w3id.org/protys/fixture#GridFactor,ELECTRICITY_CONSUMED_IN_PRODUCTION_ONLY,SIMULATED_PRODUCTION_CASE
http://w3id.org/protys/fixture#Load00057_Op7,http://w3id.org/protys/fixture#Load00057,http://w3id.org/protys/fixture#Load00057_Process,http://w3id.org/protys/fixture#Load00057_LCIProcess,0.333333,kWh,http://w3id.org/protys/fixture#GridFactor,ELECTRICITY_CONSUMED_IN_PRODUCTION_ONLY,SIMULATED_PRODUCTION_CASE
http://w3id.org/protys/fixture#Load00058_Op1,http://w3id.org/protys/fixture#Load00058,http://w3id.org/protys/fixture#Load00058_Process,http://w3id.org/protys/fixture#Load00058_LCIProcess,0,kWh,http://w3id.org/protys/fixture#GridFactor,ELECTRICITY_CONSUMED_IN_PRODUCTION_ONLY,SIMULATED_PRODUCTION_CASE
http://w3id.org/protys/fixture#Load00058_Op2,http://w3id.org/protys/fixture#Load00058,http://w3id.org/protys/fixture#Load00058_Process,http://w3id.org/protys/fixture#Load00058_LCIProcess,10,kWh,http://w3id.org/protys/fixture#GridFactor,ELECTRICITY_CONSUMED_IN_PRODUCTION_ONLY,SIMULATED_PRODUCTION_CASE
http://w3id.org/protys/fixture#Load00058_Op3,http://w3id.org/protys/fixture#Load00058,http://w3id.org/protys/fixture#Load00058_Process,http://w3id.org/protys/fixture#Load00058_LCIProcess,75,kWh,http://w3id.org/protys/fixture#GridFactor,ELECTRICITY_CONSUMED_IN_PRODUCTION_ONLY,SIMULATED_PRODUCTION_CASE
http://w3id.org/protys/fixture#Load00058_Op4,http://w3id.org/protys/fixture#Load00058,http://w3id.org/protys/fixture#Load00058_Process,http://w3id.org/protys/fixture#Load00058_LCIProcess,26.666667,kWh,http://w3id.org/protys/fixture#GridFactor,ELECTRICITY_CONSUMED_IN_PRODUCTION_ONLY,SIMULATED_PRODUCTION_CASE
http://w3id.org/protys/fixture#Load00058_Op5,http://w3id.org/protys/fixture#Load00058,http://w3id.org/protys/fixture#Load00058_Process,http://w3id.org/protys/fixture#Load00058_LCIProcess,3.333333,kWh,http://w3id.org/protys/fixture#GridFactor,ELECTRICITY_CONSUMED_IN_PRODUCTION_ONLY,SIMULATED_PRODUCTION_CASE
http://w3id.org/protys/fixture#Load00058_Op6,http://w3id.org/protys/fixture#Load00058,http://w3id.org/protys/fixture#Load00058_Process,http://w3id.org/protys/fixture#Load00058_LCIProcess,0,kWh,http://w3id.org/protys/fixture#GridFactor,ELECTRICITY_CONSUMED_IN_PRODUCTION_ONLY,SIMULATED_PRODUCTION_CASE
http://w3id.org/protys/fixture#Load00058_Op7,http://w3id.org/protys/fixture#Load00058,http://w3id.org/protys/fixture#Load00058_Process,http://w3id.org/protys/fixture#Load00058_LCIProcess,0.333333,kWh,http://w3id.org/protys/fixture#GridFactor,ELECTRICITY_CONSUMED_IN_PRODUCTION_ONLY,SIMULATED_PRODUCTION_CASE
http://w3id.org/protys/fixture#Load00059_Op1,http://w3id.org/protys/fixture#Load00059,http://w3id.org/protys/fixture#Load00059_Process,http://w3id.org/protys/fixture#Load00059_LCIProcess,0,kWh,http://w3id.org/protys/fixture#GridFactor,ELECTRICITY_CONSUMED_IN_PRODUCTION_ONLY,SIMULATED_PRODUCTION_CASE
http://w3id.org/protys/fixture#Load00059_Op2,http://w3id.org/protys/fixture#Load00059,http://w3id.org/protys/fixture#Load00059_Process,http://w3id.org/protys/fixture#Load00059_LCIProcess,10,kWh,http://w3id.org/protys/fixture#GridFactor,ELECTRICITY_CONSUMED_IN_PRODUCTION_ONLY,SIMULATED_PRODUCTION_CASE
http://w3id.org/protys/fixture#Load00059_Op3,http://w3id.org/protys/fixture#Load00059,http://w3id.org/protys/fixture#Load00059_Process,http://w3id.org/protys/fixture#Load00059_LCIProcess,75,kWh,http://w3id.org/protys/fixture#GridFactor,ELECTRICITY_CONSUMED_IN_PRODUCTION_ONLY,SIMULATED_PRODUCTION_CASE
http://w3id.org/protys/fixture#Load00059_Op4,http://w3id.org/protys/fixture#Load00059,http://w3id.org/protys/fixture#Load00059_Process,http://w3id.org/protys/fixture#Load00059_LCIProcess,26.666667,kWh,http://w3id.org/protys/fixture#GridFactor,ELECTRICITY_CONSUMED_IN_PRODUCTION_ONLY,SIMULATED_PRODUCTION_CASE
http://w3id.org/protys/fixture#Load00059_Op5,http://w3id.org/protys/fixture#Load00059,http://w3id.org/protys/fixture#Load00059_Process,http://w3id.org/protys/fixture#Load00059_LCIProcess,3.333333,kWh,http://w3id.org/protys/fixture#GridFactor,ELECTRICITY_CONSUMED_IN_PRODUCTION_ONLY,SIMULATED_PRODUCTION_CASE
http://w3id.org/protys/fixture#Load00059_Op6,http://w3id.org/protys/fixture#Load00059,http://w3id.org/protys/fixture#Load00059_Process,http://w3id.org/protys/fixture#Load00059_LCIProcess,0,kWh,http://w3id.org/protys/fixture#GridFactor,ELECTRICITY_CONSUMED_IN_PRODUCTION_ONLY,SIMULATED_PRODUCTION_CASE
http://w3id.org/protys/fixture#Load00059_Op7,http://w3id.org/protys/fixture#Load00059,http://w3id.org/protys/fixture#Load00059_Process,http://w3id.org/protys/fixture#Load00059_LCIProcess,0.333333,kWh,http://w3id.org/protys/fixture#GridFactor,ELECTRICITY_CONSUMED_IN_PRODUCTION_ONLY,SIMULATED_PRODUCTION_CASE
http://w3id.org/protys/fixture#Load00060_Op1,http://w3id.org/protys/fixture#Load00060,http://w3id.org/protys/fixture#Load00060_Process,http://w3id.org/protys/fixture#Load00060_LCIProcess,0,kWh,http://w3id.org/protys/fixture#GridFactor,ELECTRICITY_CONSUMED_IN_PRODUCTION_ONLY,SIMULATED_PRODUCTION_CASE
http://w3id.org/protys/fixture#Load00060_Op2,http://w3id.org/protys/fixture#Load00060,http://w3id.org/protys/fixture#Load00060_Process,http://w3id.org/protys/fixture#Load00060_LCIProcess,10,kWh,http://w3id.org/protys/fixture#GridFactor,ELECTRICITY_CONSUMED_IN_PRODUCTION_ONLY,SIMULATED_PRODUCTION_CASE
http://w3id.org/protys/fixture#Load00060_Op3,http://w3id.org/protys/fixture#Load00060,http://w3id.org/protys/fixture#Load00060_Process,http://w3id.org/protys/fixture#Load00060_LCIProcess,75,kWh,http://w3id.org/protys/fixture#GridFactor,ELECTRICITY_CONSUMED_IN_PRODUCTION_ONLY,SIMULATED_PRODUCTION_CASE
http://w3id.org/protys/fixture#Load00060_Op4,http://w3id.org/protys/fixture#Load00060,http://w3id.org/protys/fixture#Load00060_Process,http://w3id.org/protys/fixture#Load00060_LCIProcess,26.666667,kWh,http://w3id.org/protys/fixture#GridFactor,ELECTRICITY_CONSUMED_IN_PRODUCTION_ONLY,SIMULATED_PRODUCTION_CASE
http://w3id.org/protys/fixture#Load00060_Op5,http://w3id.org/protys/fixture#Load00060,http://w3id.org/protys/fixture#Load00060_Process,http://w3id.org/protys/fixture#Load00060_LCIProcess,3.333333,kWh,http://w3id.org/protys/fixture#GridFactor,ELECTRICITY_CONSUMED_IN_PRODUCTION_ONLY,SIMULATED_PRODUCTION_CASE
http://w3id.org/protys/fixture#Load00060_Op6,http://w3id.org/protys/fixture#Load00060,http://w3id.org/protys/fixture#Load00060_Process,http://w3id.org/protys/fixture#Load00060_LCIProcess,0,kWh,http://w3id.org/protys/fixture#GridFactor,ELECTRICITY_CONSUMED_IN_PRODUCTION_ONLY,SIMULATED_PRODUCTION_CASE
http://w3id.org/protys/fixture#Load00060_Op7,http://w3id.org/protys/fixture#Load00060,http://w3id.org/protys/fixture#Load00060_Process,http://w3id.org/protys/fixture#Load00060_LCIProcess,0.333333,kWh,http://w3id.org/protys/fixture#GridFactor,ELECTRICITY_CONSUMED_IN_PRODUCTION_ONLY,SIMULATED_PRODUCTION_CASE
http://w3id.org/protys/fixture#Load00061_Op1,http://w3id.org/protys/fixture#Load00061,http://w3id.org/protys/fixture#Load00061_Process,http://w3id.org/protys/fixture#Load00061_LCIProcess,0,kWh,http://w3id.org/protys/fixture#GridFactor,ELECTRICITY_CONSUMED_IN_PRODUCTION_ONLY,SIMULATED_PRODUCTION_CASE
http://w3id.org/protys/fixture#Load00061_Op2,http://w3id.org/protys/fixture#Load00061,http://w3id.org/protys/fixture#Load00061_Process,http://w3id.org/protys/fixture#Load00061_LCIProcess,10,kWh,http://w3id.org/protys/fixture#GridFactor,ELECTRICITY_CONSUMED_IN_PRODUCTION_ONLY,SIMULATED_PRODUCTION_CASE
http://w3id.org/protys/fixture#Load00061_Op3,http://w3id.org/protys/fixture#Load00061,http://w3id.org/protys/fixture#Load00061_Process,http://w3id.org/protys/fixture#Load00061_LCIProcess,75,kWh,http://w3id.org/protys/fixture#GridFactor,ELECTRICITY_CONSUMED_IN_PRODUCTION_ONLY,SIMULATED_PRODUCTION_CASE
http://w3id.org/protys/fixture#Load00061_Op4,http://w3id.org/protys/fixture#Load00061,http://w3id.org/protys/fixture#Load00061_Process,http://w3id.org/protys/fixture#Load00061_LCIProcess,26.666667,kWh,http://w3id.org/protys/fixture#GridFactor,ELECTRICITY_CONSUMED_IN_PRODUCTION_ONLY,SIMULATED_PRODUCTION_CASE
http://w3id.org/protys/fixture#Load00061_Op5,http://w3id.org/protys/fixture#Load00061,http://w3id.org/protys/fixture#Load00061_Process,http://w3id.org/protys/fixture#Load00061_LCIProcess,3.333333,kWh,http://w3id.org/protys/fixture#GridFactor,ELECTRICITY_CONSUMED_IN_PRODUCTION_ONLY,SIMULATED_PRODUCTION_CASE
http://w3id.org/protys/fixture#Load00061_Op6,http://w3id.org/protys/fixture#Load00061,http://w3id.org/protys/fixture#Load00061_Process,http://w3id.org/protys/fixture#Load00061_LCIProcess,0,kWh,http://w3id.org/protys/fixture#GridFactor,ELECTRICITY_CONSUMED_IN_PRODUCTION_ONLY,SIMULATED_PRODUCTION_CASE
http://w3id.org/protys/fixture#Load00061_Op7,http://w3id.org/protys/fixture#Load00061,http://w3id.org/protys/fixture#Load00061_Process,http://w3id.org/protys/fixture#Load00061_LCIProcess,0.333333,kWh,http://w3id.org/protys/fixture#GridFactor,ELECTRICITY_CONSUMED_IN_PRODUCTION_ONLY,SIMULATED_PRODUCTION_CASE
http://w3id.org/protys/fixture#Load00062_Op1,http://w3id.org/protys/fixture#Load00062,http://w3id.org/protys/fixture#Load00062_Process,http://w3id.org/protys/fixture#Load00062_LCIProcess,0,kWh,http://w3id.org/protys/fixture#GridFactor,ELECTRICITY_CONSUMED_IN_PRODUCTION_ONLY,SIMULATED_PRODUCTION_CASE
http://w3id.org/protys/fixture#Load00062_Op2,http://w3id.org/protys/fixture#Load00062,http://w3id.org/protys/fixture#Load00062_Process,http://w3id.org/protys/fixture#Load00062_LCIProcess,10,kWh,http://w3id.org/protys/fixture#GridFactor,ELECTRICITY_CONSUMED_IN_PRODUCTION_ONLY,SIMULATED_PRODUCTION_CASE
http://w3id.org/protys/fixture#Load00062_Op3,http://w3id.org/protys/fixture#Load00062,http://w3id.org/protys/fixture#Load00062_Process,http://w3id.org/protys/fixture#Load00062_LCIProcess,75,kWh,http://w3id.org/protys/fixture#GridFactor,ELECTRICITY_CONSUMED_IN_PRODUCTION_ONLY,SIMULATED_PRODUCTION_CASE
http://w3id.org/protys/fixture#Load00062_Op4,http://w3id.org/protys/fixture#Load00062,http://w3id.org/protys/fixture#Load00062_Process,http://w3id.org/protys/fixture#Load00062_LCIProcess,26.666667,kWh,http://w3id.org/protys/fixture#GridFactor,ELECTRICITY_CONSUMED_IN_PRODUCTION_ONLY,SIMULATED_PRODUCTION_CASE
http://w3id.org/protys/fixture#Load00062_Op5,http://w3id.org/protys/fixture#Load00062,http://w3id.org/protys/fixture#Load00062_Process,http://w3id.org/protys/fixture#Load00062_LCIProcess,3.333333,kWh,http://w3id.org/protys/fixture#GridFactor,ELECTRICITY_CONSUMED_IN_PRODUCTION_ONLY,SIMULATED_PRODUCTION_CASE
http://w3id.org/protys/fixture#Load00062_Op6,http://w3id.org/protys/fixture#Load00062,http://w3id.org/protys/fixture#Load00062_Process,http://w3id.org/protys/fixture#Load00062_LCIProcess,0,kWh,http://w3id.org/protys/fixture#GridFactor,ELECTRICITY_CONSUMED_IN_PRODUCTION_ONLY,SIMULATED_PRODUCTION_CASE
http://w3id.org/protys/fixture#Load00062_Op7,http://w3id.org/protys/fixture#Load00062,http://w3id.org/protys/fixture#Load00062_Process,http://w3id.org/protys/fixture#Load00062_LCIProcess,0.333333,kWh,http://w3id.org/protys/fixture#GridFactor,ELECTRICITY_CONSUMED_IN_PRODUCTION_ONLY,SIMULATED_PRODUCTION_CASE
http://w3id.org/protys/fixture#Load00063_Op1,http://w3id.org/protys/fixture#Load00063,http://w3id.org/protys/fixture#Load00063_Process,http://w3id.org/protys/fixture#Load00063_LCIProcess,0,kWh,http://w3id.org/protys/fixture#GridFactor,ELECTRICITY_CONSUMED_IN_PRODUCTION_ONLY,SIMULATED_PRODUCTION_CASE
http://w3id.org/protys/fixture#Load00063_Op2,http://w3id.org/protys/fixture#Load00063,http://w3id.org/protys/fixture#Load00063_Process,http://w3id.org/protys/fixture#Load00063_LCIProcess,10,kWh,http://w3id.org/protys/fixture#GridFactor,ELECTRICITY_CONSUMED_IN_PRODUCTION_ONLY,SIMULATED_PRODUCTION_CASE
http://w3id.org/protys/fixture#Load00063_Op3,http://w3id.org/protys/fixture#Load00063,http://w3id.org/protys/fixture#Load00063_Process,http://w3id.org/protys/fixture#Load00063_LCIProcess,75,kWh,http://w3id.org/protys/fixture#GridFactor,ELECTRICITY_CONSUMED_IN_PRODUCTION_ONLY,SIMULATED_PRODUCTION_CASE
http://w3id.org/protys/fixture#Load00063_Op4,http://w3id.org/protys/fixture#Load00063,http://w3id.org/protys/fixture#Load00063_Process,http://w3id.org/protys/fixture#Load00063_LCIProcess,26.666667,kWh,http://w3id.org/protys/fixture#GridFactor,ELECTRICITY_CONSUMED_IN_PRODUCTION_ONLY,SIMULATED_PRODUCTION_CASE
http://w3id.org/protys/fixture#Load00063_Op5,http://w3id.org/protys/fixture#Load00063,http://w3id.org/protys/fixture#Load00063_Process,http://w3id.org/protys/fixture#Load00063_LCIProcess,3.333333,kWh,http://w3id.org/protys/fixture#GridFactor,ELECTRICITY_CONSUMED_IN_PRODUCTION_ONLY,SIMULATED_PRODUCTION_CASE
http://w3id.org/protys/fixture#Load00063_Op6,http://w3id.org/protys/fixture#Load00063,http://w3id.org/protys/fixture#Load00063_Process,http://w3id.org/protys/fixture#Load00063_LCIProcess,0,kWh,http://w3id.org/protys/fixture#GridFactor,ELECTRICITY_CONSUMED_IN_PRODUCTION_ONLY,SIMULATED_PRODUCTION_CASE
http://w3id.org/protys/fixture#Load00063_Op7,http://w3id.org/protys/fixture#Load00063,http://w3id.org/protys/fixture#Load00063_Process,http://w3id.org/protys/fixture#Load00063_LCIProcess,0.333333,kWh,http://w3id.org/protys/fixture#GridFactor,ELECTRICITY_CONSUMED_IN_PRODUCTION_ONLY,SIMULATED_PRODUCTION_CASE
http://w3id.org/protys/fixture#Load00064_Op1,http://w3id.org/protys/fixture#Load00064,http://w3id.org/protys/fixture#Load00064_Process,http://w3id.org/protys/fixture#Load00064_LCIProcess,0,kWh,http://w3id.org/protys/fixture#GridFactor,ELECTRICITY_CONSUMED_IN_PRODUCTION_ONLY,SIMULATED_PRODUCTION_CASE
http://w3id.org/protys/fixture#Load00064_Op2,http://w3id.org/protys/fixture#Load00064,http://w3id.org/protys/fixture#Load00064_Process,http://w3id.org/protys/fixture#Load00064_LCIProcess,10,kWh,http://w3id.org/protys/fixture#GridFactor,ELECTRICITY_CONSUMED_IN_PRODUCTION_ONLY,SIMULATED_PRODUCTION_CASE
http://w3id.org/protys/fixture#Load00064_Op3,http://w3id.org/protys/fixture#Load00064,http://w3id.org/protys/fixture#Load00064_Process,http://w3id.org/protys/fixture#Load00064_LCIProcess,75,kWh,http://w3id.org/protys/fixture#GridFactor,ELECTRICITY_CONSUMED_IN_PRODUCTION_ONLY,SIMULATED_PRODUCTION_CASE
http://w3id.org/protys/fixture#Load00064_Op4,http://w3id.org/protys/fixture#Load00064,http://w3id.org/protys/fixture#Load00064_Process,http://w3id.org/protys/fixture#Load00064_LCIProcess,26.666667,kWh,http://w3id.org/protys/fixture#GridFactor,ELECTRICITY_CONSUMED_IN_PRODUCTION_ONLY,SIMULATED_PRODUCTION_CASE
http://w3id.org/protys/fixture#Load00064_Op5,http://w3id.org/protys/fixture#Load00064,http://w3id.org/protys/fixture#Load00064_Process,http://w3id.org/protys/fixture#Load00064_LCIProcess,3.333333,kWh,http://w3id.org/protys/fixture#GridFactor,ELECTRICITY_CONSUMED_IN_PRODUCTION_ONLY,SIMULATED_PRODUCTION_CASE
http://w3id.org/protys/fixture#Load00064_Op6,http://w3id.org/protys/fixture#Load00064,http://w3id.org/protys/fixture#Load00064_Process,http://w3id.org/protys/fixture#Load00064_LCIProcess,0,kWh,http://w3id.org/protys/fixture#GridFactor,ELECTRICITY_CONSUMED_IN_PRODUCTION_ONLY,SIMULATED_PRODUCTION_CASE
http://w3id.org/protys/fixture#Load00064_Op7,http://w3id.org/protys/fixture#Load00064,http://w3id.org/protys/fixture#Load00064_Process,http://w3id.org/protys/fixture#Load00064_LCIProcess,0.333333,kWh,http://w3id.org/protys/fixture#GridFactor,ELECTRICITY_CONSUMED_IN_PRODUCTION_ONLY,SIMULATED_PRODUCTION_CASE
http://w3id.org/protys/fixture#Load00065_Op1,http://w3id.org/protys/fixture#Load00065,http://w3id.org/protys/fixture#Load00065_Process,http://w3id.org/protys/fixture#Load00065_LCIProcess,0,kWh,http://w3id.org/protys/fixture#GridFactor,ELECTRICITY_CONSUMED_IN_PRODUCTION_ONLY,SIMULATED_PRODUCTION_CASE
http://w3id.org/protys/fixture#Load00065_Op2,http://w3id.org/protys/fixture#Load00065,http://w3id.org/protys/fixture#Load00065_Process,http://w3id.org/protys/fixture#Load00065_LCIProcess,10,kWh,http://w3id.org/protys/fixture#GridFactor,ELECTRICITY_CONSUMED_IN_PRODUCTION_ONLY,SIMULATED_PRODUCTION_CASE
http://w3id.org/protys/fixture#Load00065_Op3,http://w3id.org/protys/fixture#Load00065,http://w3id.org/protys/fixture#Load00065_Process,http://w3id.org/protys/fixture#Load00065_LCIProcess,75,kWh,http://w3id.org/protys/fixture#GridFactor,ELECTRICITY_CONSUMED_IN_PRODUCTION_ONLY,SIMULATED_PRODUCTION_CASE
http://w3id.org/protys/fixture#Load00065_Op4,http://w3id.org/protys/fixture#Load00065,http://w3id.org/protys/fixture#Load00065_Process,http://w3id.org/protys/fixture#Load00065_LCIProcess,26.666667,kWh,http://w3id.org/protys/fixture#GridFactor,ELECTRICITY_CONSUMED_IN_PRODUCTION_ONLY,SIMULATED_PRODUCTION_CASE
http://w3id.org/protys/fixture#Load00065_Op5,http://w3id.org/protys/fixture#Load00065,http://w3id.org/protys/fixture#Load00065_Process,http://w3id.org/protys/fixture#Load00065_LCIProcess,3.333333,kWh,http://w3id.org/protys/fixture#GridFactor,ELECTRICITY_CONSUMED_IN_PRODUCTION_ONLY,SIMULATED_PRODUCTION_CASE
http://w3id.org/protys/fixture#Load00065_Op6,http://w3id.org/protys/fixture#Load00065,http://w3id.org/protys/fixture#Load00065_Process,http://w3id.org/protys/fixture#Load00065_LCIProcess,0,kWh,http://w3id.org/protys/fixture#GridFactor,ELECTRICITY_CONSUMED_IN_PRODUCTION_ONLY,SIMULATED_PRODUCTION_CASE
http://w3id.org/protys/fixture#Load00065_Op7,http://w3id.org/protys/fixture#Load00065,http://w3id.org/protys/fixture#Load00065_Process,http://w3id.org/protys/fixture#Load00065_LCIProcess,0.333333,kWh,http://w3id.org/protys/fixture#GridFactor,ELECTRICITY_CONSUMED_IN_PRODUCTION_ONLY,SIMULATED_PRODUCTION_CASE
http://w3id.org/protys/fixture#Load00066_Op1,http://w3id.org/protys/fixture#Load00066,http://w3id.org/protys/fixture#Load00066_Process,http://w3id.org/protys/fixture#Load00066_LCIProcess,0,kWh,http://w3id.org/protys/fixture#GridFactor,ELECTRICITY_CONSUMED_IN_PRODUCTION_ONLY,SIMULATED_PRODUCTION_CASE
http://w3id.org/protys/fixture#Load00066_Op2,http://w3id.org/protys/fixture#Load00066,http://w3id.org/protys/fixture#Load00066_Process,http://w3id.org/protys/fixture#Load00066_LCIProcess,10,kWh,http://w3id.org/protys/fixture#GridFactor,ELECTRICITY_CONSUMED_IN_PRODUCTION_ONLY,SIMULATED_PRODUCTION_CASE
http://w3id.org/protys/fixture#Load00066_Op3,http://w3id.org/protys/fixture#Load00066,http://w3id.org/protys/fixture#Load00066_Process,http://w3id.org/protys/fixture#Load00066_LCIProcess,75,kWh,http://w3id.org/protys/fixture#GridFactor,ELECTRICITY_CONSUMED_IN_PRODUCTION_ONLY,SIMULATED_PRODUCTION_CASE
http://w3id.org/protys/fixture#Load00066_Op4,http://w3id.org/protys/fixture#Load00066,http://w3id.org/protys/fixture#Load00066_Process,http://w3id.org/protys/fixture#Load00066_LCIProcess,26.666667,kWh,http://w3id.org/protys/fixture#GridFactor,ELECTRICITY_CONSUMED_IN_PRODUCTION_ONLY,SIMULATED_PRODUCTION_CASE
http://w3id.org/protys/fixture#Load00066_Op5,http://w3id.org/protys/fixture#Load00066,http://w3id.org/protys/fixture#Load00066_Process,http://w3id.org/protys/fixture#Load00066_LCIProcess,3.333333,kWh,http://w3id.org/protys/fixture#GridFactor,ELECTRICITY_CONSUMED_IN_PRODUCTION_ONLY,SIMULATED_PRODUCTION_CASE
http://w3id.org/protys/fixture#Load00066_Op6,http://w3id.org/protys/fixture#Load00066,http://w3id.org/protys/fixture#Load00066_Process,http://w3id.org/protys/fixture#Load00066_LCIProcess,0,kWh,http://w3id.org/protys/fixture#GridFactor,ELECTRICITY_CONSUMED_IN_PRODUCTION_ONLY,SIMULATED_PRODUCTION_CASE
http://w3id.org/protys/fixture#Load00066_Op7,http://w3id.org/protys/fixture#Load00066,http://w3id.org/protys/fixture#Load00066_Process,http://w3id.org/protys/fixture#Load00066_LCIProcess,0.333333,kWh,http://w3id.org/protys/fixture#GridFactor,ELECTRICITY_CONSUMED_IN_PRODUCTION_ONLY,SIMULATED_PRODUCTION_CASE
http://w3id.org/protys/fixture#Load00067_Op1,http://w3id.org/protys/fixture#Load00067,http://w3id.org/protys/fixture#Load00067_Process,http://w3id.org/protys/fixture#Load00067_LCIProcess,0,kWh,http://w3id.org/protys/fixture#GridFactor,ELECTRICITY_CONSUMED_IN_PRODUCTION_ONLY,SIMULATED_PRODUCTION_CASE
http://w3id.org/protys/fixture#Load00067_Op2,http://w3id.org/protys/fixture#Load00067,http://w3id.org/protys/fixture#Load00067_Process,http://w3id.org/protys/fixture#Load00067_LCIProcess,10,kWh,http://w3id.org/protys/fixture#GridFactor,ELECTRICITY_CONSUMED_IN_PRODUCTION_ONLY,SIMULATED_PRODUCTION_CASE
http://w3id.org/protys/fixture#Load00067_Op3,http://w3id.org/protys/fixture#Load00067,http://w3id.org/protys/fixture#Load00067_Process,http://w3id.org/protys/fixture#Load00067_LCIProcess,75,kWh,http://w3id.org/protys/fixture#GridFactor,ELECTRICITY_CONSUMED_IN_PRODUCTION_ONLY,SIMULATED_PRODUCTION_CASE
http://w3id.org/protys/fixture#Load00067_Op4,http://w3id.org/protys/fixture#Load00067,http://w3id.org/protys/fixture#Load00067_Process,http://w3id.org/protys/fixture#Load00067_LCIProcess,26.666667,kWh,http://w3id.org/protys/fixture#GridFactor,ELECTRICITY_CONSUMED_IN_PRODUCTION_ONLY,SIMULATED_PRODUCTION_CASE
http://w3id.org/protys/fixture#Load00067_Op5,http://w3id.org/protys/fixture#Load00067,http://w3id.org/protys/fixture#Load00067_Process,http://w3id.org/protys/fixture#Load00067_LCIProcess,3.333333,kWh,http://w3id.org/protys/fixture#GridFactor,ELECTRICITY_CONSUMED_IN_PRODUCTION_ONLY,SIMULATED_PRODUCTION_CASE
http://w3id.org/protys/fixture#Load00067_Op6,http://w3id.org/protys/fixture#Load00067,http://w3id.org/protys/fixture#Load00067_Process,http://w3id.org/protys/fixture#Load00067_LCIProcess,0,kWh,http://w3id.org/protys/fixture#GridFactor,ELECTRICITY_CONSUMED_IN_PRODUCTION_ONLY,SIMULATED_PRODUCTION_CASE
http://w3id.org/protys/fixture#Load00067_Op7,http://w3id.org/protys/fixture#Load00067,http://w3id.org/protys/fixture#Load00067_Process,http://w3id.org/protys/fixture#Load00067_LCIProcess,0.333333,kWh,http://w3id.org/protys/fixture#GridFactor,ELECTRICITY_CONSUMED_IN_PRODUCTION_ONLY,SIMULATED_PRODUCTION_CASE
http://w3id.org/protys/fixture#Load00068_Op1,http://w3id.org/protys/fixture#Load00068,http://w3id.org/protys/fixture#Load00068_Process,http://w3id.org/protys/fixture#Load00068_LCIProcess,0,kWh,http://w3id.org/protys/fixture#GridFactor,ELECTRICITY_CONSUMED_IN_PRODUCTION_ONLY,SIMULATED_PRODUCTION_CASE
http://w3id.org/protys/fixture#Load00068_Op2,http://w3id.org/protys/fixture#Load00068,http://w3id.org/protys/fixture#Load00068_Process,http://w3id.org/protys/fixture#Load00068_LCIProcess,10,kWh,http://w3id.org/protys/fixture#GridFactor,ELECTRICITY_CONSUMED_IN_PRODUCTION_ONLY,SIMULATED_PRODUCTION_CASE
http://w3id.org/protys/fixture#Load00068_Op3,http://w3id.org/protys/fixture#Load00068,http://w3id.org/protys/fixture#Load00068_Process,http://w3id.org/protys/fixture#Load00068_LCIProcess,75,kWh,http://w3id.org/protys/fixture#GridFactor,ELECTRICITY_CONSUMED_IN_PRODUCTION_ONLY,SIMULATED_PRODUCTION_CASE
http://w3id.org/protys/fixture#Load00068_Op4,http://w3id.org/protys/fixture#Load00068,http://w3id.org/protys/fixture#Load00068_Process,http://w3id.org/protys/fixture#Load00068_LCIProcess,26.666667,kWh,http://w3id.org/protys/fixture#GridFactor,ELECTRICITY_CONSUMED_IN_PRODUCTION_ONLY,SIMULATED_PRODUCTION_CASE
http://w3id.org/protys/fixture#Load00068_Op5,http://w3id.org/protys/fixture#Load00068,http://w3id.org/protys/fixture#Load00068_Process,http://w3id.org/protys/fixture#Load00068_LCIProcess,3.333333,kWh,http://w3id.org/protys/fixture#GridFactor,ELECTRICITY_CONSUMED_IN_PRODUCTION_ONLY,SIMULATED_PRODUCTION_CASE
http://w3id.org/protys/fixture#Load00068_Op6,http://w3id.org/protys/fixture#Load00068,http://w3id.org/protys/fixture#Load00068_Process,http://w3id.org/protys/fixture#Load00068_LCIProcess,0,kWh,http://w3id.org/protys/fixture#GridFactor,ELECTRICITY_CONSUMED_IN_PRODUCTION_ONLY,SIMULATED_PRODUCTION_CASE
http://w3id.org/protys/fixture#Load00068_Op7,http://w3id.org/protys/fixture#Load00068,http://w3id.org/protys/fixture#Load00068_Process,http://w3id.org/protys/fixture#Load00068_LCIProcess,0.333333,kWh,http://w3id.org/protys/fixture#GridFactor,ELECTRICITY_CONSUMED_IN_PRODUCTION_ONLY,SIMULATED_PRODUCTION_CASE
http://w3id.org/protys/fixture#Load00069_Op1,http://w3id.org/protys/fixture#Load00069,http://w3id.org/protys/fixture#Load00069_Process,http://w3id.org/protys/fixture#Load00069_LCIProcess,0,kWh,http://w3id.org/protys/fixture#GridFactor,ELECTRICITY_CONSUMED_IN_PRODUCTION_ONLY,SIMULATED_PRODUCTION_CASE
http://w3id.org/protys/fixture#Load00069_Op2,http://w3id.org/protys/fixture#Load00069,http://w3id.org/protys/fixture#Load00069_Process,http://w3id.org/protys/fixture#Load00069_LCIProcess,10,kWh,http://w3id.org/protys/fixture#GridFactor,ELECTRICITY_CONSUMED_IN_PRODUCTION_ONLY,SIMULATED_PRODUCTION_CASE
http://w3id.org/protys/fixture#Load00069_Op3,http://w3id.org/protys/fixture#Load00069,http://w3id.org/protys/fixture#Load00069_Process,http://w3id.org/protys/fixture#Load00069_LCIProcess,75,kWh,http://w3id.org/protys/fixture#GridFactor,ELECTRICITY_CONSUMED_IN_PRODUCTION_ONLY,SIMULATED_PRODUCTION_CASE
http://w3id.org/protys/fixture#Load00069_Op4,http://w3id.org/protys/fixture#Load00069,http://w3id.org/protys/fixture#Load00069_Process,http://w3id.org/protys/fixture#Load00069_LCIProcess,26.666667,kWh,http://w3id.org/protys/fixture#GridFactor,ELECTRICITY_CONSUMED_IN_PRODUCTION_ONLY,SIMULATED_PRODUCTION_CASE
http://w3id.org/protys/fixture#Load00069_Op5,http://w3id.org/protys/fixture#Load00069,http://w3id.org/protys/fixture#Load00069_Process,http://w3id.org/protys/fixture#Load00069_LCIProcess,3.333333,kWh,http://w3id.org/protys/fixture#GridFactor,ELECTRICITY_CONSUMED_IN_PRODUCTION_ONLY,SIMULATED_PRODUCTION_CASE
http://w3id.org/protys/fixture#Load00069_Op6,http://w3id.org/protys/fixture#Load00069,http://w3id.org/protys/fixture#Load00069_Process,http://w3id.org/protys/fixture#Load00069_LCIProcess,0,kWh,http://w3id.org/protys/fixture#GridFactor,ELECTRICITY_CONSUMED_IN_PRODUCTION_ONLY,SIMULATED_PRODUCTION_CASE
http://w3id.org/protys/fixture#Load00069_Op7,http://w3id.org/protys/fixture#Load00069,http://w3id.org/protys/fixture#Load00069_Process,http://w3id.org/protys/fixture#Load00069_LCIProcess,0.333333,kWh,http://w3id.org/protys/fixture#GridFactor,ELECTRICITY_CONSUMED_IN_PRODUCTION_ONLY,SIMULATED_PRODUCTION_CASE
http://w3id.org/protys/fixture#Load00070_Op1,http://w3id.org/protys/fixture#Load00070,http://w3id.org/protys/fixture#Load00070_Process,http://w3id.org/protys/fixture#Load00070_LCIProcess,0,kWh,http://w3id.org/protys/fixture#GridFactor,ELECTRICITY_CONSUMED_IN_PRODUCTION_ONLY,SIMULATED_PRODUCTION_CASE
http://w3id.org/protys/fixture#Load00070_Op2,http://w3id.org/protys/fixture#Load00070,http://w3id.org/protys/fixture#Load00070_Process,http://w3id.org/protys/fixture#Load00070_LCIProcess,10,kWh,http://w3id.org/protys/fixture#GridFactor,ELECTRICITY_CONSUMED_IN_PRODUCTION_ONLY,SIMULATED_PRODUCTION_CASE
http://w3id.org/protys/fixture#Load00070_Op3,http://w3id.org/protys/fixture#Load00070,http://w3id.org/protys/fixture#Load00070_Process,http://w3id.org/protys/fixture#Load00070_LCIProcess,75,kWh,http://w3id.org/protys/fixture#GridFactor,ELECTRICITY_CONSUMED_IN_PRODUCTION_ONLY,SIMULATED_PRODUCTION_CASE
http://w3id.org/protys/fixture#Load00070_Op4,http://w3id.org/protys/fixture#Load00070,http://w3id.org/protys/fixture#Load00070_Process,http://w3id.org/protys/fixture#Load00070_LCIProcess,26.666667,kWh,http://w3id.org/protys/fixture#GridFactor,ELECTRICITY_CONSUMED_IN_PRODUCTION_ONLY,SIMULATED_PRODUCTION_CASE
http://w3id.org/protys/fixture#Load00070_Op5,http://w3id.org/protys/fixture#Load00070,http://w3id.org/protys/fixture#Load00070_Process,http://w3id.org/protys/fixture#Load00070_LCIProcess,3.333333,kWh,http://w3id.org/protys/fixture#GridFactor,ELECTRICITY_CONSUMED_IN_PRODUCTION_ONLY,SIMULATED_PRODUCTION_CASE
http://w3id.org/protys/fixture#Load00070_Op6,http://w3id.org/protys/fixture#Load00070,http://w3id.org/protys/fixture#Load00070_Process,http://w3id.org/protys/fixture#Load00070_LCIProcess,0,kWh,http://w3id.org/protys/fixture#GridFactor,ELECTRICITY_CONSUMED_IN_PRODUCTION_ONLY,SIMULATED_PRODUCTION_CASE
http://w3id.org/protys/fixture#Load00070_Op7,http://w3id.org/protys/fixture#Load00070,http://w3id.org/protys/fixture#Load00070_Process,http://w3id.org/protys/fixture#Load00070_LCIProcess,0.333333,kWh,http://w3id.org/protys/fixture#GridFactor,ELECTRICITY_CONSUMED_IN_PRODUCTION_ONLY,SIMULATED_PRODUCTION_CASE
http://w3id.org/protys/fixture#Load00071_Op1,http://w3id.org/protys/fixture#Load00071,http://w3id.org/protys/fixture#Load00071_Process,http://w3id.org/protys/fixture#Load00071_LCIProcess,0,kWh,http://w3id.org/protys/fixture#GridFactor,ELECTRICITY_CONSUMED_IN_PRODUCTION_ONLY,SIMULATED_PRODUCTION_CASE
http://w3id.org/protys/fixture#Load00071_Op2,http://w3id.org/protys/fixture#Load00071,http://w3id.org/protys/fixture#Load00071_Process,http://w3id.org/protys/fixture#Load00071_LCIProcess,10,kWh,http://w3id.org/protys/fixture#GridFactor,ELECTRICITY_CONSUMED_IN_PRODUCTION_ONLY,SIMULATED_PRODUCTION_CASE
http://w3id.org/protys/fixture#Load00071_Op3,http://w3id.org/protys/fixture#Load00071,http://w3id.org/protys/fixture#Load00071_Process,http://w3id.org/protys/fixture#Load00071_LCIProcess,75,kWh,http://w3id.org/protys/fixture#GridFactor,ELECTRICITY_CONSUMED_IN_PRODUCTION_ONLY,SIMULATED_PRODUCTION_CASE
http://w3id.org/protys/fixture#Load00071_Op4,http://w3id.org/protys/fixture#Load00071,http://w3id.org/protys/fixture#Load00071_Process,http://w3id.org/protys/fixture#Load00071_LCIProcess,26.666667,kWh,http://w3id.org/protys/fixture#GridFactor,ELECTRICITY_CONSUMED_IN_PRODUCTION_ONLY,SIMULATED_PRODUCTION_CASE
http://w3id.org/protys/fixture#Load00071_Op5,http://w3id.org/protys/fixture#Load00071,http://w3id.org/protys/fixture#Load00071_Process,http://w3id.org/protys/fixture#Load00071_LCIProcess,3.333333,kWh,http://w3id.org/protys/fixture#GridFactor,ELECTRICITY_CONSUMED_IN_PRODUCTION_ONLY,SIMULATED_PRODUCTION_CASE
http://w3id.org/protys/fixture#Load00071_Op6,http://w3id.org/protys/fixture#Load00071,http://w3id.org/protys/fixture#Load00071_Process,http://w3id.org/protys/fixture#Load00071_LCIProcess,0,kWh,http://w3id.org/protys/fixture#GridFactor,ELECTRICITY_CONSUMED_IN_PRODUCTION_ONLY,SIMULATED_PRODUCTION_CASE
http://w3id.org/protys/fixture#Load00071_Op7,http://w3id.org/protys/fixture#Load00071,http://w3id.org/protys/fixture#Load00071_Process,http://w3id.org/protys/fixture#Load00071_LCIProcess,0.333333,kWh,http://w3id.org/protys/fixture#GridFactor,ELECTRICITY_CONSUMED_IN_PRODUCTION_ONLY,SIMULATED_PRODUCTION_CASE
http://w3id.org/protys/fixture#Load00072_Op1,http://w3id.org/protys/fixture#Load00072,http://w3id.org/protys/fixture#Load00072_Process,http://w3id.org/protys/fixture#Load00072_LCIProcess,0,kWh,http://w3id.org/protys/fixture#GridFactor,ELECTRICITY_CONSUMED_IN_PRODUCTION_ONLY,SIMULATED_PRODUCTION_CASE
http://w3id.org/protys/fixture#Load00072_Op2,http://w3id.org/protys/fixture#Load00072,http://w3id.org/protys/fixture#Load00072_Process,http://w3id.org/protys/fixture#Load00072_LCIProcess,10,kWh,http://w3id.org/protys/fixture#GridFactor,ELECTRICITY_CONSUMED_IN_PRODUCTION_ONLY,SIMULATED_PRODUCTION_CASE
http://w3id.org/protys/fixture#Load00072_Op3,http://w3id.org/protys/fixture#Load00072,http://w3id.org/protys/fixture#Load00072_Process,http://w3id.org/protys/fixture#Load00072_LCIProcess,75,kWh,http://w3id.org/protys/fixture#GridFactor,ELECTRICITY_CONSUMED_IN_PRODUCTION_ONLY,SIMULATED_PRODUCTION_CASE
http://w3id.org/protys/fixture#Load00072_Op4,http://w3id.org/protys/fixture#Load00072,http://w3id.org/protys/fixture#Load00072_Process,http://w3id.org/protys/fixture#Load00072_LCIProcess,26.666667,kWh,http://w3id.org/protys/fixture#GridFactor,ELECTRICITY_CONSUMED_IN_PRODUCTION_ONLY,SIMULATED_PRODUCTION_CASE
http://w3id.org/protys/fixture#Load00072_Op5,http://w3id.org/protys/fixture#Load00072,http://w3id.org/protys/fixture#Load00072_Process,http://w3id.org/protys/fixture#Load00072_LCIProcess,3.333333,kWh,http://w3id.org/protys/fixture#GridFactor,ELECTRICITY_CONSUMED_IN_PRODUCTION_ONLY,SIMULATED_PRODUCTION_CASE
http://w3id.org/protys/fixture#Load00072_Op6,http://w3id.org/protys/fixture#Load00072,http://w3id.org/protys/fixture#Load00072_Process,http://w3id.org/protys/fixture#Load00072_LCIProcess,0,kWh,http://w3id.org/protys/fixture#GridFactor,ELECTRICITY_CONSUMED_IN_PRODUCTION_ONLY,SIMULATED_PRODUCTION_CASE
http://w3id.org/protys/fixture#Load00072_Op7,http://w3id.org/protys/fixture#Load00072,http://w3id.org/protys/fixture#Load00072_Process,http://w3id.org/protys/fixture#Load00072_LCIProcess,0.333333,kWh,http://w3id.org/protys/fixture#GridFactor,ELECTRICITY_CONSUMED_IN_PRODUCTION_ONLY,SIMULATED_PRODUCTION_CASE
http://w3id.org/protys/fixture#Load00073_Op1,http://w3id.org/protys/fixture#Load00073,http://w3id.org/protys/fixture#Load00073_Process,http://w3id.org/protys/fixture#Load00073_LCIProcess,0,kWh,http://w3id.org/protys/fixture#GridFactor,ELECTRICITY_CONSUMED_IN_PRODUCTION_ONLY,SIMULATED_PRODUCTION_CASE
http://w3id.org/protys/fixture#Load00073_Op2,http://w3id.org/protys/fixture#Load00073,http://w3id.org/protys/fixture#Load00073_Process,http://w3id.org/protys/fixture#Load00073_LCIProcess,10,kWh,http://w3id.org/protys/fixture#GridFactor,ELECTRICITY_CONSUMED_IN_PRODUCTION_ONLY,SIMULATED_PRODUCTION_CASE
http://w3id.org/protys/fixture#Load00073_Op3,http://w3id.org/protys/fixture#Load00073,http://w3id.org/protys/fixture#Load00073_Process,http://w3id.org/protys/fixture#Load00073_LCIProcess,75,kWh,http://w3id.org/protys/fixture#GridFactor,ELECTRICITY_CONSUMED_IN_PRODUCTION_ONLY,SIMULATED_PRODUCTION_CASE
http://w3id.org/protys/fixture#Load00073_Op4,http://w3id.org/protys/fixture#Load00073,http://w3id.org/protys/fixture#Load00073_Process,http://w3id.org/protys/fixture#Load00073_LCIProcess,26.666667,kWh,http://w3id.org/protys/fixture#GridFactor,ELECTRICITY_CONSUMED_IN_PRODUCTION_ONLY,SIMULATED_PRODUCTION_CASE
http://w3id.org/protys/fixture#Load00073_Op5,http://w3id.org/protys/fixture#Load00073,http://w3id.org/protys/fixture#Load00073_Process,http://w3id.org/protys/fixture#Load00073_LCIProcess,3.333333,kWh,http://w3id.org/protys/fixture#GridFactor,ELECTRICITY_CONSUMED_IN_PRODUCTION_ONLY,SIMULATED_PRODUCTION_CASE
http://w3id.org/protys/fixture#Load00073_Op6,http://w3id.org/protys/fixture#Load00073,http://w3id.org/protys/fixture#Load00073_Process,http://w3id.org/protys/fixture#Load00073_LCIProcess,0,kWh,http://w3id.org/protys/fixture#GridFactor,ELECTRICITY_CONSUMED_IN_PRODUCTION_ONLY,SIMULATED_PRODUCTION_CASE
http://w3id.org/protys/fixture#Load00073_Op7,http://w3id.org/protys/fixture#Load00073,http://w3id.org/protys/fixture#Load00073_Process,http://w3id.org/protys/fixture#Load00073_LCIProcess,0.333333,kWh,http://w3id.org/protys/fixture#GridFactor,ELECTRICITY_CONSUMED_IN_PRODUCTION_ONLY,SIMULATED_PRODUCTION_CASE
http://w3id.org/protys/fixture#Load00074_Op1,http://w3id.org/protys/fixture#Load00074,http://w3id.org/protys/fixture#Load00074_Process,http://w3id.org/protys/fixture#Load00074_LCIProcess,0,kWh,http://w3id.org/protys/fixture#GridFactor,ELECTRICITY_CONSUMED_IN_PRODUCTION_ONLY,SIMULATED_PRODUCTION_CASE
http://w3id.org/protys/fixture#Load00074_Op2,http://w3id.org/protys/fixture#Load00074,http://w3id.org/protys/fixture#Load00074_Process,http://w3id.org/protys/fixture#Load00074_LCIProcess,10,kWh,http://w3id.org/protys/fixture#GridFactor,ELECTRICITY_CONSUMED_IN_PRODUCTION_ONLY,SIMULATED_PRODUCTION_CASE
http://w3id.org/protys/fixture#Load00074_Op3,http://w3id.org/protys/fixture#Load00074,http://w3id.org/protys/fixture#Load00074_Process,http://w3id.org/protys/fixture#Load00074_LCIProcess,75,kWh,http://w3id.org/protys/fixture#GridFactor,ELECTRICITY_CONSUMED_IN_PRODUCTION_ONLY,SIMULATED_PRODUCTION_CASE
http://w3id.org/protys/fixture#Load00074_Op4,http://w3id.org/protys/fixture#Load00074,http://w3id.org/protys/fixture#Load00074_Process,http://w3id.org/protys/fixture#Load00074_LCIProcess,26.666667,kWh,http://w3id.org/protys/fixture#GridFactor,ELECTRICITY_CONSUMED_IN_PRODUCTION_ONLY,SIMULATED_PRODUCTION_CASE
http://w3id.org/protys/fixture#Load00074_Op5,http://w3id.org/protys/fixture#Load00074,http://w3id.org/protys/fixture#Load00074_Process,http://w3id.org/protys/fixture#Load00074_LCIProcess,3.333333,kWh,http://w3id.org/protys/fixture#GridFactor,ELECTRICITY_CONSUMED_IN_PRODUCTION_ONLY,SIMULATED_PRODUCTION_CASE
http://w3id.org/protys/fixture#Load00074_Op6,http://w3id.org/protys/fixture#Load00074,http://w3id.org/protys/fixture#Load00074_Process,http://w3id.org/protys/fixture#Load00074_LCIProcess,0,kWh,http://w3id.org/protys/fixture#GridFactor,ELECTRICITY_CONSUMED_IN_PRODUCTION_ONLY,SIMULATED_PRODUCTION_CASE
http://w3id.org/protys/fixture#Load00074_Op7,http://w3id.org/protys/fixture#Load00074,http://w3id.org/protys/fixture#Load00074_Process,http://w3id.org/protys/fixture#Load00074_LCIProcess,0.333333,kWh,http://w3id.org/protys/fixture#GridFactor,ELECTRICITY_CONSUMED_IN_PRODUCTION_ONLY,SIMULATED_PRODUCTION_CASE
http://w3id.org/protys/fixture#Load00075_Op1,http://w3id.org/protys/fixture#Load00075,http://w3id.org/protys/fixture#Load00075_Process,http://w3id.org/protys/fixture#Load00075_LCIProcess,0,kWh,http://w3id.org/protys/fixture#GridFactor,ELECTRICITY_CONSUMED_IN_PRODUCTION_ONLY,SIMULATED_PRODUCTION_CASE
http://w3id.org/protys/fixture#Load00075_Op2,http://w3id.org/protys/fixture#Load00075,http://w3id.org/protys/fixture#Load00075_Process,http://w3id.org/protys/fixture#Load00075_LCIProcess,10,kWh,http://w3id.org/protys/fixture#GridFactor,ELECTRICITY_CONSUMED_IN_PRODUCTION_ONLY,SIMULATED_PRODUCTION_CASE
http://w3id.org/protys/fixture#Load00075_Op3,http://w3id.org/protys/fixture#Load00075,http://w3id.org/protys/fixture#Load00075_Process,http://w3id.org/protys/fixture#Load00075_LCIProcess,75,kWh,http://w3id.org/protys/fixture#GridFactor,ELECTRICITY_CONSUMED_IN_PRODUCTION_ONLY,SIMULATED_PRODUCTION_CASE
http://w3id.org/protys/fixture#Load00075_Op4,http://w3id.org/protys/fixture#Load00075,http://w3id.org/protys/fixture#Load00075_Process,http://w3id.org/protys/fixture#Load00075_LCIProcess,26.666667,kWh,http://w3id.org/protys/fixture#GridFactor,ELECTRICITY_CONSUMED_IN_PRODUCTION_ONLY,SIMULATED_PRODUCTION_CASE
http://w3id.org/protys/fixture#Load00075_Op5,http://w3id.org/protys/fixture#Load00075,http://w3id.org/protys/fixture#Load00075_Process,http://w3id.org/protys/fixture#Load00075_LCIProcess,3.333333,kWh,http://w3id.org/protys/fixture#GridFactor,ELECTRICITY_CONSUMED_IN_PRODUCTION_ONLY,SIMULATED_PRODUCTION_CASE
http://w3id.org/protys/fixture#Load00075_Op6,http://w3id.org/protys/fixture#Load00075,http://w3id.org/protys/fixture#Load00075_Process,http://w3id.org/protys/fixture#Load00075_LCIProcess,0,kWh,http://w3id.org/protys/fixture#GridFactor,ELECTRICITY_CONSUMED_IN_PRODUCTION_ONLY,SIMULATED_PRODUCTION_CASE
http://w3id.org/protys/fixture#Load00075_Op7,http://w3id.org/protys/fixture#Load00075,http://w3id.org/protys/fixture#Load00075_Process,http://w3id.org/protys/fixture#Load00075_LCIProcess,0.333333,kWh,http://w3id.org/protys/fixture#GridFactor,ELECTRICITY_CONSUMED_IN_PRODUCTION_ONLY,SIMULATED_PRODUCTION_CASE
http://w3id.org/protys/fixture#Load00076_Op1,http://w3id.org/protys/fixture#Load00076,http://w3id.org/protys/fixture#Load00076_Process,http://w3id.org/protys/fixture#Load00076_LCIProcess,0,kWh,http://w3id.org/protys/fixture#GridFactor,ELECTRICITY_CONSUMED_IN_PRODUCTION_ONLY,SIMULATED_PRODUCTION_CASE
http://w3id.org/protys/fixture#Load00076_Op2,http://w3id.org/protys/fixture#Load00076,http://w3id.org/protys/fixture#Load00076_Process,http://w3id.org/protys/fixture#Load00076_LCIProcess,10,kWh,http://w3id.org/protys/fixture#GridFactor,ELECTRICITY_CONSUMED_IN_PRODUCTION_ONLY,SIMULATED_PRODUCTION_CASE
http://w3id.org/protys/fixture#Load00076_Op3,http://w3id.org/protys/fixture#Load00076,http://w3id.org/protys/fixture#Load00076_Process,http://w3id.org/protys/fixture#Load00076_LCIProcess,75,kWh,http://w3id.org/protys/fixture#GridFactor,ELECTRICITY_CONSUMED_IN_PRODUCTION_ONLY,SIMULATED_PRODUCTION_CASE
http://w3id.org/protys/fixture#Load00076_Op4,http://w3id.org/protys/fixture#Load00076,http://w3id.org/protys/fixture#Load00076_Process,http://w3id.org/protys/fixture#Load00076_LCIProcess,26.666667,kWh,http://w3id.org/protys/fixture#GridFactor,ELECTRICITY_CONSUMED_IN_PRODUCTION_ONLY,SIMULATED_PRODUCTION_CASE
http://w3id.org/protys/fixture#Load00076_Op5,http://w3id.org/protys/fixture#Load00076,http://w3id.org/protys/fixture#Load00076_Process,http://w3id.org/protys/fixture#Load00076_LCIProcess,3.333333,kWh,http://w3id.org/protys/fixture#GridFactor,ELECTRICITY_CONSUMED_IN_PRODUCTION_ONLY,SIMULATED_PRODUCTION_CASE
http://w3id.org/protys/fixture#Load00076_Op6,http://w3id.org/protys/fixture#Load00076,http://w3id.org/protys/fixture#Load00076_Process,http://w3id.org/protys/fixture#Load00076_LCIProcess,0,kWh,http://w3id.org/protys/fixture#GridFactor,ELECTRICITY_CONSUMED_IN_PRODUCTION_ONLY,SIMULATED_PRODUCTION_CASE
http://w3id.org/protys/fixture#Load00076_Op7,http://w3id.org/protys/fixture#Load00076,http://w3id.org/protys/fixture#Load00076_Process,http://w3id.org/protys/fixture#Load00076_LCIProcess,0.333333,kWh,http://w3id.org/protys/fixture#GridFactor,ELECTRICITY_CONSUMED_IN_PRODUCTION_ONLY,SIMULATED_PRODUCTION_CASE
http://w3id.org/protys/fixture#Load00077_Op1,http://w3id.org/protys/fixture#Load00077,http://w3id.org/protys/fixture#Load00077_Process,http://w3id.org/protys/fixture#Load00077_LCIProcess,0,kWh,http://w3id.org/protys/fixture#GridFactor,ELECTRICITY_CONSUMED_IN_PRODUCTION_ONLY,SIMULATED_PRODUCTION_CASE
http://w3id.org/protys/fixture#Load00077_Op2,http://w3id.org/protys/fixture#Load00077,http://w3id.org/protys/fixture#Load00077_Process,http://w3id.org/protys/fixture#Load00077_LCIProcess,10,kWh,http://w3id.org/protys/fixture#GridFactor,ELECTRICITY_CONSUMED_IN_PRODUCTION_ONLY,SIMULATED_PRODUCTION_CASE
http://w3id.org/protys/fixture#Load00077_Op3,http://w3id.org/protys/fixture#Load00077,http://w3id.org/protys/fixture#Load00077_Process,http://w3id.org/protys/fixture#Load00077_LCIProcess,75,kWh,http://w3id.org/protys/fixture#GridFactor,ELECTRICITY_CONSUMED_IN_PRODUCTION_ONLY,SIMULATED_PRODUCTION_CASE
http://w3id.org/protys/fixture#Load00077_Op4,http://w3id.org/protys/fixture#Load00077,http://w3id.org/protys/fixture#Load00077_Process,http://w3id.org/protys/fixture#Load00077_LCIProcess,26.666667,kWh,http://w3id.org/protys/fixture#GridFactor,ELECTRICITY_CONSUMED_IN_PRODUCTION_ONLY,SIMULATED_PRODUCTION_CASE
http://w3id.org/protys/fixture#Load00077_Op5,http://w3id.org/protys/fixture#Load00077,http://w3id.org/protys/fixture#Load00077_Process,http://w3id.org/protys/fixture#Load00077_LCIProcess,3.333333,kWh,http://w3id.org/protys/fixture#GridFactor,ELECTRICITY_CONSUMED_IN_PRODUCTION_ONLY,SIMULATED_PRODUCTION_CASE
http://w3id.org/protys/fixture#Load00077_Op6,http://w3id.org/protys/fixture#Load00077,http://w3id.org/protys/fixture#Load00077_Process,http://w3id.org/protys/fixture#Load00077_LCIProcess,0,kWh,http://w3id.org/protys/fixture#GridFactor,ELECTRICITY_CONSUMED_IN_PRODUCTION_ONLY,SIMULATED_PRODUCTION_CASE
http://w3id.org/protys/fixture#Load00077_Op7,http://w3id.org/protys/fixture#Load00077,http://w3id.org/protys/fixture#Load00077_Process,http://w3id.org/protys/fixture#Load00077_LCIProcess,0.333333,kWh,http://w3id.org/protys/fixture#GridFactor,ELECTRICITY_CONSUMED_IN_PRODUCTION_ONLY,SIMULATED_PRODUCTION_CASE
http://w3id.org/protys/fixture#Load00078_Op1,http://w3id.org/protys/fixture#Load00078,http://w3id.org/protys/fixture#Load00078_Process,http://w3id.org/protys/fixture#Load00078_LCIProcess,0,kWh,http://w3id.org/protys/fixture#GridFactor,ELECTRICITY_CONSUMED_IN_PRODUCTION_ONLY,SIMULATED_PRODUCTION_CASE
http://w3id.org/protys/fixture#Load00078_Op2,http://w3id.org/protys/fixture#Load00078,http://w3id.org/protys/fixture#Load00078_Process,http://w3id.org/protys/fixture#Load00078_LCIProcess,10,kWh,http://w3id.org/protys/fixture#GridFactor,ELECTRICITY_CONSUMED_IN_PRODUCTION_ONLY,SIMULATED_PRODUCTION_CASE
http://w3id.org/protys/fixture#Load00078_Op3,http://w3id.org/protys/fixture#Load00078,http://w3id.org/protys/fixture#Load00078_Process,http://w3id.org/protys/fixture#Load00078_LCIProcess,75,kWh,http://w3id.org/protys/fixture#GridFactor,ELECTRICITY_CONSUMED_IN_PRODUCTION_ONLY,SIMULATED_PRODUCTION_CASE
http://w3id.org/protys/fixture#Load00078_Op4,http://w3id.org/protys/fixture#Load00078,http://w3id.org/protys/fixture#Load00078_Process,http://w3id.org/protys/fixture#Load00078_LCIProcess,26.666667,kWh,http://w3id.org/protys/fixture#GridFactor,ELECTRICITY_CONSUMED_IN_PRODUCTION_ONLY,SIMULATED_PRODUCTION_CASE
http://w3id.org/protys/fixture#Load00078_Op5,http://w3id.org/protys/fixture#Load00078,http://w3id.org/protys/fixture#Load00078_Process,http://w3id.org/protys/fixture#Load00078_LCIProcess,3.333333,kWh,http://w3id.org/protys/fixture#GridFactor,ELECTRICITY_CONSUMED_IN_PRODUCTION_ONLY,SIMULATED_PRODUCTION_CASE
http://w3id.org/protys/fixture#Load00078_Op6,http://w3id.org/protys/fixture#Load00078,http://w3id.org/protys/fixture#Load00078_Process,http://w3id.org/protys/fixture#Load00078_LCIProcess,0,kWh,http://w3id.org/protys/fixture#GridFactor,ELECTRICITY_CONSUMED_IN_PRODUCTION_ONLY,SIMULATED_PRODUCTION_CASE
http://w3id.org/protys/fixture#Load00078_Op7,http://w3id.org/protys/fixture#Load00078,http://w3id.org/protys/fixture#Load00078_Process,http://w3id.org/protys/fixture#Load00078_LCIProcess,0.333333,kWh,http://w3id.org/protys/fixture#GridFactor,ELECTRICITY_CONSUMED_IN_PRODUCTION_ONLY,SIMULATED_PRODUCTION_CASE
http://w3id.org/protys/fixture#Load00079_Op1,http://w3id.org/protys/fixture#Load00079,http://w3id.org/protys/fixture#Load00079_Process,http://w3id.org/protys/fixture#Load00079_LCIProcess,0,kWh,http://w3id.org/protys/fixture#GridFactor,ELECTRICITY_CONSUMED_IN_PRODUCTION_ONLY,SIMULATED_PRODUCTION_CASE
http://w3id.org/protys/fixture#Load00079_Op2,http://w3id.org/protys/fixture#Load00079,http://w3id.org/protys/fixture#Load00079_Process,http://w3id.org/protys/fixture#Load00079_LCIProcess,10,kWh,http://w3id.org/protys/fixture#GridFactor,ELECTRICITY_CONSUMED_IN_PRODUCTION_ONLY,SIMULATED_PRODUCTION_CASE
http://w3id.org/protys/fixture#Load00079_Op3,http://w3id.org/protys/fixture#Load00079,http://w3id.org/protys/fixture#Load00079_Process,http://w3id.org/protys/fixture#Load00079_LCIProcess,75,kWh,http://w3id.org/protys/fixture#GridFactor,ELECTRICITY_CONSUMED_IN_PRODUCTION_ONLY,SIMULATED_PRODUCTION_CASE
http://w3id.org/protys/fixture#Load00079_Op4,http://w3id.org/protys/fixture#Load00079,http://w3id.org/protys/fixture#Load00079_Process,http://w3id.org/protys/fixture#Load00079_LCIProcess,26.666667,kWh,http://w3id.org/protys/fixture#GridFactor,ELECTRICITY_CONSUMED_IN_PRODUCTION_ONLY,SIMULATED_PRODUCTION_CASE
http://w3id.org/protys/fixture#Load00079_Op5,http://w3id.org/protys/fixture#Load00079,http://w3id.org/protys/fixture#Load00079_Process,http://w3id.org/protys/fixture#Load00079_LCIProcess,3.333333,kWh,http://w3id.org/protys/fixture#GridFactor,ELECTRICITY_CONSUMED_IN_PRODUCTION_ONLY,SIMULATED_PRODUCTION_CASE
http://w3id.org/protys/fixture#Load00079_Op6,http://w3id.org/protys/fixture#Load00079,http://w3id.org/protys/fixture#Load00079_Process,http://w3id.org/protys/fixture#Load00079_LCIProcess,0,kWh,http://w3id.org/protys/fixture#GridFactor,ELECTRICITY_CONSUMED_IN_PRODUCTION_ONLY,SIMULATED_PRODUCTION_CASE
http://w3id.org/protys/fixture#Load00079_Op7,http://w3id.org/protys/fixture#Load00079,http://w3id.org/protys/fixture#Load00079_Process,http://w3id.org/protys/fixture#Load00079_LCIProcess,0.333333,kWh,http://w3id.org/protys/fixture#GridFactor,ELECTRICITY_CONSUMED_IN_PRODUCTION_ONLY,SIMULATED_PRODUCTION_CASE
http://w3id.org/protys/fixture#Load00080_Op1,http://w3id.org/protys/fixture#Load00080,http://w3id.org/protys/fixture#Load00080_Process,http://w3id.org/protys/fixture#Load00080_LCIProcess,0,kWh,http://w3id.org/protys/fixture#GridFactor,ELECTRICITY_CONSUMED_IN_PRODUCTION_ONLY,SIMULATED_PRODUCTION_CASE
http://w3id.org/protys/fixture#Load00080_Op2,http://w3id.org/protys/fixture#Load00080,http://w3id.org/protys/fixture#Load00080_Process,http://w3id.org/protys/fixture#Load00080_LCIProcess,10,kWh,http://w3id.org/protys/fixture#GridFactor,ELECTRICITY_CONSUMED_IN_PRODUCTION_ONLY,SIMULATED_PRODUCTION_CASE
http://w3id.org/protys/fixture#Load00080_Op3,http://w3id.org/protys/fixture#Load00080,http://w3id.org/protys/fixture#Load00080_Process,http://w3id.org/protys/fixture#Load00080_LCIProcess,75,kWh,http://w3id.org/protys/fixture#GridFactor,ELECTRICITY_CONSUMED_IN_PRODUCTION_ONLY,SIMULATED_PRODUCTION_CASE
http://w3id.org/protys/fixture#Load00080_Op4,http://w3id.org/protys/fixture#Load00080,http://w3id.org/protys/fixture#Load00080_Process,http://w3id.org/protys/fixture#Load00080_LCIProcess,26.666667,kWh,http://w3id.org/protys/fixture#GridFactor,ELECTRICITY_CONSUMED_IN_PRODUCTION_ONLY,SIMULATED_PRODUCTION_CASE
http://w3id.org/protys/fixture#Load00080_Op5,http://w3id.org/protys/fixture#Load00080,http://w3id.org/protys/fixture#Load00080_Process,http://w3id.org/protys/fixture#Load00080_LCIProcess,3.333333,kWh,http://w3id.org/protys/fixture#GridFactor,ELECTRICITY_CONSUMED_IN_PRODUCTION_ONLY,SIMULATED_PRODUCTION_CASE
http://w3id.org/protys/fixture#Load00080_Op6,http://w3id.org/protys/fixture#Load00080,http://w3id.org/protys/fixture#Load00080_Process,http://w3id.org/protys/fixture#Load00080_LCIProcess,0,kWh,http://w3id.org/protys/fixture#GridFactor,ELECTRICITY_CONSUMED_IN_PRODUCTION_ONLY,SIMULATED_PRODUCTION_CASE
http://w3id.org/protys/fixture#Load00080_Op7,http://w3id.org/protys/fixture#Load00080,http://w3id.org/protys/fixture#Load00080_Process,http://w3id.org/protys/fixture#Load00080_LCIProcess,0.333333,kWh,http://w3id.org/protys/fixture#GridFactor,ELECTRICITY_CONSUMED_IN_PRODUCTION_ONLY,SIMULATED_PRODUCTION_CASE
http://w3id.org/protys/fixture#Load00081_Op1,http://w3id.org/protys/fixture#Load00081,http://w3id.org/protys/fixture#Load00081_Process,http://w3id.org/protys/fixture#Load00081_LCIProcess,0,kWh,http://w3id.org/protys/fixture#GridFactor,ELECTRICITY_CONSUMED_IN_PRODUCTION_ONLY,SIMULATED_PRODUCTION_CASE
http://w3id.org/protys/fixture#Load00081_Op2,http://w3id.org/protys/fixture#Load00081,http://w3id.org/protys/fixture#Load00081_Process,http://w3id.org/protys/fixture#Load00081_LCIProcess,10,kWh,http://w3id.org/protys/fixture#GridFactor,ELECTRICITY_CONSUMED_IN_PRODUCTION_ONLY,SIMULATED_PRODUCTION_CASE
http://w3id.org/protys/fixture#Load00081_Op3,http://w3id.org/protys/fixture#Load00081,http://w3id.org/protys/fixture#Load00081_Process,http://w3id.org/protys/fixture#Load00081_LCIProcess,75,kWh,http://w3id.org/protys/fixture#GridFactor,ELECTRICITY_CONSUMED_IN_PRODUCTION_ONLY,SIMULATED_PRODUCTION_CASE
http://w3id.org/protys/fixture#Load00081_Op4,http://w3id.org/protys/fixture#Load00081,http://w3id.org/protys/fixture#Load00081_Process,http://w3id.org/protys/fixture#Load00081_LCIProcess,26.666667,kWh,http://w3id.org/protys/fixture#GridFactor,ELECTRICITY_CONSUMED_IN_PRODUCTION_ONLY,SIMULATED_PRODUCTION_CASE
http://w3id.org/protys/fixture#Load00081_Op5,http://w3id.org/protys/fixture#Load00081,http://w3id.org/protys/fixture#Load00081_Process,http://w3id.org/protys/fixture#Load00081_LCIProcess,3.333333,kWh,http://w3id.org/protys/fixture#GridFactor,ELECTRICITY_CONSUMED_IN_PRODUCTION_ONLY,SIMULATED_PRODUCTION_CASE
http://w3id.org/protys/fixture#Load00081_Op6,http://w3id.org/protys/fixture#Load00081,http://w3id.org/protys/fixture#Load00081_Process,http://w3id.org/protys/fixture#Load00081_LCIProcess,0,kWh,http://w3id.org/protys/fixture#GridFactor,ELECTRICITY_CONSUMED_IN_PRODUCTION_ONLY,SIMULATED_PRODUCTION_CASE
http://w3id.org/protys/fixture#Load00081_Op7,http://w3id.org/protys/fixture#Load00081,http://w3id.org/protys/fixture#Load00081_Process,http://w3id.org/protys/fixture#Load00081_LCIProcess,0.333333,kWh,http://w3id.org/protys/fixture#GridFactor,ELECTRICITY_CONSUMED_IN_PRODUCTION_ONLY,SIMULATED_PRODUCTION_CASE
http://w3id.org/protys/fixture#Load00082_Op1,http://w3id.org/protys/fixture#Load00082,http://w3id.org/protys/fixture#Load00082_Process,http://w3id.org/protys/fixture#Load00082_LCIProcess,0,kWh,http://w3id.org/protys/fixture#GridFactor,ELECTRICITY_CONSUMED_IN_PRODUCTION_ONLY,SIMULATED_PRODUCTION_CASE
http://w3id.org/protys/fixture#Load00082_Op2,http://w3id.org/protys/fixture#Load00082,http://w3id.org/protys/fixture#Load00082_Process,http://w3id.org/protys/fixture#Load00082_LCIProcess,10,kWh,http://w3id.org/protys/fixture#GridFactor,ELECTRICITY_CONSUMED_IN_PRODUCTION_ONLY,SIMULATED_PRODUCTION_CASE
http://w3id.org/protys/fixture#Load00082_Op3,http://w3id.org/protys/fixture#Load00082,http://w3id.org/protys/fixture#Load00082_Process,http://w3id.org/protys/fixture#Load00082_LCIProcess,75,kWh,http://w3id.org/protys/fixture#GridFactor,ELECTRICITY_CONSUMED_IN_PRODUCTION_ONLY,SIMULATED_PRODUCTION_CASE
http://w3id.org/protys/fixture#Load00082_Op4,http://w3id.org/protys/fixture#Load00082,http://w3id.org/protys/fixture#Load00082_Process,http://w3id.org/protys/fixture#Load00082_LCIProcess,26.666667,kWh,http://w3id.org/protys/fixture#GridFactor,ELECTRICITY_CONSUMED_IN_PRODUCTION_ONLY,SIMULATED_PRODUCTION_CASE
http://w3id.org/protys/fixture#Load00082_Op5,http://w3id.org/protys/fixture#Load00082,http://w3id.org/protys/fixture#Load00082_Process,http://w3id.org/protys/fixture#Load00082_LCIProcess,3.333333,kWh,http://w3id.org/protys/fixture#GridFactor,ELECTRICITY_CONSUMED_IN_PRODUCTION_ONLY,SIMULATED_PRODUCTION_CASE
http://w3id.org/protys/fixture#Load00082_Op6,http://w3id.org/protys/fixture#Load00082,http://w3id.org/protys/fixture#Load00082_Process,http://w3id.org/protys/fixture#Load00082_LCIProcess,0,kWh,http://w3id.org/protys/fixture#GridFactor,ELECTRICITY_CONSUMED_IN_PRODUCTION_ONLY,SIMULATED_PRODUCTION_CASE
http://w3id.org/protys/fixture#Load00082_Op7,http://w3id.org/protys/fixture#Load00082,http://w3id.org/protys/fixture#Load00082_Process,http://w3id.org/protys/fixture#Load00082_LCIProcess,0.333333,kWh,http://w3id.org/protys/fixture#GridFactor,ELECTRICITY_CONSUMED_IN_PRODUCTION_ONLY,SIMULATED_PRODUCTION_CASE
http://w3id.org/protys/fixture#Load00083_Op1,http://w3id.org/protys/fixture#Load00083,http://w3id.org/protys/fixture#Load00083_Process,http://w3id.org/protys/fixture#Load00083_LCIProcess,0,kWh,http://w3id.org/protys/fixture#GridFactor,ELECTRICITY_CONSUMED_IN_PRODUCTION_ONLY,SIMULATED_PRODUCTION_CASE
http://w3id.org/protys/fixture#Load00083_Op2,http://w3id.org/protys/fixture#Load00083,http://w3id.org/protys/fixture#Load00083_Process,http://w3id.org/protys/fixture#Load00083_LCIProcess,10,kWh,http://w3id.org/protys/fixture#GridFactor,ELECTRICITY_CONSUMED_IN_PRODUCTION_ONLY,SIMULATED_PRODUCTION_CASE
http://w3id.org/protys/fixture#Load00083_Op3,http://w3id.org/protys/fixture#Load00083,http://w3id.org/protys/fixture#Load00083_Process,http://w3id.org/protys/fixture#Load00083_LCIProcess,75,kWh,http://w3id.org/protys/fixture#GridFactor,ELECTRICITY_CONSUMED_IN_PRODUCTION_ONLY,SIMULATED_PRODUCTION_CASE
http://w3id.org/protys/fixture#Load00083_Op4,http://w3id.org/protys/fixture#Load00083,http://w3id.org/protys/fixture#Load00083_Process,http://w3id.org/protys/fixture#Load00083_LCIProcess,26.666667,kWh,http://w3id.org/protys/fixture#GridFactor,ELECTRICITY_CONSUMED_IN_PRODUCTION_ONLY,SIMULATED_PRODUCTION_CASE
http://w3id.org/protys/fixture#Load00083_Op5,http://w3id.org/protys/fixture#Load00083,http://w3id.org/protys/fixture#Load00083_Process,http://w3id.org/protys/fixture#Load00083_LCIProcess,3.333333,kWh,http://w3id.org/protys/fixture#GridFactor,ELECTRICITY_CONSUMED_IN_PRODUCTION_ONLY,SIMULATED_PRODUCTION_CASE
http://w3id.org/protys/fixture#Load00083_Op6,http://w3id.org/protys/fixture#Load00083,http://w3id.org/protys/fixture#Load00083_Process,http://w3id.org/protys/fixture#Load00083_LCIProcess,0,kWh,http://w3id.org/protys/fixture#GridFactor,ELECTRICITY_CONSUMED_IN_PRODUCTION_ONLY,SIMULATED_PRODUCTION_CASE
http://w3id.org/protys/fixture#Load00083_Op7,http://w3id.org/protys/fixture#Load00083,http://w3id.org/protys/fixture#Load00083_Process,http://w3id.org/protys/fixture#Load00083_LCIProcess,0.333333,kWh,http://w3id.org/protys/fixture#GridFactor,ELECTRICITY_CONSUMED_IN_PRODUCTION_ONLY,SIMULATED_PRODUCTION_CASE
http://w3id.org/protys/fixture#Load00084_Op1,http://w3id.org/protys/fixture#Load00084,http://w3id.org/protys/fixture#Load00084_Process,http://w3id.org/protys/fixture#Load00084_LCIProcess,0,kWh,http://w3id.org/protys/fixture#GridFactor,ELECTRICITY_CONSUMED_IN_PRODUCTION_ONLY,SIMULATED_PRODUCTION_CASE
http://w3id.org/protys/fixture#Load00084_Op2,http://w3id.org/protys/fixture#Load00084,http://w3id.org/protys/fixture#Load00084_Process,http://w3id.org/protys/fixture#Load00084_LCIProcess,10,kWh,http://w3id.org/protys/fixture#GridFactor,ELECTRICITY_CONSUMED_IN_PRODUCTION_ONLY,SIMULATED_PRODUCTION_CASE
http://w3id.org/protys/fixture#Load00084_Op3,http://w3id.org/protys/fixture#Load00084,http://w3id.org/protys/fixture#Load00084_Process,http://w3id.org/protys/fixture#Load00084_LCIProcess,75,kWh,http://w3id.org/protys/fixture#GridFactor,ELECTRICITY_CONSUMED_IN_PRODUCTION_ONLY,SIMULATED_PRODUCTION_CASE
http://w3id.org/protys/fixture#Load00084_Op4,http://w3id.org/protys/fixture#Load00084,http://w3id.org/protys/fixture#Load00084_Process,http://w3id.org/protys/fixture#Load00084_LCIProcess,26.666667,kWh,http://w3id.org/protys/fixture#GridFactor,ELECTRICITY_CONSUMED_IN_PRODUCTION_ONLY,SIMULATED_PRODUCTION_CASE
http://w3id.org/protys/fixture#Load00084_Op5,http://w3id.org/protys/fixture#Load00084,http://w3id.org/protys/fixture#Load00084_Process,http://w3id.org/protys/fixture#Load00084_LCIProcess,3.333333,kWh,http://w3id.org/protys/fixture#GridFactor,ELECTRICITY_CONSUMED_IN_PRODUCTION_ONLY,SIMULATED_PRODUCTION_CASE
http://w3id.org/protys/fixture#Load00084_Op6,http://w3id.org/protys/fixture#Load00084,http://w3id.org/protys/fixture#Load00084_Process,http://w3id.org/protys/fixture#Load00084_LCIProcess,0,kWh,http://w3id.org/protys/fixture#GridFactor,ELECTRICITY_CONSUMED_IN_PRODUCTION_ONLY,SIMULATED_PRODUCTION_CASE
http://w3id.org/protys/fixture#Load00084_Op7,http://w3id.org/protys/fixture#Load00084,http://w3id.org/protys/fixture#Load00084_Process,http://w3id.org/protys/fixture#Load00084_LCIProcess,0.333333,kWh,http://w3id.org/protys/fixture#GridFactor,ELECTRICITY_CONSUMED_IN_PRODUCTION_ONLY,SIMULATED_PRODUCTION_CASE
http://w3id.org/protys/fixture#Load00085_Op1,http://w3id.org/protys/fixture#Load00085,http://w3id.org/protys/fixture#Load00085_Process,http://w3id.org/protys/fixture#Load00085_LCIProcess,0,kWh,http://w3id.org/protys/fixture#GridFactor,ELECTRICITY_CONSUMED_IN_PRODUCTION_ONLY,SIMULATED_PRODUCTION_CASE
http://w3id.org/protys/fixture#Load00085_Op2,http://w3id.org/protys/fixture#Load00085,http://w3id.org/protys/fixture#Load00085_Process,http://w3id.org/protys/fixture#Load00085_LCIProcess,10,kWh,http://w3id.org/protys/fixture#GridFactor,ELECTRICITY_CONSUMED_IN_PRODUCTION_ONLY,SIMULATED_PRODUCTION_CASE
http://w3id.org/protys/fixture#Load00085_Op3,http://w3id.org/protys/fixture#Load00085,http://w3id.org/protys/fixture#Load00085_Process,http://w3id.org/protys/fixture#Load00085_LCIProcess,75,kWh,http://w3id.org/protys/fixture#GridFactor,ELECTRICITY_CONSUMED_IN_PRODUCTION_ONLY,SIMULATED_PRODUCTION_CASE
http://w3id.org/protys/fixture#Load00085_Op4,http://w3id.org/protys/fixture#Load00085,http://w3id.org/protys/fixture#Load00085_Process,http://w3id.org/protys/fixture#Load00085_LCIProcess,26.666667,kWh,http://w3id.org/protys/fixture#GridFactor,ELECTRICITY_CONSUMED_IN_PRODUCTION_ONLY,SIMULATED_PRODUCTION_CASE
http://w3id.org/protys/fixture#Load00085_Op5,http://w3id.org/protys/fixture#Load00085,http://w3id.org/protys/fixture#Load00085_Process,http://w3id.org/protys/fixture#Load00085_LCIProcess,3.333333,kWh,http://w3id.org/protys/fixture#GridFactor,ELECTRICITY_CONSUMED_IN_PRODUCTION_ONLY,SIMULATED_PRODUCTION_CASE
http://w3id.org/protys/fixture#Load00085_Op6,http://w3id.org/protys/fixture#Load00085,http://w3id.org/protys/fixture#Load00085_Process,http://w3id.org/protys/fixture#Load00085_LCIProcess,0,kWh,http://w3id.org/protys/fixture#GridFactor,ELECTRICITY_CONSUMED_IN_PRODUCTION_ONLY,SIMULATED_PRODUCTION_CASE
http://w3id.org/protys/fixture#Load00085_Op7,http://w3id.org/protys/fixture#Load00085,http://w3id.org/protys/fixture#Load00085_Process,http://w3id.org/protys/fixture#Load00085_LCIProcess,0.333333,kWh,http://w3id.org/protys/fixture#GridFactor,ELECTRICITY_CONSUMED_IN_PRODUCTION_ONLY,SIMULATED_PRODUCTION_CASE
http://w3id.org/protys/fixture#Load00086_Op1,http://w3id.org/protys/fixture#Load00086,http://w3id.org/protys/fixture#Load00086_Process,http://w3id.org/protys/fixture#Load00086_LCIProcess,0,kWh,http://w3id.org/protys/fixture#GridFactor,ELECTRICITY_CONSUMED_IN_PRODUCTION_ONLY,SIMULATED_PRODUCTION_CASE
http://w3id.org/protys/fixture#Load00086_Op2,http://w3id.org/protys/fixture#Load00086,http://w3id.org/protys/fixture#Load00086_Process,http://w3id.org/protys/fixture#Load00086_LCIProcess,10,kWh,http://w3id.org/protys/fixture#GridFactor,ELECTRICITY_CONSUMED_IN_PRODUCTION_ONLY,SIMULATED_PRODUCTION_CASE
http://w3id.org/protys/fixture#Load00086_Op3,http://w3id.org/protys/fixture#Load00086,http://w3id.org/protys/fixture#Load00086_Process,http://w3id.org/protys/fixture#Load00086_LCIProcess,75,kWh,http://w3id.org/protys/fixture#GridFactor,ELECTRICITY_CONSUMED_IN_PRODUCTION_ONLY,SIMULATED_PRODUCTION_CASE
http://w3id.org/protys/fixture#Load00086_Op4,http://w3id.org/protys/fixture#Load00086,http://w3id.org/protys/fixture#Load00086_Process,http://w3id.org/protys/fixture#Load00086_LCIProcess,26.666667,kWh,http://w3id.org/protys/fixture#GridFactor,ELECTRICITY_CONSUMED_IN_PRODUCTION_ONLY,SIMULATED_PRODUCTION_CASE
http://w3id.org/protys/fixture#Load00086_Op5,http://w3id.org/protys/fixture#Load00086,http://w3id.org/protys/fixture#Load00086_Process,http://w3id.org/protys/fixture#Load00086_LCIProcess,3.333333,kWh,http://w3id.org/protys/fixture#GridFactor,ELECTRICITY_CONSUMED_IN_PRODUCTION_ONLY,SIMULATED_PRODUCTION_CASE
http://w3id.org/protys/fixture#Load00086_Op6,http://w3id.org/protys/fixture#Load00086,http://w3id.org/protys/fixture#Load00086_Process,http://w3id.org/protys/fixture#Load00086_LCIProcess,0,kWh,http://w3id.org/protys/fixture#GridFactor,ELECTRICITY_CONSUMED_IN_PRODUCTION_ONLY,SIMULATED_PRODUCTION_CASE
http://w3id.org/protys/fixture#Load00086_Op7,http://w3id.org/protys/fixture#Load00086,http://w3id.org/protys/fixture#Load00086_Process,http://w3id.org/protys/fixture#Load00086_LCIProcess,0.333333,kWh,http://w3id.org/protys/fixture#GridFactor,ELECTRICITY_CONSUMED_IN_PRODUCTION_ONLY,SIMULATED_PRODUCTION_CASE
http://w3id.org/protys/fixture#Load00087_Op1,http://w3id.org/protys/fixture#Load00087,http://w3id.org/protys/fixture#Load00087_Process,http://w3id.org/protys/fixture#Load00087_LCIProcess,0,kWh,http://w3id.org/protys/fixture#GridFactor,ELECTRICITY_CONSUMED_IN_PRODUCTION_ONLY,SIMULATED_PRODUCTION_CASE
http://w3id.org/protys/fixture#Load00087_Op2,http://w3id.org/protys/fixture#Load00087,http://w3id.org/protys/fixture#Load00087_Process,http://w3id.org/protys/fixture#Load00087_LCIProcess,10,kWh,http://w3id.org/protys/fixture#GridFactor,ELECTRICITY_CONSUMED_IN_PRODUCTION_ONLY,SIMULATED_PRODUCTION_CASE
http://w3id.org/protys/fixture#Load00087_Op3,http://w3id.org/protys/fixture#Load00087,http://w3id.org/protys/fixture#Load00087_Process,http://w3id.org/protys/fixture#Load00087_LCIProcess,75,kWh,http://w3id.org/protys/fixture#GridFactor,ELECTRICITY_CONSUMED_IN_PRODUCTION_ONLY,SIMULATED_PRODUCTION_CASE
http://w3id.org/protys/fixture#Load00087_Op4,http://w3id.org/protys/fixture#Load00087,http://w3id.org/protys/fixture#Load00087_Process,http://w3id.org/protys/fixture#Load00087_LCIProcess,26.666667,kWh,http://w3id.org/protys/fixture#GridFactor,ELECTRICITY_CONSUMED_IN_PRODUCTION_ONLY,SIMULATED_PRODUCTION_CASE
http://w3id.org/protys/fixture#Load00087_Op5,http://w3id.org/protys/fixture#Load00087,http://w3id.org/protys/fixture#Load00087_Process,http://w3id.org/protys/fixture#Load00087_LCIProcess,3.333333,kWh,http://w3id.org/protys/fixture#GridFactor,ELECTRICITY_CONSUMED_IN_PRODUCTION_ONLY,SIMULATED_PRODUCTION_CASE
http://w3id.org/protys/fixture#Load00087_Op6,http://w3id.org/protys/fixture#Load00087,http://w3id.org/protys/fixture#Load00087_Process,http://w3id.org/protys/fixture#Load00087_LCIProcess,0,kWh,http://w3id.org/protys/fixture#GridFactor,ELECTRICITY_CONSUMED_IN_PRODUCTION_ONLY,SIMULATED_PRODUCTION_CASE
http://w3id.org/protys/fixture#Load00087_Op7,http://w3id.org/protys/fixture#Load00087,http://w3id.org/protys/fixture#Load00087_Process,http://w3id.org/protys/fixture#Load00087_LCIProcess,0.333333,kWh,http://w3id.org/protys/fixture#GridFactor,ELECTRICITY_CONSUMED_IN_PRODUCTION_ONLY,SIMULATED_PRODUCTION_CASE
http://w3id.org/protys/fixture#Load00088_Op1,http://w3id.org/protys/fixture#Load00088,http://w3id.org/protys/fixture#Load00088_Process,http://w3id.org/protys/fixture#Load00088_LCIProcess,0,kWh,http://w3id.org/protys/fixture#GridFactor,ELECTRICITY_CONSUMED_IN_PRODUCTION_ONLY,SIMULATED_PRODUCTION_CASE
http://w3id.org/protys/fixture#Load00088_Op2,http://w3id.org/protys/fixture#Load00088,http://w3id.org/protys/fixture#Load00088_Process,http://w3id.org/protys/fixture#Load00088_LCIProcess,10,kWh,http://w3id.org/protys/fixture#GridFactor,ELECTRICITY_CONSUMED_IN_PRODUCTION_ONLY,SIMULATED_PRODUCTION_CASE
http://w3id.org/protys/fixture#Load00088_Op3,http://w3id.org/protys/fixture#Load00088,http://w3id.org/protys/fixture#Load00088_Process,http://w3id.org/protys/fixture#Load00088_LCIProcess,75,kWh,http://w3id.org/protys/fixture#GridFactor,ELECTRICITY_CONSUMED_IN_PRODUCTION_ONLY,SIMULATED_PRODUCTION_CASE
http://w3id.org/protys/fixture#Load00088_Op4,http://w3id.org/protys/fixture#Load00088,http://w3id.org/protys/fixture#Load00088_Process,http://w3id.org/protys/fixture#Load00088_LCIProcess,26.666667,kWh,http://w3id.org/protys/fixture#GridFactor,ELECTRICITY_CONSUMED_IN_PRODUCTION_ONLY,SIMULATED_PRODUCTION_CASE
http://w3id.org/protys/fixture#Load00088_Op5,http://w3id.org/protys/fixture#Load00088,http://w3id.org/protys/fixture#Load00088_Process,http://w3id.org/protys/fixture#Load00088_LCIProcess,3.333333,kWh,http://w3id.org/protys/fixture#GridFactor,ELECTRICITY_CONSUMED_IN_PRODUCTION_ONLY,SIMULATED_PRODUCTION_CASE
http://w3id.org/protys/fixture#Load00088_Op6,http://w3id.org/protys/fixture#Load00088,http://w3id.org/protys/fixture#Load00088_Process,http://w3id.org/protys/fixture#Load00088_LCIProcess,0,kWh,http://w3id.org/protys/fixture#GridFactor,ELECTRICITY_CONSUMED_IN_PRODUCTION_ONLY,SIMULATED_PRODUCTION_CASE
http://w3id.org/protys/fixture#Load00088_Op7,http://w3id.org/protys/fixture#Load00088,http://w3id.org/protys/fixture#Load00088_Process,http://w3id.org/protys/fixture#Load00088_LCIProcess,0.333333,kWh,http://w3id.org/protys/fixture#GridFactor,ELECTRICITY_CONSUMED_IN_PRODUCTION_ONLY,SIMULATED_PRODUCTION_CASE
http://w3id.org/protys/fixture#Load00089_Op1,http://w3id.org/protys/fixture#Load00089,http://w3id.org/protys/fixture#Load00089_Process,http://w3id.org/protys/fixture#Load00089_LCIProcess,0,kWh,http://w3id.org/protys/fixture#GridFactor,ELECTRICITY_CONSUMED_IN_PRODUCTION_ONLY,SIMULATED_PRODUCTION_CASE
http://w3id.org/protys/fixture#Load00089_Op2,http://w3id.org/protys/fixture#Load00089,http://w3id.org/protys/fixture#Load00089_Process,http://w3id.org/protys/fixture#Load00089_LCIProcess,10,kWh,http://w3id.org/protys/fixture#GridFactor,ELECTRICITY_CONSUMED_IN_PRODUCTION_ONLY,SIMULATED_PRODUCTION_CASE
http://w3id.org/protys/fixture#Load00089_Op3,http://w3id.org/protys/fixture#Load00089,http://w3id.org/protys/fixture#Load00089_Process,http://w3id.org/protys/fixture#Load00089_LCIProcess,75,kWh,http://w3id.org/protys/fixture#GridFactor,ELECTRICITY_CONSUMED_IN_PRODUCTION_ONLY,SIMULATED_PRODUCTION_CASE
http://w3id.org/protys/fixture#Load00089_Op4,http://w3id.org/protys/fixture#Load00089,http://w3id.org/protys/fixture#Load00089_Process,http://w3id.org/protys/fixture#Load00089_LCIProcess,26.666667,kWh,http://w3id.org/protys/fixture#GridFactor,ELECTRICITY_CONSUMED_IN_PRODUCTION_ONLY,SIMULATED_PRODUCTION_CASE
http://w3id.org/protys/fixture#Load00089_Op5,http://w3id.org/protys/fixture#Load00089,http://w3id.org/protys/fixture#Load00089_Process,http://w3id.org/protys/fixture#Load00089_LCIProcess,3.333333,kWh,http://w3id.org/protys/fixture#GridFactor,ELECTRICITY_CONSUMED_IN_PRODUCTION_ONLY,SIMULATED_PRODUCTION_CASE
http://w3id.org/protys/fixture#Load00089_Op6,http://w3id.org/protys/fixture#Load00089,http://w3id.org/protys/fixture#Load00089_Process,http://w3id.org/protys/fixture#Load00089_LCIProcess,0,kWh,http://w3id.org/protys/fixture#GridFactor,ELECTRICITY_CONSUMED_IN_PRODUCTION_ONLY,SIMULATED_PRODUCTION_CASE
http://w3id.org/protys/fixture#Load00089_Op7,http://w3id.org/protys/fixture#Load00089,http://w3id.org/protys/fixture#Load00089_Process,http://w3id.org/protys/fixture#Load00089_LCIProcess,0.333333,kWh,http://w3id.org/protys/fixture#GridFactor,ELECTRICITY_CONSUMED_IN_PRODUCTION_ONLY,SIMULATED_PRODUCTION_CASE
http://w3id.org/protys/fixture#Load00090_Op1,http://w3id.org/protys/fixture#Load00090,http://w3id.org/protys/fixture#Load00090_Process,http://w3id.org/protys/fixture#Load00090_LCIProcess,0,kWh,http://w3id.org/protys/fixture#GridFactor,ELECTRICITY_CONSUMED_IN_PRODUCTION_ONLY,SIMULATED_PRODUCTION_CASE
http://w3id.org/protys/fixture#Load00090_Op2,http://w3id.org/protys/fixture#Load00090,http://w3id.org/protys/fixture#Load00090_Process,http://w3id.org/protys/fixture#Load00090_LCIProcess,10,kWh,http://w3id.org/protys/fixture#GridFactor,ELECTRICITY_CONSUMED_IN_PRODUCTION_ONLY,SIMULATED_PRODUCTION_CASE
http://w3id.org/protys/fixture#Load00090_Op3,http://w3id.org/protys/fixture#Load00090,http://w3id.org/protys/fixture#Load00090_Process,http://w3id.org/protys/fixture#Load00090_LCIProcess,75,kWh,http://w3id.org/protys/fixture#GridFactor,ELECTRICITY_CONSUMED_IN_PRODUCTION_ONLY,SIMULATED_PRODUCTION_CASE
http://w3id.org/protys/fixture#Load00090_Op4,http://w3id.org/protys/fixture#Load00090,http://w3id.org/protys/fixture#Load00090_Process,http://w3id.org/protys/fixture#Load00090_LCIProcess,26.666667,kWh,http://w3id.org/protys/fixture#GridFactor,ELECTRICITY_CONSUMED_IN_PRODUCTION_ONLY,SIMULATED_PRODUCTION_CASE
http://w3id.org/protys/fixture#Load00090_Op5,http://w3id.org/protys/fixture#Load00090,http://w3id.org/protys/fixture#Load00090_Process,http://w3id.org/protys/fixture#Load00090_LCIProcess,3.333333,kWh,http://w3id.org/protys/fixture#GridFactor,ELECTRICITY_CONSUMED_IN_PRODUCTION_ONLY,SIMULATED_PRODUCTION_CASE
http://w3id.org/protys/fixture#Load00090_Op6,http://w3id.org/protys/fixture#Load00090,http://w3id.org/protys/fixture#Load00090_Process,http://w3id.org/protys/fixture#Load00090_LCIProcess,0,kWh,http://w3id.org/protys/fixture#GridFactor,ELECTRICITY_CONSUMED_IN_PRODUCTION_ONLY,SIMULATED_PRODUCTION_CASE
http://w3id.org/protys/fixture#Load00090_Op7,http://w3id.org/protys/fixture#Load00090,http://w3id.org/protys/fixture#Load00090_Process,http://w3id.org/protys/fixture#Load00090_LCIProcess,0.333333,kWh,http://w3id.org/protys/fixture#GridFactor,ELECTRICITY_CONSUMED_IN_PRODUCTION_ONLY,SIMULATED_PRODUCTION_CASE
http://w3id.org/protys/fixture#Load00091_Op1,http://w3id.org/protys/fixture#Load00091,http://w3id.org/protys/fixture#Load00091_Process,http://w3id.org/protys/fixture#Load00091_LCIProcess,0,kWh,http://w3id.org/protys/fixture#GridFactor,ELECTRICITY_CONSUMED_IN_PRODUCTION_ONLY,SIMULATED_PRODUCTION_CASE
http://w3id.org/protys/fixture#Load00091_Op2,http://w3id.org/protys/fixture#Load00091,http://w3id.org/protys/fixture#Load00091_Process,http://w3id.org/protys/fixture#Load00091_LCIProcess,10,kWh,http://w3id.org/protys/fixture#GridFactor,ELECTRICITY_CONSUMED_IN_PRODUCTION_ONLY,SIMULATED_PRODUCTION_CASE
http://w3id.org/protys/fixture#Load00091_Op3,http://w3id.org/protys/fixture#Load00091,http://w3id.org/protys/fixture#Load00091_Process,http://w3id.org/protys/fixture#Load00091_LCIProcess,75,kWh,http://w3id.org/protys/fixture#GridFactor,ELECTRICITY_CONSUMED_IN_PRODUCTION_ONLY,SIMULATED_PRODUCTION_CASE
http://w3id.org/protys/fixture#Load00091_Op4,http://w3id.org/protys/fixture#Load00091,http://w3id.org/protys/fixture#Load00091_Process,http://w3id.org/protys/fixture#Load00091_LCIProcess,26.666667,kWh,http://w3id.org/protys/fixture#GridFactor,ELECTRICITY_CONSUMED_IN_PRODUCTION_ONLY,SIMULATED_PRODUCTION_CASE
http://w3id.org/protys/fixture#Load00091_Op5,http://w3id.org/protys/fixture#Load00091,http://w3id.org/protys/fixture#Load00091_Process,http://w3id.org/protys/fixture#Load00091_LCIProcess,3.333333,kWh,http://w3id.org/protys/fixture#GridFactor,ELECTRICITY_CONSUMED_IN_PRODUCTION_ONLY,SIMULATED_PRODUCTION_CASE
http://w3id.org/protys/fixture#Load00091_Op6,http://w3id.org/protys/fixture#Load00091,http://w3id.org/protys/fixture#Load00091_Process,http://w3id.org/protys/fixture#Load00091_LCIProcess,0,kWh,http://w3id.org/protys/fixture#GridFactor,ELECTRICITY_CONSUMED_IN_PRODUCTION_ONLY,SIMULATED_PRODUCTION_CASE
http://w3id.org/protys/fixture#Load00091_Op7,http://w3id.org/protys/fixture#Load00091,http://w3id.org/protys/fixture#Load00091_Process,http://w3id.org/protys/fixture#Load00091_LCIProcess,0.333333,kWh,http://w3id.org/protys/fixture#GridFactor,ELECTRICITY_CONSUMED_IN_PRODUCTION_ONLY,SIMULATED_PRODUCTION_CASE
http://w3id.org/protys/fixture#Load00092_Op1,http://w3id.org/protys/fixture#Load00092,http://w3id.org/protys/fixture#Load00092_Process,http://w3id.org/protys/fixture#Load00092_LCIProcess,0,kWh,http://w3id.org/protys/fixture#GridFactor,ELECTRICITY_CONSUMED_IN_PRODUCTION_ONLY,SIMULATED_PRODUCTION_CASE
http://w3id.org/protys/fixture#Load00092_Op2,http://w3id.org/protys/fixture#Load00092,http://w3id.org/protys/fixture#Load00092_Process,http://w3id.org/protys/fixture#Load00092_LCIProcess,10,kWh,http://w3id.org/protys/fixture#GridFactor,ELECTRICITY_CONSUMED_IN_PRODUCTION_ONLY,SIMULATED_PRODUCTION_CASE
http://w3id.org/protys/fixture#Load00092_Op3,http://w3id.org/protys/fixture#Load00092,http://w3id.org/protys/fixture#Load00092_Process,http://w3id.org/protys/fixture#Load00092_LCIProcess,75,kWh,http://w3id.org/protys/fixture#GridFactor,ELECTRICITY_CONSUMED_IN_PRODUCTION_ONLY,SIMULATED_PRODUCTION_CASE
http://w3id.org/protys/fixture#Load00092_Op4,http://w3id.org/protys/fixture#Load00092,http://w3id.org/protys/fixture#Load00092_Process,http://w3id.org/protys/fixture#Load00092_LCIProcess,26.666667,kWh,http://w3id.org/protys/fixture#GridFactor,ELECTRICITY_CONSUMED_IN_PRODUCTION_ONLY,SIMULATED_PRODUCTION_CASE
http://w3id.org/protys/fixture#Load00092_Op5,http://w3id.org/protys/fixture#Load00092,http://w3id.org/protys/fixture#Load00092_Process,http://w3id.org/protys/fixture#Load00092_LCIProcess,3.333333,kWh,http://w3id.org/protys/fixture#GridFactor,ELECTRICITY_CONSUMED_IN_PRODUCTION_ONLY,SIMULATED_PRODUCTION_CASE
http://w3id.org/protys/fixture#Load00092_Op6,http://w3id.org/protys/fixture#Load00092,http://w3id.org/protys/fixture#Load00092_Process,http://w3id.org/protys/fixture#Load00092_LCIProcess,0,kWh,http://w3id.org/protys/fixture#GridFactor,ELECTRICITY_CONSUMED_IN_PRODUCTION_ONLY,SIMULATED_PRODUCTION_CASE
http://w3id.org/protys/fixture#Load00092_Op7,http://w3id.org/protys/fixture#Load00092,http://w3id.org/protys/fixture#Load00092_Process,http://w3id.org/protys/fixture#Load00092_LCIProcess,0.333333,kWh,http://w3id.org/protys/fixture#GridFactor,ELECTRICITY_CONSUMED_IN_PRODUCTION_ONLY,SIMULATED_PRODUCTION_CASE
http://w3id.org/protys/fixture#Load00093_Op1,http://w3id.org/protys/fixture#Load00093,http://w3id.org/protys/fixture#Load00093_Process,http://w3id.org/protys/fixture#Load00093_LCIProcess,0,kWh,http://w3id.org/protys/fixture#GridFactor,ELECTRICITY_CONSUMED_IN_PRODUCTION_ONLY,SIMULATED_PRODUCTION_CASE
http://w3id.org/protys/fixture#Load00093_Op2,http://w3id.org/protys/fixture#Load00093,http://w3id.org/protys/fixture#Load00093_Process,http://w3id.org/protys/fixture#Load00093_LCIProcess,10,kWh,http://w3id.org/protys/fixture#GridFactor,ELECTRICITY_CONSUMED_IN_PRODUCTION_ONLY,SIMULATED_PRODUCTION_CASE
http://w3id.org/protys/fixture#Load00093_Op3,http://w3id.org/protys/fixture#Load00093,http://w3id.org/protys/fixture#Load00093_Process,http://w3id.org/protys/fixture#Load00093_LCIProcess,75,kWh,http://w3id.org/protys/fixture#GridFactor,ELECTRICITY_CONSUMED_IN_PRODUCTION_ONLY,SIMULATED_PRODUCTION_CASE
http://w3id.org/protys/fixture#Load00093_Op4,http://w3id.org/protys/fixture#Load00093,http://w3id.org/protys/fixture#Load00093_Process,http://w3id.org/protys/fixture#Load00093_LCIProcess,26.666667,kWh,http://w3id.org/protys/fixture#GridFactor,ELECTRICITY_CONSUMED_IN_PRODUCTION_ONLY,SIMULATED_PRODUCTION_CASE
http://w3id.org/protys/fixture#Load00093_Op5,http://w3id.org/protys/fixture#Load00093,http://w3id.org/protys/fixture#Load00093_Process,http://w3id.org/protys/fixture#Load00093_LCIProcess,3.333333,kWh,http://w3id.org/protys/fixture#GridFactor,ELECTRICITY_CONSUMED_IN_PRODUCTION_ONLY,SIMULATED_PRODUCTION_CASE
http://w3id.org/protys/fixture#Load00093_Op6,http://w3id.org/protys/fixture#Load00093,http://w3id.org/protys/fixture#Load00093_Process,http://w3id.org/protys/fixture#Load00093_LCIProcess,0,kWh,http://w3id.org/protys/fixture#GridFactor,ELECTRICITY_CONSUMED_IN_PRODUCTION_ONLY,SIMULATED_PRODUCTION_CASE
http://w3id.org/protys/fixture#Load00093_Op7,http://w3id.org/protys/fixture#Load00093,http://w3id.org/protys/fixture#Load00093_Process,http://w3id.org/protys/fixture#Load00093_LCIProcess,0.333333,kWh,http://w3id.org/protys/fixture#GridFactor,ELECTRICITY_CONSUMED_IN_PRODUCTION_ONLY,SIMULATED_PRODUCTION_CASE
http://w3id.org/protys/fixture#Load00094_Op1,http://w3id.org/protys/fixture#Load00094,http://w3id.org/protys/fixture#Load00094_Process,http://w3id.org/protys/fixture#Load00094_LCIProcess,0,kWh,http://w3id.org/protys/fixture#GridFactor,ELECTRICITY_CONSUMED_IN_PRODUCTION_ONLY,SIMULATED_PRODUCTION_CASE
http://w3id.org/protys/fixture#Load00094_Op2,http://w3id.org/protys/fixture#Load00094,http://w3id.org/protys/fixture#Load00094_Process,http://w3id.org/protys/fixture#Load00094_LCIProcess,10,kWh,http://w3id.org/protys/fixture#GridFactor,ELECTRICITY_CONSUMED_IN_PRODUCTION_ONLY,SIMULATED_PRODUCTION_CASE
http://w3id.org/protys/fixture#Load00094_Op3,http://w3id.org/protys/fixture#Load00094,http://w3id.org/protys/fixture#Load00094_Process,http://w3id.org/protys/fixture#Load00094_LCIProcess,75,kWh,http://w3id.org/protys/fixture#GridFactor,ELECTRICITY_CONSUMED_IN_PRODUCTION_ONLY,SIMULATED_PRODUCTION_CASE
http://w3id.org/protys/fixture#Load00094_Op4,http://w3id.org/protys/fixture#Load00094,http://w3id.org/protys/fixture#Load00094_Process,http://w3id.org/protys/fixture#Load00094_LCIProcess,26.666667,kWh,http://w3id.org/protys/fixture#GridFactor,ELECTRICITY_CONSUMED_IN_PRODUCTION_ONLY,SIMULATED_PRODUCTION_CASE
http://w3id.org/protys/fixture#Load00094_Op5,http://w3id.org/protys/fixture#Load00094,http://w3id.org/protys/fixture#Load00094_Process,http://w3id.org/protys/fixture#Load00094_LCIProcess,3.333333,kWh,http://w3id.org/protys/fixture#GridFactor,ELECTRICITY_CONSUMED_IN_PRODUCTION_ONLY,SIMULATED_PRODUCTION_CASE
http://w3id.org/protys/fixture#Load00094_Op6,http://w3id.org/protys/fixture#Load00094,http://w3id.org/protys/fixture#Load00094_Process,http://w3id.org/protys/fixture#Load00094_LCIProcess,0,kWh,http://w3id.org/protys/fixture#GridFactor,ELECTRICITY_CONSUMED_IN_PRODUCTION_ONLY,SIMULATED_PRODUCTION_CASE
http://w3id.org/protys/fixture#Load00094_Op7,http://w3id.org/protys/fixture#Load00094,http://w3id.org/protys/fixture#Load00094_Process,http://w3id.org/protys/fixture#Load00094_LCIProcess,0.333333,kWh,http://w3id.org/protys/fixture#GridFactor,ELECTRICITY_CONSUMED_IN_PRODUCTION_ONLY,SIMULATED_PRODUCTION_CASE
http://w3id.org/protys/fixture#Load00095_Op1,http://w3id.org/protys/fixture#Load00095,http://w3id.org/protys/fixture#Load00095_Process,http://w3id.org/protys/fixture#Load00095_LCIProcess,0,kWh,http://w3id.org/protys/fixture#GridFactor,ELECTRICITY_CONSUMED_IN_PRODUCTION_ONLY,SIMULATED_PRODUCTION_CASE
http://w3id.org/protys/fixture#Load00095_Op2,http://w3id.org/protys/fixture#Load00095,http://w3id.org/protys/fixture#Load00095_Process,http://w3id.org/protys/fixture#Load00095_LCIProcess,10,kWh,http://w3id.org/protys/fixture#GridFactor,ELECTRICITY_CONSUMED_IN_PRODUCTION_ONLY,SIMULATED_PRODUCTION_CASE
http://w3id.org/protys/fixture#Load00095_Op3,http://w3id.org/protys/fixture#Load00095,http://w3id.org/protys/fixture#Load00095_Process,http://w3id.org/protys/fixture#Load00095_LCIProcess,75,kWh,http://w3id.org/protys/fixture#GridFactor,ELECTRICITY_CONSUMED_IN_PRODUCTION_ONLY,SIMULATED_PRODUCTION_CASE
http://w3id.org/protys/fixture#Load00095_Op4,http://w3id.org/protys/fixture#Load00095,http://w3id.org/protys/fixture#Load00095_Process,http://w3id.org/protys/fixture#Load00095_LCIProcess,26.666667,kWh,http://w3id.org/protys/fixture#GridFactor,ELECTRICITY_CONSUMED_IN_PRODUCTION_ONLY,SIMULATED_PRODUCTION_CASE
http://w3id.org/protys/fixture#Load00095_Op5,http://w3id.org/protys/fixture#Load00095,http://w3id.org/protys/fixture#Load00095_Process,http://w3id.org/protys/fixture#Load00095_LCIProcess,3.333333,kWh,http://w3id.org/protys/fixture#GridFactor,ELECTRICITY_CONSUMED_IN_PRODUCTION_ONLY,SIMULATED_PRODUCTION_CASE
http://w3id.org/protys/fixture#Load00095_Op6,http://w3id.org/protys/fixture#Load00095,http://w3id.org/protys/fixture#Load00095_Process,http://w3id.org/protys/fixture#Load00095_LCIProcess,0,kWh,http://w3id.org/protys/fixture#GridFactor,ELECTRICITY_CONSUMED_IN_PRODUCTION_ONLY,SIMULATED_PRODUCTION_CASE
http://w3id.org/protys/fixture#Load00095_Op7,http://w3id.org/protys/fixture#Load00095,http://w3id.org/protys/fixture#Load00095_Process,http://w3id.org/protys/fixture#Load00095_LCIProcess,0.333333,kWh,http://w3id.org/protys/fixture#GridFactor,ELECTRICITY_CONSUMED_IN_PRODUCTION_ONLY,SIMULATED_PRODUCTION_CASE
http://w3id.org/protys/fixture#Load00096_Op1,http://w3id.org/protys/fixture#Load00096,http://w3id.org/protys/fixture#Load00096_Process,http://w3id.org/protys/fixture#Load00096_LCIProcess,0,kWh,http://w3id.org/protys/fixture#GridFactor,ELECTRICITY_CONSUMED_IN_PRODUCTION_ONLY,SIMULATED_PRODUCTION_CASE
http://w3id.org/protys/fixture#Load00096_Op2,http://w3id.org/protys/fixture#Load00096,http://w3id.org/protys/fixture#Load00096_Process,http://w3id.org/protys/fixture#Load00096_LCIProcess,10,kWh,http://w3id.org/protys/fixture#GridFactor,ELECTRICITY_CONSUMED_IN_PRODUCTION_ONLY,SIMULATED_PRODUCTION_CASE
http://w3id.org/protys/fixture#Load00096_Op3,http://w3id.org/protys/fixture#Load00096,http://w3id.org/protys/fixture#Load00096_Process,http://w3id.org/protys/fixture#Load00096_LCIProcess,75,kWh,http://w3id.org/protys/fixture#GridFactor,ELECTRICITY_CONSUMED_IN_PRODUCTION_ONLY,SIMULATED_PRODUCTION_CASE
http://w3id.org/protys/fixture#Load00096_Op4,http://w3id.org/protys/fixture#Load00096,http://w3id.org/protys/fixture#Load00096_Process,http://w3id.org/protys/fixture#Load00096_LCIProcess,26.666667,kWh,http://w3id.org/protys/fixture#GridFactor,ELECTRICITY_CONSUMED_IN_PRODUCTION_ONLY,SIMULATED_PRODUCTION_CASE
http://w3id.org/protys/fixture#Load00096_Op5,http://w3id.org/protys/fixture#Load00096,http://w3id.org/protys/fixture#Load00096_Process,http://w3id.org/protys/fixture#Load00096_LCIProcess,3.333333,kWh,http://w3id.org/protys/fixture#GridFactor,ELECTRICITY_CONSUMED_IN_PRODUCTION_ONLY,SIMULATED_PRODUCTION_CASE
http://w3id.org/protys/fixture#Load00096_Op6,http://w3id.org/protys/fixture#Load00096,http://w3id.org/protys/fixture#Load00096_Process,http://w3id.org/protys/fixture#Load00096_LCIProcess,0,kWh,http://w3id.org/protys/fixture#GridFactor,ELECTRICITY_CONSUMED_IN_PRODUCTION_ONLY,SIMULATED_PRODUCTION_CASE
http://w3id.org/protys/fixture#Load00096_Op7,http://w3id.org/protys/fixture#Load00096,http://w3id.org/protys/fixture#Load00096_Process,http://w3id.org/protys/fixture#Load00096_LCIProcess,0.333333,kWh,http://w3id.org/protys/fixture#GridFactor,ELECTRICITY_CONSUMED_IN_PRODUCTION_ONLY,SIMULATED_PRODUCTION_CASE
http://w3id.org/protys/fixture#Load00097_Op1,http://w3id.org/protys/fixture#Load00097,http://w3id.org/protys/fixture#Load00097_Process,http://w3id.org/protys/fixture#Load00097_LCIProcess,0,kWh,http://w3id.org/protys/fixture#GridFactor,ELECTRICITY_CONSUMED_IN_PRODUCTION_ONLY,SIMULATED_PRODUCTION_CASE
http://w3id.org/protys/fixture#Load00097_Op2,http://w3id.org/protys/fixture#Load00097,http://w3id.org/protys/fixture#Load00097_Process,http://w3id.org/protys/fixture#Load00097_LCIProcess,10,kWh,http://w3id.org/protys/fixture#GridFactor,ELECTRICITY_CONSUMED_IN_PRODUCTION_ONLY,SIMULATED_PRODUCTION_CASE
http://w3id.org/protys/fixture#Load00097_Op3,http://w3id.org/protys/fixture#Load00097,http://w3id.org/protys/fixture#Load00097_Process,http://w3id.org/protys/fixture#Load00097_LCIProcess,75,kWh,http://w3id.org/protys/fixture#GridFactor,ELECTRICITY_CONSUMED_IN_PRODUCTION_ONLY,SIMULATED_PRODUCTION_CASE
http://w3id.org/protys/fixture#Load00097_Op4,http://w3id.org/protys/fixture#Load00097,http://w3id.org/protys/fixture#Load00097_Process,http://w3id.org/protys/fixture#Load00097_LCIProcess,26.666667,kWh,http://w3id.org/protys/fixture#GridFactor,ELECTRICITY_CONSUMED_IN_PRODUCTION_ONLY,SIMULATED_PRODUCTION_CASE
http://w3id.org/protys/fixture#Load00097_Op5,http://w3id.org/protys/fixture#Load00097,http://w3id.org/protys/fixture#Load00097_Process,http://w3id.org/protys/fixture#Load00097_LCIProcess,3.333333,kWh,http://w3id.org/protys/fixture#GridFactor,ELECTRICITY_CONSUMED_IN_PRODUCTION_ONLY,SIMULATED_PRODUCTION_CASE
http://w3id.org/protys/fixture#Load00097_Op6,http://w3id.org/protys/fixture#Load00097,http://w3id.org/protys/fixture#Load00097_Process,http://w3id.org/protys/fixture#Load00097_LCIProcess,0,kWh,http://w3id.org/protys/fixture#GridFactor,ELECTRICITY_CONSUMED_IN_PRODUCTION_ONLY,SIMULATED_PRODUCTION_CASE
http://w3id.org/protys/fixture#Load00097_Op7,http://w3id.org/protys/fixture#Load00097,http://w3id.org/protys/fixture#Load00097_Process,http://w3id.org/protys/fixture#Load00097_LCIProcess,0.333333,kWh,http://w3id.org/protys/fixture#GridFactor,ELECTRICITY_CONSUMED_IN_PRODUCTION_ONLY,SIMULATED_PRODUCTION_CASE
http://w3id.org/protys/fixture#Load00098_Op1,http://w3id.org/protys/fixture#Load00098,http://w3id.org/protys/fixture#Load00098_Process,http://w3id.org/protys/fixture#Load00098_LCIProcess,0,kWh,http://w3id.org/protys/fixture#GridFactor,ELECTRICITY_CONSUMED_IN_PRODUCTION_ONLY,SIMULATED_PRODUCTION_CASE
http://w3id.org/protys/fixture#Load00098_Op2,http://w3id.org/protys/fixture#Load00098,http://w3id.org/protys/fixture#Load00098_Process,http://w3id.org/protys/fixture#Load00098_LCIProcess,10,kWh,http://w3id.org/protys/fixture#GridFactor,ELECTRICITY_CONSUMED_IN_PRODUCTION_ONLY,SIMULATED_PRODUCTION_CASE
http://w3id.org/protys/fixture#Load00098_Op3,http://w3id.org/protys/fixture#Load00098,http://w3id.org/protys/fixture#Load00098_Process,http://w3id.org/protys/fixture#Load00098_LCIProcess,75,kWh,http://w3id.org/protys/fixture#GridFactor,ELECTRICITY_CONSUMED_IN_PRODUCTION_ONLY,SIMULATED_PRODUCTION_CASE
http://w3id.org/protys/fixture#Load00098_Op4,http://w3id.org/protys/fixture#Load00098,http://w3id.org/protys/fixture#Load00098_Process,http://w3id.org/protys/fixture#Load00098_LCIProcess,26.666667,kWh,http://w3id.org/protys/fixture#GridFactor,ELECTRICITY_CONSUMED_IN_PRODUCTION_ONLY,SIMULATED_PRODUCTION_CASE
http://w3id.org/protys/fixture#Load00098_Op5,http://w3id.org/protys/fixture#Load00098,http://w3id.org/protys/fixture#Load00098_Process,http://w3id.org/protys/fixture#Load00098_LCIProcess,3.333333,kWh,http://w3id.org/protys/fixture#GridFactor,ELECTRICITY_CONSUMED_IN_PRODUCTION_ONLY,SIMULATED_PRODUCTION_CASE
http://w3id.org/protys/fixture#Load00098_Op6,http://w3id.org/protys/fixture#Load00098,http://w3id.org/protys/fixture#Load00098_Process,http://w3id.org/protys/fixture#Load00098_LCIProcess,0,kWh,http://w3id.org/protys/fixture#GridFactor,ELECTRICITY_CONSUMED_IN_PRODUCTION_ONLY,SIMULATED_PRODUCTION_CASE
http://w3id.org/protys/fixture#Load00098_Op7,http://w3id.org/protys/fixture#Load00098,http://w3id.org/protys/fixture#Load00098_Process,http://w3id.org/protys/fixture#Load00098_LCIProcess,0.333333,kWh,http://w3id.org/protys/fixture#GridFactor,ELECTRICITY_CONSUMED_IN_PRODUCTION_ONLY,SIMULATED_PRODUCTION_CASE
http://w3id.org/protys/fixture#Load00099_Op1,http://w3id.org/protys/fixture#Load00099,http://w3id.org/protys/fixture#Load00099_Process,http://w3id.org/protys/fixture#Load00099_LCIProcess,0,kWh,http://w3id.org/protys/fixture#GridFactor,ELECTRICITY_CONSUMED_IN_PRODUCTION_ONLY,SIMULATED_PRODUCTION_CASE
http://w3id.org/protys/fixture#Load00099_Op2,http://w3id.org/protys/fixture#Load00099,http://w3id.org/protys/fixture#Load00099_Process,http://w3id.org/protys/fixture#Load00099_LCIProcess,10,kWh,http://w3id.org/protys/fixture#GridFactor,ELECTRICITY_CONSUMED_IN_PRODUCTION_ONLY,SIMULATED_PRODUCTION_CASE
http://w3id.org/protys/fixture#Load00099_Op3,http://w3id.org/protys/fixture#Load00099,http://w3id.org/protys/fixture#Load00099_Process,http://w3id.org/protys/fixture#Load00099_LCIProcess,75,kWh,http://w3id.org/protys/fixture#GridFactor,ELECTRICITY_CONSUMED_IN_PRODUCTION_ONLY,SIMULATED_PRODUCTION_CASE
http://w3id.org/protys/fixture#Load00099_Op4,http://w3id.org/protys/fixture#Load00099,http://w3id.org/protys/fixture#Load00099_Process,http://w3id.org/protys/fixture#Load00099_LCIProcess,26.666667,kWh,http://w3id.org/protys/fixture#GridFactor,ELECTRICITY_CONSUMED_IN_PRODUCTION_ONLY,SIMULATED_PRODUCTION_CASE
http://w3id.org/protys/fixture#Load00099_Op5,http://w3id.org/protys/fixture#Load00099,http://w3id.org/protys/fixture#Load00099_Process,http://w3id.org/protys/fixture#Load00099_LCIProcess,3.333333,kWh,http://w3id.org/protys/fixture#GridFactor,ELECTRICITY_CONSUMED_IN_PRODUCTION_ONLY,SIMULATED_PRODUCTION_CASE
http://w3id.org/protys/fixture#Load00099_Op6,http://w3id.org/protys/fixture#Load00099,http://w3id.org/protys/fixture#Load00099_Process,http://w3id.org/protys/fixture#Load00099_LCIProcess,0,kWh,http://w3id.org/protys/fixture#GridFactor,ELECTRICITY_CONSUMED_IN_PRODUCTION_ONLY,SIMULATED_PRODUCTION_CASE
http://w3id.org/protys/fixture#Load00099_Op7,http://w3id.org/protys/fixture#Load00099,http://w3id.org/protys/fixture#Load00099_Process,http://w3id.org/protys/fixture#Load00099_LCIProcess,0.333333,kWh,http://w3id.org/protys/fixture#GridFactor,ELECTRICITY_CONSUMED_IN_PRODUCTION_ONLY,SIMULATED_PRODUCTION_CASE
http://w3id.org/protys/fixture#Load00100_Op1,http://w3id.org/protys/fixture#Load00100,http://w3id.org/protys/fixture#Load00100_Process,http://w3id.org/protys/fixture#Load00100_LCIProcess,0,kWh,http://w3id.org/protys/fixture#GridFactor,ELECTRICITY_CONSUMED_IN_PRODUCTION_ONLY,SIMULATED_PRODUCTION_CASE
http://w3id.org/protys/fixture#Load00100_Op2,http://w3id.org/protys/fixture#Load00100,http://w3id.org/protys/fixture#Load00100_Process,http://w3id.org/protys/fixture#Load00100_LCIProcess,10,kWh,http://w3id.org/protys/fixture#GridFactor,ELECTRICITY_CONSUMED_IN_PRODUCTION_ONLY,SIMULATED_PRODUCTION_CASE
http://w3id.org/protys/fixture#Load00100_Op3,http://w3id.org/protys/fixture#Load00100,http://w3id.org/protys/fixture#Load00100_Process,http://w3id.org/protys/fixture#Load00100_LCIProcess,75,kWh,http://w3id.org/protys/fixture#GridFactor,ELECTRICITY_CONSUMED_IN_PRODUCTION_ONLY,SIMULATED_PRODUCTION_CASE
http://w3id.org/protys/fixture#Load00100_Op4,http://w3id.org/protys/fixture#Load00100,http://w3id.org/protys/fixture#Load00100_Process,http://w3id.org/protys/fixture#Load00100_LCIProcess,26.666667,kWh,http://w3id.org/protys/fixture#GridFactor,ELECTRICITY_CONSUMED_IN_PRODUCTION_ONLY,SIMULATED_PRODUCTION_CASE
http://w3id.org/protys/fixture#Load00100_Op5,http://w3id.org/protys/fixture#Load00100,http://w3id.org/protys/fixture#Load00100_Process,http://w3id.org/protys/fixture#Load00100_LCIProcess,3.333333,kWh,http://w3id.org/protys/fixture#GridFactor,ELECTRICITY_CONSUMED_IN_PRODUCTION_ONLY,SIMULATED_PRODUCTION_CASE
http://w3id.org/protys/fixture#Load00100_Op6,http://w3id.org/protys/fixture#Load00100,http://w3id.org/protys/fixture#Load00100_Process,http://w3id.org/protys/fixture#Load00100_LCIProcess,0,kWh,http://w3id.org/protys/fixture#GridFactor,ELECTRICITY_CONSUMED_IN_PRODUCTION_ONLY,SIMULATED_PRODUCTION_CASE
http://w3id.org/protys/fixture#Load00100_Op7,http://w3id.org/protys/fixture#Load00100,http://w3id.org/protys/fixture#Load00100_Process,http://w3id.org/protys/fixture#Load00100_LCIProcess,0.333333,kWh,http://w3id.org/protys/fixture#GridFactor,ELECTRICITY_CONSUMED_IN_PRODUCTION_ONLY,SIMULATED_PRODUCTION_CASE
http://w3id.org/protys/fixture#Load00101_Op1,http://w3id.org/protys/fixture#Load00101,http://w3id.org/protys/fixture#Load00101_Process,http://w3id.org/protys/fixture#Load00101_LCIProcess,0,kWh,http://w3id.org/protys/fixture#GridFactor,ELECTRICITY_CONSUMED_IN_PRODUCTION_ONLY,SIMULATED_PRODUCTION_CASE
http://w3id.org/protys/fixture#Load00101_Op2,http://w3id.org/protys/fixture#Load00101,http://w3id.org/protys/fixture#Load00101_Process,http://w3id.org/protys/fixture#Load00101_LCIProcess,10,kWh,http://w3id.org/protys/fixture#GridFactor,ELECTRICITY_CONSUMED_IN_PRODUCTION_ONLY,SIMULATED_PRODUCTION_CASE
http://w3id.org/protys/fixture#Load00101_Op3,http://w3id.org/protys/fixture#Load00101,http://w3id.org/protys/fixture#Load00101_Process,http://w3id.org/protys/fixture#Load00101_LCIProcess,75,kWh,http://w3id.org/protys/fixture#GridFactor,ELECTRICITY_CONSUMED_IN_PRODUCTION_ONLY,SIMULATED_PRODUCTION_CASE
http://w3id.org/protys/fixture#Load00101_Op4,http://w3id.org/protys/fixture#Load00101,http://w3id.org/protys/fixture#Load00101_Process,http://w3id.org/protys/fixture#Load00101_LCIProcess,26.666667,kWh,http://w3id.org/protys/fixture#GridFactor,ELECTRICITY_CONSUMED_IN_PRODUCTION_ONLY,SIMULATED_PRODUCTION_CASE
http://w3id.org/protys/fixture#Load00101_Op5,http://w3id.org/protys/fixture#Load00101,http://w3id.org/protys/fixture#Load00101_Process,http://w3id.org/protys/fixture#Load00101_LCIProcess,3.333333,kWh,http://w3id.org/protys/fixture#GridFactor,ELECTRICITY_CONSUMED_IN_PRODUCTION_ONLY,SIMULATED_PRODUCTION_CASE
http://w3id.org/protys/fixture#Load00101_Op6,http://w3id.org/protys/fixture#Load00101,http://w3id.org/protys/fixture#Load00101_Process,http://w3id.org/protys/fixture#Load00101_LCIProcess,0,kWh,http://w3id.org/protys/fixture#GridFactor,ELECTRICITY_CONSUMED_IN_PRODUCTION_ONLY,SIMULATED_PRODUCTION_CASE
http://w3id.org/protys/fixture#Load00101_Op7,http://w3id.org/protys/fixture#Load00101,http://w3id.org/protys/fixture#Load00101_Process,http://w3id.org/protys/fixture#Load00101_LCIProcess,0.333333,kWh,http://w3id.org/protys/fixture#GridFactor,ELECTRICITY_CONSUMED_IN_PRODUCTION_ONLY,SIMULATED_PRODUCTION_CASE
http://w3id.org/protys/fixture#Load00102_Op1,http://w3id.org/protys/fixture#Load00102,http://w3id.org/protys/fixture#Load00102_Process,http://w3id.org/protys/fixture#Load00102_LCIProcess,0,kWh,http://w3id.org/protys/fixture#GridFactor,ELECTRICITY_CONSUMED_IN_PRODUCTION_ONLY,SIMULATED_PRODUCTION_CASE
http://w3id.org/protys/fixture#Load00102_Op2,http://w3id.org/protys/fixture#Load00102,http://w3id.org/protys/fixture#Load00102_Process,http://w3id.org/protys/fixture#Load00102_LCIProcess,10,kWh,http://w3id.org/protys/fixture#GridFactor,ELECTRICITY_CONSUMED_IN_PRODUCTION_ONLY,SIMULATED_PRODUCTION_CASE
http://w3id.org/protys/fixture#Load00102_Op3,http://w3id.org/protys/fixture#Load00102,http://w3id.org/protys/fixture#Load00102_Process,http://w3id.org/protys/fixture#Load00102_LCIProcess,75,kWh,http://w3id.org/protys/fixture#GridFactor,ELECTRICITY_CONSUMED_IN_PRODUCTION_ONLY,SIMULATED_PRODUCTION_CASE
http://w3id.org/protys/fixture#Load00102_Op4,http://w3id.org/protys/fixture#Load00102,http://w3id.org/protys/fixture#Load00102_Process,http://w3id.org/protys/fixture#Load00102_LCIProcess,26.666667,kWh,http://w3id.org/protys/fixture#GridFactor,ELECTRICITY_CONSUMED_IN_PRODUCTION_ONLY,SIMULATED_PRODUCTION_CASE
http://w3id.org/protys/fixture#Load00102_Op5,http://w3id.org/protys/fixture#Load00102,http://w3id.org/protys/fixture#Load00102_Process,http://w3id.org/protys/fixture#Load00102_LCIProcess,3.333333,kWh,http://w3id.org/protys/fixture#GridFactor,ELECTRICITY_CONSUMED_IN_PRODUCTION_ONLY,SIMULATED_PRODUCTION_CASE
http://w3id.org/protys/fixture#Load00102_Op6,http://w3id.org/protys/fixture#Load00102,http://w3id.org/protys/fixture#Load00102_Process,http://w3id.org/protys/fixture#Load00102_LCIProcess,0,kWh,http://w3id.org/protys/fixture#GridFactor,ELECTRICITY_CONSUMED_IN_PRODUCTION_ONLY,SIMULATED_PRODUCTION_CASE
http://w3id.org/protys/fixture#Load00102_Op7,http://w3id.org/protys/fixture#Load00102,http://w3id.org/protys/fixture#Load00102_Process,http://w3id.org/protys/fixture#Load00102_LCIProcess,0.333333,kWh,http://w3id.org/protys/fixture#GridFactor,ELECTRICITY_CONSUMED_IN_PRODUCTION_ONLY,SIMULATED_PRODUCTION_CASE
http://w3id.org/protys/fixture#Load00103_Op1,http://w3id.org/protys/fixture#Load00103,http://w3id.org/protys/fixture#Load00103_Process,http://w3id.org/protys/fixture#Load00103_LCIProcess,0,kWh,http://w3id.org/protys/fixture#GridFactor,ELECTRICITY_CONSUMED_IN_PRODUCTION_ONLY,SIMULATED_PRODUCTION_CASE
http://w3id.org/protys/fixture#Load00103_Op2,http://w3id.org/protys/fixture#Load00103,http://w3id.org/protys/fixture#Load00103_Process,http://w3id.org/protys/fixture#Load00103_LCIProcess,10,kWh,http://w3id.org/protys/fixture#GridFactor,ELECTRICITY_CONSUMED_IN_PRODUCTION_ONLY,SIMULATED_PRODUCTION_CASE
http://w3id.org/protys/fixture#Load00103_Op3,http://w3id.org/protys/fixture#Load00103,http://w3id.org/protys/fixture#Load00103_Process,http://w3id.org/protys/fixture#Load00103_LCIProcess,75,kWh,http://w3id.org/protys/fixture#GridFactor,ELECTRICITY_CONSUMED_IN_PRODUCTION_ONLY,SIMULATED_PRODUCTION_CASE
http://w3id.org/protys/fixture#Load00103_Op4,http://w3id.org/protys/fixture#Load00103,http://w3id.org/protys/fixture#Load00103_Process,http://w3id.org/protys/fixture#Load00103_LCIProcess,26.666667,kWh,http://w3id.org/protys/fixture#GridFactor,ELECTRICITY_CONSUMED_IN_PRODUCTION_ONLY,SIMULATED_PRODUCTION_CASE
http://w3id.org/protys/fixture#Load00103_Op5,http://w3id.org/protys/fixture#Load00103,http://w3id.org/protys/fixture#Load00103_Process,http://w3id.org/protys/fixture#Load00103_LCIProcess,3.333333,kWh,http://w3id.org/protys/fixture#GridFactor,ELECTRICITY_CONSUMED_IN_PRODUCTION_ONLY,SIMULATED_PRODUCTION_CASE
http://w3id.org/protys/fixture#Load00103_Op6,http://w3id.org/protys/fixture#Load00103,http://w3id.org/protys/fixture#Load00103_Process,http://w3id.org/protys/fixture#Load00103_LCIProcess,0,kWh,http://w3id.org/protys/fixture#GridFactor,ELECTRICITY_CONSUMED_IN_PRODUCTION_ONLY,SIMULATED_PRODUCTION_CASE
http://w3id.org/protys/fixture#Load00103_Op7,http://w3id.org/protys/fixture#Load00103,http://w3id.org/protys/fixture#Load00103_Process,http://w3id.org/protys/fixture#Load00103_LCIProcess,0.333333,kWh,http://w3id.org/protys/fixture#GridFactor,ELECTRICITY_CONSUMED_IN_PRODUCTION_ONLY,SIMULATED_PRODUCTION_CASE
http://w3id.org/protys/fixture#Load00104_Op1,http://w3id.org/protys/fixture#Load00104,http://w3id.org/protys/fixture#Load00104_Process,http://w3id.org/protys/fixture#Load00104_LCIProcess,0,kWh,http://w3id.org/protys/fixture#GridFactor,ELECTRICITY_CONSUMED_IN_PRODUCTION_ONLY,SIMULATED_PRODUCTION_CASE
http://w3id.org/protys/fixture#Load00104_Op2,http://w3id.org/protys/fixture#Load00104,http://w3id.org/protys/fixture#Load00104_Process,http://w3id.org/protys/fixture#Load00104_LCIProcess,10,kWh,http://w3id.org/protys/fixture#GridFactor,ELECTRICITY_CONSUMED_IN_PRODUCTION_ONLY,SIMULATED_PRODUCTION_CASE
http://w3id.org/protys/fixture#Load00104_Op3,http://w3id.org/protys/fixture#Load00104,http://w3id.org/protys/fixture#Load00104_Process,http://w3id.org/protys/fixture#Load00104_LCIProcess,75,kWh,http://w3id.org/protys/fixture#GridFactor,ELECTRICITY_CONSUMED_IN_PRODUCTION_ONLY,SIMULATED_PRODUCTION_CASE
http://w3id.org/protys/fixture#Load00104_Op4,http://w3id.org/protys/fixture#Load00104,http://w3id.org/protys/fixture#Load00104_Process,http://w3id.org/protys/fixture#Load00104_LCIProcess,26.666667,kWh,http://w3id.org/protys/fixture#GridFactor,ELECTRICITY_CONSUMED_IN_PRODUCTION_ONLY,SIMULATED_PRODUCTION_CASE
http://w3id.org/protys/fixture#Load00104_Op5,http://w3id.org/protys/fixture#Load00104,http://w3id.org/protys/fixture#Load00104_Process,http://w3id.org/protys/fixture#Load00104_LCIProcess,3.333333,kWh,http://w3id.org/protys/fixture#GridFactor,ELECTRICITY_CONSUMED_IN_PRODUCTION_ONLY,SIMULATED_PRODUCTION_CASE
http://w3id.org/protys/fixture#Load00104_Op6,http://w3id.org/protys/fixture#Load00104,http://w3id.org/protys/fixture#Load00104_Process,http://w3id.org/protys/fixture#Load00104_LCIProcess,0,kWh,http://w3id.org/protys/fixture#GridFactor,ELECTRICITY_CONSUMED_IN_PRODUCTION_ONLY,SIMULATED_PRODUCTION_CASE
http://w3id.org/protys/fixture#Load00104_Op7,http://w3id.org/protys/fixture#Load00104,http://w3id.org/protys/fixture#Load00104_Process,http://w3id.org/protys/fixture#Load00104_LCIProcess,0.333333,kWh,http://w3id.org/protys/fixture#GridFactor,ELECTRICITY_CONSUMED_IN_PRODUCTION_ONLY,SIMULATED_PRODUCTION_CASE
http://w3id.org/protys/fixture#Load00105_Op1,http://w3id.org/protys/fixture#Load00105,http://w3id.org/protys/fixture#Load00105_Process,http://w3id.org/protys/fixture#Load00105_LCIProcess,0,kWh,http://w3id.org/protys/fixture#GridFactor,ELECTRICITY_CONSUMED_IN_PRODUCTION_ONLY,SIMULATED_PRODUCTION_CASE
http://w3id.org/protys/fixture#Load00105_Op2,http://w3id.org/protys/fixture#Load00105,http://w3id.org/protys/fixture#Load00105_Process,http://w3id.org/protys/fixture#Load00105_LCIProcess,10,kWh,http://w3id.org/protys/fixture#GridFactor,ELECTRICITY_CONSUMED_IN_PRODUCTION_ONLY,SIMULATED_PRODUCTION_CASE
http://w3id.org/protys/fixture#Load00105_Op3,http://w3id.org/protys/fixture#Load00105,http://w3id.org/protys/fixture#Load00105_Process,http://w3id.org/protys/fixture#Load00105_LCIProcess,75,kWh,http://w3id.org/protys/fixture#GridFactor,ELECTRICITY_CONSUMED_IN_PRODUCTION_ONLY,SIMULATED_PRODUCTION_CASE
http://w3id.org/protys/fixture#Load00105_Op4,http://w3id.org/protys/fixture#Load00105,http://w3id.org/protys/fixture#Load00105_Process,http://w3id.org/protys/fixture#Load00105_LCIProcess,26.666667,kWh,http://w3id.org/protys/fixture#GridFactor,ELECTRICITY_CONSUMED_IN_PRODUCTION_ONLY,SIMULATED_PRODUCTION_CASE
http://w3id.org/protys/fixture#Load00105_Op5,http://w3id.org/protys/fixture#Load00105,http://w3id.org/protys/fixture#Load00105_Process,http://w3id.org/protys/fixture#Load00105_LCIProcess,3.333333,kWh,http://w3id.org/protys/fixture#GridFactor,ELECTRICITY_CONSUMED_IN_PRODUCTION_ONLY,SIMULATED_PRODUCTION_CASE
http://w3id.org/protys/fixture#Load00105_Op6,http://w3id.org/protys/fixture#Load00105,http://w3id.org/protys/fixture#Load00105_Process,http://w3id.org/protys/fixture#Load00105_LCIProcess,0,kWh,http://w3id.org/protys/fixture#GridFactor,ELECTRICITY_CONSUMED_IN_PRODUCTION_ONLY,SIMULATED_PRODUCTION_CASE
http://w3id.org/protys/fixture#Load00105_Op7,http://w3id.org/protys/fixture#Load00105,http://w3id.org/protys/fixture#Load00105_Process,http://w3id.org/protys/fixture#Load00105_LCIProcess,0.333333,kWh,http://w3id.org/protys/fixture#GridFactor,ELECTRICITY_CONSUMED_IN_PRODUCTION_ONLY,SIMULATED_PRODUCTION_CASE
http://w3id.org/protys/fixture#Load00106_Op1,http://w3id.org/protys/fixture#Load00106,http://w3id.org/protys/fixture#Load00106_Process,http://w3id.org/protys/fixture#Load00106_LCIProcess,0,kWh,http://w3id.org/protys/fixture#GridFactor,ELECTRICITY_CONSUMED_IN_PRODUCTION_ONLY,SIMULATED_PRODUCTION_CASE
http://w3id.org/protys/fixture#Load00106_Op2,http://w3id.org/protys/fixture#Load00106,http://w3id.org/protys/fixture#Load00106_Process,http://w3id.org/protys/fixture#Load00106_LCIProcess,10,kWh,http://w3id.org/protys/fixture#GridFactor,ELECTRICITY_CONSUMED_IN_PRODUCTION_ONLY,SIMULATED_PRODUCTION_CASE
http://w3id.org/protys/fixture#Load00106_Op3,http://w3id.org/protys/fixture#Load00106,http://w3id.org/protys/fixture#Load00106_Process,http://w3id.org/protys/fixture#Load00106_LCIProcess,75,kWh,http://w3id.org/protys/fixture#GridFactor,ELECTRICITY_CONSUMED_IN_PRODUCTION_ONLY,SIMULATED_PRODUCTION_CASE
http://w3id.org/protys/fixture#Load00106_Op4,http://w3id.org/protys/fixture#Load00106,http://w3id.org/protys/fixture#Load00106_Process,http://w3id.org/protys/fixture#Load00106_LCIProcess,26.666667,kWh,http://w3id.org/protys/fixture#GridFactor,ELECTRICITY_CONSUMED_IN_PRODUCTION_ONLY,SIMULATED_PRODUCTION_CASE
http://w3id.org/protys/fixture#Load00106_Op5,http://w3id.org/protys/fixture#Load00106,http://w3id.org/protys/fixture#Load00106_Process,http://w3id.org/protys/fixture#Load00106_LCIProcess,3.333333,kWh,http://w3id.org/protys/fixture#GridFactor,ELECTRICITY_CONSUMED_IN_PRODUCTION_ONLY,SIMULATED_PRODUCTION_CASE
http://w3id.org/protys/fixture#Load00106_Op6,http://w3id.org/protys/fixture#Load00106,http://w3id.org/protys/fixture#Load00106_Process,http://w3id.org/protys/fixture#Load00106_LCIProcess,0,kWh,http://w3id.org/protys/fixture#GridFactor,ELECTRICITY_CONSUMED_IN_PRODUCTION_ONLY,SIMULATED_PRODUCTION_CASE
http://w3id.org/protys/fixture#Load00106_Op7,http://w3id.org/protys/fixture#Load00106,http://w3id.org/protys/fixture#Load00106_Process,http://w3id.org/protys/fixture#Load00106_LCIProcess,0.333333,kWh,http://w3id.org/protys/fixture#GridFactor,ELECTRICITY_CONSUMED_IN_PRODUCTION_ONLY,SIMULATED_PRODUCTION_CASE
http://w3id.org/protys/fixture#Load00107_Op1,http://w3id.org/protys/fixture#Load00107,http://w3id.org/protys/fixture#Load00107_Process,http://w3id.org/protys/fixture#Load00107_LCIProcess,0,kWh,http://w3id.org/protys/fixture#GridFactor,ELECTRICITY_CONSUMED_IN_PRODUCTION_ONLY,SIMULATED_PRODUCTION_CASE
http://w3id.org/protys/fixture#Load00107_Op2,http://w3id.org/protys/fixture#Load00107,http://w3id.org/protys/fixture#Load00107_Process,http://w3id.org/protys/fixture#Load00107_LCIProcess,10,kWh,http://w3id.org/protys/fixture#GridFactor,ELECTRICITY_CONSUMED_IN_PRODUCTION_ONLY,SIMULATED_PRODUCTION_CASE
http://w3id.org/protys/fixture#Load00107_Op3,http://w3id.org/protys/fixture#Load00107,http://w3id.org/protys/fixture#Load00107_Process,http://w3id.org/protys/fixture#Load00107_LCIProcess,75,kWh,http://w3id.org/protys/fixture#GridFactor,ELECTRICITY_CONSUMED_IN_PRODUCTION_ONLY,SIMULATED_PRODUCTION_CASE
http://w3id.org/protys/fixture#Load00107_Op4,http://w3id.org/protys/fixture#Load00107,http://w3id.org/protys/fixture#Load00107_Process,http://w3id.org/protys/fixture#Load00107_LCIProcess,26.666667,kWh,http://w3id.org/protys/fixture#GridFactor,ELECTRICITY_CONSUMED_IN_PRODUCTION_ONLY,SIMULATED_PRODUCTION_CASE
http://w3id.org/protys/fixture#Load00107_Op5,http://w3id.org/protys/fixture#Load00107,http://w3id.org/protys/fixture#Load00107_Process,http://w3id.org/protys/fixture#Load00107_LCIProcess,3.333333,kWh,http://w3id.org/protys/fixture#GridFactor,ELECTRICITY_CONSUMED_IN_PRODUCTION_ONLY,SIMULATED_PRODUCTION_CASE
http://w3id.org/protys/fixture#Load00107_Op6,http://w3id.org/protys/fixture#Load00107,http://w3id.org/protys/fixture#Load00107_Process,http://w3id.org/protys/fixture#Load00107_LCIProcess,0,kWh,http://w3id.org/protys/fixture#GridFactor,ELECTRICITY_CONSUMED_IN_PRODUCTION_ONLY,SIMULATED_PRODUCTION_CASE
http://w3id.org/protys/fixture#Load00107_Op7,http://w3id.org/protys/fixture#Load00107,http://w3id.org/protys/fixture#Load00107_Process,http://w3id.org/protys/fixture#Load00107_LCIProcess,0.333333,kWh,http://w3id.org/protys/fixture#GridFactor,ELECTRICITY_CONSUMED_IN_PRODUCTION_ONLY,SIMULATED_PRODUCTION_CASE
http://w3id.org/protys/fixture#Load00108_Op1,http://w3id.org/protys/fixture#Load00108,http://w3id.org/protys/fixture#Load00108_Process,http://w3id.org/protys/fixture#Load00108_LCIProcess,0,kWh,http://w3id.org/protys/fixture#GridFactor,ELECTRICITY_CONSUMED_IN_PRODUCTION_ONLY,SIMULATED_PRODUCTION_CASE
http://w3id.org/protys/fixture#Load00108_Op2,http://w3id.org/protys/fixture#Load00108,http://w3id.org/protys/fixture#Load00108_Process,http://w3id.org/protys/fixture#Load00108_LCIProcess,10,kWh,http://w3id.org/protys/fixture#GridFactor,ELECTRICITY_CONSUMED_IN_PRODUCTION_ONLY,SIMULATED_PRODUCTION_CASE
http://w3id.org/protys/fixture#Load00108_Op3,http://w3id.org/protys/fixture#Load00108,http://w3id.org/protys/fixture#Load00108_Process,http://w3id.org/protys/fixture#Load00108_LCIProcess,75,kWh,http://w3id.org/protys/fixture#GridFactor,ELECTRICITY_CONSUMED_IN_PRODUCTION_ONLY,SIMULATED_PRODUCTION_CASE
http://w3id.org/protys/fixture#Load00108_Op4,http://w3id.org/protys/fixture#Load00108,http://w3id.org/protys/fixture#Load00108_Process,http://w3id.org/protys/fixture#Load00108_LCIProcess,26.666667,kWh,http://w3id.org/protys/fixture#GridFactor,ELECTRICITY_CONSUMED_IN_PRODUCTION_ONLY,SIMULATED_PRODUCTION_CASE
http://w3id.org/protys/fixture#Load00108_Op5,http://w3id.org/protys/fixture#Load00108,http://w3id.org/protys/fixture#Load00108_Process,http://w3id.org/protys/fixture#Load00108_LCIProcess,3.333333,kWh,http://w3id.org/protys/fixture#GridFactor,ELECTRICITY_CONSUMED_IN_PRODUCTION_ONLY,SIMULATED_PRODUCTION_CASE
http://w3id.org/protys/fixture#Load00108_Op6,http://w3id.org/protys/fixture#Load00108,http://w3id.org/protys/fixture#Load00108_Process,http://w3id.org/protys/fixture#Load00108_LCIProcess,0,kWh,http://w3id.org/protys/fixture#GridFactor,ELECTRICITY_CONSUMED_IN_PRODUCTION_ONLY,SIMULATED_PRODUCTION_CASE
http://w3id.org/protys/fixture#Load00108_Op7,http://w3id.org/protys/fixture#Load00108,http://w3id.org/protys/fixture#Load00108_Process,http://w3id.org/protys/fixture#Load00108_LCIProcess,0.333333,kWh,http://w3id.org/protys/fixture#GridFactor,ELECTRICITY_CONSUMED_IN_PRODUCTION_ONLY,SIMULATED_PRODUCTION_CASE
http://w3id.org/protys/fixture#Load00109_Op1,http://w3id.org/protys/fixture#Load00109,http://w3id.org/protys/fixture#Load00109_Process,http://w3id.org/protys/fixture#Load00109_LCIProcess,0,kWh,http://w3id.org/protys/fixture#GridFactor,ELECTRICITY_CONSUMED_IN_PRODUCTION_ONLY,SIMULATED_PRODUCTION_CASE
http://w3id.org/protys/fixture#Load00109_Op2,http://w3id.org/protys/fixture#Load00109,http://w3id.org/protys/fixture#Load00109_Process,http://w3id.org/protys/fixture#Load00109_LCIProcess,10,kWh,http://w3id.org/protys/fixture#GridFactor,ELECTRICITY_CONSUMED_IN_PRODUCTION_ONLY,SIMULATED_PRODUCTION_CASE
http://w3id.org/protys/fixture#Load00109_Op3,http://w3id.org/protys/fixture#Load00109,http://w3id.org/protys/fixture#Load00109_Process,http://w3id.org/protys/fixture#Load00109_LCIProcess,75,kWh,http://w3id.org/protys/fixture#GridFactor,ELECTRICITY_CONSUMED_IN_PRODUCTION_ONLY,SIMULATED_PRODUCTION_CASE
http://w3id.org/protys/fixture#Load00109_Op4,http://w3id.org/protys/fixture#Load00109,http://w3id.org/protys/fixture#Load00109_Process,http://w3id.org/protys/fixture#Load00109_LCIProcess,26.666667,kWh,http://w3id.org/protys/fixture#GridFactor,ELECTRICITY_CONSUMED_IN_PRODUCTION_ONLY,SIMULATED_PRODUCTION_CASE
http://w3id.org/protys/fixture#Load00109_Op5,http://w3id.org/protys/fixture#Load00109,http://w3id.org/protys/fixture#Load00109_Process,http://w3id.org/protys/fixture#Load00109_LCIProcess,3.333333,kWh,http://w3id.org/protys/fixture#GridFactor,ELECTRICITY_CONSUMED_IN_PRODUCTION_ONLY,SIMULATED_PRODUCTION_CASE
http://w3id.org/protys/fixture#Load00109_Op6,http://w3id.org/protys/fixture#Load00109,http://w3id.org/protys/fixture#Load00109_Process,http://w3id.org/protys/fixture#Load00109_LCIProcess,0,kWh,http://w3id.org/protys/fixture#GridFactor,ELECTRICITY_CONSUMED_IN_PRODUCTION_ONLY,SIMULATED_PRODUCTION_CASE
http://w3id.org/protys/fixture#Load00109_Op7,http://w3id.org/protys/fixture#Load00109,http://w3id.org/protys/fixture#Load00109_Process,http://w3id.org/protys/fixture#Load00109_LCIProcess,0.333333,kWh,http://w3id.org/protys/fixture#GridFactor,ELECTRICITY_CONSUMED_IN_PRODUCTION_ONLY,SIMULATED_PRODUCTION_CASE
http://w3id.org/protys/fixture#Load00110_Op1,http://w3id.org/protys/fixture#Load00110,http://w3id.org/protys/fixture#Load00110_Process,http://w3id.org/protys/fixture#Load00110_LCIProcess,0,kWh,http://w3id.org/protys/fixture#GridFactor,ELECTRICITY_CONSUMED_IN_PRODUCTION_ONLY,SIMULATED_PRODUCTION_CASE
http://w3id.org/protys/fixture#Load00110_Op2,http://w3id.org/protys/fixture#Load00110,http://w3id.org/protys/fixture#Load00110_Process,http://w3id.org/protys/fixture#Load00110_LCIProcess,10,kWh,http://w3id.org/protys/fixture#GridFactor,ELECTRICITY_CONSUMED_IN_PRODUCTION_ONLY,SIMULATED_PRODUCTION_CASE
http://w3id.org/protys/fixture#Load00110_Op3,http://w3id.org/protys/fixture#Load00110,http://w3id.org/protys/fixture#Load00110_Process,http://w3id.org/protys/fixture#Load00110_LCIProcess,75,kWh,http://w3id.org/protys/fixture#GridFactor,ELECTRICITY_CONSUMED_IN_PRODUCTION_ONLY,SIMULATED_PRODUCTION_CASE
http://w3id.org/protys/fixture#Load00110_Op4,http://w3id.org/protys/fixture#Load00110,http://w3id.org/protys/fixture#Load00110_Process,http://w3id.org/protys/fixture#Load00110_LCIProcess,26.666667,kWh,http://w3id.org/protys/fixture#GridFactor,ELECTRICITY_CONSUMED_IN_PRODUCTION_ONLY,SIMULATED_PRODUCTION_CASE
http://w3id.org/protys/fixture#Load00110_Op5,http://w3id.org/protys/fixture#Load00110,http://w3id.org/protys/fixture#Load00110_Process,http://w3id.org/protys/fixture#Load00110_LCIProcess,3.333333,kWh,http://w3id.org/protys/fixture#GridFactor,ELECTRICITY_CONSUMED_IN_PRODUCTION_ONLY,SIMULATED_PRODUCTION_CASE
http://w3id.org/protys/fixture#Load00110_Op6,http://w3id.org/protys/fixture#Load00110,http://w3id.org/protys/fixture#Load00110_Process,http://w3id.org/protys/fixture#Load00110_LCIProcess,0,kWh,http://w3id.org/protys/fixture#GridFactor,ELECTRICITY_CONSUMED_IN_PRODUCTION_ONLY,SIMULATED_PRODUCTION_CASE
http://w3id.org/protys/fixture#Load00110_Op7,http://w3id.org/protys/fixture#Load00110,http://w3id.org/protys/fixture#Load00110_Process,http://w3id.org/protys/fixture#Load00110_LCIProcess,0.333333,kWh,http://w3id.org/protys/fixture#GridFactor,ELECTRICITY_CONSUMED_IN_PRODUCTION_ONLY,SIMULATED_PRODUCTION_CASE
http://w3id.org/protys/fixture#Load00111_Op1,http://w3id.org/protys/fixture#Load00111,http://w3id.org/protys/fixture#Load00111_Process,http://w3id.org/protys/fixture#Load00111_LCIProcess,0,kWh,http://w3id.org/protys/fixture#GridFactor,ELECTRICITY_CONSUMED_IN_PRODUCTION_ONLY,SIMULATED_PRODUCTION_CASE
http://w3id.org/protys/fixture#Load00111_Op2,http://w3id.org/protys/fixture#Load00111,http://w3id.org/protys/fixture#Load00111_Process,http://w3id.org/protys/fixture#Load00111_LCIProcess,10,kWh,http://w3id.org/protys/fixture#GridFactor,ELECTRICITY_CONSUMED_IN_PRODUCTION_ONLY,SIMULATED_PRODUCTION_CASE
http://w3id.org/protys/fixture#Load00111_Op3,http://w3id.org/protys/fixture#Load00111,http://w3id.org/protys/fixture#Load00111_Process,http://w3id.org/protys/fixture#Load00111_LCIProcess,75,kWh,http://w3id.org/protys/fixture#GridFactor,ELECTRICITY_CONSUMED_IN_PRODUCTION_ONLY,SIMULATED_PRODUCTION_CASE
http://w3id.org/protys/fixture#Load00111_Op4,http://w3id.org/protys/fixture#Load00111,http://w3id.org/protys/fixture#Load00111_Process,http://w3id.org/protys/fixture#Load00111_LCIProcess,26.666667,kWh,http://w3id.org/protys/fixture#GridFactor,ELECTRICITY_CONSUMED_IN_PRODUCTION_ONLY,SIMULATED_PRODUCTION_CASE
http://w3id.org/protys/fixture#Load00111_Op5,http://w3id.org/protys/fixture#Load00111,http://w3id.org/protys/fixture#Load00111_Process,http://w3id.org/protys/fixture#Load00111_LCIProcess,3.333333,kWh,http://w3id.org/protys/fixture#GridFactor,ELECTRICITY_CONSUMED_IN_PRODUCTION_ONLY,SIMULATED_PRODUCTION_CASE
http://w3id.org/protys/fixture#Load00111_Op6,http://w3id.org/protys/fixture#Load00111,http://w3id.org/protys/fixture#Load00111_Process,http://w3id.org/protys/fixture#Load00111_LCIProcess,0,kWh,http://w3id.org/protys/fixture#GridFactor,ELECTRICITY_CONSUMED_IN_PRODUCTION_ONLY,SIMULATED_PRODUCTION_CASE
http://w3id.org/protys/fixture#Load00111_Op7,http://w3id.org/protys/fixture#Load00111,http://w3id.org/protys/fixture#Load00111_Process,http://w3id.org/protys/fixture#Load00111_LCIProcess,0.333333,kWh,http://w3id.org/protys/fixture#GridFactor,ELECTRICITY_CONSUMED_IN_PRODUCTION_ONLY,SIMULATED_PRODUCTION_CASE
http://w3id.org/protys/fixture#Load00112_Op1,http://w3id.org/protys/fixture#Load00112,http://w3id.org/protys/fixture#Load00112_Process,http://w3id.org/protys/fixture#Load00112_LCIProcess,0,kWh,http://w3id.org/protys/fixture#GridFactor,ELECTRICITY_CONSUMED_IN_PRODUCTION_ONLY,SIMULATED_PRODUCTION_CASE
http://w3id.org/protys/fixture#Load00112_Op2,http://w3id.org/protys/fixture#Load00112,http://w3id.org/protys/fixture#Load00112_Process,http://w3id.org/protys/fixture#Load00112_LCIProcess,10,kWh,http://w3id.org/protys/fixture#GridFactor,ELECTRICITY_CONSUMED_IN_PRODUCTION_ONLY,SIMULATED_PRODUCTION_CASE
http://w3id.org/protys/fixture#Load00112_Op3,http://w3id.org/protys/fixture#Load00112,http://w3id.org/protys/fixture#Load00112_Process,http://w3id.org/protys/fixture#Load00112_LCIProcess,75,kWh,http://w3id.org/protys/fixture#GridFactor,ELECTRICITY_CONSUMED_IN_PRODUCTION_ONLY,SIMULATED_PRODUCTION_CASE
http://w3id.org/protys/fixture#Load00112_Op4,http://w3id.org/protys/fixture#Load00112,http://w3id.org/protys/fixture#Load00112_Process,http://w3id.org/protys/fixture#Load00112_LCIProcess,26.666667,kWh,http://w3id.org/protys/fixture#GridFactor,ELECTRICITY_CONSUMED_IN_PRODUCTION_ONLY,SIMULATED_PRODUCTION_CASE
http://w3id.org/protys/fixture#Load00112_Op5,http://w3id.org/protys/fixture#Load00112,http://w3id.org/protys/fixture#Load00112_Process,http://w3id.org/protys/fixture#Load00112_LCIProcess,3.333333,kWh,http://w3id.org/protys/fixture#GridFactor,ELECTRICITY_CONSUMED_IN_PRODUCTION_ONLY,SIMULATED_PRODUCTION_CASE
http://w3id.org/protys/fixture#Load00112_Op6,http://w3id.org/protys/fixture#Load00112,http://w3id.org/protys/fixture#Load00112_Process,http://w3id.org/protys/fixture#Load00112_LCIProcess,0,kWh,http://w3id.org/protys/fixture#GridFactor,ELECTRICITY_CONSUMED_IN_PRODUCTION_ONLY,SIMULATED_PRODUCTION_CASE
http://w3id.org/protys/fixture#Load00112_Op7,http://w3id.org/protys/fixture#Load00112,http://w3id.org/protys/fixture#Load00112_Process,http://w3id.org/protys/fixture#Load00112_LCIProcess,0.333333,kWh,http://w3id.org/protys/fixture#GridFactor,ELECTRICITY_CONSUMED_IN_PRODUCTION_ONLY,SIMULATED_PRODUCTION_CASE
http://w3id.org/protys/fixture#Load00113_Op1,http://w3id.org/protys/fixture#Load00113,http://w3id.org/protys/fixture#Load00113_Process,http://w3id.org/protys/fixture#Load00113_LCIProcess,0,kWh,http://w3id.org/protys/fixture#GridFactor,ELECTRICITY_CONSUMED_IN_PRODUCTION_ONLY,SIMULATED_PRODUCTION_CASE
http://w3id.org/protys/fixture#Load00113_Op2,http://w3id.org/protys/fixture#Load00113,http://w3id.org/protys/fixture#Load00113_Process,http://w3id.org/protys/fixture#Load00113_LCIProcess,10,kWh,http://w3id.org/protys/fixture#GridFactor,ELECTRICITY_CONSUMED_IN_PRODUCTION_ONLY,SIMULATED_PRODUCTION_CASE
http://w3id.org/protys/fixture#Load00113_Op3,http://w3id.org/protys/fixture#Load00113,http://w3id.org/protys/fixture#Load00113_Process,http://w3id.org/protys/fixture#Load00113_LCIProcess,75,kWh,http://w3id.org/protys/fixture#GridFactor,ELECTRICITY_CONSUMED_IN_PRODUCTION_ONLY,SIMULATED_PRODUCTION_CASE
http://w3id.org/protys/fixture#Load00113_Op4,http://w3id.org/protys/fixture#Load00113,http://w3id.org/protys/fixture#Load00113_Process,http://w3id.org/protys/fixture#Load00113_LCIProcess,26.666667,kWh,http://w3id.org/protys/fixture#GridFactor,ELECTRICITY_CONSUMED_IN_PRODUCTION_ONLY,SIMULATED_PRODUCTION_CASE
http://w3id.org/protys/fixture#Load00113_Op5,http://w3id.org/protys/fixture#Load00113,http://w3id.org/protys/fixture#Load00113_Process,http://w3id.org/protys/fixture#Load00113_LCIProcess,3.333333,kWh,http://w3id.org/protys/fixture#GridFactor,ELECTRICITY_CONSUMED_IN_PRODUCTION_ONLY,SIMULATED_PRODUCTION_CASE
http://w3id.org/protys/fixture#Load00113_Op6,http://w3id.org/protys/fixture#Load00113,http://w3id.org/protys/fixture#Load00113_Process,http://w3id.org/protys/fixture#Load00113_LCIProcess,0,kWh,http://w3id.org/protys/fixture#GridFactor,ELECTRICITY_CONSUMED_IN_PRODUCTION_ONLY,SIMULATED_PRODUCTION_CASE
http://w3id.org/protys/fixture#Load00113_Op7,http://w3id.org/protys/fixture#Load00113,http://w3id.org/protys/fixture#Load00113_Process,http://w3id.org/protys/fixture#Load00113_LCIProcess,0.333333,kWh,http://w3id.org/protys/fixture#GridFactor,ELECTRICITY_CONSUMED_IN_PRODUCTION_ONLY,SIMULATED_PRODUCTION_CASE
http://w3id.org/protys/fixture#Load00114_Op1,http://w3id.org/protys/fixture#Load00114,http://w3id.org/protys/fixture#Load00114_Process,http://w3id.org/protys/fixture#Load00114_LCIProcess,0,kWh,http://w3id.org/protys/fixture#GridFactor,ELECTRICITY_CONSUMED_IN_PRODUCTION_ONLY,SIMULATED_PRODUCTION_CASE
http://w3id.org/protys/fixture#Load00114_Op2,http://w3id.org/protys/fixture#Load00114,http://w3id.org/protys/fixture#Load00114_Process,http://w3id.org/protys/fixture#Load00114_LCIProcess,10,kWh,http://w3id.org/protys/fixture#GridFactor,ELECTRICITY_CONSUMED_IN_PRODUCTION_ONLY,SIMULATED_PRODUCTION_CASE
http://w3id.org/protys/fixture#Load00114_Op3,http://w3id.org/protys/fixture#Load00114,http://w3id.org/protys/fixture#Load00114_Process,http://w3id.org/protys/fixture#Load00114_LCIProcess,75,kWh,http://w3id.org/protys/fixture#GridFactor,ELECTRICITY_CONSUMED_IN_PRODUCTION_ONLY,SIMULATED_PRODUCTION_CASE
http://w3id.org/protys/fixture#Load00114_Op4,http://w3id.org/protys/fixture#Load00114,http://w3id.org/protys/fixture#Load00114_Process,http://w3id.org/protys/fixture#Load00114_LCIProcess,26.666667,kWh,http://w3id.org/protys/fixture#GridFactor,ELECTRICITY_CONSUMED_IN_PRODUCTION_ONLY,SIMULATED_PRODUCTION_CASE
http://w3id.org/protys/fixture#Load00114_Op5,http://w3id.org/protys/fixture#Load00114,http://w3id.org/protys/fixture#Load00114_Process,http://w3id.org/protys/fixture#Load00114_LCIProcess,3.333333,kWh,http://w3id.org/protys/fixture#GridFactor,ELECTRICITY_CONSUMED_IN_PRODUCTION_ONLY,SIMULATED_PRODUCTION_CASE
http://w3id.org/protys/fixture#Load00114_Op6,http://w3id.org/protys/fixture#Load00114,http://w3id.org/protys/fixture#Load00114_Process,http://w3id.org/protys/fixture#Load00114_LCIProcess,0,kWh,http://w3id.org/protys/fixture#GridFactor,ELECTRICITY_CONSUMED_IN_PRODUCTION_ONLY,SIMULATED_PRODUCTION_CASE
http://w3id.org/protys/fixture#Load00114_Op7,http://w3id.org/protys/fixture#Load00114,http://w3id.org/protys/fixture#Load00114_Process,http://w3id.org/protys/fixture#Load00114_LCIProcess,0.333333,kWh,http://w3id.org/protys/fixture#GridFactor,ELECTRICITY_CONSUMED_IN_PRODUCTION_ONLY,SIMULATED_PRODUCTION_CASE
http://w3id.org/protys/fixture#Load00115_Op1,http://w3id.org/protys/fixture#Load00115,http://w3id.org/protys/fixture#Load00115_Process,http://w3id.org/protys/fixture#Load00115_LCIProcess,0,kWh,http://w3id.org/protys/fixture#GridFactor,ELECTRICITY_CONSUMED_IN_PRODUCTION_ONLY,SIMULATED_PRODUCTION_CASE
http://w3id.org/protys/fixture#Load00115_Op2,http://w3id.org/protys/fixture#Load00115,http://w3id.org/protys/fixture#Load00115_Process,http://w3id.org/protys/fixture#Load00115_LCIProcess,10,kWh,http://w3id.org/protys/fixture#GridFactor,ELECTRICITY_CONSUMED_IN_PRODUCTION_ONLY,SIMULATED_PRODUCTION_CASE
http://w3id.org/protys/fixture#Load00115_Op3,http://w3id.org/protys/fixture#Load00115,http://w3id.org/protys/fixture#Load00115_Process,http://w3id.org/protys/fixture#Load00115_LCIProcess,75,kWh,http://w3id.org/protys/fixture#GridFactor,ELECTRICITY_CONSUMED_IN_PRODUCTION_ONLY,SIMULATED_PRODUCTION_CASE
http://w3id.org/protys/fixture#Load00115_Op4,http://w3id.org/protys/fixture#Load00115,http://w3id.org/protys/fixture#Load00115_Process,http://w3id.org/protys/fixture#Load00115_LCIProcess,26.666667,kWh,http://w3id.org/protys/fixture#GridFactor,ELECTRICITY_CONSUMED_IN_PRODUCTION_ONLY,SIMULATED_PRODUCTION_CASE
http://w3id.org/protys/fixture#Load00115_Op5,http://w3id.org/protys/fixture#Load00115,http://w3id.org/protys/fixture#Load00115_Process,http://w3id.org/protys/fixture#Load00115_LCIProcess,3.333333,kWh,http://w3id.org/protys/fixture#GridFactor,ELECTRICITY_CONSUMED_IN_PRODUCTION_ONLY,SIMULATED_PRODUCTION_CASE
http://w3id.org/protys/fixture#Load00115_Op6,http://w3id.org/protys/fixture#Load00115,http://w3id.org/protys/fixture#Load00115_Process,http://w3id.org/protys/fixture#Load00115_LCIProcess,0,kWh,http://w3id.org/protys/fixture#GridFactor,ELECTRICITY_CONSUMED_IN_PRODUCTION_ONLY,SIMULATED_PRODUCTION_CASE
http://w3id.org/protys/fixture#Load00115_Op7,http://w3id.org/protys/fixture#Load00115,http://w3id.org/protys/fixture#Load00115_Process,http://w3id.org/protys/fixture#Load00115_LCIProcess,0.333333,kWh,http://w3id.org/protys/fixture#GridFactor,ELECTRICITY_CONSUMED_IN_PRODUCTION_ONLY,SIMULATED_PRODUCTION_CASE
http://w3id.org/protys/fixture#Load00116_Op1,http://w3id.org/protys/fixture#Load00116,http://w3id.org/protys/fixture#Load00116_Process,http://w3id.org/protys/fixture#Load00116_LCIProcess,0,kWh,http://w3id.org/protys/fixture#GridFactor,ELECTRICITY_CONSUMED_IN_PRODUCTION_ONLY,SIMULATED_PRODUCTION_CASE
http://w3id.org/protys/fixture#Load00116_Op2,http://w3id.org/protys/fixture#Load00116,http://w3id.org/protys/fixture#Load00116_Process,http://w3id.org/protys/fixture#Load00116_LCIProcess,10,kWh,http://w3id.org/protys/fixture#GridFactor,ELECTRICITY_CONSUMED_IN_PRODUCTION_ONLY,SIMULATED_PRODUCTION_CASE
http://w3id.org/protys/fixture#Load00116_Op3,http://w3id.org/protys/fixture#Load00116,http://w3id.org/protys/fixture#Load00116_Process,http://w3id.org/protys/fixture#Load00116_LCIProcess,75,kWh,http://w3id.org/protys/fixture#GridFactor,ELECTRICITY_CONSUMED_IN_PRODUCTION_ONLY,SIMULATED_PRODUCTION_CASE
http://w3id.org/protys/fixture#Load00116_Op4,http://w3id.org/protys/fixture#Load00116,http://w3id.org/protys/fixture#Load00116_Process,http://w3id.org/protys/fixture#Load00116_LCIProcess,26.666667,kWh,http://w3id.org/protys/fixture#GridFactor,ELECTRICITY_CONSUMED_IN_PRODUCTION_ONLY,SIMULATED_PRODUCTION_CASE
http://w3id.org/protys/fixture#Load00116_Op5,http://w3id.org/protys/fixture#Load00116,http://w3id.org/protys/fixture#Load00116_Process,http://w3id.org/protys/fixture#Load00116_LCIProcess,3.333333,kWh,http://w3id.org/protys/fixture#GridFactor,ELECTRICITY_CONSUMED_IN_PRODUCTION_ONLY,SIMULATED_PRODUCTION_CASE
http://w3id.org/protys/fixture#Load00116_Op6,http://w3id.org/protys/fixture#Load00116,http://w3id.org/protys/fixture#Load00116_Process,http://w3id.org/protys/fixture#Load00116_LCIProcess,0,kWh,http://w3id.org/protys/fixture#GridFactor,ELECTRICITY_CONSUMED_IN_PRODUCTION_ONLY,SIMULATED_PRODUCTION_CASE
http://w3id.org/protys/fixture#Load00116_Op7,http://w3id.org/protys/fixture#Load00116,http://w3id.org/protys/fixture#Load00116_Process,http://w3id.org/protys/fixture#Load00116_LCIProcess,0.333333,kWh,http://w3id.org/protys/fixture#GridFactor,ELECTRICITY_CONSUMED_IN_PRODUCTION_ONLY,SIMULATED_PRODUCTION_CASE
http://w3id.org/protys/fixture#Load00117_Op1,http://w3id.org/protys/fixture#Load00117,http://w3id.org/protys/fixture#Load00117_Process,http://w3id.org/protys/fixture#Load00117_LCIProcess,0,kWh,http://w3id.org/protys/fixture#GridFactor,ELECTRICITY_CONSUMED_IN_PRODUCTION_ONLY,SIMULATED_PRODUCTION_CASE
http://w3id.org/protys/fixture#Load00117_Op2,http://w3id.org/protys/fixture#Load00117,http://w3id.org/protys/fixture#Load00117_Process,http://w3id.org/protys/fixture#Load00117_LCIProcess,10,kWh,http://w3id.org/protys/fixture#GridFactor,ELECTRICITY_CONSUMED_IN_PRODUCTION_ONLY,SIMULATED_PRODUCTION_CASE
http://w3id.org/protys/fixture#Load00117_Op3,http://w3id.org/protys/fixture#Load00117,http://w3id.org/protys/fixture#Load00117_Process,http://w3id.org/protys/fixture#Load00117_LCIProcess,75,kWh,http://w3id.org/protys/fixture#GridFactor,ELECTRICITY_CONSUMED_IN_PRODUCTION_ONLY,SIMULATED_PRODUCTION_CASE
http://w3id.org/protys/fixture#Load00117_Op4,http://w3id.org/protys/fixture#Load00117,http://w3id.org/protys/fixture#Load00117_Process,http://w3id.org/protys/fixture#Load00117_LCIProcess,26.666667,kWh,http://w3id.org/protys/fixture#GridFactor,ELECTRICITY_CONSUMED_IN_PRODUCTION_ONLY,SIMULATED_PRODUCTION_CASE
http://w3id.org/protys/fixture#Load00117_Op5,http://w3id.org/protys/fixture#Load00117,http://w3id.org/protys/fixture#Load00117_Process,http://w3id.org/protys/fixture#Load00117_LCIProcess,3.333333,kWh,http://w3id.org/protys/fixture#GridFactor,ELECTRICITY_CONSUMED_IN_PRODUCTION_ONLY,SIMULATED_PRODUCTION_CASE
http://w3id.org/protys/fixture#Load00117_Op6,http://w3id.org/protys/fixture#Load00117,http://w3id.org/protys/fixture#Load00117_Process,http://w3id.org/protys/fixture#Load00117_LCIProcess,0,kWh,http://w3id.org/protys/fixture#GridFactor,ELECTRICITY_CONSUMED_IN_PRODUCTION_ONLY,SIMULATED_PRODUCTION_CASE
http://w3id.org/protys/fixture#Load00117_Op7,http://w3id.org/protys/fixture#Load00117,http://w3id.org/protys/fixture#Load00117_Process,http://w3id.org/protys/fixture#Load00117_LCIProcess,0.333333,kWh,http://w3id.org/protys/fixture#GridFactor,ELECTRICITY_CONSUMED_IN_PRODUCTION_ONLY,SIMULATED_PRODUCTION_CASE
http://w3id.org/protys/fixture#Load00118_Op1,http://w3id.org/protys/fixture#Load00118,http://w3id.org/protys/fixture#Load00118_Process,http://w3id.org/protys/fixture#Load00118_LCIProcess,0,kWh,http://w3id.org/protys/fixture#GridFactor,ELECTRICITY_CONSUMED_IN_PRODUCTION_ONLY,SIMULATED_PRODUCTION_CASE
http://w3id.org/protys/fixture#Load00118_Op2,http://w3id.org/protys/fixture#Load00118,http://w3id.org/protys/fixture#Load00118_Process,http://w3id.org/protys/fixture#Load00118_LCIProcess,10,kWh,http://w3id.org/protys/fixture#GridFactor,ELECTRICITY_CONSUMED_IN_PRODUCTION_ONLY,SIMULATED_PRODUCTION_CASE
http://w3id.org/protys/fixture#Load00118_Op3,http://w3id.org/protys/fixture#Load00118,http://w3id.org/protys/fixture#Load00118_Process,http://w3id.org/protys/fixture#Load00118_LCIProcess,75,kWh,http://w3id.org/protys/fixture#GridFactor,ELECTRICITY_CONSUMED_IN_PRODUCTION_ONLY,SIMULATED_PRODUCTION_CASE
http://w3id.org/protys/fixture#Load00118_Op4,http://w3id.org/protys/fixture#Load00118,http://w3id.org/protys/fixture#Load00118_Process,http://w3id.org/protys/fixture#Load00118_LCIProcess,26.666667,kWh,http://w3id.org/protys/fixture#GridFactor,ELECTRICITY_CONSUMED_IN_PRODUCTION_ONLY,SIMULATED_PRODUCTION_CASE
http://w3id.org/protys/fixture#Load00118_Op5,http://w3id.org/protys/fixture#Load00118,http://w3id.org/protys/fixture#Load00118_Process,http://w3id.org/protys/fixture#Load00118_LCIProcess,3.333333,kWh,http://w3id.org/protys/fixture#GridFactor,ELECTRICITY_CONSUMED_IN_PRODUCTION_ONLY,SIMULATED_PRODUCTION_CASE
http://w3id.org/protys/fixture#Load00118_Op6,http://w3id.org/protys/fixture#Load00118,http://w3id.org/protys/fixture#Load00118_Process,http://w3id.org/protys/fixture#Load00118_LCIProcess,0,kWh,http://w3id.org/protys/fixture#GridFactor,ELECTRICITY_CONSUMED_IN_PRODUCTION_ONLY,SIMULATED_PRODUCTION_CASE
http://w3id.org/protys/fixture#Load00118_Op7,http://w3id.org/protys/fixture#Load00118,http://w3id.org/protys/fixture#Load00118_Process,http://w3id.org/protys/fixture#Load00118_LCIProcess,0.333333,kWh,http://w3id.org/protys/fixture#GridFactor,ELECTRICITY_CONSUMED_IN_PRODUCTION_ONLY,SIMULATED_PRODUCTION_CASE
http://w3id.org/protys/fixture#Load00119_Op1,http://w3id.org/protys/fixture#Load00119,http://w3id.org/protys/fixture#Load00119_Process,http://w3id.org/protys/fixture#Load00119_LCIProcess,0,kWh,http://w3id.org/protys/fixture#GridFactor,ELECTRICITY_CONSUMED_IN_PRODUCTION_ONLY,SIMULATED_PRODUCTION_CASE
http://w3id.org/protys/fixture#Load00119_Op2,http://w3id.org/protys/fixture#Load00119,http://w3id.org/protys/fixture#Load00119_Process,http://w3id.org/protys/fixture#Load00119_LCIProcess,10,kWh,http://w3id.org/protys/fixture#GridFactor,ELECTRICITY_CONSUMED_IN_PRODUCTION_ONLY,SIMULATED_PRODUCTION_CASE
http://w3id.org/protys/fixture#Load00119_Op3,http://w3id.org/protys/fixture#Load00119,http://w3id.org/protys/fixture#Load00119_Process,http://w3id.org/protys/fixture#Load00119_LCIProcess,75,kWh,http://w3id.org/protys/fixture#GridFactor,ELECTRICITY_CONSUMED_IN_PRODUCTION_ONLY,SIMULATED_PRODUCTION_CASE
http://w3id.org/protys/fixture#Load00119_Op4,http://w3id.org/protys/fixture#Load00119,http://w3id.org/protys/fixture#Load00119_Process,http://w3id.org/protys/fixture#Load00119_LCIProcess,26.666667,kWh,http://w3id.org/protys/fixture#GridFactor,ELECTRICITY_CONSUMED_IN_PRODUCTION_ONLY,SIMULATED_PRODUCTION_CASE
http://w3id.org/protys/fixture#Load00119_Op5,http://w3id.org/protys/fixture#Load00119,http://w3id.org/protys/fixture#Load00119_Process,http://w3id.org/protys/fixture#Load00119_LCIProcess,3.333333,kWh,http://w3id.org/protys/fixture#GridFactor,ELECTRICITY_CONSUMED_IN_PRODUCTION_ONLY,SIMULATED_PRODUCTION_CASE
http://w3id.org/protys/fixture#Load00119_Op6,http://w3id.org/protys/fixture#Load00119,http://w3id.org/protys/fixture#Load00119_Process,http://w3id.org/protys/fixture#Load00119_LCIProcess,0,kWh,http://w3id.org/protys/fixture#GridFactor,ELECTRICITY_CONSUMED_IN_PRODUCTION_ONLY,SIMULATED_PRODUCTION_CASE
http://w3id.org/protys/fixture#Load00119_Op7,http://w3id.org/protys/fixture#Load00119,http://w3id.org/protys/fixture#Load00119_Process,http://w3id.org/protys/fixture#Load00119_LCIProcess,0.333333,kWh,http://w3id.org/protys/fixture#GridFactor,ELECTRICITY_CONSUMED_IN_PRODUCTION_ONLY,SIMULATED_PRODUCTION_CASE
http://w3id.org/protys/fixture#Load00120_Op1,http://w3id.org/protys/fixture#Load00120,http://w3id.org/protys/fixture#Load00120_Process,http://w3id.org/protys/fixture#Load00120_LCIProcess,0,kWh,http://w3id.org/protys/fixture#GridFactor,ELECTRICITY_CONSUMED_IN_PRODUCTION_ONLY,SIMULATED_PRODUCTION_CASE
http://w3id.org/protys/fixture#Load00120_Op2,http://w3id.org/protys/fixture#Load00120,http://w3id.org/protys/fixture#Load00120_Process,http://w3id.org/protys/fixture#Load00120_LCIProcess,10,kWh,http://w3id.org/protys/fixture#GridFactor,ELECTRICITY_CONSUMED_IN_PRODUCTION_ONLY,SIMULATED_PRODUCTION_CASE
http://w3id.org/protys/fixture#Load00120_Op3,http://w3id.org/protys/fixture#Load00120,http://w3id.org/protys/fixture#Load00120_Process,http://w3id.org/protys/fixture#Load00120_LCIProcess,75,kWh,http://w3id.org/protys/fixture#GridFactor,ELECTRICITY_CONSUMED_IN_PRODUCTION_ONLY,SIMULATED_PRODUCTION_CASE
http://w3id.org/protys/fixture#Load00120_Op4,http://w3id.org/protys/fixture#Load00120,http://w3id.org/protys/fixture#Load00120_Process,http://w3id.org/protys/fixture#Load00120_LCIProcess,26.666667,kWh,http://w3id.org/protys/fixture#GridFactor,ELECTRICITY_CONSUMED_IN_PRODUCTION_ONLY,SIMULATED_PRODUCTION_CASE
http://w3id.org/protys/fixture#Load00120_Op5,http://w3id.org/protys/fixture#Load00120,http://w3id.org/protys/fixture#Load00120_Process,http://w3id.org/protys/fixture#Load00120_LCIProcess,3.333333,kWh,http://w3id.org/protys/fixture#GridFactor,ELECTRICITY_CONSUMED_IN_PRODUCTION_ONLY,SIMULATED_PRODUCTION_CASE
http://w3id.org/protys/fixture#Load00120_Op6,http://w3id.org/protys/fixture#Load00120,http://w3id.org/protys/fixture#Load00120_Process,http://w3id.org/protys/fixture#Load00120_LCIProcess,0,kWh,http://w3id.org/protys/fixture#GridFactor,ELECTRICITY_CONSUMED_IN_PRODUCTION_ONLY,SIMULATED_PRODUCTION_CASE
http://w3id.org/protys/fixture#Load00120_Op7,http://w3id.org/protys/fixture#Load00120,http://w3id.org/protys/fixture#Load00120_Process,http://w3id.org/protys/fixture#Load00120_LCIProcess,0.333333,kWh,http://w3id.org/protys/fixture#GridFactor,ELECTRICITY_CONSUMED_IN_PRODUCTION_ONLY,SIMULATED_PRODUCTION_CASE
http://w3id.org/protys/fixture#Load00121_Op1,http://w3id.org/protys/fixture#Load00121,http://w3id.org/protys/fixture#Load00121_Process,http://w3id.org/protys/fixture#Load00121_LCIProcess,0,kWh,http://w3id.org/protys/fixture#GridFactor,ELECTRICITY_CONSUMED_IN_PRODUCTION_ONLY,SIMULATED_PRODUCTION_CASE
http://w3id.org/protys/fixture#Load00121_Op2,http://w3id.org/protys/fixture#Load00121,http://w3id.org/protys/fixture#Load00121_Process,http://w3id.org/protys/fixture#Load00121_LCIProcess,10,kWh,http://w3id.org/protys/fixture#GridFactor,ELECTRICITY_CONSUMED_IN_PRODUCTION_ONLY,SIMULATED_PRODUCTION_CASE
http://w3id.org/protys/fixture#Load00121_Op3,http://w3id.org/protys/fixture#Load00121,http://w3id.org/protys/fixture#Load00121_Process,http://w3id.org/protys/fixture#Load00121_LCIProcess,75,kWh,http://w3id.org/protys/fixture#GridFactor,ELECTRICITY_CONSUMED_IN_PRODUCTION_ONLY,SIMULATED_PRODUCTION_CASE
http://w3id.org/protys/fixture#Load00121_Op4,http://w3id.org/protys/fixture#Load00121,http://w3id.org/protys/fixture#Load00121_Process,http://w3id.org/protys/fixture#Load00121_LCIProcess,26.666667,kWh,http://w3id.org/protys/fixture#GridFactor,ELECTRICITY_CONSUMED_IN_PRODUCTION_ONLY,SIMULATED_PRODUCTION_CASE
http://w3id.org/protys/fixture#Load00121_Op5,http://w3id.org/protys/fixture#Load00121,http://w3id.org/protys/fixture#Load00121_Process,http://w3id.org/protys/fixture#Load00121_LCIProcess,3.333333,kWh,http://w3id.org/protys/fixture#GridFactor,ELECTRICITY_CONSUMED_IN_PRODUCTION_ONLY,SIMULATED_PRODUCTION_CASE
http://w3id.org/protys/fixture#Load00121_Op6,http://w3id.org/protys/fixture#Load00121,http://w3id.org/protys/fixture#Load00121_Process,http://w3id.org/protys/fixture#Load00121_LCIProcess,0,kWh,http://w3id.org/protys/fixture#GridFactor,ELECTRICITY_CONSUMED_IN_PRODUCTION_ONLY,SIMULATED_PRODUCTION_CASE
http://w3id.org/protys/fixture#Load00121_Op7,http://w3id.org/protys/fixture#Load00121,http://w3id.org/protys/fixture#Load00121_Process,http://w3id.org/protys/fixture#Load00121_LCIProcess,0.333333,kWh,http://w3id.org/protys/fixture#GridFactor,ELECTRICITY_CONSUMED_IN_PRODUCTION_ONLY,SIMULATED_PRODUCTION_CASE
http://w3id.org/protys/fixture#Load00122_Op1,http://w3id.org/protys/fixture#Load00122,http://w3id.org/protys/fixture#Load00122_Process,http://w3id.org/protys/fixture#Load00122_LCIProcess,0,kWh,http://w3id.org/protys/fixture#GridFactor,ELECTRICITY_CONSUMED_IN_PRODUCTION_ONLY,SIMULATED_PRODUCTION_CASE
http://w3id.org/protys/fixture#Load00122_Op2,http://w3id.org/protys/fixture#Load00122,http://w3id.org/protys/fixture#Load00122_Process,http://w3id.org/protys/fixture#Load00122_LCIProcess,10,kWh,http://w3id.org/protys/fixture#GridFactor,ELECTRICITY_CONSUMED_IN_PRODUCTION_ONLY,SIMULATED_PRODUCTION_CASE
http://w3id.org/protys/fixture#Load00122_Op3,http://w3id.org/protys/fixture#Load00122,http://w3id.org/protys/fixture#Load00122_Process,http://w3id.org/protys/fixture#Load00122_LCIProcess,75,kWh,http://w3id.org/protys/fixture#GridFactor,ELECTRICITY_CONSUMED_IN_PRODUCTION_ONLY,SIMULATED_PRODUCTION_CASE
http://w3id.org/protys/fixture#Load00122_Op4,http://w3id.org/protys/fixture#Load00122,http://w3id.org/protys/fixture#Load00122_Process,http://w3id.org/protys/fixture#Load00122_LCIProcess,26.666667,kWh,http://w3id.org/protys/fixture#GridFactor,ELECTRICITY_CONSUMED_IN_PRODUCTION_ONLY,SIMULATED_PRODUCTION_CASE
http://w3id.org/protys/fixture#Load00122_Op5,http://w3id.org/protys/fixture#Load00122,http://w3id.org/protys/fixture#Load00122_Process,http://w3id.org/protys/fixture#Load00122_LCIProcess,3.333333,kWh,http://w3id.org/protys/fixture#GridFactor,ELECTRICITY_CONSUMED_IN_PRODUCTION_ONLY,SIMULATED_PRODUCTION_CASE
http://w3id.org/protys/fixture#Load00122_Op6,http://w3id.org/protys/fixture#Load00122,http://w3id.org/protys/fixture#Load00122_Process,http://w3id.org/protys/fixture#Load00122_LCIProcess,0,kWh,http://w3id.org/protys/fixture#GridFactor,ELECTRICITY_CONSUMED_IN_PRODUCTION_ONLY,SIMULATED_PRODUCTION_CASE
http://w3id.org/protys/fixture#Load00122_Op7,http://w3id.org/protys/fixture#Load00122,http://w3id.org/protys/fixture#Load00122_Process,http://w3id.org/protys/fixture#Load00122_LCIProcess,0.333333,kWh,http://w3id.org/protys/fixture#GridFactor,ELECTRICITY_CONSUMED_IN_PRODUCTION_ONLY,SIMULATED_PRODUCTION_CASE
http://w3id.org/protys/fixture#Load00123_Op1,http://w3id.org/protys/fixture#Load00123,http://w3id.org/protys/fixture#Load00123_Process,http://w3id.org/protys/fixture#Load00123_LCIProcess,0,kWh,http://w3id.org/protys/fixture#GridFactor,ELECTRICITY_CONSUMED_IN_PRODUCTION_ONLY,SIMULATED_PRODUCTION_CASE
http://w3id.org/protys/fixture#Load00123_Op2,http://w3id.org/protys/fixture#Load00123,http://w3id.org/protys/fixture#Load00123_Process,http://w3id.org/protys/fixture#Load00123_LCIProcess,10,kWh,http://w3id.org/protys/fixture#GridFactor,ELECTRICITY_CONSUMED_IN_PRODUCTION_ONLY,SIMULATED_PRODUCTION_CASE
http://w3id.org/protys/fixture#Load00123_Op3,http://w3id.org/protys/fixture#Load00123,http://w3id.org/protys/fixture#Load00123_Process,http://w3id.org/protys/fixture#Load00123_LCIProcess,75,kWh,http://w3id.org/protys/fixture#GridFactor,ELECTRICITY_CONSUMED_IN_PRODUCTION_ONLY,SIMULATED_PRODUCTION_CASE
http://w3id.org/protys/fixture#Load00123_Op4,http://w3id.org/protys/fixture#Load00123,http://w3id.org/protys/fixture#Load00123_Process,http://w3id.org/protys/fixture#Load00123_LCIProcess,26.666667,kWh,http://w3id.org/protys/fixture#GridFactor,ELECTRICITY_CONSUMED_IN_PRODUCTION_ONLY,SIMULATED_PRODUCTION_CASE
http://w3id.org/protys/fixture#Load00123_Op5,http://w3id.org/protys/fixture#Load00123,http://w3id.org/protys/fixture#Load00123_Process,http://w3id.org/protys/fixture#Load00123_LCIProcess,3.333333,kWh,http://w3id.org/protys/fixture#GridFactor,ELECTRICITY_CONSUMED_IN_PRODUCTION_ONLY,SIMULATED_PRODUCTION_CASE
http://w3id.org/protys/fixture#Load00123_Op6,http://w3id.org/protys/fixture#Load00123,http://w3id.org/protys/fixture#Load00123_Process,http://w3id.org/protys/fixture#Load00123_LCIProcess,0,kWh,http://w3id.org/protys/fixture#GridFactor,ELECTRICITY_CONSUMED_IN_PRODUCTION_ONLY,SIMULATED_PRODUCTION_CASE
http://w3id.org/protys/fixture#Load00123_Op7,http://w3id.org/protys/fixture#Load00123,http://w3id.org/protys/fixture#Load00123_Process,http://w3id.org/protys/fixture#Load00123_LCIProcess,0.333333,kWh,http://w3id.org/protys/fixture#GridFactor,ELECTRICITY_CONSUMED_IN_PRODUCTION_ONLY,SIMULATED_PRODUCTION_CASE
http://w3id.org/protys/fixture#Load00124_Op1,http://w3id.org/protys/fixture#Load00124,http://w3id.org/protys/fixture#Load00124_Process,http://w3id.org/protys/fixture#Load00124_LCIProcess,0,kWh,http://w3id.org/protys/fixture#GridFactor,ELECTRICITY_CONSUMED_IN_PRODUCTION_ONLY,SIMULATED_PRODUCTION_CASE
http://w3id.org/protys/fixture#Load00124_Op2,http://w3id.org/protys/fixture#Load00124,http://w3id.org/protys/fixture#Load00124_Process,http://w3id.org/protys/fixture#Load00124_LCIProcess,10,kWh,http://w3id.org/protys/fixture#GridFactor,ELECTRICITY_CONSUMED_IN_PRODUCTION_ONLY,SIMULATED_PRODUCTION_CASE
http://w3id.org/protys/fixture#Load00124_Op3,http://w3id.org/protys/fixture#Load00124,http://w3id.org/protys/fixture#Load00124_Process,http://w3id.org/protys/fixture#Load00124_LCIProcess,75,kWh,http://w3id.org/protys/fixture#GridFactor,ELECTRICITY_CONSUMED_IN_PRODUCTION_ONLY,SIMULATED_PRODUCTION_CASE
http://w3id.org/protys/fixture#Load00124_Op4,http://w3id.org/protys/fixture#Load00124,http://w3id.org/protys/fixture#Load00124_Process,http://w3id.org/protys/fixture#Load00124_LCIProcess,26.666667,kWh,http://w3id.org/protys/fixture#GridFactor,ELECTRICITY_CONSUMED_IN_PRODUCTION_ONLY,SIMULATED_PRODUCTION_CASE
http://w3id.org/protys/fixture#Load00124_Op5,http://w3id.org/protys/fixture#Load00124,http://w3id.org/protys/fixture#Load00124_Process,http://w3id.org/protys/fixture#Load00124_LCIProcess,3.333333,kWh,http://w3id.org/protys/fixture#GridFactor,ELECTRICITY_CONSUMED_IN_PRODUCTION_ONLY,SIMULATED_PRODUCTION_CASE
http://w3id.org/protys/fixture#Load00124_Op6,http://w3id.org/protys/fixture#Load00124,http://w3id.org/protys/fixture#Load00124_Process,http://w3id.org/protys/fixture#Load00124_LCIProcess,0,kWh,http://w3id.org/protys/fixture#GridFactor,ELECTRICITY_CONSUMED_IN_PRODUCTION_ONLY,SIMULATED_PRODUCTION_CASE
http://w3id.org/protys/fixture#Load00124_Op7,http://w3id.org/protys/fixture#Load00124,http://w3id.org/protys/fixture#Load00124_Process,http://w3id.org/protys/fixture#Load00124_LCIProcess,0.333333,kWh,http://w3id.org/protys/fixture#GridFactor,ELECTRICITY_CONSUMED_IN_PRODUCTION_ONLY,SIMULATED_PRODUCTION_CASE
http://w3id.org/protys/fixture#Load00125_Op1,http://w3id.org/protys/fixture#Load00125,http://w3id.org/protys/fixture#Load00125_Process,http://w3id.org/protys/fixture#Load00125_LCIProcess,0,kWh,http://w3id.org/protys/fixture#GridFactor,ELECTRICITY_CONSUMED_IN_PRODUCTION_ONLY,SIMULATED_PRODUCTION_CASE
http://w3id.org/protys/fixture#Load00125_Op2,http://w3id.org/protys/fixture#Load00125,http://w3id.org/protys/fixture#Load00125_Process,http://w3id.org/protys/fixture#Load00125_LCIProcess,10,kWh,http://w3id.org/protys/fixture#GridFactor,ELECTRICITY_CONSUMED_IN_PRODUCTION_ONLY,SIMULATED_PRODUCTION_CASE
http://w3id.org/protys/fixture#Load00125_Op3,http://w3id.org/protys/fixture#Load00125,http://w3id.org/protys/fixture#Load00125_Process,http://w3id.org/protys/fixture#Load00125_LCIProcess,75,kWh,http://w3id.org/protys/fixture#GridFactor,ELECTRICITY_CONSUMED_IN_PRODUCTION_ONLY,SIMULATED_PRODUCTION_CASE
http://w3id.org/protys/fixture#Load00125_Op4,http://w3id.org/protys/fixture#Load00125,http://w3id.org/protys/fixture#Load00125_Process,http://w3id.org/protys/fixture#Load00125_LCIProcess,26.666667,kWh,http://w3id.org/protys/fixture#GridFactor,ELECTRICITY_CONSUMED_IN_PRODUCTION_ONLY,SIMULATED_PRODUCTION_CASE
http://w3id.org/protys/fixture#Load00125_Op5,http://w3id.org/protys/fixture#Load00125,http://w3id.org/protys/fixture#Load00125_Process,http://w3id.org/protys/fixture#Load00125_LCIProcess,3.333333,kWh,http://w3id.org/protys/fixture#GridFactor,ELECTRICITY_CONSUMED_IN_PRODUCTION_ONLY,SIMULATED_PRODUCTION_CASE
http://w3id.org/protys/fixture#Load00125_Op6,http://w3id.org/protys/fixture#Load00125,http://w3id.org/protys/fixture#Load00125_Process,http://w3id.org/protys/fixture#Load00125_LCIProcess,0,kWh,http://w3id.org/protys/fixture#GridFactor,ELECTRICITY_CONSUMED_IN_PRODUCTION_ONLY,SIMULATED_PRODUCTION_CASE
http://w3id.org/protys/fixture#Load00125_Op7,http://w3id.org/protys/fixture#Load00125,http://w3id.org/protys/fixture#Load00125_Process,http://w3id.org/protys/fixture#Load00125_LCIProcess,0.333333,kWh,http://w3id.org/protys/fixture#GridFactor,ELECTRICITY_CONSUMED_IN_PRODUCTION_ONLY,SIMULATED_PRODUCTION_CASE
http://w3id.org/protys/fixture#Load00126_Op1,http://w3id.org/protys/fixture#Load00126,http://w3id.org/protys/fixture#Load00126_Process,http://w3id.org/protys/fixture#Load00126_LCIProcess,0,kWh,http://w3id.org/protys/fixture#GridFactor,ELECTRICITY_CONSUMED_IN_PRODUCTION_ONLY,SIMULATED_PRODUCTION_CASE
http://w3id.org/protys/fixture#Load00126_Op2,http://w3id.org/protys/fixture#Load00126,http://w3id.org/protys/fixture#Load00126_Process,http://w3id.org/protys/fixture#Load00126_LCIProcess,10,kWh,http://w3id.org/protys/fixture#GridFactor,ELECTRICITY_CONSUMED_IN_PRODUCTION_ONLY,SIMULATED_PRODUCTION_CASE
http://w3id.org/protys/fixture#Load00126_Op3,http://w3id.org/protys/fixture#Load00126,http://w3id.org/protys/fixture#Load00126_Process,http://w3id.org/protys/fixture#Load00126_LCIProcess,75,kWh,http://w3id.org/protys/fixture#GridFactor,ELECTRICITY_CONSUMED_IN_PRODUCTION_ONLY,SIMULATED_PRODUCTION_CASE
http://w3id.org/protys/fixture#Load00126_Op4,http://w3id.org/protys/fixture#Load00126,http://w3id.org/protys/fixture#Load00126_Process,http://w3id.org/protys/fixture#Load00126_LCIProcess,26.666667,kWh,http://w3id.org/protys/fixture#GridFactor,ELECTRICITY_CONSUMED_IN_PRODUCTION_ONLY,SIMULATED_PRODUCTION_CASE
http://w3id.org/protys/fixture#Load00126_Op5,http://w3id.org/protys/fixture#Load00126,http://w3id.org/protys/fixture#Load00126_Process,http://w3id.org/protys/fixture#Load00126_LCIProcess,3.333333,kWh,http://w3id.org/protys/fixture#GridFactor,ELECTRICITY_CONSUMED_IN_PRODUCTION_ONLY,SIMULATED_PRODUCTION_CASE
http://w3id.org/protys/fixture#Load00126_Op6,http://w3id.org/protys/fixture#Load00126,http://w3id.org/protys/fixture#Load00126_Process,http://w3id.org/protys/fixture#Load00126_LCIProcess,0,kWh,http://w3id.org/protys/fixture#GridFactor,ELECTRICITY_CONSUMED_IN_PRODUCTION_ONLY,SIMULATED_PRODUCTION_CASE
http://w3id.org/protys/fixture#Load00126_Op7,http://w3id.org/protys/fixture#Load00126,http://w3id.org/protys/fixture#Load00126_Process,http://w3id.org/protys/fixture#Load00126_LCIProcess,0.333333,kWh,http://w3id.org/protys/fixture#GridFactor,ELECTRICITY_CONSUMED_IN_PRODUCTION_ONLY,SIMULATED_PRODUCTION_CASE
http://w3id.org/protys/fixture#Load00127_Op1,http://w3id.org/protys/fixture#Load00127,http://w3id.org/protys/fixture#Load00127_Process,http://w3id.org/protys/fixture#Load00127_LCIProcess,0,kWh,http://w3id.org/protys/fixture#GridFactor,ELECTRICITY_CONSUMED_IN_PRODUCTION_ONLY,SIMULATED_PRODUCTION_CASE
http://w3id.org/protys/fixture#Load00127_Op2,http://w3id.org/protys/fixture#Load00127,http://w3id.org/protys/fixture#Load00127_Process,http://w3id.org/protys/fixture#Load00127_LCIProcess,10,kWh,http://w3id.org/protys/fixture#GridFactor,ELECTRICITY_CONSUMED_IN_PRODUCTION_ONLY,SIMULATED_PRODUCTION_CASE
http://w3id.org/protys/fixture#Load00127_Op3,http://w3id.org/protys/fixture#Load00127,http://w3id.org/protys/fixture#Load00127_Process,http://w3id.org/protys/fixture#Load00127_LCIProcess,75,kWh,http://w3id.org/protys/fixture#GridFactor,ELECTRICITY_CONSUMED_IN_PRODUCTION_ONLY,SIMULATED_PRODUCTION_CASE
http://w3id.org/protys/fixture#Load00127_Op4,http://w3id.org/protys/fixture#Load00127,http://w3id.org/protys/fixture#Load00127_Process,http://w3id.org/protys/fixture#Load00127_LCIProcess,26.666667,kWh,http://w3id.org/protys/fixture#GridFactor,ELECTRICITY_CONSUMED_IN_PRODUCTION_ONLY,SIMULATED_PRODUCTION_CASE
http://w3id.org/protys/fixture#Load00127_Op5,http://w3id.org/protys/fixture#Load00127,http://w3id.org/protys/fixture#Load00127_Process,http://w3id.org/protys/fixture#Load00127_LCIProcess,3.333333,kWh,http://w3id.org/protys/fixture#GridFactor,ELECTRICITY_CONSUMED_IN_PRODUCTION_ONLY,SIMULATED_PRODUCTION_CASE
http://w3id.org/protys/fixture#Load00127_Op6,http://w3id.org/protys/fixture#Load00127,http://w3id.org/protys/fixture#Load00127_Process,http://w3id.org/protys/fixture#Load00127_LCIProcess,0,kWh,http://w3id.org/protys/fixture#GridFactor,ELECTRICITY_CONSUMED_IN_PRODUCTION_ONLY,SIMULATED_PRODUCTION_CASE
http://w3id.org/protys/fixture#Load00127_Op7,http://w3id.org/protys/fixture#Load00127,http://w3id.org/protys/fixture#Load00127_Process,http://w3id.org/protys/fixture#Load00127_LCIProcess,0.333333,kWh,http://w3id.org/protys/fixture#GridFactor,ELECTRICITY_CONSUMED_IN_PRODUCTION_ONLY,SIMULATED_PRODUCTION_CASE
http://w3id.org/protys/fixture#Load00128_Op1,http://w3id.org/protys/fixture#Load00128,http://w3id.org/protys/fixture#Load00128_Process,http://w3id.org/protys/fixture#Load00128_LCIProcess,0,kWh,http://w3id.org/protys/fixture#GridFactor,ELECTRICITY_CONSUMED_IN_PRODUCTION_ONLY,SIMULATED_PRODUCTION_CASE
http://w3id.org/protys/fixture#Load00128_Op2,http://w3id.org/protys/fixture#Load00128,http://w3id.org/protys/fixture#Load00128_Process,http://w3id.org/protys/fixture#Load00128_LCIProcess,10,kWh,http://w3id.org/protys/fixture#GridFactor,ELECTRICITY_CONSUMED_IN_PRODUCTION_ONLY,SIMULATED_PRODUCTION_CASE
http://w3id.org/protys/fixture#Load00128_Op3,http://w3id.org/protys/fixture#Load00128,http://w3id.org/protys/fixture#Load00128_Process,http://w3id.org/protys/fixture#Load00128_LCIProcess,75,kWh,http://w3id.org/protys/fixture#GridFactor,ELECTRICITY_CONSUMED_IN_PRODUCTION_ONLY,SIMULATED_PRODUCTION_CASE
http://w3id.org/protys/fixture#Load00128_Op4,http://w3id.org/protys/fixture#Load00128,http://w3id.org/protys/fixture#Load00128_Process,http://w3id.org/protys/fixture#Load00128_LCIProcess,26.666667,kWh,http://w3id.org/protys/fixture#GridFactor,ELECTRICITY_CONSUMED_IN_PRODUCTION_ONLY,SIMULATED_PRODUCTION_CASE
http://w3id.org/protys/fixture#Load00128_Op5,http://w3id.org/protys/fixture#Load00128,http://w3id.org/protys/fixture#Load00128_Process,http://w3id.org/protys/fixture#Load00128_LCIProcess,3.333333,kWh,http://w3id.org/protys/fixture#GridFactor,ELECTRICITY_CONSUMED_IN_PRODUCTION_ONLY,SIMULATED_PRODUCTION_CASE
http://w3id.org/protys/fixture#Load00128_Op6,http://w3id.org/protys/fixture#Load00128,http://w3id.org/protys/fixture#Load00128_Process,http://w3id.org/protys/fixture#Load00128_LCIProcess,0,kWh,http://w3id.org/protys/fixture#GridFactor,ELECTRICITY_CONSUMED_IN_PRODUCTION_ONLY,SIMULATED_PRODUCTION_CASE
http://w3id.org/protys/fixture#Load00128_Op7,http://w3id.org/protys/fixture#Load00128,http://w3id.org/protys/fixture#Load00128_Process,http://w3id.org/protys/fixture#Load00128_LCIProcess,0.333333,kWh,http://w3id.org/protys/fixture#GridFactor,ELECTRICITY_CONSUMED_IN_PRODUCTION_ONLY,SIMULATED_PRODUCTION_CASE
http://w3id.org/protys/fixture#Load00129_Op1,http://w3id.org/protys/fixture#Load00129,http://w3id.org/protys/fixture#Load00129_Process,http://w3id.org/protys/fixture#Load00129_LCIProcess,0,kWh,http://w3id.org/protys/fixture#GridFactor,ELECTRICITY_CONSUMED_IN_PRODUCTION_ONLY,SIMULATED_PRODUCTION_CASE
http://w3id.org/protys/fixture#Load00129_Op2,http://w3id.org/protys/fixture#Load00129,http://w3id.org/protys/fixture#Load00129_Process,http://w3id.org/protys/fixture#Load00129_LCIProcess,10,kWh,http://w3id.org/protys/fixture#GridFactor,ELECTRICITY_CONSUMED_IN_PRODUCTION_ONLY,SIMULATED_PRODUCTION_CASE
http://w3id.org/protys/fixture#Load00129_Op3,http://w3id.org/protys/fixture#Load00129,http://w3id.org/protys/fixture#Load00129_Process,http://w3id.org/protys/fixture#Load00129_LCIProcess,75,kWh,http://w3id.org/protys/fixture#GridFactor,ELECTRICITY_CONSUMED_IN_PRODUCTION_ONLY,SIMULATED_PRODUCTION_CASE
http://w3id.org/protys/fixture#Load00129_Op4,http://w3id.org/protys/fixture#Load00129,http://w3id.org/protys/fixture#Load00129_Process,http://w3id.org/protys/fixture#Load00129_LCIProcess,26.666667,kWh,http://w3id.org/protys/fixture#GridFactor,ELECTRICITY_CONSUMED_IN_PRODUCTION_ONLY,SIMULATED_PRODUCTION_CASE
http://w3id.org/protys/fixture#Load00129_Op5,http://w3id.org/protys/fixture#Load00129,http://w3id.org/protys/fixture#Load00129_Process,http://w3id.org/protys/fixture#Load00129_LCIProcess,3.333333,kWh,http://w3id.org/protys/fixture#GridFactor,ELECTRICITY_CONSUMED_IN_PRODUCTION_ONLY,SIMULATED_PRODUCTION_CASE
http://w3id.org/protys/fixture#Load00129_Op6,http://w3id.org/protys/fixture#Load00129,http://w3id.org/protys/fixture#Load00129_Process,http://w3id.org/protys/fixture#Load00129_LCIProcess,0,kWh,http://w3id.org/protys/fixture#GridFactor,ELECTRICITY_CONSUMED_IN_PRODUCTION_ONLY,SIMULATED_PRODUCTION_CASE
http://w3id.org/protys/fixture#Load00129_Op7,http://w3id.org/protys/fixture#Load00129,http://w3id.org/protys/fixture#Load00129_Process,http://w3id.org/protys/fixture#Load00129_LCIProcess,0.333333,kWh,http://w3id.org/protys/fixture#GridFactor,ELECTRICITY_CONSUMED_IN_PRODUCTION_ONLY,SIMULATED_PRODUCTION_CASE
http://w3id.org/protys/fixture#Load00130_Op1,http://w3id.org/protys/fixture#Load00130,http://w3id.org/protys/fixture#Load00130_Process,http://w3id.org/protys/fixture#Load00130_LCIProcess,0,kWh,http://w3id.org/protys/fixture#GridFactor,ELECTRICITY_CONSUMED_IN_PRODUCTION_ONLY,SIMULATED_PRODUCTION_CASE
http://w3id.org/protys/fixture#Load00130_Op2,http://w3id.org/protys/fixture#Load00130,http://w3id.org/protys/fixture#Load00130_Process,http://w3id.org/protys/fixture#Load00130_LCIProcess,10,kWh,http://w3id.org/protys/fixture#GridFactor,ELECTRICITY_CONSUMED_IN_PRODUCTION_ONLY,SIMULATED_PRODUCTION_CASE
http://w3id.org/protys/fixture#Load00130_Op3,http://w3id.org/protys/fixture#Load00130,http://w3id.org/protys/fixture#Load00130_Process,http://w3id.org/protys/fixture#Load00130_LCIProcess,75,kWh,http://w3id.org/protys/fixture#GridFactor,ELECTRICITY_CONSUMED_IN_PRODUCTION_ONLY,SIMULATED_PRODUCTION_CASE
http://w3id.org/protys/fixture#Load00130_Op4,http://w3id.org/protys/fixture#Load00130,http://w3id.org/protys/fixture#Load00130_Process,http://w3id.org/protys/fixture#Load00130_LCIProcess,26.666667,kWh,http://w3id.org/protys/fixture#GridFactor,ELECTRICITY_CONSUMED_IN_PRODUCTION_ONLY,SIMULATED_PRODUCTION_CASE
http://w3id.org/protys/fixture#Load00130_Op5,http://w3id.org/protys/fixture#Load00130,http://w3id.org/protys/fixture#Load00130_Process,http://w3id.org/protys/fixture#Load00130_LCIProcess,3.333333,kWh,http://w3id.org/protys/fixture#GridFactor,ELECTRICITY_CONSUMED_IN_PRODUCTION_ONLY,SIMULATED_PRODUCTION_CASE
http://w3id.org/protys/fixture#Load00130_Op6,http://w3id.org/protys/fixture#Load00130,http://w3id.org/protys/fixture#Load00130_Process,http://w3id.org/protys/fixture#Load00130_LCIProcess,0,kWh,http://w3id.org/protys/fixture#GridFactor,ELECTRICITY_CONSUMED_IN_PRODUCTION_ONLY,SIMULATED_PRODUCTION_CASE
http://w3id.org/protys/fixture#Load00130_Op7,http://w3id.org/protys/fixture#Load00130,http://w3id.org/protys/fixture#Load00130_Process,http://w3id.org/protys/fixture#Load00130_LCIProcess,0.333333,kWh,http://w3id.org/protys/fixture#GridFactor,ELECTRICITY_CONSUMED_IN_PRODUCTION_ONLY,SIMULATED_PRODUCTION_CASE
http://w3id.org/protys/fixture#Load00131_Op1,http://w3id.org/protys/fixture#Load00131,http://w3id.org/protys/fixture#Load00131_Process,http://w3id.org/protys/fixture#Load00131_LCIProcess,0,kWh,http://w3id.org/protys/fixture#GridFactor,ELECTRICITY_CONSUMED_IN_PRODUCTION_ONLY,SIMULATED_PRODUCTION_CASE
http://w3id.org/protys/fixture#Load00131_Op2,http://w3id.org/protys/fixture#Load00131,http://w3id.org/protys/fixture#Load00131_Process,http://w3id.org/protys/fixture#Load00131_LCIProcess,10,kWh,http://w3id.org/protys/fixture#GridFactor,ELECTRICITY_CONSUMED_IN_PRODUCTION_ONLY,SIMULATED_PRODUCTION_CASE
http://w3id.org/protys/fixture#Load00131_Op3,http://w3id.org/protys/fixture#Load00131,http://w3id.org/protys/fixture#Load00131_Process,http://w3id.org/protys/fixture#Load00131_LCIProcess,75,kWh,http://w3id.org/protys/fixture#GridFactor,ELECTRICITY_CONSUMED_IN_PRODUCTION_ONLY,SIMULATED_PRODUCTION_CASE
http://w3id.org/protys/fixture#Load00131_Op4,http://w3id.org/protys/fixture#Load00131,http://w3id.org/protys/fixture#Load00131_Process,http://w3id.org/protys/fixture#Load00131_LCIProcess,26.666667,kWh,http://w3id.org/protys/fixture#GridFactor,ELECTRICITY_CONSUMED_IN_PRODUCTION_ONLY,SIMULATED_PRODUCTION_CASE
http://w3id.org/protys/fixture#Load00131_Op5,http://w3id.org/protys/fixture#Load00131,http://w3id.org/protys/fixture#Load00131_Process,http://w3id.org/protys/fixture#Load00131_LCIProcess,3.333333,kWh,http://w3id.org/protys/fixture#GridFactor,ELECTRICITY_CONSUMED_IN_PRODUCTION_ONLY,SIMULATED_PRODUCTION_CASE
http://w3id.org/protys/fixture#Load00131_Op6,http://w3id.org/protys/fixture#Load00131,http://w3id.org/protys/fixture#Load00131_Process,http://w3id.org/protys/fixture#Load00131_LCIProcess,0,kWh,http://w3id.org/protys/fixture#GridFactor,ELECTRICITY_CONSUMED_IN_PRODUCTION_ONLY,SIMULATED_PRODUCTION_CASE
http://w3id.org/protys/fixture#Load00131_Op7,http://w3id.org/protys/fixture#Load00131,http://w3id.org/protys/fixture#Load00131_Process,http://w3id.org/protys/fixture#Load00131_LCIProcess,0.333333,kWh,http://w3id.org/protys/fixture#GridFactor,ELECTRICITY_CONSUMED_IN_PRODUCTION_ONLY,SIMULATED_PRODUCTION_CASE
http://w3id.org/protys/fixture#Load00132_Op1,http://w3id.org/protys/fixture#Load00132,http://w3id.org/protys/fixture#Load00132_Process,http://w3id.org/protys/fixture#Load00132_LCIProcess,0,kWh,http://w3id.org/protys/fixture#GridFactor,ELECTRICITY_CONSUMED_IN_PRODUCTION_ONLY,SIMULATED_PRODUCTION_CASE
http://w3id.org/protys/fixture#Load00132_Op2,http://w3id.org/protys/fixture#Load00132,http://w3id.org/protys/fixture#Load00132_Process,http://w3id.org/protys/fixture#Load00132_LCIProcess,10,kWh,http://w3id.org/protys/fixture#GridFactor,ELECTRICITY_CONSUMED_IN_PRODUCTION_ONLY,SIMULATED_PRODUCTION_CASE
http://w3id.org/protys/fixture#Load00132_Op3,http://w3id.org/protys/fixture#Load00132,http://w3id.org/protys/fixture#Load00132_Process,http://w3id.org/protys/fixture#Load00132_LCIProcess,75,kWh,http://w3id.org/protys/fixture#GridFactor,ELECTRICITY_CONSUMED_IN_PRODUCTION_ONLY,SIMULATED_PRODUCTION_CASE
http://w3id.org/protys/fixture#Load00132_Op4,http://w3id.org/protys/fixture#Load00132,http://w3id.org/protys/fixture#Load00132_Process,http://w3id.org/protys/fixture#Load00132_LCIProcess,26.666667,kWh,http://w3id.org/protys/fixture#GridFactor,ELECTRICITY_CONSUMED_IN_PRODUCTION_ONLY,SIMULATED_PRODUCTION_CASE
http://w3id.org/protys/fixture#Load00132_Op5,http://w3id.org/protys/fixture#Load00132,http://w3id.org/protys/fixture#Load00132_Process,http://w3id.org/protys/fixture#Load00132_LCIProcess,3.333333,kWh,http://w3id.org/protys/fixture#GridFactor,ELECTRICITY_CONSUMED_IN_PRODUCTION_ONLY,SIMULATED_PRODUCTION_CASE
http://w3id.org/protys/fixture#Load00132_Op6,http://w3id.org/protys/fixture#Load00132,http://w3id.org/protys/fixture#Load00132_Process,http://w3id.org/protys/fixture#Load00132_LCIProcess,0,kWh,http://w3id.org/protys/fixture#GridFactor,ELECTRICITY_CONSUMED_IN_PRODUCTION_ONLY,SIMULATED_PRODUCTION_CASE
http://w3id.org/protys/fixture#Load00132_Op7,http://w3id.org/protys/fixture#Load00132,http://w3id.org/protys/fixture#Load00132_Process,http://w3id.org/protys/fixture#Load00132_LCIProcess,0.333333,kWh,http://w3id.org/protys/fixture#GridFactor,ELECTRICITY_CONSUMED_IN_PRODUCTION_ONLY,SIMULATED_PRODUCTION_CASE
http://w3id.org/protys/fixture#Load00133_Op1,http://w3id.org/protys/fixture#Load00133,http://w3id.org/protys/fixture#Load00133_Process,http://w3id.org/protys/fixture#Load00133_LCIProcess,0,kWh,http://w3id.org/protys/fixture#GridFactor,ELECTRICITY_CONSUMED_IN_PRODUCTION_ONLY,SIMULATED_PRODUCTION_CASE
http://w3id.org/protys/fixture#Load00133_Op2,http://w3id.org/protys/fixture#Load00133,http://w3id.org/protys/fixture#Load00133_Process,http://w3id.org/protys/fixture#Load00133_LCIProcess,10,kWh,http://w3id.org/protys/fixture#GridFactor,ELECTRICITY_CONSUMED_IN_PRODUCTION_ONLY,SIMULATED_PRODUCTION_CASE
http://w3id.org/protys/fixture#Load00133_Op3,http://w3id.org/protys/fixture#Load00133,http://w3id.org/protys/fixture#Load00133_Process,http://w3id.org/protys/fixture#Load00133_LCIProcess,75,kWh,http://w3id.org/protys/fixture#GridFactor,ELECTRICITY_CONSUMED_IN_PRODUCTION_ONLY,SIMULATED_PRODUCTION_CASE
http://w3id.org/protys/fixture#Load00133_Op4,http://w3id.org/protys/fixture#Load00133,http://w3id.org/protys/fixture#Load00133_Process,http://w3id.org/protys/fixture#Load00133_LCIProcess,26.666667,kWh,http://w3id.org/protys/fixture#GridFactor,ELECTRICITY_CONSUMED_IN_PRODUCTION_ONLY,SIMULATED_PRODUCTION_CASE
http://w3id.org/protys/fixture#Load00133_Op5,http://w3id.org/protys/fixture#Load00133,http://w3id.org/protys/fixture#Load00133_Process,http://w3id.org/protys/fixture#Load00133_LCIProcess,3.333333,kWh,http://w3id.org/protys/fixture#GridFactor,ELECTRICITY_CONSUMED_IN_PRODUCTION_ONLY,SIMULATED_PRODUCTION_CASE
http://w3id.org/protys/fixture#Load00133_Op6,http://w3id.org/protys/fixture#Load00133,http://w3id.org/protys/fixture#Load00133_Process,http://w3id.org/protys/fixture#Load00133_LCIProcess,0,kWh,http://w3id.org/protys/fixture#GridFactor,ELECTRICITY_CONSUMED_IN_PRODUCTION_ONLY,SIMULATED_PRODUCTION_CASE
http://w3id.org/protys/fixture#Load00133_Op7,http://w3id.org/protys/fixture#Load00133,http://w3id.org/protys/fixture#Load00133_Process,http://w3id.org/protys/fixture#Load00133_LCIProcess,0.333333,kWh,http://w3id.org/protys/fixture#GridFactor,ELECTRICITY_CONSUMED_IN_PRODUCTION_ONLY,SIMULATED_PRODUCTION_CASE
http://w3id.org/protys/fixture#Load00134_Op1,http://w3id.org/protys/fixture#Load00134,http://w3id.org/protys/fixture#Load00134_Process,http://w3id.org/protys/fixture#Load00134_LCIProcess,0,kWh,http://w3id.org/protys/fixture#GridFactor,ELECTRICITY_CONSUMED_IN_PRODUCTION_ONLY,SIMULATED_PRODUCTION_CASE
http://w3id.org/protys/fixture#Load00134_Op2,http://w3id.org/protys/fixture#Load00134,http://w3id.org/protys/fixture#Load00134_Process,http://w3id.org/protys/fixture#Load00134_LCIProcess,10,kWh,http://w3id.org/protys/fixture#GridFactor,ELECTRICITY_CONSUMED_IN_PRODUCTION_ONLY,SIMULATED_PRODUCTION_CASE
http://w3id.org/protys/fixture#Load00134_Op3,http://w3id.org/protys/fixture#Load00134,http://w3id.org/protys/fixture#Load00134_Process,http://w3id.org/protys/fixture#Load00134_LCIProcess,75,kWh,http://w3id.org/protys/fixture#GridFactor,ELECTRICITY_CONSUMED_IN_PRODUCTION_ONLY,SIMULATED_PRODUCTION_CASE
http://w3id.org/protys/fixture#Load00134_Op4,http://w3id.org/protys/fixture#Load00134,http://w3id.org/protys/fixture#Load00134_Process,http://w3id.org/protys/fixture#Load00134_LCIProcess,26.666667,kWh,http://w3id.org/protys/fixture#GridFactor,ELECTRICITY_CONSUMED_IN_PRODUCTION_ONLY,SIMULATED_PRODUCTION_CASE
http://w3id.org/protys/fixture#Load00134_Op5,http://w3id.org/protys/fixture#Load00134,http://w3id.org/protys/fixture#Load00134_Process,http://w3id.org/protys/fixture#Load00134_LCIProcess,3.333333,kWh,http://w3id.org/protys/fixture#GridFactor,ELECTRICITY_CONSUMED_IN_PRODUCTION_ONLY,SIMULATED_PRODUCTION_CASE
http://w3id.org/protys/fixture#Load00134_Op6,http://w3id.org/protys/fixture#Load00134,http://w3id.org/protys/fixture#Load00134_Process,http://w3id.org/protys/fixture#Load00134_LCIProcess,0,kWh,http://w3id.org/protys/fixture#GridFactor,ELECTRICITY_CONSUMED_IN_PRODUCTION_ONLY,SIMULATED_PRODUCTION_CASE
http://w3id.org/protys/fixture#Load00134_Op7,http://w3id.org/protys/fixture#Load00134,http://w3id.org/protys/fixture#Load00134_Process,http://w3id.org/protys/fixture#Load00134_LCIProcess,0.333333,kWh,http://w3id.org/protys/fixture#GridFactor,ELECTRICITY_CONSUMED_IN_PRODUCTION_ONLY,SIMULATED_PRODUCTION_CASE
http://w3id.org/protys/fixture#Load00135_Op1,http://w3id.org/protys/fixture#Load00135,http://w3id.org/protys/fixture#Load00135_Process,http://w3id.org/protys/fixture#Load00135_LCIProcess,0,kWh,http://w3id.org/protys/fixture#GridFactor,ELECTRICITY_CONSUMED_IN_PRODUCTION_ONLY,SIMULATED_PRODUCTION_CASE
http://w3id.org/protys/fixture#Load00135_Op2,http://w3id.org/protys/fixture#Load00135,http://w3id.org/protys/fixture#Load00135_Process,http://w3id.org/protys/fixture#Load00135_LCIProcess,10,kWh,http://w3id.org/protys/fixture#GridFactor,ELECTRICITY_CONSUMED_IN_PRODUCTION_ONLY,SIMULATED_PRODUCTION_CASE
http://w3id.org/protys/fixture#Load00135_Op3,http://w3id.org/protys/fixture#Load00135,http://w3id.org/protys/fixture#Load00135_Process,http://w3id.org/protys/fixture#Load00135_LCIProcess,75,kWh,http://w3id.org/protys/fixture#GridFactor,ELECTRICITY_CONSUMED_IN_PRODUCTION_ONLY,SIMULATED_PRODUCTION_CASE
http://w3id.org/protys/fixture#Load00135_Op4,http://w3id.org/protys/fixture#Load00135,http://w3id.org/protys/fixture#Load00135_Process,http://w3id.org/protys/fixture#Load00135_LCIProcess,26.666667,kWh,http://w3id.org/protys/fixture#GridFactor,ELECTRICITY_CONSUMED_IN_PRODUCTION_ONLY,SIMULATED_PRODUCTION_CASE
http://w3id.org/protys/fixture#Load00135_Op5,http://w3id.org/protys/fixture#Load00135,http://w3id.org/protys/fixture#Load00135_Process,http://w3id.org/protys/fixture#Load00135_LCIProcess,3.333333,kWh,http://w3id.org/protys/fixture#GridFactor,ELECTRICITY_CONSUMED_IN_PRODUCTION_ONLY,SIMULATED_PRODUCTION_CASE
http://w3id.org/protys/fixture#Load00135_Op6,http://w3id.org/protys/fixture#Load00135,http://w3id.org/protys/fixture#Load00135_Process,http://w3id.org/protys/fixture#Load00135_LCIProcess,0,kWh,http://w3id.org/protys/fixture#GridFactor,ELECTRICITY_CONSUMED_IN_PRODUCTION_ONLY,SIMULATED_PRODUCTION_CASE
http://w3id.org/protys/fixture#Load00135_Op7,http://w3id.org/protys/fixture#Load00135,http://w3id.org/protys/fixture#Load00135_Process,http://w3id.org/protys/fixture#Load00135_LCIProcess,0.333333,kWh,http://w3id.org/protys/fixture#GridFactor,ELECTRICITY_CONSUMED_IN_PRODUCTION_ONLY,SIMULATED_PRODUCTION_CASE
http://w3id.org/protys/fixture#Load00136_Op1,http://w3id.org/protys/fixture#Load00136,http://w3id.org/protys/fixture#Load00136_Process,http://w3id.org/protys/fixture#Load00136_LCIProcess,0,kWh,http://w3id.org/protys/fixture#GridFactor,ELECTRICITY_CONSUMED_IN_PRODUCTION_ONLY,SIMULATED_PRODUCTION_CASE
http://w3id.org/protys/fixture#Load00136_Op2,http://w3id.org/protys/fixture#Load00136,http://w3id.org/protys/fixture#Load00136_Process,http://w3id.org/protys/fixture#Load00136_LCIProcess,10,kWh,http://w3id.org/protys/fixture#GridFactor,ELECTRICITY_CONSUMED_IN_PRODUCTION_ONLY,SIMULATED_PRODUCTION_CASE
http://w3id.org/protys/fixture#Load00136_Op3,http://w3id.org/protys/fixture#Load00136,http://w3id.org/protys/fixture#Load00136_Process,http://w3id.org/protys/fixture#Load00136_LCIProcess,75,kWh,http://w3id.org/protys/fixture#GridFactor,ELECTRICITY_CONSUMED_IN_PRODUCTION_ONLY,SIMULATED_PRODUCTION_CASE
http://w3id.org/protys/fixture#Load00136_Op4,http://w3id.org/protys/fixture#Load00136,http://w3id.org/protys/fixture#Load00136_Process,http://w3id.org/protys/fixture#Load00136_LCIProcess,26.666667,kWh,http://w3id.org/protys/fixture#GridFactor,ELECTRICITY_CONSUMED_IN_PRODUCTION_ONLY,SIMULATED_PRODUCTION_CASE
http://w3id.org/protys/fixture#Load00136_Op5,http://w3id.org/protys/fixture#Load00136,http://w3id.org/protys/fixture#Load00136_Process,http://w3id.org/protys/fixture#Load00136_LCIProcess,3.333333,kWh,http://w3id.org/protys/fixture#GridFactor,ELECTRICITY_CONSUMED_IN_PRODUCTION_ONLY,SIMULATED_PRODUCTION_CASE
http://w3id.org/protys/fixture#Load00136_Op6,http://w3id.org/protys/fixture#Load00136,http://w3id.org/protys/fixture#Load00136_Process,http://w3id.org/protys/fixture#Load00136_LCIProcess,0,kWh,http://w3id.org/protys/fixture#GridFactor,ELECTRICITY_CONSUMED_IN_PRODUCTION_ONLY,SIMULATED_PRODUCTION_CASE
http://w3id.org/protys/fixture#Load00136_Op7,http://w3id.org/protys/fixture#Load00136,http://w3id.org/protys/fixture#Load00136_Process,http://w3id.org/protys/fixture#Load00136_LCIProcess,0.333333,kWh,http://w3id.org/protys/fixture#GridFactor,ELECTRICITY_CONSUMED_IN_PRODUCTION_ONLY,SIMULATED_PRODUCTION_CASE
http://w3id.org/protys/fixture#Load00137_Op1,http://w3id.org/protys/fixture#Load00137,http://w3id.org/protys/fixture#Load00137_Process,http://w3id.org/protys/fixture#Load00137_LCIProcess,0,kWh,http://w3id.org/protys/fixture#GridFactor,ELECTRICITY_CONSUMED_IN_PRODUCTION_ONLY,SIMULATED_PRODUCTION_CASE
http://w3id.org/protys/fixture#Load00137_Op2,http://w3id.org/protys/fixture#Load00137,http://w3id.org/protys/fixture#Load00137_Process,http://w3id.org/protys/fixture#Load00137_LCIProcess,10,kWh,http://w3id.org/protys/fixture#GridFactor,ELECTRICITY_CONSUMED_IN_PRODUCTION_ONLY,SIMULATED_PRODUCTION_CASE
http://w3id.org/protys/fixture#Load00137_Op3,http://w3id.org/protys/fixture#Load00137,http://w3id.org/protys/fixture#Load00137_Process,http://w3id.org/protys/fixture#Load00137_LCIProcess,75,kWh,http://w3id.org/protys/fixture#GridFactor,ELECTRICITY_CONSUMED_IN_PRODUCTION_ONLY,SIMULATED_PRODUCTION_CASE
http://w3id.org/protys/fixture#Load00137_Op4,http://w3id.org/protys/fixture#Load00137,http://w3id.org/protys/fixture#Load00137_Process,http://w3id.org/protys/fixture#Load00137_LCIProcess,26.666667,kWh,http://w3id.org/protys/fixture#GridFactor,ELECTRICITY_CONSUMED_IN_PRODUCTION_ONLY,SIMULATED_PRODUCTION_CASE
http://w3id.org/protys/fixture#Load00137_Op5,http://w3id.org/protys/fixture#Load00137,http://w3id.org/protys/fixture#Load00137_Process,http://w3id.org/protys/fixture#Load00137_LCIProcess,3.333333,kWh,http://w3id.org/protys/fixture#GridFactor,ELECTRICITY_CONSUMED_IN_PRODUCTION_ONLY,SIMULATED_PRODUCTION_CASE
http://w3id.org/protys/fixture#Load00137_Op6,http://w3id.org/protys/fixture#Load00137,http://w3id.org/protys/fixture#Load00137_Process,http://w3id.org/protys/fixture#Load00137_LCIProcess,0,kWh,http://w3id.org/protys/fixture#GridFactor,ELECTRICITY_CONSUMED_IN_PRODUCTION_ONLY,SIMULATED_PRODUCTION_CASE
http://w3id.org/protys/fixture#Load00137_Op7,http://w3id.org/protys/fixture#Load00137,http://w3id.org/protys/fixture#Load00137_Process,http://w3id.org/protys/fixture#Load00137_LCIProcess,0.333333,kWh,http://w3id.org/protys/fixture#GridFactor,ELECTRICITY_CONSUMED_IN_PRODUCTION_ONLY,SIMULATED_PRODUCTION_CASE
http://w3id.org/protys/fixture#Load00138_Op1,http://w3id.org/protys/fixture#Load00138,http://w3id.org/protys/fixture#Load00138_Process,http://w3id.org/protys/fixture#Load00138_LCIProcess,0,kWh,http://w3id.org/protys/fixture#GridFactor,ELECTRICITY_CONSUMED_IN_PRODUCTION_ONLY,SIMULATED_PRODUCTION_CASE
http://w3id.org/protys/fixture#Load00138_Op2,http://w3id.org/protys/fixture#Load00138,http://w3id.org/protys/fixture#Load00138_Process,http://w3id.org/protys/fixture#Load00138_LCIProcess,10,kWh,http://w3id.org/protys/fixture#GridFactor,ELECTRICITY_CONSUMED_IN_PRODUCTION_ONLY,SIMULATED_PRODUCTION_CASE
http://w3id.org/protys/fixture#Load00138_Op3,http://w3id.org/protys/fixture#Load00138,http://w3id.org/protys/fixture#Load00138_Process,http://w3id.org/protys/fixture#Load00138_LCIProcess,75,kWh,http://w3id.org/protys/fixture#GridFactor,ELECTRICITY_CONSUMED_IN_PRODUCTION_ONLY,SIMULATED_PRODUCTION_CASE
http://w3id.org/protys/fixture#Load00138_Op4,http://w3id.org/protys/fixture#Load00138,http://w3id.org/protys/fixture#Load00138_Process,http://w3id.org/protys/fixture#Load00138_LCIProcess,26.666667,kWh,http://w3id.org/protys/fixture#GridFactor,ELECTRICITY_CONSUMED_IN_PRODUCTION_ONLY,SIMULATED_PRODUCTION_CASE
http://w3id.org/protys/fixture#Load00138_Op5,http://w3id.org/protys/fixture#Load00138,http://w3id.org/protys/fixture#Load00138_Process,http://w3id.org/protys/fixture#Load00138_LCIProcess,3.333333,kWh,http://w3id.org/protys/fixture#GridFactor,ELECTRICITY_CONSUMED_IN_PRODUCTION_ONLY,SIMULATED_PRODUCTION_CASE
http://w3id.org/protys/fixture#Load00138_Op6,http://w3id.org/protys/fixture#Load00138,http://w3id.org/protys/fixture#Load00138_Process,http://w3id.org/protys/fixture#Load00138_LCIProcess,0,kWh,http://w3id.org/protys/fixture#GridFactor,ELECTRICITY_CONSUMED_IN_PRODUCTION_ONLY,SIMULATED_PRODUCTION_CASE
http://w3id.org/protys/fixture#Load00138_Op7,http://w3id.org/protys/fixture#Load00138,http://w3id.org/protys/fixture#Load00138_Process,http://w3id.org/protys/fixture#Load00138_LCIProcess,0.333333,kWh,http://w3id.org/protys/fixture#GridFactor,ELECTRICITY_CONSUMED_IN_PRODUCTION_ONLY,SIMULATED_PRODUCTION_CASE
http://w3id.org/protys/fixture#Load00139_Op1,http://w3id.org/protys/fixture#Load00139,http://w3id.org/protys/fixture#Load00139_Process,http://w3id.org/protys/fixture#Load00139_LCIProcess,0,kWh,http://w3id.org/protys/fixture#GridFactor,ELECTRICITY_CONSUMED_IN_PRODUCTION_ONLY,SIMULATED_PRODUCTION_CASE
http://w3id.org/protys/fixture#Load00139_Op2,http://w3id.org/protys/fixture#Load00139,http://w3id.org/protys/fixture#Load00139_Process,http://w3id.org/protys/fixture#Load00139_LCIProcess,10,kWh,http://w3id.org/protys/fixture#GridFactor,ELECTRICITY_CONSUMED_IN_PRODUCTION_ONLY,SIMULATED_PRODUCTION_CASE
http://w3id.org/protys/fixture#Load00139_Op3,http://w3id.org/protys/fixture#Load00139,http://w3id.org/protys/fixture#Load00139_Process,http://w3id.org/protys/fixture#Load00139_LCIProcess,75,kWh,http://w3id.org/protys/fixture#GridFactor,ELECTRICITY_CONSUMED_IN_PRODUCTION_ONLY,SIMULATED_PRODUCTION_CASE
http://w3id.org/protys/fixture#Load00139_Op4,http://w3id.org/protys/fixture#Load00139,http://w3id.org/protys/fixture#Load00139_Process,http://w3id.org/protys/fixture#Load00139_LCIProcess,26.666667,kWh,http://w3id.org/protys/fixture#GridFactor,ELECTRICITY_CONSUMED_IN_PRODUCTION_ONLY,SIMULATED_PRODUCTION_CASE
http://w3id.org/protys/fixture#Load00139_Op5,http://w3id.org/protys/fixture#Load00139,http://w3id.org/protys/fixture#Load00139_Process,http://w3id.org/protys/fixture#Load00139_LCIProcess,3.333333,kWh,http://w3id.org/protys/fixture#GridFactor,ELECTRICITY_CONSUMED_IN_PRODUCTION_ONLY,SIMULATED_PRODUCTION_CASE
http://w3id.org/protys/fixture#Load00139_Op6,http://w3id.org/protys/fixture#Load00139,http://w3id.org/protys/fixture#Load00139_Process,http://w3id.org/protys/fixture#Load00139_LCIProcess,0,kWh,http://w3id.org/protys/fixture#GridFactor,ELECTRICITY_CONSUMED_IN_PRODUCTION_ONLY,SIMULATED_PRODUCTION_CASE
http://w3id.org/protys/fixture#Load00139_Op7,http://w3id.org/protys/fixture#Load00139,http://w3id.org/protys/fixture#Load00139_Process,http://w3id.org/protys/fixture#Load00139_LCIProcess,0.333333,kWh,http://w3id.org/protys/fixture#GridFactor,ELECTRICITY_CONSUMED_IN_PRODUCTION_ONLY,SIMULATED_PRODUCTION_CASE
http://w3id.org/protys/fixture#Load00140_Op1,http://w3id.org/protys/fixture#Load00140,http://w3id.org/protys/fixture#Load00140_Process,http://w3id.org/protys/fixture#Load00140_LCIProcess,0,kWh,http://w3id.org/protys/fixture#GridFactor,ELECTRICITY_CONSUMED_IN_PRODUCTION_ONLY,SIMULATED_PRODUCTION_CASE
http://w3id.org/protys/fixture#Load00140_Op2,http://w3id.org/protys/fixture#Load00140,http://w3id.org/protys/fixture#Load00140_Process,http://w3id.org/protys/fixture#Load00140_LCIProcess,10,kWh,http://w3id.org/protys/fixture#GridFactor,ELECTRICITY_CONSUMED_IN_PRODUCTION_ONLY,SIMULATED_PRODUCTION_CASE
http://w3id.org/protys/fixture#Load00140_Op3,http://w3id.org/protys/fixture#Load00140,http://w3id.org/protys/fixture#Load00140_Process,http://w3id.org/protys/fixture#Load00140_LCIProcess,75,kWh,http://w3id.org/protys/fixture#GridFactor,ELECTRICITY_CONSUMED_IN_PRODUCTION_ONLY,SIMULATED_PRODUCTION_CASE
http://w3id.org/protys/fixture#Load00140_Op4,http://w3id.org/protys/fixture#Load00140,http://w3id.org/protys/fixture#Load00140_Process,http://w3id.org/protys/fixture#Load00140_LCIProcess,26.666667,kWh,http://w3id.org/protys/fixture#GridFactor,ELECTRICITY_CONSUMED_IN_PRODUCTION_ONLY,SIMULATED_PRODUCTION_CASE
http://w3id.org/protys/fixture#Load00140_Op5,http://w3id.org/protys/fixture#Load00140,http://w3id.org/protys/fixture#Load00140_Process,http://w3id.org/protys/fixture#Load00140_LCIProcess,3.333333,kWh,http://w3id.org/protys/fixture#GridFactor,ELECTRICITY_CONSUMED_IN_PRODUCTION_ONLY,SIMULATED_PRODUCTION_CASE
http://w3id.org/protys/fixture#Load00140_Op6,http://w3id.org/protys/fixture#Load00140,http://w3id.org/protys/fixture#Load00140_Process,http://w3id.org/protys/fixture#Load00140_LCIProcess,0,kWh,http://w3id.org/protys/fixture#GridFactor,ELECTRICITY_CONSUMED_IN_PRODUCTION_ONLY,SIMULATED_PRODUCTION_CASE
http://w3id.org/protys/fixture#Load00140_Op7,http://w3id.org/protys/fixture#Load00140,http://w3id.org/protys/fixture#Load00140_Process,http://w3id.org/protys/fixture#Load00140_LCIProcess,0.333333,kWh,http://w3id.org/protys/fixture#GridFactor,ELECTRICITY_CONSUMED_IN_PRODUCTION_ONLY,SIMULATED_PRODUCTION_CASE
http://w3id.org/protys/fixture#Load00141_Op1,http://w3id.org/protys/fixture#Load00141,http://w3id.org/protys/fixture#Load00141_Process,http://w3id.org/protys/fixture#Load00141_LCIProcess,0,kWh,http://w3id.org/protys/fixture#GridFactor,ELECTRICITY_CONSUMED_IN_PRODUCTION_ONLY,SIMULATED_PRODUCTION_CASE
http://w3id.org/protys/fixture#Load00141_Op2,http://w3id.org/protys/fixture#Load00141,http://w3id.org/protys/fixture#Load00141_Process,http://w3id.org/protys/fixture#Load00141_LCIProcess,10,kWh,http://w3id.org/protys/fixture#GridFactor,ELECTRICITY_CONSUMED_IN_PRODUCTION_ONLY,SIMULATED_PRODUCTION_CASE
http://w3id.org/protys/fixture#Load00141_Op3,http://w3id.org/protys/fixture#Load00141,http://w3id.org/protys/fixture#Load00141_Process,http://w3id.org/protys/fixture#Load00141_LCIProcess,75,kWh,http://w3id.org/protys/fixture#GridFactor,ELECTRICITY_CONSUMED_IN_PRODUCTION_ONLY,SIMULATED_PRODUCTION_CASE
http://w3id.org/protys/fixture#Load00141_Op4,http://w3id.org/protys/fixture#Load00141,http://w3id.org/protys/fixture#Load00141_Process,http://w3id.org/protys/fixture#Load00141_LCIProcess,26.666667,kWh,http://w3id.org/protys/fixture#GridFactor,ELECTRICITY_CONSUMED_IN_PRODUCTION_ONLY,SIMULATED_PRODUCTION_CASE
http://w3id.org/protys/fixture#Load00141_Op5,http://w3id.org/protys/fixture#Load00141,http://w3id.org/protys/fixture#Load00141_Process,http://w3id.org/protys/fixture#Load00141_LCIProcess,3.333333,kWh,http://w3id.org/protys/fixture#GridFactor,ELECTRICITY_CONSUMED_IN_PRODUCTION_ONLY,SIMULATED_PRODUCTION_CASE
http://w3id.org/protys/fixture#Load00141_Op6,http://w3id.org/protys/fixture#Load00141,http://w3id.org/protys/fixture#Load00141_Process,http://w3id.org/protys/fixture#Load00141_LCIProcess,0,kWh,http://w3id.org/protys/fixture#GridFactor,ELECTRICITY_CONSUMED_IN_PRODUCTION_ONLY,SIMULATED_PRODUCTION_CASE
http://w3id.org/protys/fixture#Load00141_Op7,http://w3id.org/protys/fixture#Load00141,http://w3id.org/protys/fixture#Load00141_Process,http://w3id.org/protys/fixture#Load00141_LCIProcess,0.333333,kWh,http://w3id.org/protys/fixture#GridFactor,ELECTRICITY_CONSUMED_IN_PRODUCTION_ONLY,SIMULATED_PRODUCTION_CASE
http://w3id.org/protys/fixture#Load00142_Op1,http://w3id.org/protys/fixture#Load00142,http://w3id.org/protys/fixture#Load00142_Process,http://w3id.org/protys/fixture#Load00142_LCIProcess,0,kWh,http://w3id.org/protys/fixture#GridFactor,ELECTRICITY_CONSUMED_IN_PRODUCTION_ONLY,SIMULATED_PRODUCTION_CASE
http://w3id.org/protys/fixture#Load00142_Op2,http://w3id.org/protys/fixture#Load00142,http://w3id.org/protys/fixture#Load00142_Process,http://w3id.org/protys/fixture#Load00142_LCIProcess,10,kWh,http://w3id.org/protys/fixture#GridFactor,ELECTRICITY_CONSUMED_IN_PRODUCTION_ONLY,SIMULATED_PRODUCTION_CASE
http://w3id.org/protys/fixture#Load00142_Op3,http://w3id.org/protys/fixture#Load00142,http://w3id.org/protys/fixture#Load00142_Process,http://w3id.org/protys/fixture#Load00142_LCIProcess,75,kWh,http://w3id.org/protys/fixture#GridFactor,ELECTRICITY_CONSUMED_IN_PRODUCTION_ONLY,SIMULATED_PRODUCTION_CASE
http://w3id.org/protys/fixture#Load00142_Op4,http://w3id.org/protys/fixture#Load00142,http://w3id.org/protys/fixture#Load00142_Process,http://w3id.org/protys/fixture#Load00142_LCIProcess,26.666667,kWh,http://w3id.org/protys/fixture#GridFactor,ELECTRICITY_CONSUMED_IN_PRODUCTION_ONLY,SIMULATED_PRODUCTION_CASE
http://w3id.org/protys/fixture#Load00142_Op5,http://w3id.org/protys/fixture#Load00142,http://w3id.org/protys/fixture#Load00142_Process,http://w3id.org/protys/fixture#Load00142_LCIProcess,3.333333,kWh,http://w3id.org/protys/fixture#GridFactor,ELECTRICITY_CONSUMED_IN_PRODUCTION_ONLY,SIMULATED_PRODUCTION_CASE
http://w3id.org/protys/fixture#Load00142_Op6,http://w3id.org/protys/fixture#Load00142,http://w3id.org/protys/fixture#Load00142_Process,http://w3id.org/protys/fixture#Load00142_LCIProcess,0,kWh,http://w3id.org/protys/fixture#GridFactor,ELECTRICITY_CONSUMED_IN_PRODUCTION_ONLY,SIMULATED_PRODUCTION_CASE
http://w3id.org/protys/fixture#Load00142_Op7,http://w3id.org/protys/fixture#Load00142,http://w3id.org/protys/fixture#Load00142_Process,http://w3id.org/protys/fixture#Load00142_LCIProcess,0.333333,kWh,http://w3id.org/protys/fixture#GridFactor,ELECTRICITY_CONSUMED_IN_PRODUCTION_ONLY,SIMULATED_PRODUCTION_CASE
http://w3id.org/protys/fixture#Load00143_Op1,http://w3id.org/protys/fixture#Load00143,http://w3id.org/protys/fixture#Load00143_Process,http://w3id.org/protys/fixture#Load00143_LCIProcess,0,kWh,http://w3id.org/protys/fixture#GridFactor,ELECTRICITY_CONSUMED_IN_PRODUCTION_ONLY,SIMULATED_PRODUCTION_CASE
http://w3id.org/protys/fixture#Load00143_Op2,http://w3id.org/protys/fixture#Load00143,http://w3id.org/protys/fixture#Load00143_Process,http://w3id.org/protys/fixture#Load00143_LCIProcess,10,kWh,http://w3id.org/protys/fixture#GridFactor,ELECTRICITY_CONSUMED_IN_PRODUCTION_ONLY,SIMULATED_PRODUCTION_CASE
http://w3id.org/protys/fixture#Load00143_Op3,http://w3id.org/protys/fixture#Load00143,http://w3id.org/protys/fixture#Load00143_Process,http://w3id.org/protys/fixture#Load00143_LCIProcess,75,kWh,http://w3id.org/protys/fixture#GridFactor,ELECTRICITY_CONSUMED_IN_PRODUCTION_ONLY,SIMULATED_PRODUCTION_CASE
http://w3id.org/protys/fixture#Load00143_Op4,http://w3id.org/protys/fixture#Load00143,http://w3id.org/protys/fixture#Load00143_Process,http://w3id.org/protys/fixture#Load00143_LCIProcess,26.666667,kWh,http://w3id.org/protys/fixture#GridFactor,ELECTRICITY_CONSUMED_IN_PRODUCTION_ONLY,SIMULATED_PRODUCTION_CASE
http://w3id.org/protys/fixture#Load00143_Op5,http://w3id.org/protys/fixture#Load00143,http://w3id.org/protys/fixture#Load00143_Process,http://w3id.org/protys/fixture#Load00143_LCIProcess,3.333333,kWh,http://w3id.org/protys/fixture#GridFactor,ELECTRICITY_CONSUMED_IN_PRODUCTION_ONLY,SIMULATED_PRODUCTION_CASE
http://w3id.org/protys/fixture#Load00143_Op6,http://w3id.org/protys/fixture#Load00143,http://w3id.org/protys/fixture#Load00143_Process,http://w3id.org/protys/fixture#Load00143_LCIProcess,0,kWh,http://w3id.org/protys/fixture#GridFactor,ELECTRICITY_CONSUMED_IN_PRODUCTION_ONLY,SIMULATED_PRODUCTION_CASE
http://w3id.org/protys/fixture#Load00143_Op7,http://w3id.org/protys/fixture#Load00143,http://w3id.org/protys/fixture#Load00143_Process,http://w3id.org/protys/fixture#Load00143_LCIProcess,0.333333,kWh,http://w3id.org/protys/fixture#GridFactor,ELECTRICITY_CONSUMED_IN_PRODUCTION_ONLY,SIMULATED_PRODUCTION_CASE
http://w3id.org/protys/fixture#Load00144_Op1,http://w3id.org/protys/fixture#Load00144,http://w3id.org/protys/fixture#Load00144_Process,http://w3id.org/protys/fixture#Load00144_LCIProcess,0,kWh,http://w3id.org/protys/fixture#GridFactor,ELECTRICITY_CONSUMED_IN_PRODUCTION_ONLY,SIMULATED_PRODUCTION_CASE
http://w3id.org/protys/fixture#Load00144_Op2,http://w3id.org/protys/fixture#Load00144,http://w3id.org/protys/fixture#Load00144_Process,http://w3id.org/protys/fixture#Load00144_LCIProcess,10,kWh,http://w3id.org/protys/fixture#GridFactor,ELECTRICITY_CONSUMED_IN_PRODUCTION_ONLY,SIMULATED_PRODUCTION_CASE
http://w3id.org/protys/fixture#Load00144_Op3,http://w3id.org/protys/fixture#Load00144,http://w3id.org/protys/fixture#Load00144_Process,http://w3id.org/protys/fixture#Load00144_LCIProcess,75,kWh,http://w3id.org/protys/fixture#GridFactor,ELECTRICITY_CONSUMED_IN_PRODUCTION_ONLY,SIMULATED_PRODUCTION_CASE
http://w3id.org/protys/fixture#Load00144_Op4,http://w3id.org/protys/fixture#Load00144,http://w3id.org/protys/fixture#Load00144_Process,http://w3id.org/protys/fixture#Load00144_LCIProcess,26.666667,kWh,http://w3id.org/protys/fixture#GridFactor,ELECTRICITY_CONSUMED_IN_PRODUCTION_ONLY,SIMULATED_PRODUCTION_CASE
http://w3id.org/protys/fixture#Load00144_Op5,http://w3id.org/protys/fixture#Load00144,http://w3id.org/protys/fixture#Load00144_Process,http://w3id.org/protys/fixture#Load00144_LCIProcess,3.333333,kWh,http://w3id.org/protys/fixture#GridFactor,ELECTRICITY_CONSUMED_IN_PRODUCTION_ONLY,SIMULATED_PRODUCTION_CASE
http://w3id.org/protys/fixture#Load00144_Op6,http://w3id.org/protys/fixture#Load00144,http://w3id.org/protys/fixture#Load00144_Process,http://w3id.org/protys/fixture#Load00144_LCIProcess,0,kWh,http://w3id.org/protys/fixture#GridFactor,ELECTRICITY_CONSUMED_IN_PRODUCTION_ONLY,SIMULATED_PRODUCTION_CASE
http://w3id.org/protys/fixture#Load00144_Op7,http://w3id.org/protys/fixture#Load00144,http://w3id.org/protys/fixture#Load00144_Process,http://w3id.org/protys/fixture#Load00144_LCIProcess,0.333333,kWh,http://w3id.org/protys/fixture#GridFactor,ELECTRICITY_CONSUMED_IN_PRODUCTION_ONLY,SIMULATED_PRODUCTION_CASE
http://w3id.org/protys/fixture#Load00145_Op1,http://w3id.org/protys/fixture#Load00145,http://w3id.org/protys/fixture#Load00145_Process,http://w3id.org/protys/fixture#Load00145_LCIProcess,0,kWh,http://w3id.org/protys/fixture#GridFactor,ELECTRICITY_CONSUMED_IN_PRODUCTION_ONLY,SIMULATED_PRODUCTION_CASE
http://w3id.org/protys/fixture#Load00145_Op2,http://w3id.org/protys/fixture#Load00145,http://w3id.org/protys/fixture#Load00145_Process,http://w3id.org/protys/fixture#Load00145_LCIProcess,10,kWh,http://w3id.org/protys/fixture#GridFactor,ELECTRICITY_CONSUMED_IN_PRODUCTION_ONLY,SIMULATED_PRODUCTION_CASE
http://w3id.org/protys/fixture#Load00145_Op3,http://w3id.org/protys/fixture#Load00145,http://w3id.org/protys/fixture#Load00145_Process,http://w3id.org/protys/fixture#Load00145_LCIProcess,75,kWh,http://w3id.org/protys/fixture#GridFactor,ELECTRICITY_CONSUMED_IN_PRODUCTION_ONLY,SIMULATED_PRODUCTION_CASE
http://w3id.org/protys/fixture#Load00145_Op4,http://w3id.org/protys/fixture#Load00145,http://w3id.org/protys/fixture#Load00145_Process,http://w3id.org/protys/fixture#Load00145_LCIProcess,26.666667,kWh,http://w3id.org/protys/fixture#GridFactor,ELECTRICITY_CONSUMED_IN_PRODUCTION_ONLY,SIMULATED_PRODUCTION_CASE
http://w3id.org/protys/fixture#Load00145_Op5,http://w3id.org/protys/fixture#Load00145,http://w3id.org/protys/fixture#Load00145_Process,http://w3id.org/protys/fixture#Load00145_LCIProcess,3.333333,kWh,http://w3id.org/protys/fixture#GridFactor,ELECTRICITY_CONSUMED_IN_PRODUCTION_ONLY,SIMULATED_PRODUCTION_CASE
http://w3id.org/protys/fixture#Load00145_Op6,http://w3id.org/protys/fixture#Load00145,http://w3id.org/protys/fixture#Load00145_Process,http://w3id.org/protys/fixture#Load00145_LCIProcess,0,kWh,http://w3id.org/protys/fixture#GridFactor,ELECTRICITY_CONSUMED_IN_PRODUCTION_ONLY,SIMULATED_PRODUCTION_CASE
http://w3id.org/protys/fixture#Load00145_Op7,http://w3id.org/protys/fixture#Load00145,http://w3id.org/protys/fixture#Load00145_Process,http://w3id.org/protys/fixture#Load00145_LCIProcess,0.333333,kWh,http://w3id.org/protys/fixture#GridFactor,ELECTRICITY_CONSUMED_IN_PRODUCTION_ONLY,SIMULATED_PRODUCTION_CASE
http://w3id.org/protys/fixture#Load00146_Op1,http://w3id.org/protys/fixture#Load00146,http://w3id.org/protys/fixture#Load00146_Process,http://w3id.org/protys/fixture#Load00146_LCIProcess,0,kWh,http://w3id.org/protys/fixture#GridFactor,ELECTRICITY_CONSUMED_IN_PRODUCTION_ONLY,SIMULATED_PRODUCTION_CASE
http://w3id.org/protys/fixture#Load00146_Op2,http://w3id.org/protys/fixture#Load00146,http://w3id.org/protys/fixture#Load00146_Process,http://w3id.org/protys/fixture#Load00146_LCIProcess,10,kWh,http://w3id.org/protys/fixture#GridFactor,ELECTRICITY_CONSUMED_IN_PRODUCTION_ONLY,SIMULATED_PRODUCTION_CASE
http://w3id.org/protys/fixture#Load00146_Op3,http://w3id.org/protys/fixture#Load00146,http://w3id.org/protys/fixture#Load00146_Process,http://w3id.org/protys/fixture#Load00146_LCIProcess,75,kWh,http://w3id.org/protys/fixture#GridFactor,ELECTRICITY_CONSUMED_IN_PRODUCTION_ONLY,SIMULATED_PRODUCTION_CASE
http://w3id.org/protys/fixture#Load00146_Op4,http://w3id.org/protys/fixture#Load00146,http://w3id.org/protys/fixture#Load00146_Process,http://w3id.org/protys/fixture#Load00146_LCIProcess,26.666667,kWh,http://w3id.org/protys/fixture#GridFactor,ELECTRICITY_CONSUMED_IN_PRODUCTION_ONLY,SIMULATED_PRODUCTION_CASE
http://w3id.org/protys/fixture#Load00146_Op5,http://w3id.org/protys/fixture#Load00146,http://w3id.org/protys/fixture#Load00146_Process,http://w3id.org/protys/fixture#Load00146_LCIProcess,3.333333,kWh,http://w3id.org/protys/fixture#GridFactor,ELECTRICITY_CONSUMED_IN_PRODUCTION_ONLY,SIMULATED_PRODUCTION_CASE
http://w3id.org/protys/fixture#Load00146_Op6,http://w3id.org/protys/fixture#Load00146,http://w3id.org/protys/fixture#Load00146_Process,http://w3id.org/protys/fixture#Load00146_LCIProcess,0,kWh,http://w3id.org/protys/fixture#GridFactor,ELECTRICITY_CONSUMED_IN_PRODUCTION_ONLY,SIMULATED_PRODUCTION_CASE
http://w3id.org/protys/fixture#Load00146_Op7,http://w3id.org/protys/fixture#Load00146,http://w3id.org/protys/fixture#Load00146_Process,http://w3id.org/protys/fixture#Load00146_LCIProcess,0.333333,kWh,http://w3id.org/protys/fixture#GridFactor,ELECTRICITY_CONSUMED_IN_PRODUCTION_ONLY,SIMULATED_PRODUCTION_CASE
http://w3id.org/protys/fixture#Load00147_Op1,http://w3id.org/protys/fixture#Load00147,http://w3id.org/protys/fixture#Load00147_Process,http://w3id.org/protys/fixture#Load00147_LCIProcess,0,kWh,http://w3id.org/protys/fixture#GridFactor,ELECTRICITY_CONSUMED_IN_PRODUCTION_ONLY,SIMULATED_PRODUCTION_CASE
http://w3id.org/protys/fixture#Load00147_Op2,http://w3id.org/protys/fixture#Load00147,http://w3id.org/protys/fixture#Load00147_Process,http://w3id.org/protys/fixture#Load00147_LCIProcess,10,kWh,http://w3id.org/protys/fixture#GridFactor,ELECTRICITY_CONSUMED_IN_PRODUCTION_ONLY,SIMULATED_PRODUCTION_CASE
http://w3id.org/protys/fixture#Load00147_Op3,http://w3id.org/protys/fixture#Load00147,http://w3id.org/protys/fixture#Load00147_Process,http://w3id.org/protys/fixture#Load00147_LCIProcess,75,kWh,http://w3id.org/protys/fixture#GridFactor,ELECTRICITY_CONSUMED_IN_PRODUCTION_ONLY,SIMULATED_PRODUCTION_CASE
http://w3id.org/protys/fixture#Load00147_Op4,http://w3id.org/protys/fixture#Load00147,http://w3id.org/protys/fixture#Load00147_Process,http://w3id.org/protys/fixture#Load00147_LCIProcess,26.666667,kWh,http://w3id.org/protys/fixture#GridFactor,ELECTRICITY_CONSUMED_IN_PRODUCTION_ONLY,SIMULATED_PRODUCTION_CASE
http://w3id.org/protys/fixture#Load00147_Op5,http://w3id.org/protys/fixture#Load00147,http://w3id.org/protys/fixture#Load00147_Process,http://w3id.org/protys/fixture#Load00147_LCIProcess,3.333333,kWh,http://w3id.org/protys/fixture#GridFactor,ELECTRICITY_CONSUMED_IN_PRODUCTION_ONLY,SIMULATED_PRODUCTION_CASE
http://w3id.org/protys/fixture#Load00147_Op6,http://w3id.org/protys/fixture#Load00147,http://w3id.org/protys/fixture#Load00147_Process,http://w3id.org/protys/fixture#Load00147_LCIProcess,0,kWh,http://w3id.org/protys/fixture#GridFactor,ELECTRICITY_CONSUMED_IN_PRODUCTION_ONLY,SIMULATED_PRODUCTION_CASE
http://w3id.org/protys/fixture#Load00147_Op7,http://w3id.org/protys/fixture#Load00147,http://w3id.org/protys/fixture#Load00147_Process,http://w3id.org/protys/fixture#Load00147_LCIProcess,0.333333,kWh,http://w3id.org/protys/fixture#GridFactor,ELECTRICITY_CONSUMED_IN_PRODUCTION_ONLY,SIMULATED_PRODUCTION_CASE
http://w3id.org/protys/fixture#Load00148_Op1,http://w3id.org/protys/fixture#Load00148,http://w3id.org/protys/fixture#Load00148_Process,http://w3id.org/protys/fixture#Load00148_LCIProcess,0,kWh,http://w3id.org/protys/fixture#GridFactor,ELECTRICITY_CONSUMED_IN_PRODUCTION_ONLY,SIMULATED_PRODUCTION_CASE
http://w3id.org/protys/fixture#Load00148_Op2,http://w3id.org/protys/fixture#Load00148,http://w3id.org/protys/fixture#Load00148_Process,http://w3id.org/protys/fixture#Load00148_LCIProcess,10,kWh,http://w3id.org/protys/fixture#GridFactor,ELECTRICITY_CONSUMED_IN_PRODUCTION_ONLY,SIMULATED_PRODUCTION_CASE
http://w3id.org/protys/fixture#Load00148_Op3,http://w3id.org/protys/fixture#Load00148,http://w3id.org/protys/fixture#Load00148_Process,http://w3id.org/protys/fixture#Load00148_LCIProcess,75,kWh,http://w3id.org/protys/fixture#GridFactor,ELECTRICITY_CONSUMED_IN_PRODUCTION_ONLY,SIMULATED_PRODUCTION_CASE
http://w3id.org/protys/fixture#Load00148_Op4,http://w3id.org/protys/fixture#Load00148,http://w3id.org/protys/fixture#Load00148_Process,http://w3id.org/protys/fixture#Load00148_LCIProcess,26.666667,kWh,http://w3id.org/protys/fixture#GridFactor,ELECTRICITY_CONSUMED_IN_PRODUCTION_ONLY,SIMULATED_PRODUCTION_CASE
http://w3id.org/protys/fixture#Load00148_Op5,http://w3id.org/protys/fixture#Load00148,http://w3id.org/protys/fixture#Load00148_Process,http://w3id.org/protys/fixture#Load00148_LCIProcess,3.333333,kWh,http://w3id.org/protys/fixture#GridFactor,ELECTRICITY_CONSUMED_IN_PRODUCTION_ONLY,SIMULATED_PRODUCTION_CASE
http://w3id.org/protys/fixture#Load00148_Op6,http://w3id.org/protys/fixture#Load00148,http://w3id.org/protys/fixture#Load00148_Process,http://w3id.org/protys/fixture#Load00148_LCIProcess,0,kWh,http://w3id.org/protys/fixture#GridFactor,ELECTRICITY_CONSUMED_IN_PRODUCTION_ONLY,SIMULATED_PRODUCTION_CASE
http://w3id.org/protys/fixture#Load00148_Op7,http://w3id.org/protys/fixture#Load00148,http://w3id.org/protys/fixture#Load00148_Process,http://w3id.org/protys/fixture#Load00148_LCIProcess,0.333333,kWh,http://w3id.org/protys/fixture#GridFactor,ELECTRICITY_CONSUMED_IN_PRODUCTION_ONLY,SIMULATED_PRODUCTION_CASE
http://w3id.org/protys/fixture#Load00149_Op1,http://w3id.org/protys/fixture#Load00149,http://w3id.org/protys/fixture#Load00149_Process,http://w3id.org/protys/fixture#Load00149_LCIProcess,0,kWh,http://w3id.org/protys/fixture#GridFactor,ELECTRICITY_CONSUMED_IN_PRODUCTION_ONLY,SIMULATED_PRODUCTION_CASE
http://w3id.org/protys/fixture#Load00149_Op2,http://w3id.org/protys/fixture#Load00149,http://w3id.org/protys/fixture#Load00149_Process,http://w3id.org/protys/fixture#Load00149_LCIProcess,10,kWh,http://w3id.org/protys/fixture#GridFactor,ELECTRICITY_CONSUMED_IN_PRODUCTION_ONLY,SIMULATED_PRODUCTION_CASE
http://w3id.org/protys/fixture#Load00149_Op3,http://w3id.org/protys/fixture#Load00149,http://w3id.org/protys/fixture#Load00149_Process,http://w3id.org/protys/fixture#Load00149_LCIProcess,75,kWh,http://w3id.org/protys/fixture#GridFactor,ELECTRICITY_CONSUMED_IN_PRODUCTION_ONLY,SIMULATED_PRODUCTION_CASE
http://w3id.org/protys/fixture#Load00149_Op4,http://w3id.org/protys/fixture#Load00149,http://w3id.org/protys/fixture#Load00149_Process,http://w3id.org/protys/fixture#Load00149_LCIProcess,26.666667,kWh,http://w3id.org/protys/fixture#GridFactor,ELECTRICITY_CONSUMED_IN_PRODUCTION_ONLY,SIMULATED_PRODUCTION_CASE
http://w3id.org/protys/fixture#Load00149_Op5,http://w3id.org/protys/fixture#Load00149,http://w3id.org/protys/fixture#Load00149_Process,http://w3id.org/protys/fixture#Load00149_LCIProcess,3.333333,kWh,http://w3id.org/protys/fixture#GridFactor,ELECTRICITY_CONSUMED_IN_PRODUCTION_ONLY,SIMULATED_PRODUCTION_CASE
http://w3id.org/protys/fixture#Load00149_Op6,http://w3id.org/protys/fixture#Load00149,http://w3id.org/protys/fixture#Load00149_Process,http://w3id.org/protys/fixture#Load00149_LCIProcess,0,kWh,http://w3id.org/protys/fixture#GridFactor,ELECTRICITY_CONSUMED_IN_PRODUCTION_ONLY,SIMULATED_PRODUCTION_CASE
http://w3id.org/protys/fixture#Load00149_Op7,http://w3id.org/protys/fixture#Load00149,http://w3id.org/protys/fixture#Load00149_Process,http://w3id.org/protys/fixture#Load00149_LCIProcess,0.333333,kWh,http://w3id.org/protys/fixture#GridFactor,ELECTRICITY_CONSUMED_IN_PRODUCTION_ONLY,SIMULATED_PRODUCTION_CASE
http://w3id.org/protys/fixture#Load00150_Op1,http://w3id.org/protys/fixture#Load00150,http://w3id.org/protys/fixture#Load00150_Process,http://w3id.org/protys/fixture#Load00150_LCIProcess,0,kWh,http://w3id.org/protys/fixture#GridFactor,ELECTRICITY_CONSUMED_IN_PRODUCTION_ONLY,SIMULATED_PRODUCTION_CASE
http://w3id.org/protys/fixture#Load00150_Op2,http://w3id.org/protys/fixture#Load00150,http://w3id.org/protys/fixture#Load00150_Process,http://w3id.org/protys/fixture#Load00150_LCIProcess,10,kWh,http://w3id.org/protys/fixture#GridFactor,ELECTRICITY_CONSUMED_IN_PRODUCTION_ONLY,SIMULATED_PRODUCTION_CASE
http://w3id.org/protys/fixture#Load00150_Op3,http://w3id.org/protys/fixture#Load00150,http://w3id.org/protys/fixture#Load00150_Process,http://w3id.org/protys/fixture#Load00150_LCIProcess,75,kWh,http://w3id.org/protys/fixture#GridFactor,ELECTRICITY_CONSUMED_IN_PRODUCTION_ONLY,SIMULATED_PRODUCTION_CASE
http://w3id.org/protys/fixture#Load00150_Op4,http://w3id.org/protys/fixture#Load00150,http://w3id.org/protys/fixture#Load00150_Process,http://w3id.org/protys/fixture#Load00150_LCIProcess,26.666667,kWh,http://w3id.org/protys/fixture#GridFactor,ELECTRICITY_CONSUMED_IN_PRODUCTION_ONLY,SIMULATED_PRODUCTION_CASE
http://w3id.org/protys/fixture#Load00150_Op5,http://w3id.org/protys/fixture#Load00150,http://w3id.org/protys/fixture#Load00150_Process,http://w3id.org/protys/fixture#Load00150_LCIProcess,3.333333,kWh,http://w3id.org/protys/fixture#GridFactor,ELECTRICITY_CONSUMED_IN_PRODUCTION_ONLY,SIMULATED_PRODUCTION_CASE
http://w3id.org/protys/fixture#Load00150_Op6,http://w3id.org/protys/fixture#Load00150,http://w3id.org/protys/fixture#Load00150_Process,http://w3id.org/protys/fixture#Load00150_LCIProcess,0,kWh,http://w3id.org/protys/fixture#GridFactor,ELECTRICITY_CONSUMED_IN_PRODUCTION_ONLY,SIMULATED_PRODUCTION_CASE
http://w3id.org/protys/fixture#Load00150_Op7,http://w3id.org/protys/fixture#Load00150,http://w3id.org/protys/fixture#Load00150_Process,http://w3id.org/protys/fixture#Load00150_LCIProcess,0.333333,kWh,http://w3id.org/protys/fixture#GridFactor,ELECTRICITY_CONSUMED_IN_PRODUCTION_ONLY,SIMULATED_PRODUCTION_CASE
http://w3id.org/protys/fixture#Load00151_Op1,http://w3id.org/protys/fixture#Load00151,http://w3id.org/protys/fixture#Load00151_Process,http://w3id.org/protys/fixture#Load00151_LCIProcess,0,kWh,http://w3id.org/protys/fixture#GridFactor,ELECTRICITY_CONSUMED_IN_PRODUCTION_ONLY,SIMULATED_PRODUCTION_CASE
http://w3id.org/protys/fixture#Load00151_Op2,http://w3id.org/protys/fixture#Load00151,http://w3id.org/protys/fixture#Load00151_Process,http://w3id.org/protys/fixture#Load00151_LCIProcess,10,kWh,http://w3id.org/protys/fixture#GridFactor,ELECTRICITY_CONSUMED_IN_PRODUCTION_ONLY,SIMULATED_PRODUCTION_CASE
http://w3id.org/protys/fixture#Load00151_Op3,http://w3id.org/protys/fixture#Load00151,http://w3id.org/protys/fixture#Load00151_Process,http://w3id.org/protys/fixture#Load00151_LCIProcess,75,kWh,http://w3id.org/protys/fixture#GridFactor,ELECTRICITY_CONSUMED_IN_PRODUCTION_ONLY,SIMULATED_PRODUCTION_CASE
http://w3id.org/protys/fixture#Load00151_Op4,http://w3id.org/protys/fixture#Load00151,http://w3id.org/protys/fixture#Load00151_Process,http://w3id.org/protys/fixture#Load00151_LCIProcess,26.666667,kWh,http://w3id.org/protys/fixture#GridFactor,ELECTRICITY_CONSUMED_IN_PRODUCTION_ONLY,SIMULATED_PRODUCTION_CASE
http://w3id.org/protys/fixture#Load00151_Op5,http://w3id.org/protys/fixture#Load00151,http://w3id.org/protys/fixture#Load00151_Process,http://w3id.org/protys/fixture#Load00151_LCIProcess,3.333333,kWh,http://w3id.org/protys/fixture#GridFactor,ELECTRICITY_CONSUMED_IN_PRODUCTION_ONLY,SIMULATED_PRODUCTION_CASE
http://w3id.org/protys/fixture#Load00151_Op6,http://w3id.org/protys/fixture#Load00151,http://w3id.org/protys/fixture#Load00151_Process,http://w3id.org/protys/fixture#Load00151_LCIProcess,0,kWh,http://w3id.org/protys/fixture#GridFactor,ELECTRICITY_CONSUMED_IN_PRODUCTION_ONLY,SIMULATED_PRODUCTION_CASE
http://w3id.org/protys/fixture#Load00151_Op7,http://w3id.org/protys/fixture#Load00151,http://w3id.org/protys/fixture#Load00151_Process,http://w3id.org/protys/fixture#Load00151_LCIProcess,0.333333,kWh,http://w3id.org/protys/fixture#GridFactor,ELECTRICITY_CONSUMED_IN_PRODUCTION_ONLY,SIMULATED_PRODUCTION_CASE
http://w3id.org/protys/fixture#Load00152_Op1,http://w3id.org/protys/fixture#Load00152,http://w3id.org/protys/fixture#Load00152_Process,http://w3id.org/protys/fixture#Load00152_LCIProcess,0,kWh,http://w3id.org/protys/fixture#GridFactor,ELECTRICITY_CONSUMED_IN_PRODUCTION_ONLY,SIMULATED_PRODUCTION_CASE
http://w3id.org/protys/fixture#Load00152_Op2,http://w3id.org/protys/fixture#Load00152,http://w3id.org/protys/fixture#Load00152_Process,http://w3id.org/protys/fixture#Load00152_LCIProcess,10,kWh,http://w3id.org/protys/fixture#GridFactor,ELECTRICITY_CONSUMED_IN_PRODUCTION_ONLY,SIMULATED_PRODUCTION_CASE
http://w3id.org/protys/fixture#Load00152_Op3,http://w3id.org/protys/fixture#Load00152,http://w3id.org/protys/fixture#Load00152_Process,http://w3id.org/protys/fixture#Load00152_LCIProcess,75,kWh,http://w3id.org/protys/fixture#GridFactor,ELECTRICITY_CONSUMED_IN_PRODUCTION_ONLY,SIMULATED_PRODUCTION_CASE
http://w3id.org/protys/fixture#Load00152_Op4,http://w3id.org/protys/fixture#Load00152,http://w3id.org/protys/fixture#Load00152_Process,http://w3id.org/protys/fixture#Load00152_LCIProcess,26.666667,kWh,http://w3id.org/protys/fixture#GridFactor,ELECTRICITY_CONSUMED_IN_PRODUCTION_ONLY,SIMULATED_PRODUCTION_CASE
http://w3id.org/protys/fixture#Load00152_Op5,http://w3id.org/protys/fixture#Load00152,http://w3id.org/protys/fixture#Load00152_Process,http://w3id.org/protys/fixture#Load00152_LCIProcess,3.333333,kWh,http://w3id.org/protys/fixture#GridFactor,ELECTRICITY_CONSUMED_IN_PRODUCTION_ONLY,SIMULATED_PRODUCTION_CASE
http://w3id.org/protys/fixture#Load00152_Op6,http://w3id.org/protys/fixture#Load00152,http://w3id.org/protys/fixture#Load00152_Process,http://w3id.org/protys/fixture#Load00152_LCIProcess,0,kWh,http://w3id.org/protys/fixture#GridFactor,ELECTRICITY_CONSUMED_IN_PRODUCTION_ONLY,SIMULATED_PRODUCTION_CASE
http://w3id.org/protys/fixture#Load00152_Op7,http://w3id.org/protys/fixture#Load00152,http://w3id.org/protys/fixture#Load00152_Process,http://w3id.org/protys/fixture#Load00152_LCIProcess,0.333333,kWh,http://w3id.org/protys/fixture#GridFactor,ELECTRICITY_CONSUMED_IN_PRODUCTION_ONLY,SIMULATED_PRODUCTION_CASE
http://w3id.org/protys/fixture#Load00153_Op1,http://w3id.org/protys/fixture#Load00153,http://w3id.org/protys/fixture#Load00153_Process,http://w3id.org/protys/fixture#Load00153_LCIProcess,0,kWh,http://w3id.org/protys/fixture#GridFactor,ELECTRICITY_CONSUMED_IN_PRODUCTION_ONLY,SIMULATED_PRODUCTION_CASE
http://w3id.org/protys/fixture#Load00153_Op2,http://w3id.org/protys/fixture#Load00153,http://w3id.org/protys/fixture#Load00153_Process,http://w3id.org/protys/fixture#Load00153_LCIProcess,10,kWh,http://w3id.org/protys/fixture#GridFactor,ELECTRICITY_CONSUMED_IN_PRODUCTION_ONLY,SIMULATED_PRODUCTION_CASE
http://w3id.org/protys/fixture#Load00153_Op3,http://w3id.org/protys/fixture#Load00153,http://w3id.org/protys/fixture#Load00153_Process,http://w3id.org/protys/fixture#Load00153_LCIProcess,75,kWh,http://w3id.org/protys/fixture#GridFactor,ELECTRICITY_CONSUMED_IN_PRODUCTION_ONLY,SIMULATED_PRODUCTION_CASE
http://w3id.org/protys/fixture#Load00153_Op4,http://w3id.org/protys/fixture#Load00153,http://w3id.org/protys/fixture#Load00153_Process,http://w3id.org/protys/fixture#Load00153_LCIProcess,26.666667,kWh,http://w3id.org/protys/fixture#GridFactor,ELECTRICITY_CONSUMED_IN_PRODUCTION_ONLY,SIMULATED_PRODUCTION_CASE
http://w3id.org/protys/fixture#Load00153_Op5,http://w3id.org/protys/fixture#Load00153,http://w3id.org/protys/fixture#Load00153_Process,http://w3id.org/protys/fixture#Load00153_LCIProcess,3.333333,kWh,http://w3id.org/protys/fixture#GridFactor,ELECTRICITY_CONSUMED_IN_PRODUCTION_ONLY,SIMULATED_PRODUCTION_CASE
http://w3id.org/protys/fixture#Load00153_Op6,http://w3id.org/protys/fixture#Load00153,http://w3id.org/protys/fixture#Load00153_Process,http://w3id.org/protys/fixture#Load00153_LCIProcess,0,kWh,http://w3id.org/protys/fixture#GridFactor,ELECTRICITY_CONSUMED_IN_PRODUCTION_ONLY,SIMULATED_PRODUCTION_CASE
http://w3id.org/protys/fixture#Load00153_Op7,http://w3id.org/protys/fixture#Load00153,http://w3id.org/protys/fixture#Load00153_Process,http://w3id.org/protys/fixture#Load00153_LCIProcess,0.333333,kWh,http://w3id.org/protys/fixture#GridFactor,ELECTRICITY_CONSUMED_IN_PRODUCTION_ONLY,SIMULATED_PRODUCTION_CASE
http://w3id.org/protys/fixture#Load00154_Op1,http://w3id.org/protys/fixture#Load00154,http://w3id.org/protys/fixture#Load00154_Process,http://w3id.org/protys/fixture#Load00154_LCIProcess,0,kWh,http://w3id.org/protys/fixture#GridFactor,ELECTRICITY_CONSUMED_IN_PRODUCTION_ONLY,SIMULATED_PRODUCTION_CASE
http://w3id.org/protys/fixture#Load00154_Op2,http://w3id.org/protys/fixture#Load00154,http://w3id.org/protys/fixture#Load00154_Process,http://w3id.org/protys/fixture#Load00154_LCIProcess,10,kWh,http://w3id.org/protys/fixture#GridFactor,ELECTRICITY_CONSUMED_IN_PRODUCTION_ONLY,SIMULATED_PRODUCTION_CASE
http://w3id.org/protys/fixture#Load00154_Op3,http://w3id.org/protys/fixture#Load00154,http://w3id.org/protys/fixture#Load00154_Process,http://w3id.org/protys/fixture#Load00154_LCIProcess,75,kWh,http://w3id.org/protys/fixture#GridFactor,ELECTRICITY_CONSUMED_IN_PRODUCTION_ONLY,SIMULATED_PRODUCTION_CASE
http://w3id.org/protys/fixture#Load00154_Op4,http://w3id.org/protys/fixture#Load00154,http://w3id.org/protys/fixture#Load00154_Process,http://w3id.org/protys/fixture#Load00154_LCIProcess,26.666667,kWh,http://w3id.org/protys/fixture#GridFactor,ELECTRICITY_CONSUMED_IN_PRODUCTION_ONLY,SIMULATED_PRODUCTION_CASE
http://w3id.org/protys/fixture#Load00154_Op5,http://w3id.org/protys/fixture#Load00154,http://w3id.org/protys/fixture#Load00154_Process,http://w3id.org/protys/fixture#Load00154_LCIProcess,3.333333,kWh,http://w3id.org/protys/fixture#GridFactor,ELECTRICITY_CONSUMED_IN_PRODUCTION_ONLY,SIMULATED_PRODUCTION_CASE
http://w3id.org/protys/fixture#Load00154_Op6,http://w3id.org/protys/fixture#Load00154,http://w3id.org/protys/fixture#Load00154_Process,http://w3id.org/protys/fixture#Load00154_LCIProcess,0,kWh,http://w3id.org/protys/fixture#GridFactor,ELECTRICITY_CONSUMED_IN_PRODUCTION_ONLY,SIMULATED_PRODUCTION_CASE
http://w3id.org/protys/fixture#Load00154_Op7,http://w3id.org/protys/fixture#Load00154,http://w3id.org/protys/fixture#Load00154_Process,http://w3id.org/protys/fixture#Load00154_LCIProcess,0.333333,kWh,http://w3id.org/protys/fixture#GridFactor,ELECTRICITY_CONSUMED_IN_PRODUCTION_ONLY,SIMULATED_PRODUCTION_CASE
http://w3id.org/protys/fixture#Load00155_Op1,http://w3id.org/protys/fixture#Load00155,http://w3id.org/protys/fixture#Load00155_Process,http://w3id.org/protys/fixture#Load00155_LCIProcess,0,kWh,http://w3id.org/protys/fixture#GridFactor,ELECTRICITY_CONSUMED_IN_PRODUCTION_ONLY,SIMULATED_PRODUCTION_CASE
http://w3id.org/protys/fixture#Load00155_Op2,http://w3id.org/protys/fixture#Load00155,http://w3id.org/protys/fixture#Load00155_Process,http://w3id.org/protys/fixture#Load00155_LCIProcess,10,kWh,http://w3id.org/protys/fixture#GridFactor,ELECTRICITY_CONSUMED_IN_PRODUCTION_ONLY,SIMULATED_PRODUCTION_CASE
http://w3id.org/protys/fixture#Load00155_Op3,http://w3id.org/protys/fixture#Load00155,http://w3id.org/protys/fixture#Load00155_Process,http://w3id.org/protys/fixture#Load00155_LCIProcess,75,kWh,http://w3id.org/protys/fixture#GridFactor,ELECTRICITY_CONSUMED_IN_PRODUCTION_ONLY,SIMULATED_PRODUCTION_CASE
http://w3id.org/protys/fixture#Load00155_Op4,http://w3id.org/protys/fixture#Load00155,http://w3id.org/protys/fixture#Load00155_Process,http://w3id.org/protys/fixture#Load00155_LCIProcess,26.666667,kWh,http://w3id.org/protys/fixture#GridFactor,ELECTRICITY_CONSUMED_IN_PRODUCTION_ONLY,SIMULATED_PRODUCTION_CASE
http://w3id.org/protys/fixture#Load00155_Op5,http://w3id.org/protys/fixture#Load00155,http://w3id.org/protys/fixture#Load00155_Process,http://w3id.org/protys/fixture#Load00155_LCIProcess,3.333333,kWh,http://w3id.org/protys/fixture#GridFactor,ELECTRICITY_CONSUMED_IN_PRODUCTION_ONLY,SIMULATED_PRODUCTION_CASE
http://w3id.org/protys/fixture#Load00155_Op6,http://w3id.org/protys/fixture#Load00155,http://w3id.org/protys/fixture#Load00155_Process,http://w3id.org/protys/fixture#Load00155_LCIProcess,0,kWh,http://w3id.org/protys/fixture#GridFactor,ELECTRICITY_CONSUMED_IN_PRODUCTION_ONLY,SIMULATED_PRODUCTION_CASE
http://w3id.org/protys/fixture#Load00155_Op7,http://w3id.org/protys/fixture#Load00155,http://w3id.org/protys/fixture#Load00155_Process,http://w3id.org/protys/fixture#Load00155_LCIProcess,0.333333,kWh,http://w3id.org/protys/fixture#GridFactor,ELECTRICITY_CONSUMED_IN_PRODUCTION_ONLY,SIMULATED_PRODUCTION_CASE
http://w3id.org/protys/fixture#Load00156_Op1,http://w3id.org/protys/fixture#Load00156,http://w3id.org/protys/fixture#Load00156_Process,http://w3id.org/protys/fixture#Load00156_LCIProcess,0,kWh,http://w3id.org/protys/fixture#GridFactor,ELECTRICITY_CONSUMED_IN_PRODUCTION_ONLY,SIMULATED_PRODUCTION_CASE
http://w3id.org/protys/fixture#Load00156_Op2,http://w3id.org/protys/fixture#Load00156,http://w3id.org/protys/fixture#Load00156_Process,http://w3id.org/protys/fixture#Load00156_LCIProcess,10,kWh,http://w3id.org/protys/fixture#GridFactor,ELECTRICITY_CONSUMED_IN_PRODUCTION_ONLY,SIMULATED_PRODUCTION_CASE
http://w3id.org/protys/fixture#Load00156_Op3,http://w3id.org/protys/fixture#Load00156,http://w3id.org/protys/fixture#Load00156_Process,http://w3id.org/protys/fixture#Load00156_LCIProcess,75,kWh,http://w3id.org/protys/fixture#GridFactor,ELECTRICITY_CONSUMED_IN_PRODUCTION_ONLY,SIMULATED_PRODUCTION_CASE
http://w3id.org/protys/fixture#Load00156_Op4,http://w3id.org/protys/fixture#Load00156,http://w3id.org/protys/fixture#Load00156_Process,http://w3id.org/protys/fixture#Load00156_LCIProcess,26.666667,kWh,http://w3id.org/protys/fixture#GridFactor,ELECTRICITY_CONSUMED_IN_PRODUCTION_ONLY,SIMULATED_PRODUCTION_CASE
http://w3id.org/protys/fixture#Load00156_Op5,http://w3id.org/protys/fixture#Load00156,http://w3id.org/protys/fixture#Load00156_Process,http://w3id.org/protys/fixture#Load00156_LCIProcess,3.333333,kWh,http://w3id.org/protys/fixture#GridFactor,ELECTRICITY_CONSUMED_IN_PRODUCTION_ONLY,SIMULATED_PRODUCTION_CASE
http://w3id.org/protys/fixture#Load00156_Op6,http://w3id.org/protys/fixture#Load00156,http://w3id.org/protys/fixture#Load00156_Process,http://w3id.org/protys/fixture#Load00156_LCIProcess,0,kWh,http://w3id.org/protys/fixture#GridFactor,ELECTRICITY_CONSUMED_IN_PRODUCTION_ONLY,SIMULATED_PRODUCTION_CASE
http://w3id.org/protys/fixture#Load00156_Op7,http://w3id.org/protys/fixture#Load00156,http://w3id.org/protys/fixture#Load00156_Process,http://w3id.org/protys/fixture#Load00156_LCIProcess,0.333333,kWh,http://w3id.org/protys/fixture#GridFactor,ELECTRICITY_CONSUMED_IN_PRODUCTION_ONLY,SIMULATED_PRODUCTION_CASE
http://w3id.org/protys/fixture#Load00157_Op1,http://w3id.org/protys/fixture#Load00157,http://w3id.org/protys/fixture#Load00157_Process,http://w3id.org/protys/fixture#Load00157_LCIProcess,0,kWh,http://w3id.org/protys/fixture#GridFactor,ELECTRICITY_CONSUMED_IN_PRODUCTION_ONLY,SIMULATED_PRODUCTION_CASE
http://w3id.org/protys/fixture#Load00157_Op2,http://w3id.org/protys/fixture#Load00157,http://w3id.org/protys/fixture#Load00157_Process,http://w3id.org/protys/fixture#Load00157_LCIProcess,10,kWh,http://w3id.org/protys/fixture#GridFactor,ELECTRICITY_CONSUMED_IN_PRODUCTION_ONLY,SIMULATED_PRODUCTION_CASE
http://w3id.org/protys/fixture#Load00157_Op3,http://w3id.org/protys/fixture#Load00157,http://w3id.org/protys/fixture#Load00157_Process,http://w3id.org/protys/fixture#Load00157_LCIProcess,75,kWh,http://w3id.org/protys/fixture#GridFactor,ELECTRICITY_CONSUMED_IN_PRODUCTION_ONLY,SIMULATED_PRODUCTION_CASE
http://w3id.org/protys/fixture#Load00157_Op4,http://w3id.org/protys/fixture#Load00157,http://w3id.org/protys/fixture#Load00157_Process,http://w3id.org/protys/fixture#Load00157_LCIProcess,26.666667,kWh,http://w3id.org/protys/fixture#GridFactor,ELECTRICITY_CONSUMED_IN_PRODUCTION_ONLY,SIMULATED_PRODUCTION_CASE
http://w3id.org/protys/fixture#Load00157_Op5,http://w3id.org/protys/fixture#Load00157,http://w3id.org/protys/fixture#Load00157_Process,http://w3id.org/protys/fixture#Load00157_LCIProcess,3.333333,kWh,http://w3id.org/protys/fixture#GridFactor,ELECTRICITY_CONSUMED_IN_PRODUCTION_ONLY,SIMULATED_PRODUCTION_CASE
http://w3id.org/protys/fixture#Load00157_Op6,http://w3id.org/protys/fixture#Load00157,http://w3id.org/protys/fixture#Load00157_Process,http://w3id.org/protys/fixture#Load00157_LCIProcess,0,kWh,http://w3id.org/protys/fixture#GridFactor,ELECTRICITY_CONSUMED_IN_PRODUCTION_ONLY,SIMULATED_PRODUCTION_CASE
http://w3id.org/protys/fixture#Load00157_Op7,http://w3id.org/protys/fixture#Load00157,http://w3id.org/protys/fixture#Load00157_Process,http://w3id.org/protys/fixture#Load00157_LCIProcess,0.333333,kWh,http://w3id.org/protys/fixture#GridFactor,ELECTRICITY_CONSUMED_IN_PRODUCTION_ONLY,SIMULATED_PRODUCTION_CASE
http://w3id.org/protys/fixture#Load00158_Op1,http://w3id.org/protys/fixture#Load00158,http://w3id.org/protys/fixture#Load00158_Process,http://w3id.org/protys/fixture#Load00158_LCIProcess,0,kWh,http://w3id.org/protys/fixture#GridFactor,ELECTRICITY_CONSUMED_IN_PRODUCTION_ONLY,SIMULATED_PRODUCTION_CASE
http://w3id.org/protys/fixture#Load00158_Op2,http://w3id.org/protys/fixture#Load00158,http://w3id.org/protys/fixture#Load00158_Process,http://w3id.org/protys/fixture#Load00158_LCIProcess,10,kWh,http://w3id.org/protys/fixture#GridFactor,ELECTRICITY_CONSUMED_IN_PRODUCTION_ONLY,SIMULATED_PRODUCTION_CASE
http://w3id.org/protys/fixture#Load00158_Op3,http://w3id.org/protys/fixture#Load00158,http://w3id.org/protys/fixture#Load00158_Process,http://w3id.org/protys/fixture#Load00158_LCIProcess,75,kWh,http://w3id.org/protys/fixture#GridFactor,ELECTRICITY_CONSUMED_IN_PRODUCTION_ONLY,SIMULATED_PRODUCTION_CASE
http://w3id.org/protys/fixture#Load00158_Op4,http://w3id.org/protys/fixture#Load00158,http://w3id.org/protys/fixture#Load00158_Process,http://w3id.org/protys/fixture#Load00158_LCIProcess,26.666667,kWh,http://w3id.org/protys/fixture#GridFactor,ELECTRICITY_CONSUMED_IN_PRODUCTION_ONLY,SIMULATED_PRODUCTION_CASE
http://w3id.org/protys/fixture#Load00158_Op5,http://w3id.org/protys/fixture#Load00158,http://w3id.org/protys/fixture#Load00158_Process,http://w3id.org/protys/fixture#Load00158_LCIProcess,3.333333,kWh,http://w3id.org/protys/fixture#GridFactor,ELECTRICITY_CONSUMED_IN_PRODUCTION_ONLY,SIMULATED_PRODUCTION_CASE
http://w3id.org/protys/fixture#Load00158_Op6,http://w3id.org/protys/fixture#Load00158,http://w3id.org/protys/fixture#Load00158_Process,http://w3id.org/protys/fixture#Load00158_LCIProcess,0,kWh,http://w3id.org/protys/fixture#GridFactor,ELECTRICITY_CONSUMED_IN_PRODUCTION_ONLY,SIMULATED_PRODUCTION_CASE
http://w3id.org/protys/fixture#Load00158_Op7,http://w3id.org/protys/fixture#Load00158,http://w3id.org/protys/fixture#Load00158_Process,http://w3id.org/protys/fixture#Load00158_LCIProcess,0.333333,kWh,http://w3id.org/protys/fixture#GridFactor,ELECTRICITY_CONSUMED_IN_PRODUCTION_ONLY,SIMULATED_PRODUCTION_CASE
http://w3id.org/protys/fixture#Load00159_Op1,http://w3id.org/protys/fixture#Load00159,http://w3id.org/protys/fixture#Load00159_Process,http://w3id.org/protys/fixture#Load00159_LCIProcess,0,kWh,http://w3id.org/protys/fixture#GridFactor,ELECTRICITY_CONSUMED_IN_PRODUCTION_ONLY,SIMULATED_PRODUCTION_CASE
http://w3id.org/protys/fixture#Load00159_Op2,http://w3id.org/protys/fixture#Load00159,http://w3id.org/protys/fixture#Load00159_Process,http://w3id.org/protys/fixture#Load00159_LCIProcess,10,kWh,http://w3id.org/protys/fixture#GridFactor,ELECTRICITY_CONSUMED_IN_PRODUCTION_ONLY,SIMULATED_PRODUCTION_CASE
http://w3id.org/protys/fixture#Load00159_Op3,http://w3id.org/protys/fixture#Load00159,http://w3id.org/protys/fixture#Load00159_Process,http://w3id.org/protys/fixture#Load00159_LCIProcess,75,kWh,http://w3id.org/protys/fixture#GridFactor,ELECTRICITY_CONSUMED_IN_PRODUCTION_ONLY,SIMULATED_PRODUCTION_CASE
http://w3id.org/protys/fixture#Load00159_Op4,http://w3id.org/protys/fixture#Load00159,http://w3id.org/protys/fixture#Load00159_Process,http://w3id.org/protys/fixture#Load00159_LCIProcess,26.666667,kWh,http://w3id.org/protys/fixture#GridFactor,ELECTRICITY_CONSUMED_IN_PRODUCTION_ONLY,SIMULATED_PRODUCTION_CASE
http://w3id.org/protys/fixture#Load00159_Op5,http://w3id.org/protys/fixture#Load00159,http://w3id.org/protys/fixture#Load00159_Process,http://w3id.org/protys/fixture#Load00159_LCIProcess,3.333333,kWh,http://w3id.org/protys/fixture#GridFactor,ELECTRICITY_CONSUMED_IN_PRODUCTION_ONLY,SIMULATED_PRODUCTION_CASE
http://w3id.org/protys/fixture#Load00159_Op6,http://w3id.org/protys/fixture#Load00159,http://w3id.org/protys/fixture#Load00159_Process,http://w3id.org/protys/fixture#Load00159_LCIProcess,0,kWh,http://w3id.org/protys/fixture#GridFactor,ELECTRICITY_CONSUMED_IN_PRODUCTION_ONLY,SIMULATED_PRODUCTION_CASE
http://w3id.org/protys/fixture#Load00159_Op7,http://w3id.org/protys/fixture#Load00159,http://w3id.org/protys/fixture#Load00159_Process,http://w3id.org/protys/fixture#Load00159_LCIProcess,0.333333,kWh,http://w3id.org/protys/fixture#GridFactor,ELECTRICITY_CONSUMED_IN_PRODUCTION_ONLY,SIMULATED_PRODUCTION_CASE
http://w3id.org/protys/fixture#Load00160_Op1,http://w3id.org/protys/fixture#Load00160,http://w3id.org/protys/fixture#Load00160_Process,http://w3id.org/protys/fixture#Load00160_LCIProcess,0,kWh,http://w3id.org/protys/fixture#GridFactor,ELECTRICITY_CONSUMED_IN_PRODUCTION_ONLY,SIMULATED_PRODUCTION_CASE
http://w3id.org/protys/fixture#Load00160_Op2,http://w3id.org/protys/fixture#Load00160,http://w3id.org/protys/fixture#Load00160_Process,http://w3id.org/protys/fixture#Load00160_LCIProcess,10,kWh,http://w3id.org/protys/fixture#GridFactor,ELECTRICITY_CONSUMED_IN_PRODUCTION_ONLY,SIMULATED_PRODUCTION_CASE
http://w3id.org/protys/fixture#Load00160_Op3,http://w3id.org/protys/fixture#Load00160,http://w3id.org/protys/fixture#Load00160_Process,http://w3id.org/protys/fixture#Load00160_LCIProcess,75,kWh,http://w3id.org/protys/fixture#GridFactor,ELECTRICITY_CONSUMED_IN_PRODUCTION_ONLY,SIMULATED_PRODUCTION_CASE
http://w3id.org/protys/fixture#Load00160_Op4,http://w3id.org/protys/fixture#Load00160,http://w3id.org/protys/fixture#Load00160_Process,http://w3id.org/protys/fixture#Load00160_LCIProcess,26.666667,kWh,http://w3id.org/protys/fixture#GridFactor,ELECTRICITY_CONSUMED_IN_PRODUCTION_ONLY,SIMULATED_PRODUCTION_CASE
http://w3id.org/protys/fixture#Load00160_Op5,http://w3id.org/protys/fixture#Load00160,http://w3id.org/protys/fixture#Load00160_Process,http://w3id.org/protys/fixture#Load00160_LCIProcess,3.333333,kWh,http://w3id.org/protys/fixture#GridFactor,ELECTRICITY_CONSUMED_IN_PRODUCTION_ONLY,SIMULATED_PRODUCTION_CASE
http://w3id.org/protys/fixture#Load00160_Op6,http://w3id.org/protys/fixture#Load00160,http://w3id.org/protys/fixture#Load00160_Process,http://w3id.org/protys/fixture#Load00160_LCIProcess,0,kWh,http://w3id.org/protys/fixture#GridFactor,ELECTRICITY_CONSUMED_IN_PRODUCTION_ONLY,SIMULATED_PRODUCTION_CASE
http://w3id.org/protys/fixture#Load00160_Op7,http://w3id.org/protys/fixture#Load00160,http://w3id.org/protys/fixture#Load00160_Process,http://w3id.org/protys/fixture#Load00160_LCIProcess,0.333333,kWh,http://w3id.org/protys/fixture#GridFactor,ELECTRICITY_CONSUMED_IN_PRODUCTION_ONLY,SIMULATED_PRODUCTION_CASE
http://w3id.org/protys/fixture#Load00161_Op1,http://w3id.org/protys/fixture#Load00161,http://w3id.org/protys/fixture#Load00161_Process,http://w3id.org/protys/fixture#Load00161_LCIProcess,0,kWh,http://w3id.org/protys/fixture#GridFactor,ELECTRICITY_CONSUMED_IN_PRODUCTION_ONLY,SIMULATED_PRODUCTION_CASE
http://w3id.org/protys/fixture#Load00161_Op2,http://w3id.org/protys/fixture#Load00161,http://w3id.org/protys/fixture#Load00161_Process,http://w3id.org/protys/fixture#Load00161_LCIProcess,10,kWh,http://w3id.org/protys/fixture#GridFactor,ELECTRICITY_CONSUMED_IN_PRODUCTION_ONLY,SIMULATED_PRODUCTION_CASE
http://w3id.org/protys/fixture#Load00161_Op3,http://w3id.org/protys/fixture#Load00161,http://w3id.org/protys/fixture#Load00161_Process,http://w3id.org/protys/fixture#Load00161_LCIProcess,75,kWh,http://w3id.org/protys/fixture#GridFactor,ELECTRICITY_CONSUMED_IN_PRODUCTION_ONLY,SIMULATED_PRODUCTION_CASE
http://w3id.org/protys/fixture#Load00161_Op4,http://w3id.org/protys/fixture#Load00161,http://w3id.org/protys/fixture#Load00161_Process,http://w3id.org/protys/fixture#Load00161_LCIProcess,26.666667,kWh,http://w3id.org/protys/fixture#GridFactor,ELECTRICITY_CONSUMED_IN_PRODUCTION_ONLY,SIMULATED_PRODUCTION_CASE
http://w3id.org/protys/fixture#Load00161_Op5,http://w3id.org/protys/fixture#Load00161,http://w3id.org/protys/fixture#Load00161_Process,http://w3id.org/protys/fixture#Load00161_LCIProcess,3.333333,kWh,http://w3id.org/protys/fixture#GridFactor,ELECTRICITY_CONSUMED_IN_PRODUCTION_ONLY,SIMULATED_PRODUCTION_CASE
http://w3id.org/protys/fixture#Load00161_Op6,http://w3id.org/protys/fixture#Load00161,http://w3id.org/protys/fixture#Load00161_Process,http://w3id.org/protys/fixture#Load00161_LCIProcess,0,kWh,http://w3id.org/protys/fixture#GridFactor,ELECTRICITY_CONSUMED_IN_PRODUCTION_ONLY,SIMULATED_PRODUCTION_CASE
http://w3id.org/protys/fixture#Load00161_Op7,http://w3id.org/protys/fixture#Load00161,http://w3id.org/protys/fixture#Load00161_Process,http://w3id.org/protys/fixture#Load00161_LCIProcess,0.333333,kWh,http://w3id.org/protys/fixture#GridFactor,ELECTRICITY_CONSUMED_IN_PRODUCTION_ONLY,SIMULATED_PRODUCTION_CASE
http://w3id.org/protys/fixture#Load00162_Op1,http://w3id.org/protys/fixture#Load00162,http://w3id.org/protys/fixture#Load00162_Process,http://w3id.org/protys/fixture#Load00162_LCIProcess,0,kWh,http://w3id.org/protys/fixture#GridFactor,ELECTRICITY_CONSUMED_IN_PRODUCTION_ONLY,SIMULATED_PRODUCTION_CASE
http://w3id.org/protys/fixture#Load00162_Op2,http://w3id.org/protys/fixture#Load00162,http://w3id.org/protys/fixture#Load00162_Process,http://w3id.org/protys/fixture#Load00162_LCIProcess,10,kWh,http://w3id.org/protys/fixture#GridFactor,ELECTRICITY_CONSUMED_IN_PRODUCTION_ONLY,SIMULATED_PRODUCTION_CASE
http://w3id.org/protys/fixture#Load00162_Op3,http://w3id.org/protys/fixture#Load00162,http://w3id.org/protys/fixture#Load00162_Process,http://w3id.org/protys/fixture#Load00162_LCIProcess,75,kWh,http://w3id.org/protys/fixture#GridFactor,ELECTRICITY_CONSUMED_IN_PRODUCTION_ONLY,SIMULATED_PRODUCTION_CASE
http://w3id.org/protys/fixture#Load00162_Op4,http://w3id.org/protys/fixture#Load00162,http://w3id.org/protys/fixture#Load00162_Process,http://w3id.org/protys/fixture#Load00162_LCIProcess,26.666667,kWh,http://w3id.org/protys/fixture#GridFactor,ELECTRICITY_CONSUMED_IN_PRODUCTION_ONLY,SIMULATED_PRODUCTION_CASE
http://w3id.org/protys/fixture#Load00162_Op5,http://w3id.org/protys/fixture#Load00162,http://w3id.org/protys/fixture#Load00162_Process,http://w3id.org/protys/fixture#Load00162_LCIProcess,3.333333,kWh,http://w3id.org/protys/fixture#GridFactor,ELECTRICITY_CONSUMED_IN_PRODUCTION_ONLY,SIMULATED_PRODUCTION_CASE
http://w3id.org/protys/fixture#Load00162_Op6,http://w3id.org/protys/fixture#Load00162,http://w3id.org/protys/fixture#Load00162_Process,http://w3id.org/protys/fixture#Load00162_LCIProcess,0,kWh,http://w3id.org/protys/fixture#GridFactor,ELECTRICITY_CONSUMED_IN_PRODUCTION_ONLY,SIMULATED_PRODUCTION_CASE
http://w3id.org/protys/fixture#Load00162_Op7,http://w3id.org/protys/fixture#Load00162,http://w3id.org/protys/fixture#Load00162_Process,http://w3id.org/protys/fixture#Load00162_LCIProcess,0.333333,kWh,http://w3id.org/protys/fixture#GridFactor,ELECTRICITY_CONSUMED_IN_PRODUCTION_ONLY,SIMULATED_PRODUCTION_CASE
http://w3id.org/protys/fixture#Load00163_Op1,http://w3id.org/protys/fixture#Load00163,http://w3id.org/protys/fixture#Load00163_Process,http://w3id.org/protys/fixture#Load00163_LCIProcess,0,kWh,http://w3id.org/protys/fixture#GridFactor,ELECTRICITY_CONSUMED_IN_PRODUCTION_ONLY,SIMULATED_PRODUCTION_CASE
http://w3id.org/protys/fixture#Load00163_Op2,http://w3id.org/protys/fixture#Load00163,http://w3id.org/protys/fixture#Load00163_Process,http://w3id.org/protys/fixture#Load00163_LCIProcess,10,kWh,http://w3id.org/protys/fixture#GridFactor,ELECTRICITY_CONSUMED_IN_PRODUCTION_ONLY,SIMULATED_PRODUCTION_CASE
http://w3id.org/protys/fixture#Load00163_Op3,http://w3id.org/protys/fixture#Load00163,http://w3id.org/protys/fixture#Load00163_Process,http://w3id.org/protys/fixture#Load00163_LCIProcess,75,kWh,http://w3id.org/protys/fixture#GridFactor,ELECTRICITY_CONSUMED_IN_PRODUCTION_ONLY,SIMULATED_PRODUCTION_CASE
http://w3id.org/protys/fixture#Load00163_Op4,http://w3id.org/protys/fixture#Load00163,http://w3id.org/protys/fixture#Load00163_Process,http://w3id.org/protys/fixture#Load00163_LCIProcess,26.666667,kWh,http://w3id.org/protys/fixture#GridFactor,ELECTRICITY_CONSUMED_IN_PRODUCTION_ONLY,SIMULATED_PRODUCTION_CASE
http://w3id.org/protys/fixture#Load00163_Op5,http://w3id.org/protys/fixture#Load00163,http://w3id.org/protys/fixture#Load00163_Process,http://w3id.org/protys/fixture#Load00163_LCIProcess,3.333333,kWh,http://w3id.org/protys/fixture#GridFactor,ELECTRICITY_CONSUMED_IN_PRODUCTION_ONLY,SIMULATED_PRODUCTION_CASE
http://w3id.org/protys/fixture#Load00163_Op6,http://w3id.org/protys/fixture#Load00163,http://w3id.org/protys/fixture#Load00163_Process,http://w3id.org/protys/fixture#Load00163_LCIProcess,0,kWh,http://w3id.org/protys/fixture#GridFactor,ELECTRICITY_CONSUMED_IN_PRODUCTION_ONLY,SIMULATED_PRODUCTION_CASE
http://w3id.org/protys/fixture#Load00163_Op7,http://w3id.org/protys/fixture#Load00163,http://w3id.org/protys/fixture#Load00163_Process,http://w3id.org/protys/fixture#Load00163_LCIProcess,0.333333,kWh,http://w3id.org/protys/fixture#GridFactor,ELECTRICITY_CONSUMED_IN_PRODUCTION_ONLY,SIMULATED_PRODUCTION_CASE
http://w3id.org/protys/fixture#Load00164_Op1,http://w3id.org/protys/fixture#Load00164,http://w3id.org/protys/fixture#Load00164_Process,http://w3id.org/protys/fixture#Load00164_LCIProcess,0,kWh,http://w3id.org/protys/fixture#GridFactor,ELECTRICITY_CONSUMED_IN_PRODUCTION_ONLY,SIMULATED_PRODUCTION_CASE
http://w3id.org/protys/fixture#Load00164_Op2,http://w3id.org/protys/fixture#Load00164,http://w3id.org/protys/fixture#Load00164_Process,http://w3id.org/protys/fixture#Load00164_LCIProcess,10,kWh,http://w3id.org/protys/fixture#GridFactor,ELECTRICITY_CONSUMED_IN_PRODUCTION_ONLY,SIMULATED_PRODUCTION_CASE
http://w3id.org/protys/fixture#Load00164_Op3,http://w3id.org/protys/fixture#Load00164,http://w3id.org/protys/fixture#Load00164_Process,http://w3id.org/protys/fixture#Load00164_LCIProcess,75,kWh,http://w3id.org/protys/fixture#GridFactor,ELECTRICITY_CONSUMED_IN_PRODUCTION_ONLY,SIMULATED_PRODUCTION_CASE
http://w3id.org/protys/fixture#Load00164_Op4,http://w3id.org/protys/fixture#Load00164,http://w3id.org/protys/fixture#Load00164_Process,http://w3id.org/protys/fixture#Load00164_LCIProcess,26.666667,kWh,http://w3id.org/protys/fixture#GridFactor,ELECTRICITY_CONSUMED_IN_PRODUCTION_ONLY,SIMULATED_PRODUCTION_CASE
http://w3id.org/protys/fixture#Load00164_Op5,http://w3id.org/protys/fixture#Load00164,http://w3id.org/protys/fixture#Load00164_Process,http://w3id.org/protys/fixture#Load00164_LCIProcess,3.333333,kWh,http://w3id.org/protys/fixture#GridFactor,ELECTRICITY_CONSUMED_IN_PRODUCTION_ONLY,SIMULATED_PRODUCTION_CASE
http://w3id.org/protys/fixture#Load00164_Op6,http://w3id.org/protys/fixture#Load00164,http://w3id.org/protys/fixture#Load00164_Process,http://w3id.org/protys/fixture#Load00164_LCIProcess,0,kWh,http://w3id.org/protys/fixture#GridFactor,ELECTRICITY_CONSUMED_IN_PRODUCTION_ONLY,SIMULATED_PRODUCTION_CASE
http://w3id.org/protys/fixture#Load00164_Op7,http://w3id.org/protys/fixture#Load00164,http://w3id.org/protys/fixture#Load00164_Process,http://w3id.org/protys/fixture#Load00164_LCIProcess,0.333333,kWh,http://w3id.org/protys/fixture#GridFactor,ELECTRICITY_CONSUMED_IN_PRODUCTION_ONLY,SIMULATED_PRODUCTION_CASE
http://w3id.org/protys/fixture#Load00165_Op1,http://w3id.org/protys/fixture#Load00165,http://w3id.org/protys/fixture#Load00165_Process,http://w3id.org/protys/fixture#Load00165_LCIProcess,0,kWh,http://w3id.org/protys/fixture#GridFactor,ELECTRICITY_CONSUMED_IN_PRODUCTION_ONLY,SIMULATED_PRODUCTION_CASE
http://w3id.org/protys/fixture#Load00165_Op2,http://w3id.org/protys/fixture#Load00165,http://w3id.org/protys/fixture#Load00165_Process,http://w3id.org/protys/fixture#Load00165_LCIProcess,10,kWh,http://w3id.org/protys/fixture#GridFactor,ELECTRICITY_CONSUMED_IN_PRODUCTION_ONLY,SIMULATED_PRODUCTION_CASE
http://w3id.org/protys/fixture#Load00165_Op3,http://w3id.org/protys/fixture#Load00165,http://w3id.org/protys/fixture#Load00165_Process,http://w3id.org/protys/fixture#Load00165_LCIProcess,75,kWh,http://w3id.org/protys/fixture#GridFactor,ELECTRICITY_CONSUMED_IN_PRODUCTION_ONLY,SIMULATED_PRODUCTION_CASE
http://w3id.org/protys/fixture#Load00165_Op4,http://w3id.org/protys/fixture#Load00165,http://w3id.org/protys/fixture#Load00165_Process,http://w3id.org/protys/fixture#Load00165_LCIProcess,26.666667,kWh,http://w3id.org/protys/fixture#GridFactor,ELECTRICITY_CONSUMED_IN_PRODUCTION_ONLY,SIMULATED_PRODUCTION_CASE
http://w3id.org/protys/fixture#Load00165_Op5,http://w3id.org/protys/fixture#Load00165,http://w3id.org/protys/fixture#Load00165_Process,http://w3id.org/protys/fixture#Load00165_LCIProcess,3.333333,kWh,http://w3id.org/protys/fixture#GridFactor,ELECTRICITY_CONSUMED_IN_PRODUCTION_ONLY,SIMULATED_PRODUCTION_CASE
http://w3id.org/protys/fixture#Load00165_Op6,http://w3id.org/protys/fixture#Load00165,http://w3id.org/protys/fixture#Load00165_Process,http://w3id.org/protys/fixture#Load00165_LCIProcess,0,kWh,http://w3id.org/protys/fixture#GridFactor,ELECTRICITY_CONSUMED_IN_PRODUCTION_ONLY,SIMULATED_PRODUCTION_CASE
http://w3id.org/protys/fixture#Load00165_Op7,http://w3id.org/protys/fixture#Load00165,http://w3id.org/protys/fixture#Load00165_Process,http://w3id.org/protys/fixture#Load00165_LCIProcess,0.333333,kWh,http://w3id.org/protys/fixture#GridFactor,ELECTRICITY_CONSUMED_IN_PRODUCTION_ONLY,SIMULATED_PRODUCTION_CASE
http://w3id.org/protys/fixture#Load00166_Op1,http://w3id.org/protys/fixture#Load00166,http://w3id.org/protys/fixture#Load00166_Process,http://w3id.org/protys/fixture#Load00166_LCIProcess,0,kWh,http://w3id.org/protys/fixture#GridFactor,ELECTRICITY_CONSUMED_IN_PRODUCTION_ONLY,SIMULATED_PRODUCTION_CASE
http://w3id.org/protys/fixture#Load00166_Op2,http://w3id.org/protys/fixture#Load00166,http://w3id.org/protys/fixture#Load00166_Process,http://w3id.org/protys/fixture#Load00166_LCIProcess,10,kWh,http://w3id.org/protys/fixture#GridFactor,ELECTRICITY_CONSUMED_IN_PRODUCTION_ONLY,SIMULATED_PRODUCTION_CASE
http://w3id.org/protys/fixture#Load00166_Op3,http://w3id.org/protys/fixture#Load00166,http://w3id.org/protys/fixture#Load00166_Process,http://w3id.org/protys/fixture#Load00166_LCIProcess,75,kWh,http://w3id.org/protys/fixture#GridFactor,ELECTRICITY_CONSUMED_IN_PRODUCTION_ONLY,SIMULATED_PRODUCTION_CASE
http://w3id.org/protys/fixture#Load00166_Op4,http://w3id.org/protys/fixture#Load00166,http://w3id.org/protys/fixture#Load00166_Process,http://w3id.org/protys/fixture#Load00166_LCIProcess,26.666667,kWh,http://w3id.org/protys/fixture#GridFactor,ELECTRICITY_CONSUMED_IN_PRODUCTION_ONLY,SIMULATED_PRODUCTION_CASE
http://w3id.org/protys/fixture#Load00166_Op5,http://w3id.org/protys/fixture#Load00166,http://w3id.org/protys/fixture#Load00166_Process,http://w3id.org/protys/fixture#Load00166_LCIProcess,3.333333,kWh,http://w3id.org/protys/fixture#GridFactor,ELECTRICITY_CONSUMED_IN_PRODUCTION_ONLY,SIMULATED_PRODUCTION_CASE
http://w3id.org/protys/fixture#Load00166_Op6,http://w3id.org/protys/fixture#Load00166,http://w3id.org/protys/fixture#Load00166_Process,http://w3id.org/protys/fixture#Load00166_LCIProcess,0,kWh,http://w3id.org/protys/fixture#GridFactor,ELECTRICITY_CONSUMED_IN_PRODUCTION_ONLY,SIMULATED_PRODUCTION_CASE
http://w3id.org/protys/fixture#Load00166_Op7,http://w3id.org/protys/fixture#Load00166,http://w3id.org/protys/fixture#Load00166_Process,http://w3id.org/protys/fixture#Load00166_LCIProcess,0.333333,kWh,http://w3id.org/protys/fixture#GridFactor,ELECTRICITY_CONSUMED_IN_PRODUCTION_ONLY,SIMULATED_PRODUCTION_CASE
http://w3id.org/protys/fixture#Load00167_Op1,http://w3id.org/protys/fixture#Load00167,http://w3id.org/protys/fixture#Load00167_Process,http://w3id.org/protys/fixture#Load00167_LCIProcess,0,kWh,http://w3id.org/protys/fixture#GridFactor,ELECTRICITY_CONSUMED_IN_PRODUCTION_ONLY,SIMULATED_PRODUCTION_CASE
http://w3id.org/protys/fixture#Load00167_Op2,http://w3id.org/protys/fixture#Load00167,http://w3id.org/protys/fixture#Load00167_Process,http://w3id.org/protys/fixture#Load00167_LCIProcess,10,kWh,http://w3id.org/protys/fixture#GridFactor,ELECTRICITY_CONSUMED_IN_PRODUCTION_ONLY,SIMULATED_PRODUCTION_CASE
http://w3id.org/protys/fixture#Load00167_Op3,http://w3id.org/protys/fixture#Load00167,http://w3id.org/protys/fixture#Load00167_Process,http://w3id.org/protys/fixture#Load00167_LCIProcess,75,kWh,http://w3id.org/protys/fixture#GridFactor,ELECTRICITY_CONSUMED_IN_PRODUCTION_ONLY,SIMULATED_PRODUCTION_CASE
http://w3id.org/protys/fixture#Load00167_Op4,http://w3id.org/protys/fixture#Load00167,http://w3id.org/protys/fixture#Load00167_Process,http://w3id.org/protys/fixture#Load00167_LCIProcess,26.666667,kWh,http://w3id.org/protys/fixture#GridFactor,ELECTRICITY_CONSUMED_IN_PRODUCTION_ONLY,SIMULATED_PRODUCTION_CASE
http://w3id.org/protys/fixture#Load00167_Op5,http://w3id.org/protys/fixture#Load00167,http://w3id.org/protys/fixture#Load00167_Process,http://w3id.org/protys/fixture#Load00167_LCIProcess,3.333333,kWh,http://w3id.org/protys/fixture#GridFactor,ELECTRICITY_CONSUMED_IN_PRODUCTION_ONLY,SIMULATED_PRODUCTION_CASE
http://w3id.org/protys/fixture#Load00167_Op6,http://w3id.org/protys/fixture#Load00167,http://w3id.org/protys/fixture#Load00167_Process,http://w3id.org/protys/fixture#Load00167_LCIProcess,0,kWh,http://w3id.org/protys/fixture#GridFactor,ELECTRICITY_CONSUMED_IN_PRODUCTION_ONLY,SIMULATED_PRODUCTION_CASE
http://w3id.org/protys/fixture#Load00167_Op7,http://w3id.org/protys/fixture#Load00167,http://w3id.org/protys/fixture#Load00167_Process,http://w3id.org/protys/fixture#Load00167_LCIProcess,0.333333,kWh,http://w3id.org/protys/fixture#GridFactor,ELECTRICITY_CONSUMED_IN_PRODUCTION_ONLY,SIMULATED_PRODUCTION_CASE
http://w3id.org/protys/fixture#Load00168_Op1,http://w3id.org/protys/fixture#Load00168,http://w3id.org/protys/fixture#Load00168_Process,http://w3id.org/protys/fixture#Load00168_LCIProcess,0,kWh,http://w3id.org/protys/fixture#GridFactor,ELECTRICITY_CONSUMED_IN_PRODUCTION_ONLY,SIMULATED_PRODUCTION_CASE
http://w3id.org/protys/fixture#Load00168_Op2,http://w3id.org/protys/fixture#Load00168,http://w3id.org/protys/fixture#Load00168_Process,http://w3id.org/protys/fixture#Load00168_LCIProcess,10,kWh,http://w3id.org/protys/fixture#GridFactor,ELECTRICITY_CONSUMED_IN_PRODUCTION_ONLY,SIMULATED_PRODUCTION_CASE
http://w3id.org/protys/fixture#Load00168_Op3,http://w3id.org/protys/fixture#Load00168,http://w3id.org/protys/fixture#Load00168_Process,http://w3id.org/protys/fixture#Load00168_LCIProcess,75,kWh,http://w3id.org/protys/fixture#GridFactor,ELECTRICITY_CONSUMED_IN_PRODUCTION_ONLY,SIMULATED_PRODUCTION_CASE
http://w3id.org/protys/fixture#Load00168_Op4,http://w3id.org/protys/fixture#Load00168,http://w3id.org/protys/fixture#Load00168_Process,http://w3id.org/protys/fixture#Load00168_LCIProcess,26.666667,kWh,http://w3id.org/protys/fixture#GridFactor,ELECTRICITY_CONSUMED_IN_PRODUCTION_ONLY,SIMULATED_PRODUCTION_CASE
http://w3id.org/protys/fixture#Load00168_Op5,http://w3id.org/protys/fixture#Load00168,http://w3id.org/protys/fixture#Load00168_Process,http://w3id.org/protys/fixture#Load00168_LCIProcess,3.333333,kWh,http://w3id.org/protys/fixture#GridFactor,ELECTRICITY_CONSUMED_IN_PRODUCTION_ONLY,SIMULATED_PRODUCTION_CASE
http://w3id.org/protys/fixture#Load00168_Op6,http://w3id.org/protys/fixture#Load00168,http://w3id.org/protys/fixture#Load00168_Process,http://w3id.org/protys/fixture#Load00168_LCIProcess,0,kWh,http://w3id.org/protys/fixture#GridFactor,ELECTRICITY_CONSUMED_IN_PRODUCTION_ONLY,SIMULATED_PRODUCTION_CASE
http://w3id.org/protys/fixture#Load00168_Op7,http://w3id.org/protys/fixture#Load00168,http://w3id.org/protys/fixture#Load00168_Process,http://w3id.org/protys/fixture#Load00168_LCIProcess,0.333333,kWh,http://w3id.org/protys/fixture#GridFactor,ELECTRICITY_CONSUMED_IN_PRODUCTION_ONLY,SIMULATED_PRODUCTION_CASE
http://w3id.org/protys/fixture#Load00169_Op1,http://w3id.org/protys/fixture#Load00169,http://w3id.org/protys/fixture#Load00169_Process,http://w3id.org/protys/fixture#Load00169_LCIProcess,0,kWh,http://w3id.org/protys/fixture#GridFactor,ELECTRICITY_CONSUMED_IN_PRODUCTION_ONLY,SIMULATED_PRODUCTION_CASE
http://w3id.org/protys/fixture#Load00169_Op2,http://w3id.org/protys/fixture#Load00169,http://w3id.org/protys/fixture#Load00169_Process,http://w3id.org/protys/fixture#Load00169_LCIProcess,10,kWh,http://w3id.org/protys/fixture#GridFactor,ELECTRICITY_CONSUMED_IN_PRODUCTION_ONLY,SIMULATED_PRODUCTION_CASE
http://w3id.org/protys/fixture#Load00169_Op3,http://w3id.org/protys/fixture#Load00169,http://w3id.org/protys/fixture#Load00169_Process,http://w3id.org/protys/fixture#Load00169_LCIProcess,75,kWh,http://w3id.org/protys/fixture#GridFactor,ELECTRICITY_CONSUMED_IN_PRODUCTION_ONLY,SIMULATED_PRODUCTION_CASE
http://w3id.org/protys/fixture#Load00169_Op4,http://w3id.org/protys/fixture#Load00169,http://w3id.org/protys/fixture#Load00169_Process,http://w3id.org/protys/fixture#Load00169_LCIProcess,26.666667,kWh,http://w3id.org/protys/fixture#GridFactor,ELECTRICITY_CONSUMED_IN_PRODUCTION_ONLY,SIMULATED_PRODUCTION_CASE
http://w3id.org/protys/fixture#Load00169_Op5,http://w3id.org/protys/fixture#Load00169,http://w3id.org/protys/fixture#Load00169_Process,http://w3id.org/protys/fixture#Load00169_LCIProcess,3.333333,kWh,http://w3id.org/protys/fixture#GridFactor,ELECTRICITY_CONSUMED_IN_PRODUCTION_ONLY,SIMULATED_PRODUCTION_CASE
http://w3id.org/protys/fixture#Load00169_Op6,http://w3id.org/protys/fixture#Load00169,http://w3id.org/protys/fixture#Load00169_Process,http://w3id.org/protys/fixture#Load00169_LCIProcess,0,kWh,http://w3id.org/protys/fixture#GridFactor,ELECTRICITY_CONSUMED_IN_PRODUCTION_ONLY,SIMULATED_PRODUCTION_CASE
http://w3id.org/protys/fixture#Load00169_Op7,http://w3id.org/protys/fixture#Load00169,http://w3id.org/protys/fixture#Load00169_Process,http://w3id.org/protys/fixture#Load00169_LCIProcess,0.333333,kWh,http://w3id.org/protys/fixture#GridFactor,ELECTRICITY_CONSUMED_IN_PRODUCTION_ONLY,SIMULATED_PRODUCTION_CASE
http://w3id.org/protys/fixture#Load00170_Op1,http://w3id.org/protys/fixture#Load00170,http://w3id.org/protys/fixture#Load00170_Process,http://w3id.org/protys/fixture#Load00170_LCIProcess,0,kWh,http://w3id.org/protys/fixture#GridFactor,ELECTRICITY_CONSUMED_IN_PRODUCTION_ONLY,SIMULATED_PRODUCTION_CASE
http://w3id.org/protys/fixture#Load00170_Op2,http://w3id.org/protys/fixture#Load00170,http://w3id.org/protys/fixture#Load00170_Process,http://w3id.org/protys/fixture#Load00170_LCIProcess,10,kWh,http://w3id.org/protys/fixture#GridFactor,ELECTRICITY_CONSUMED_IN_PRODUCTION_ONLY,SIMULATED_PRODUCTION_CASE
http://w3id.org/protys/fixture#Load00170_Op3,http://w3id.org/protys/fixture#Load00170,http://w3id.org/protys/fixture#Load00170_Process,http://w3id.org/protys/fixture#Load00170_LCIProcess,75,kWh,http://w3id.org/protys/fixture#GridFactor,ELECTRICITY_CONSUMED_IN_PRODUCTION_ONLY,SIMULATED_PRODUCTION_CASE
http://w3id.org/protys/fixture#Load00170_Op4,http://w3id.org/protys/fixture#Load00170,http://w3id.org/protys/fixture#Load00170_Process,http://w3id.org/protys/fixture#Load00170_LCIProcess,26.666667,kWh,http://w3id.org/protys/fixture#GridFactor,ELECTRICITY_CONSUMED_IN_PRODUCTION_ONLY,SIMULATED_PRODUCTION_CASE
http://w3id.org/protys/fixture#Load00170_Op5,http://w3id.org/protys/fixture#Load00170,http://w3id.org/protys/fixture#Load00170_Process,http://w3id.org/protys/fixture#Load00170_LCIProcess,3.333333,kWh,http://w3id.org/protys/fixture#GridFactor,ELECTRICITY_CONSUMED_IN_PRODUCTION_ONLY,SIMULATED_PRODUCTION_CASE
http://w3id.org/protys/fixture#Load00170_Op6,http://w3id.org/protys/fixture#Load00170,http://w3id.org/protys/fixture#Load00170_Process,http://w3id.org/protys/fixture#Load00170_LCIProcess,0,kWh,http://w3id.org/protys/fixture#GridFactor,ELECTRICITY_CONSUMED_IN_PRODUCTION_ONLY,SIMULATED_PRODUCTION_CASE
http://w3id.org/protys/fixture#Load00170_Op7,http://w3id.org/protys/fixture#Load00170,http://w3id.org/protys/fixture#Load00170_Process,http://w3id.org/protys/fixture#Load00170_LCIProcess,0.333333,kWh,http://w3id.org/protys/fixture#GridFactor,ELECTRICITY_CONSUMED_IN_PRODUCTION_ONLY,SIMULATED_PRODUCTION_CASE
http://w3id.org/protys/fixture#Load00171_Op1,http://w3id.org/protys/fixture#Load00171,http://w3id.org/protys/fixture#Load00171_Process,http://w3id.org/protys/fixture#Load00171_LCIProcess,0,kWh,http://w3id.org/protys/fixture#GridFactor,ELECTRICITY_CONSUMED_IN_PRODUCTION_ONLY,SIMULATED_PRODUCTION_CASE
http://w3id.org/protys/fixture#Load00171_Op2,http://w3id.org/protys/fixture#Load00171,http://w3id.org/protys/fixture#Load00171_Process,http://w3id.org/protys/fixture#Load00171_LCIProcess,10,kWh,http://w3id.org/protys/fixture#GridFactor,ELECTRICITY_CONSUMED_IN_PRODUCTION_ONLY,SIMULATED_PRODUCTION_CASE
http://w3id.org/protys/fixture#Load00171_Op3,http://w3id.org/protys/fixture#Load00171,http://w3id.org/protys/fixture#Load00171_Process,http://w3id.org/protys/fixture#Load00171_LCIProcess,75,kWh,http://w3id.org/protys/fixture#GridFactor,ELECTRICITY_CONSUMED_IN_PRODUCTION_ONLY,SIMULATED_PRODUCTION_CASE
http://w3id.org/protys/fixture#Load00171_Op4,http://w3id.org/protys/fixture#Load00171,http://w3id.org/protys/fixture#Load00171_Process,http://w3id.org/protys/fixture#Load00171_LCIProcess,26.666667,kWh,http://w3id.org/protys/fixture#GridFactor,ELECTRICITY_CONSUMED_IN_PRODUCTION_ONLY,SIMULATED_PRODUCTION_CASE
http://w3id.org/protys/fixture#Load00171_Op5,http://w3id.org/protys/fixture#Load00171,http://w3id.org/protys/fixture#Load00171_Process,http://w3id.org/protys/fixture#Load00171_LCIProcess,3.333333,kWh,http://w3id.org/protys/fixture#GridFactor,ELECTRICITY_CONSUMED_IN_PRODUCTION_ONLY,SIMULATED_PRODUCTION_CASE
http://w3id.org/protys/fixture#Load00171_Op6,http://w3id.org/protys/fixture#Load00171,http://w3id.org/protys/fixture#Load00171_Process,http://w3id.org/protys/fixture#Load00171_LCIProcess,0,kWh,http://w3id.org/protys/fixture#GridFactor,ELECTRICITY_CONSUMED_IN_PRODUCTION_ONLY,SIMULATED_PRODUCTION_CASE
http://w3id.org/protys/fixture#Load00171_Op7,http://w3id.org/protys/fixture#Load00171,http://w3id.org/protys/fixture#Load00171_Process,http://w3id.org/protys/fixture#Load00171_LCIProcess,0.333333,kWh,http://w3id.org/protys/fixture#GridFactor,ELECTRICITY_CONSUMED_IN_PRODUCTION_ONLY,SIMULATED_PRODUCTION_CASE
http://w3id.org/protys/fixture#Load00172_Op1,http://w3id.org/protys/fixture#Load00172,http://w3id.org/protys/fixture#Load00172_Process,http://w3id.org/protys/fixture#Load00172_LCIProcess,0,kWh,http://w3id.org/protys/fixture#GridFactor,ELECTRICITY_CONSUMED_IN_PRODUCTION_ONLY,SIMULATED_PRODUCTION_CASE
http://w3id.org/protys/fixture#Load00172_Op2,http://w3id.org/protys/fixture#Load00172,http://w3id.org/protys/fixture#Load00172_Process,http://w3id.org/protys/fixture#Load00172_LCIProcess,10,kWh,http://w3id.org/protys/fixture#GridFactor,ELECTRICITY_CONSUMED_IN_PRODUCTION_ONLY,SIMULATED_PRODUCTION_CASE
http://w3id.org/protys/fixture#Load00172_Op3,http://w3id.org/protys/fixture#Load00172,http://w3id.org/protys/fixture#Load00172_Process,http://w3id.org/protys/fixture#Load00172_LCIProcess,75,kWh,http://w3id.org/protys/fixture#GridFactor,ELECTRICITY_CONSUMED_IN_PRODUCTION_ONLY,SIMULATED_PRODUCTION_CASE
http://w3id.org/protys/fixture#Load00172_Op4,http://w3id.org/protys/fixture#Load00172,http://w3id.org/protys/fixture#Load00172_Process,http://w3id.org/protys/fixture#Load00172_LCIProcess,26.666667,kWh,http://w3id.org/protys/fixture#GridFactor,ELECTRICITY_CONSUMED_IN_PRODUCTION_ONLY,SIMULATED_PRODUCTION_CASE
http://w3id.org/protys/fixture#Load00172_Op5,http://w3id.org/protys/fixture#Load00172,http://w3id.org/protys/fixture#Load00172_Process,http://w3id.org/protys/fixture#Load00172_LCIProcess,3.333333,kWh,http://w3id.org/protys/fixture#GridFactor,ELECTRICITY_CONSUMED_IN_PRODUCTION_ONLY,SIMULATED_PRODUCTION_CASE
http://w3id.org/protys/fixture#Load00172_Op6,http://w3id.org/protys/fixture#Load00172,http://w3id.org/protys/fixture#Load00172_Process,http://w3id.org/protys/fixture#Load00172_LCIProcess,0,kWh,http://w3id.org/protys/fixture#GridFactor,ELECTRICITY_CONSUMED_IN_PRODUCTION_ONLY,SIMULATED_PRODUCTION_CASE
http://w3id.org/protys/fixture#Load00172_Op7,http://w3id.org/protys/fixture#Load00172,http://w3id.org/protys/fixture#Load00172_Process,http://w3id.org/protys/fixture#Load00172_LCIProcess,0.333333,kWh,http://w3id.org/protys/fixture#GridFactor,ELECTRICITY_CONSUMED_IN_PRODUCTION_ONLY,SIMULATED_PRODUCTION_CASE
http://w3id.org/protys/fixture#Load00173_Op1,http://w3id.org/protys/fixture#Load00173,http://w3id.org/protys/fixture#Load00173_Process,http://w3id.org/protys/fixture#Load00173_LCIProcess,0,kWh,http://w3id.org/protys/fixture#GridFactor,ELECTRICITY_CONSUMED_IN_PRODUCTION_ONLY,SIMULATED_PRODUCTION_CASE
http://w3id.org/protys/fixture#Load00173_Op2,http://w3id.org/protys/fixture#Load00173,http://w3id.org/protys/fixture#Load00173_Process,http://w3id.org/protys/fixture#Load00173_LCIProcess,10,kWh,http://w3id.org/protys/fixture#GridFactor,ELECTRICITY_CONSUMED_IN_PRODUCTION_ONLY,SIMULATED_PRODUCTION_CASE
http://w3id.org/protys/fixture#Load00173_Op3,http://w3id.org/protys/fixture#Load00173,http://w3id.org/protys/fixture#Load00173_Process,http://w3id.org/protys/fixture#Load00173_LCIProcess,75,kWh,http://w3id.org/protys/fixture#GridFactor,ELECTRICITY_CONSUMED_IN_PRODUCTION_ONLY,SIMULATED_PRODUCTION_CASE
http://w3id.org/protys/fixture#Load00173_Op4,http://w3id.org/protys/fixture#Load00173,http://w3id.org/protys/fixture#Load00173_Process,http://w3id.org/protys/fixture#Load00173_LCIProcess,26.666667,kWh,http://w3id.org/protys/fixture#GridFactor,ELECTRICITY_CONSUMED_IN_PRODUCTION_ONLY,SIMULATED_PRODUCTION_CASE
http://w3id.org/protys/fixture#Load00173_Op5,http://w3id.org/protys/fixture#Load00173,http://w3id.org/protys/fixture#Load00173_Process,http://w3id.org/protys/fixture#Load00173_LCIProcess,3.333333,kWh,http://w3id.org/protys/fixture#GridFactor,ELECTRICITY_CONSUMED_IN_PRODUCTION_ONLY,SIMULATED_PRODUCTION_CASE
http://w3id.org/protys/fixture#Load00173_Op6,http://w3id.org/protys/fixture#Load00173,http://w3id.org/protys/fixture#Load00173_Process,http://w3id.org/protys/fixture#Load00173_LCIProcess,0,kWh,http://w3id.org/protys/fixture#GridFactor,ELECTRICITY_CONSUMED_IN_PRODUCTION_ONLY,SIMULATED_PRODUCTION_CASE
http://w3id.org/protys/fixture#Load00173_Op7,http://w3id.org/protys/fixture#Load00173,http://w3id.org/protys/fixture#Load00173_Process,http://w3id.org/protys/fixture#Load00173_LCIProcess,0.333333,kWh,http://w3id.org/protys/fixture#GridFactor,ELECTRICITY_CONSUMED_IN_PRODUCTION_ONLY,SIMULATED_PRODUCTION_CASE
http://w3id.org/protys/fixture#Load00174_Op1,http://w3id.org/protys/fixture#Load00174,http://w3id.org/protys/fixture#Load00174_Process,http://w3id.org/protys/fixture#Load00174_LCIProcess,0,kWh,http://w3id.org/protys/fixture#GridFactor,ELECTRICITY_CONSUMED_IN_PRODUCTION_ONLY,SIMULATED_PRODUCTION_CASE
http://w3id.org/protys/fixture#Load00174_Op2,http://w3id.org/protys/fixture#Load00174,http://w3id.org/protys/fixture#Load00174_Process,http://w3id.org/protys/fixture#Load00174_LCIProcess,10,kWh,http://w3id.org/protys/fixture#GridFactor,ELECTRICITY_CONSUMED_IN_PRODUCTION_ONLY,SIMULATED_PRODUCTION_CASE
http://w3id.org/protys/fixture#Load00174_Op3,http://w3id.org/protys/fixture#Load00174,http://w3id.org/protys/fixture#Load00174_Process,http://w3id.org/protys/fixture#Load00174_LCIProcess,75,kWh,http://w3id.org/protys/fixture#GridFactor,ELECTRICITY_CONSUMED_IN_PRODUCTION_ONLY,SIMULATED_PRODUCTION_CASE
http://w3id.org/protys/fixture#Load00174_Op4,http://w3id.org/protys/fixture#Load00174,http://w3id.org/protys/fixture#Load00174_Process,http://w3id.org/protys/fixture#Load00174_LCIProcess,26.666667,kWh,http://w3id.org/protys/fixture#GridFactor,ELECTRICITY_CONSUMED_IN_PRODUCTION_ONLY,SIMULATED_PRODUCTION_CASE
http://w3id.org/protys/fixture#Load00174_Op5,http://w3id.org/protys/fixture#Load00174,http://w3id.org/protys/fixture#Load00174_Process,http://w3id.org/protys/fixture#Load00174_LCIProcess,3.333333,kWh,http://w3id.org/protys/fixture#GridFactor,ELECTRICITY_CONSUMED_IN_PRODUCTION_ONLY,SIMULATED_PRODUCTION_CASE
http://w3id.org/protys/fixture#Load00174_Op6,http://w3id.org/protys/fixture#Load00174,http://w3id.org/protys/fixture#Load00174_Process,http://w3id.org/protys/fixture#Load00174_LCIProcess,0,kWh,http://w3id.org/protys/fixture#GridFactor,ELECTRICITY_CONSUMED_IN_PRODUCTION_ONLY,SIMULATED_PRODUCTION_CASE
http://w3id.org/protys/fixture#Load00174_Op7,http://w3id.org/protys/fixture#Load00174,http://w3id.org/protys/fixture#Load00174_Process,http://w3id.org/protys/fixture#Load00174_LCIProcess,0.333333,kWh,http://w3id.org/protys/fixture#GridFactor,ELECTRICITY_CONSUMED_IN_PRODUCTION_ONLY,SIMULATED_PRODUCTION_CASE
http://w3id.org/protys/fixture#Load00175_Op1,http://w3id.org/protys/fixture#Load00175,http://w3id.org/protys/fixture#Load00175_Process,http://w3id.org/protys/fixture#Load00175_LCIProcess,0,kWh,http://w3id.org/protys/fixture#GridFactor,ELECTRICITY_CONSUMED_IN_PRODUCTION_ONLY,SIMULATED_PRODUCTION_CASE
http://w3id.org/protys/fixture#Load00175_Op2,http://w3id.org/protys/fixture#Load00175,http://w3id.org/protys/fixture#Load00175_Process,http://w3id.org/protys/fixture#Load00175_LCIProcess,10,kWh,http://w3id.org/protys/fixture#GridFactor,ELECTRICITY_CONSUMED_IN_PRODUCTION_ONLY,SIMULATED_PRODUCTION_CASE
http://w3id.org/protys/fixture#Load00175_Op3,http://w3id.org/protys/fixture#Load00175,http://w3id.org/protys/fixture#Load00175_Process,http://w3id.org/protys/fixture#Load00175_LCIProcess,75,kWh,http://w3id.org/protys/fixture#GridFactor,ELECTRICITY_CONSUMED_IN_PRODUCTION_ONLY,SIMULATED_PRODUCTION_CASE
http://w3id.org/protys/fixture#Load00175_Op4,http://w3id.org/protys/fixture#Load00175,http://w3id.org/protys/fixture#Load00175_Process,http://w3id.org/protys/fixture#Load00175_LCIProcess,26.666667,kWh,http://w3id.org/protys/fixture#GridFactor,ELECTRICITY_CONSUMED_IN_PRODUCTION_ONLY,SIMULATED_PRODUCTION_CASE
http://w3id.org/protys/fixture#Load00175_Op5,http://w3id.org/protys/fixture#Load00175,http://w3id.org/protys/fixture#Load00175_Process,http://w3id.org/protys/fixture#Load00175_LCIProcess,3.333333,kWh,http://w3id.org/protys/fixture#GridFactor,ELECTRICITY_CONSUMED_IN_PRODUCTION_ONLY,SIMULATED_PRODUCTION_CASE
http://w3id.org/protys/fixture#Load00175_Op6,http://w3id.org/protys/fixture#Load00175,http://w3id.org/protys/fixture#Load00175_Process,http://w3id.org/protys/fixture#Load00175_LCIProcess,0,kWh,http://w3id.org/protys/fixture#GridFactor,ELECTRICITY_CONSUMED_IN_PRODUCTION_ONLY,SIMULATED_PRODUCTION_CASE
http://w3id.org/protys/fixture#Load00175_Op7,http://w3id.org/protys/fixture#Load00175,http://w3id.org/protys/fixture#Load00175_Process,http://w3id.org/protys/fixture#Load00175_LCIProcess,0.333333,kWh,http://w3id.org/protys/fixture#GridFactor,ELECTRICITY_CONSUMED_IN_PRODUCTION_ONLY,SIMULATED_PRODUCTION_CASE
http://w3id.org/protys/fixture#Load00176_Op1,http://w3id.org/protys/fixture#Load00176,http://w3id.org/protys/fixture#Load00176_Process,http://w3id.org/protys/fixture#Load00176_LCIProcess,0,kWh,http://w3id.org/protys/fixture#GridFactor,ELECTRICITY_CONSUMED_IN_PRODUCTION_ONLY,SIMULATED_PRODUCTION_CASE
http://w3id.org/protys/fixture#Load00176_Op2,http://w3id.org/protys/fixture#Load00176,http://w3id.org/protys/fixture#Load00176_Process,http://w3id.org/protys/fixture#Load00176_LCIProcess,10,kWh,http://w3id.org/protys/fixture#GridFactor,ELECTRICITY_CONSUMED_IN_PRODUCTION_ONLY,SIMULATED_PRODUCTION_CASE
http://w3id.org/protys/fixture#Load00176_Op3,http://w3id.org/protys/fixture#Load00176,http://w3id.org/protys/fixture#Load00176_Process,http://w3id.org/protys/fixture#Load00176_LCIProcess,75,kWh,http://w3id.org/protys/fixture#GridFactor,ELECTRICITY_CONSUMED_IN_PRODUCTION_ONLY,SIMULATED_PRODUCTION_CASE
http://w3id.org/protys/fixture#Load00176_Op4,http://w3id.org/protys/fixture#Load00176,http://w3id.org/protys/fixture#Load00176_Process,http://w3id.org/protys/fixture#Load00176_LCIProcess,26.666667,kWh,http://w3id.org/protys/fixture#GridFactor,ELECTRICITY_CONSUMED_IN_PRODUCTION_ONLY,SIMULATED_PRODUCTION_CASE
http://w3id.org/protys/fixture#Load00176_Op5,http://w3id.org/protys/fixture#Load00176,http://w3id.org/protys/fixture#Load00176_Process,http://w3id.org/protys/fixture#Load00176_LCIProcess,3.333333,kWh,http://w3id.org/protys/fixture#GridFactor,ELECTRICITY_CONSUMED_IN_PRODUCTION_ONLY,SIMULATED_PRODUCTION_CASE
http://w3id.org/protys/fixture#Load00176_Op6,http://w3id.org/protys/fixture#Load00176,http://w3id.org/protys/fixture#Load00176_Process,http://w3id.org/protys/fixture#Load00176_LCIProcess,0,kWh,http://w3id.org/protys/fixture#GridFactor,ELECTRICITY_CONSUMED_IN_PRODUCTION_ONLY,SIMULATED_PRODUCTION_CASE
http://w3id.org/protys/fixture#Load00176_Op7,http://w3id.org/protys/fixture#Load00176,http://w3id.org/protys/fixture#Load00176_Process,http://w3id.org/protys/fixture#Load00176_LCIProcess,0.333333,kWh,http://w3id.org/protys/fixture#GridFactor,ELECTRICITY_CONSUMED_IN_PRODUCTION_ONLY,SIMULATED_PRODUCTION_CASE
http://w3id.org/protys/fixture#Load00177_Op1,http://w3id.org/protys/fixture#Load00177,http://w3id.org/protys/fixture#Load00177_Process,http://w3id.org/protys/fixture#Load00177_LCIProcess,0,kWh,http://w3id.org/protys/fixture#GridFactor,ELECTRICITY_CONSUMED_IN_PRODUCTION_ONLY,SIMULATED_PRODUCTION_CASE
http://w3id.org/protys/fixture#Load00177_Op2,http://w3id.org/protys/fixture#Load00177,http://w3id.org/protys/fixture#Load00177_Process,http://w3id.org/protys/fixture#Load00177_LCIProcess,10,kWh,http://w3id.org/protys/fixture#GridFactor,ELECTRICITY_CONSUMED_IN_PRODUCTION_ONLY,SIMULATED_PRODUCTION_CASE
http://w3id.org/protys/fixture#Load00177_Op3,http://w3id.org/protys/fixture#Load00177,http://w3id.org/protys/fixture#Load00177_Process,http://w3id.org/protys/fixture#Load00177_LCIProcess,75,kWh,http://w3id.org/protys/fixture#GridFactor,ELECTRICITY_CONSUMED_IN_PRODUCTION_ONLY,SIMULATED_PRODUCTION_CASE
http://w3id.org/protys/fixture#Load00177_Op4,http://w3id.org/protys/fixture#Load00177,http://w3id.org/protys/fixture#Load00177_Process,http://w3id.org/protys/fixture#Load00177_LCIProcess,26.666667,kWh,http://w3id.org/protys/fixture#GridFactor,ELECTRICITY_CONSUMED_IN_PRODUCTION_ONLY,SIMULATED_PRODUCTION_CASE
http://w3id.org/protys/fixture#Load00177_Op5,http://w3id.org/protys/fixture#Load00177,http://w3id.org/protys/fixture#Load00177_Process,http://w3id.org/protys/fixture#Load00177_LCIProcess,3.333333,kWh,http://w3id.org/protys/fixture#GridFactor,ELECTRICITY_CONSUMED_IN_PRODUCTION_ONLY,SIMULATED_PRODUCTION_CASE
http://w3id.org/protys/fixture#Load00177_Op6,http://w3id.org/protys/fixture#Load00177,http://w3id.org/protys/fixture#Load00177_Process,http://w3id.org/protys/fixture#Load00177_LCIProcess,0,kWh,http://w3id.org/protys/fixture#GridFactor,ELECTRICITY_CONSUMED_IN_PRODUCTION_ONLY,SIMULATED_PRODUCTION_CASE
http://w3id.org/protys/fixture#Load00177_Op7,http://w3id.org/protys/fixture#Load00177,http://w3id.org/protys/fixture#Load00177_Process,http://w3id.org/protys/fixture#Load00177_LCIProcess,0.333333,kWh,http://w3id.org/protys/fixture#GridFactor,ELECTRICITY_CONSUMED_IN_PRODUCTION_ONLY,SIMULATED_PRODUCTION_CASE
http://w3id.org/protys/fixture#Load00178_Op1,http://w3id.org/protys/fixture#Load00178,http://w3id.org/protys/fixture#Load00178_Process,http://w3id.org/protys/fixture#Load00178_LCIProcess,0,kWh,http://w3id.org/protys/fixture#GridFactor,ELECTRICITY_CONSUMED_IN_PRODUCTION_ONLY,SIMULATED_PRODUCTION_CASE
http://w3id.org/protys/fixture#Load00178_Op2,http://w3id.org/protys/fixture#Load00178,http://w3id.org/protys/fixture#Load00178_Process,http://w3id.org/protys/fixture#Load00178_LCIProcess,10,kWh,http://w3id.org/protys/fixture#GridFactor,ELECTRICITY_CONSUMED_IN_PRODUCTION_ONLY,SIMULATED_PRODUCTION_CASE
http://w3id.org/protys/fixture#Load00178_Op3,http://w3id.org/protys/fixture#Load00178,http://w3id.org/protys/fixture#Load00178_Process,http://w3id.org/protys/fixture#Load00178_LCIProcess,75,kWh,http://w3id.org/protys/fixture#GridFactor,ELECTRICITY_CONSUMED_IN_PRODUCTION_ONLY,SIMULATED_PRODUCTION_CASE
http://w3id.org/protys/fixture#Load00178_Op4,http://w3id.org/protys/fixture#Load00178,http://w3id.org/protys/fixture#Load00178_Process,http://w3id.org/protys/fixture#Load00178_LCIProcess,26.666667,kWh,http://w3id.org/protys/fixture#GridFactor,ELECTRICITY_CONSUMED_IN_PRODUCTION_ONLY,SIMULATED_PRODUCTION_CASE
http://w3id.org/protys/fixture#Load00178_Op5,http://w3id.org/protys/fixture#Load00178,http://w3id.org/protys/fixture#Load00178_Process,http://w3id.org/protys/fixture#Load00178_LCIProcess,3.333333,kWh,http://w3id.org/protys/fixture#GridFactor,ELECTRICITY_CONSUMED_IN_PRODUCTION_ONLY,SIMULATED_PRODUCTION_CASE
http://w3id.org/protys/fixture#Load00178_Op6,http://w3id.org/protys/fixture#Load00178,http://w3id.org/protys/fixture#Load00178_Process,http://w3id.org/protys/fixture#Load00178_LCIProcess,0,kWh,http://w3id.org/protys/fixture#GridFactor,ELECTRICITY_CONSUMED_IN_PRODUCTION_ONLY,SIMULATED_PRODUCTION_CASE
http://w3id.org/protys/fixture#Load00178_Op7,http://w3id.org/protys/fixture#Load00178,http://w3id.org/protys/fixture#Load00178_Process,http://w3id.org/protys/fixture#Load00178_LCIProcess,0.333333,kWh,http://w3id.org/protys/fixture#GridFactor,ELECTRICITY_CONSUMED_IN_PRODUCTION_ONLY,SIMULATED_PRODUCTION_CASE
http://w3id.org/protys/fixture#Load00179_Op1,http://w3id.org/protys/fixture#Load00179,http://w3id.org/protys/fixture#Load00179_Process,http://w3id.org/protys/fixture#Load00179_LCIProcess,0,kWh,http://w3id.org/protys/fixture#GridFactor,ELECTRICITY_CONSUMED_IN_PRODUCTION_ONLY,SIMULATED_PRODUCTION_CASE
http://w3id.org/protys/fixture#Load00179_Op2,http://w3id.org/protys/fixture#Load00179,http://w3id.org/protys/fixture#Load00179_Process,http://w3id.org/protys/fixture#Load00179_LCIProcess,10,kWh,http://w3id.org/protys/fixture#GridFactor,ELECTRICITY_CONSUMED_IN_PRODUCTION_ONLY,SIMULATED_PRODUCTION_CASE
http://w3id.org/protys/fixture#Load00179_Op3,http://w3id.org/protys/fixture#Load00179,http://w3id.org/protys/fixture#Load00179_Process,http://w3id.org/protys/fixture#Load00179_LCIProcess,75,kWh,http://w3id.org/protys/fixture#GridFactor,ELECTRICITY_CONSUMED_IN_PRODUCTION_ONLY,SIMULATED_PRODUCTION_CASE
http://w3id.org/protys/fixture#Load00179_Op4,http://w3id.org/protys/fixture#Load00179,http://w3id.org/protys/fixture#Load00179_Process,http://w3id.org/protys/fixture#Load00179_LCIProcess,26.666667,kWh,http://w3id.org/protys/fixture#GridFactor,ELECTRICITY_CONSUMED_IN_PRODUCTION_ONLY,SIMULATED_PRODUCTION_CASE
http://w3id.org/protys/fixture#Load00179_Op5,http://w3id.org/protys/fixture#Load00179,http://w3id.org/protys/fixture#Load00179_Process,http://w3id.org/protys/fixture#Load00179_LCIProcess,3.333333,kWh,http://w3id.org/protys/fixture#GridFactor,ELECTRICITY_CONSUMED_IN_PRODUCTION_ONLY,SIMULATED_PRODUCTION_CASE
http://w3id.org/protys/fixture#Load00179_Op6,http://w3id.org/protys/fixture#Load00179,http://w3id.org/protys/fixture#Load00179_Process,http://w3id.org/protys/fixture#Load00179_LCIProcess,0,kWh,http://w3id.org/protys/fixture#GridFactor,ELECTRICITY_CONSUMED_IN_PRODUCTION_ONLY,SIMULATED_PRODUCTION_CASE
http://w3id.org/protys/fixture#Load00179_Op7,http://w3id.org/protys/fixture#Load00179,http://w3id.org/protys/fixture#Load00179_Process,http://w3id.org/protys/fixture#Load00179_LCIProcess,0.333333,kWh,http://w3id.org/protys/fixture#GridFactor,ELECTRICITY_CONSUMED_IN_PRODUCTION_ONLY,SIMULATED_PRODUCTION_CASE
http://w3id.org/protys/fixture#Load00180_Op1,http://w3id.org/protys/fixture#Load00180,http://w3id.org/protys/fixture#Load00180_Process,http://w3id.org/protys/fixture#Load00180_LCIProcess,0,kWh,http://w3id.org/protys/fixture#GridFactor,ELECTRICITY_CONSUMED_IN_PRODUCTION_ONLY,SIMULATED_PRODUCTION_CASE
http://w3id.org/protys/fixture#Load00180_Op2,http://w3id.org/protys/fixture#Load00180,http://w3id.org/protys/fixture#Load00180_Process,http://w3id.org/protys/fixture#Load00180_LCIProcess,10,kWh,http://w3id.org/protys/fixture#GridFactor,ELECTRICITY_CONSUMED_IN_PRODUCTION_ONLY,SIMULATED_PRODUCTION_CASE
http://w3id.org/protys/fixture#Load00180_Op3,http://w3id.org/protys/fixture#Load00180,http://w3id.org/protys/fixture#Load00180_Process,http://w3id.org/protys/fixture#Load00180_LCIProcess,75,kWh,http://w3id.org/protys/fixture#GridFactor,ELECTRICITY_CONSUMED_IN_PRODUCTION_ONLY,SIMULATED_PRODUCTION_CASE
http://w3id.org/protys/fixture#Load00180_Op4,http://w3id.org/protys/fixture#Load00180,http://w3id.org/protys/fixture#Load00180_Process,http://w3id.org/protys/fixture#Load00180_LCIProcess,26.666667,kWh,http://w3id.org/protys/fixture#GridFactor,ELECTRICITY_CONSUMED_IN_PRODUCTION_ONLY,SIMULATED_PRODUCTION_CASE
http://w3id.org/protys/fixture#Load00180_Op5,http://w3id.org/protys/fixture#Load00180,http://w3id.org/protys/fixture#Load00180_Process,http://w3id.org/protys/fixture#Load00180_LCIProcess,3.333333,kWh,http://w3id.org/protys/fixture#GridFactor,ELECTRICITY_CONSUMED_IN_PRODUCTION_ONLY,SIMULATED_PRODUCTION_CASE
http://w3id.org/protys/fixture#Load00180_Op6,http://w3id.org/protys/fixture#Load00180,http://w3id.org/protys/fixture#Load00180_Process,http://w3id.org/protys/fixture#Load00180_LCIProcess,0,kWh,http://w3id.org/protys/fixture#GridFactor,ELECTRICITY_CONSUMED_IN_PRODUCTION_ONLY,SIMULATED_PRODUCTION_CASE
http://w3id.org/protys/fixture#Load00180_Op7,http://w3id.org/protys/fixture#Load00180,http://w3id.org/protys/fixture#Load00180_Process,http://w3id.org/protys/fixture#Load00180_LCIProcess,0.333333,kWh,http://w3id.org/protys/fixture#GridFactor,ELECTRICITY_CONSUMED_IN_PRODUCTION_ONLY,SIMULATED_PRODUCTION_CASE
http://w3id.org/protys/fixture#Load00181_Op1,http://w3id.org/protys/fixture#Load00181,http://w3id.org/protys/fixture#Load00181_Process,http://w3id.org/protys/fixture#Load00181_LCIProcess,0,kWh,http://w3id.org/protys/fixture#GridFactor,ELECTRICITY_CONSUMED_IN_PRODUCTION_ONLY,SIMULATED_PRODUCTION_CASE
http://w3id.org/protys/fixture#Load00181_Op2,http://w3id.org/protys/fixture#Load00181,http://w3id.org/protys/fixture#Load00181_Process,http://w3id.org/protys/fixture#Load00181_LCIProcess,10,kWh,http://w3id.org/protys/fixture#GridFactor,ELECTRICITY_CONSUMED_IN_PRODUCTION_ONLY,SIMULATED_PRODUCTION_CASE
http://w3id.org/protys/fixture#Load00181_Op3,http://w3id.org/protys/fixture#Load00181,http://w3id.org/protys/fixture#Load00181_Process,http://w3id.org/protys/fixture#Load00181_LCIProcess,75,kWh,http://w3id.org/protys/fixture#GridFactor,ELECTRICITY_CONSUMED_IN_PRODUCTION_ONLY,SIMULATED_PRODUCTION_CASE
http://w3id.org/protys/fixture#Load00181_Op4,http://w3id.org/protys/fixture#Load00181,http://w3id.org/protys/fixture#Load00181_Process,http://w3id.org/protys/fixture#Load00181_LCIProcess,26.666667,kWh,http://w3id.org/protys/fixture#GridFactor,ELECTRICITY_CONSUMED_IN_PRODUCTION_ONLY,SIMULATED_PRODUCTION_CASE
http://w3id.org/protys/fixture#Load00181_Op5,http://w3id.org/protys/fixture#Load00181,http://w3id.org/protys/fixture#Load00181_Process,http://w3id.org/protys/fixture#Load00181_LCIProcess,3.333333,kWh,http://w3id.org/protys/fixture#GridFactor,ELECTRICITY_CONSUMED_IN_PRODUCTION_ONLY,SIMULATED_PRODUCTION_CASE
http://w3id.org/protys/fixture#Load00181_Op6,http://w3id.org/protys/fixture#Load00181,http://w3id.org/protys/fixture#Load00181_Process,http://w3id.org/protys/fixture#Load00181_LCIProcess,0,kWh,http://w3id.org/protys/fixture#GridFactor,ELECTRICITY_CONSUMED_IN_PRODUCTION_ONLY,SIMULATED_PRODUCTION_CASE
http://w3id.org/protys/fixture#Load00181_Op7,http://w3id.org/protys/fixture#Load00181,http://w3id.org/protys/fixture#Load00181_Process,http://w3id.org/protys/fixture#Load00181_LCIProcess,0.333333,kWh,http://w3id.org/protys/fixture#GridFactor,ELECTRICITY_CONSUMED_IN_PRODUCTION_ONLY,SIMULATED_PRODUCTION_CASE
http://w3id.org/protys/fixture#Load00182_Op1,http://w3id.org/protys/fixture#Load00182,http://w3id.org/protys/fixture#Load00182_Process,http://w3id.org/protys/fixture#Load00182_LCIProcess,0,kWh,http://w3id.org/protys/fixture#GridFactor,ELECTRICITY_CONSUMED_IN_PRODUCTION_ONLY,SIMULATED_PRODUCTION_CASE
http://w3id.org/protys/fixture#Load00182_Op2,http://w3id.org/protys/fixture#Load00182,http://w3id.org/protys/fixture#Load00182_Process,http://w3id.org/protys/fixture#Load00182_LCIProcess,10,kWh,http://w3id.org/protys/fixture#GridFactor,ELECTRICITY_CONSUMED_IN_PRODUCTION_ONLY,SIMULATED_PRODUCTION_CASE
http://w3id.org/protys/fixture#Load00182_Op3,http://w3id.org/protys/fixture#Load00182,http://w3id.org/protys/fixture#Load00182_Process,http://w3id.org/protys/fixture#Load00182_LCIProcess,75,kWh,http://w3id.org/protys/fixture#GridFactor,ELECTRICITY_CONSUMED_IN_PRODUCTION_ONLY,SIMULATED_PRODUCTION_CASE
http://w3id.org/protys/fixture#Load00182_Op4,http://w3id.org/protys/fixture#Load00182,http://w3id.org/protys/fixture#Load00182_Process,http://w3id.org/protys/fixture#Load00182_LCIProcess,26.666667,kWh,http://w3id.org/protys/fixture#GridFactor,ELECTRICITY_CONSUMED_IN_PRODUCTION_ONLY,SIMULATED_PRODUCTION_CASE
http://w3id.org/protys/fixture#Load00182_Op5,http://w3id.org/protys/fixture#Load00182,http://w3id.org/protys/fixture#Load00182_Process,http://w3id.org/protys/fixture#Load00182_LCIProcess,3.333333,kWh,http://w3id.org/protys/fixture#GridFactor,ELECTRICITY_CONSUMED_IN_PRODUCTION_ONLY,SIMULATED_PRODUCTION_CASE
http://w3id.org/protys/fixture#Load00182_Op6,http://w3id.org/protys/fixture#Load00182,http://w3id.org/protys/fixture#Load00182_Process,http://w3id.org/protys/fixture#Load00182_LCIProcess,0,kWh,http://w3id.org/protys/fixture#GridFactor,ELECTRICITY_CONSUMED_IN_PRODUCTION_ONLY,SIMULATED_PRODUCTION_CASE
http://w3id.org/protys/fixture#Load00182_Op7,http://w3id.org/protys/fixture#Load00182,http://w3id.org/protys/fixture#Load00182_Process,http://w3id.org/protys/fixture#Load00182_LCIProcess,0.333333,kWh,http://w3id.org/protys/fixture#GridFactor,ELECTRICITY_CONSUMED_IN_PRODUCTION_ONLY,SIMULATED_PRODUCTION_CASE
http://w3id.org/protys/fixture#Load00183_Op1,http://w3id.org/protys/fixture#Load00183,http://w3id.org/protys/fixture#Load00183_Process,http://w3id.org/protys/fixture#Load00183_LCIProcess,0,kWh,http://w3id.org/protys/fixture#GridFactor,ELECTRICITY_CONSUMED_IN_PRODUCTION_ONLY,SIMULATED_PRODUCTION_CASE
http://w3id.org/protys/fixture#Load00183_Op2,http://w3id.org/protys/fixture#Load00183,http://w3id.org/protys/fixture#Load00183_Process,http://w3id.org/protys/fixture#Load00183_LCIProcess,10,kWh,http://w3id.org/protys/fixture#GridFactor,ELECTRICITY_CONSUMED_IN_PRODUCTION_ONLY,SIMULATED_PRODUCTION_CASE
http://w3id.org/protys/fixture#Load00183_Op3,http://w3id.org/protys/fixture#Load00183,http://w3id.org/protys/fixture#Load00183_Process,http://w3id.org/protys/fixture#Load00183_LCIProcess,75,kWh,http://w3id.org/protys/fixture#GridFactor,ELECTRICITY_CONSUMED_IN_PRODUCTION_ONLY,SIMULATED_PRODUCTION_CASE
http://w3id.org/protys/fixture#Load00183_Op4,http://w3id.org/protys/fixture#Load00183,http://w3id.org/protys/fixture#Load00183_Process,http://w3id.org/protys/fixture#Load00183_LCIProcess,26.666667,kWh,http://w3id.org/protys/fixture#GridFactor,ELECTRICITY_CONSUMED_IN_PRODUCTION_ONLY,SIMULATED_PRODUCTION_CASE
http://w3id.org/protys/fixture#Load00183_Op5,http://w3id.org/protys/fixture#Load00183,http://w3id.org/protys/fixture#Load00183_Process,http://w3id.org/protys/fixture#Load00183_LCIProcess,3.333333,kWh,http://w3id.org/protys/fixture#GridFactor,ELECTRICITY_CONSUMED_IN_PRODUCTION_ONLY,SIMULATED_PRODUCTION_CASE
http://w3id.org/protys/fixture#Load00183_Op6,http://w3id.org/protys/fixture#Load00183,http://w3id.org/protys/fixture#Load00183_Process,http://w3id.org/protys/fixture#Load00183_LCIProcess,0,kWh,http://w3id.org/protys/fixture#GridFactor,ELECTRICITY_CONSUMED_IN_PRODUCTION_ONLY,SIMULATED_PRODUCTION_CASE
http://w3id.org/protys/fixture#Load00183_Op7,http://w3id.org/protys/fixture#Load00183,http://w3id.org/protys/fixture#Load00183_Process,http://w3id.org/protys/fixture#Load00183_LCIProcess,0.333333,kWh,http://w3id.org/protys/fixture#GridFactor,ELECTRICITY_CONSUMED_IN_PRODUCTION_ONLY,SIMULATED_PRODUCTION_CASE
http://w3id.org/protys/fixture#Load00184_Op1,http://w3id.org/protys/fixture#Load00184,http://w3id.org/protys/fixture#Load00184_Process,http://w3id.org/protys/fixture#Load00184_LCIProcess,0,kWh,http://w3id.org/protys/fixture#GridFactor,ELECTRICITY_CONSUMED_IN_PRODUCTION_ONLY,SIMULATED_PRODUCTION_CASE
http://w3id.org/protys/fixture#Load00184_Op2,http://w3id.org/protys/fixture#Load00184,http://w3id.org/protys/fixture#Load00184_Process,http://w3id.org/protys/fixture#Load00184_LCIProcess,10,kWh,http://w3id.org/protys/fixture#GridFactor,ELECTRICITY_CONSUMED_IN_PRODUCTION_ONLY,SIMULATED_PRODUCTION_CASE
http://w3id.org/protys/fixture#Load00184_Op3,http://w3id.org/protys/fixture#Load00184,http://w3id.org/protys/fixture#Load00184_Process,http://w3id.org/protys/fixture#Load00184_LCIProcess,75,kWh,http://w3id.org/protys/fixture#GridFactor,ELECTRICITY_CONSUMED_IN_PRODUCTION_ONLY,SIMULATED_PRODUCTION_CASE
http://w3id.org/protys/fixture#Load00184_Op4,http://w3id.org/protys/fixture#Load00184,http://w3id.org/protys/fixture#Load00184_Process,http://w3id.org/protys/fixture#Load00184_LCIProcess,26.666667,kWh,http://w3id.org/protys/fixture#GridFactor,ELECTRICITY_CONSUMED_IN_PRODUCTION_ONLY,SIMULATED_PRODUCTION_CASE
http://w3id.org/protys/fixture#Load00184_Op5,http://w3id.org/protys/fixture#Load00184,http://w3id.org/protys/fixture#Load00184_Process,http://w3id.org/protys/fixture#Load00184_LCIProcess,3.333333,kWh,http://w3id.org/protys/fixture#GridFactor,ELECTRICITY_CONSUMED_IN_PRODUCTION_ONLY,SIMULATED_PRODUCTION_CASE
http://w3id.org/protys/fixture#Load00184_Op6,http://w3id.org/protys/fixture#Load00184,http://w3id.org/protys/fixture#Load00184_Process,http://w3id.org/protys/fixture#Load00184_LCIProcess,0,kWh,http://w3id.org/protys/fixture#GridFactor,ELECTRICITY_CONSUMED_IN_PRODUCTION_ONLY,SIMULATED_PRODUCTION_CASE
http://w3id.org/protys/fixture#Load00184_Op7,http://w3id.org/protys/fixture#Load00184,http://w3id.org/protys/fixture#Load00184_Process,http://w3id.org/protys/fixture#Load00184_LCIProcess,0.333333,kWh,http://w3id.org/protys/fixture#GridFactor,ELECTRICITY_CONSUMED_IN_PRODUCTION_ONLY,SIMULATED_PRODUCTION_CASE
http://w3id.org/protys/fixture#Load00185_Op1,http://w3id.org/protys/fixture#Load00185,http://w3id.org/protys/fixture#Load00185_Process,http://w3id.org/protys/fixture#Load00185_LCIProcess,0,kWh,http://w3id.org/protys/fixture#GridFactor,ELECTRICITY_CONSUMED_IN_PRODUCTION_ONLY,SIMULATED_PRODUCTION_CASE
http://w3id.org/protys/fixture#Load00185_Op2,http://w3id.org/protys/fixture#Load00185,http://w3id.org/protys/fixture#Load00185_Process,http://w3id.org/protys/fixture#Load00185_LCIProcess,10,kWh,http://w3id.org/protys/fixture#GridFactor,ELECTRICITY_CONSUMED_IN_PRODUCTION_ONLY,SIMULATED_PRODUCTION_CASE
http://w3id.org/protys/fixture#Load00185_Op3,http://w3id.org/protys/fixture#Load00185,http://w3id.org/protys/fixture#Load00185_Process,http://w3id.org/protys/fixture#Load00185_LCIProcess,75,kWh,http://w3id.org/protys/fixture#GridFactor,ELECTRICITY_CONSUMED_IN_PRODUCTION_ONLY,SIMULATED_PRODUCTION_CASE
http://w3id.org/protys/fixture#Load00185_Op4,http://w3id.org/protys/fixture#Load00185,http://w3id.org/protys/fixture#Load00185_Process,http://w3id.org/protys/fixture#Load00185_LCIProcess,26.666667,kWh,http://w3id.org/protys/fixture#GridFactor,ELECTRICITY_CONSUMED_IN_PRODUCTION_ONLY,SIMULATED_PRODUCTION_CASE
http://w3id.org/protys/fixture#Load00185_Op5,http://w3id.org/protys/fixture#Load00185,http://w3id.org/protys/fixture#Load00185_Process,http://w3id.org/protys/fixture#Load00185_LCIProcess,3.333333,kWh,http://w3id.org/protys/fixture#GridFactor,ELECTRICITY_CONSUMED_IN_PRODUCTION_ONLY,SIMULATED_PRODUCTION_CASE
http://w3id.org/protys/fixture#Load00185_Op6,http://w3id.org/protys/fixture#Load00185,http://w3id.org/protys/fixture#Load00185_Process,http://w3id.org/protys/fixture#Load00185_LCIProcess,0,kWh,http://w3id.org/protys/fixture#GridFactor,ELECTRICITY_CONSUMED_IN_PRODUCTION_ONLY,SIMULATED_PRODUCTION_CASE
http://w3id.org/protys/fixture#Load00185_Op7,http://w3id.org/protys/fixture#Load00185,http://w3id.org/protys/fixture#Load00185_Process,http://w3id.org/protys/fixture#Load00185_LCIProcess,0.333333,kWh,http://w3id.org/protys/fixture#GridFactor,ELECTRICITY_CONSUMED_IN_PRODUCTION_ONLY,SIMULATED_PRODUCTION_CASE
http://w3id.org/protys/fixture#Load00186_Op1,http://w3id.org/protys/fixture#Load00186,http://w3id.org/protys/fixture#Load00186_Process,http://w3id.org/protys/fixture#Load00186_LCIProcess,0,kWh,http://w3id.org/protys/fixture#GridFactor,ELECTRICITY_CONSUMED_IN_PRODUCTION_ONLY,SIMULATED_PRODUCTION_CASE
http://w3id.org/protys/fixture#Load00186_Op2,http://w3id.org/protys/fixture#Load00186,http://w3id.org/protys/fixture#Load00186_Process,http://w3id.org/protys/fixture#Load00186_LCIProcess,10,kWh,http://w3id.org/protys/fixture#GridFactor,ELECTRICITY_CONSUMED_IN_PRODUCTION_ONLY,SIMULATED_PRODUCTION_CASE
http://w3id.org/protys/fixture#Load00186_Op3,http://w3id.org/protys/fixture#Load00186,http://w3id.org/protys/fixture#Load00186_Process,http://w3id.org/protys/fixture#Load00186_LCIProcess,75,kWh,http://w3id.org/protys/fixture#GridFactor,ELECTRICITY_CONSUMED_IN_PRODUCTION_ONLY,SIMULATED_PRODUCTION_CASE
http://w3id.org/protys/fixture#Load00186_Op4,http://w3id.org/protys/fixture#Load00186,http://w3id.org/protys/fixture#Load00186_Process,http://w3id.org/protys/fixture#Load00186_LCIProcess,26.666667,kWh,http://w3id.org/protys/fixture#GridFactor,ELECTRICITY_CONSUMED_IN_PRODUCTION_ONLY,SIMULATED_PRODUCTION_CASE
http://w3id.org/protys/fixture#Load00186_Op5,http://w3id.org/protys/fixture#Load00186,http://w3id.org/protys/fixture#Load00186_Process,http://w3id.org/protys/fixture#Load00186_LCIProcess,3.333333,kWh,http://w3id.org/protys/fixture#GridFactor,ELECTRICITY_CONSUMED_IN_PRODUCTION_ONLY,SIMULATED_PRODUCTION_CASE
http://w3id.org/protys/fixture#Load00186_Op6,http://w3id.org/protys/fixture#Load00186,http://w3id.org/protys/fixture#Load00186_Process,http://w3id.org/protys/fixture#Load00186_LCIProcess,0,kWh,http://w3id.org/protys/fixture#GridFactor,ELECTRICITY_CONSUMED_IN_PRODUCTION_ONLY,SIMULATED_PRODUCTION_CASE
http://w3id.org/protys/fixture#Load00186_Op7,http://w3id.org/protys/fixture#Load00186,http://w3id.org/protys/fixture#Load00186_Process,http://w3id.org/protys/fixture#Load00186_LCIProcess,0.333333,kWh,http://w3id.org/protys/fixture#GridFactor,ELECTRICITY_CONSUMED_IN_PRODUCTION_ONLY,SIMULATED_PRODUCTION_CASE
http://w3id.org/protys/fixture#Load00187_Op1,http://w3id.org/protys/fixture#Load00187,http://w3id.org/protys/fixture#Load00187_Process,http://w3id.org/protys/fixture#Load00187_LCIProcess,0,kWh,http://w3id.org/protys/fixture#GridFactor,ELECTRICITY_CONSUMED_IN_PRODUCTION_ONLY,SIMULATED_PRODUCTION_CASE
http://w3id.org/protys/fixture#Load00187_Op2,http://w3id.org/protys/fixture#Load00187,http://w3id.org/protys/fixture#Load00187_Process,http://w3id.org/protys/fixture#Load00187_LCIProcess,10,kWh,http://w3id.org/protys/fixture#GridFactor,ELECTRICITY_CONSUMED_IN_PRODUCTION_ONLY,SIMULATED_PRODUCTION_CASE
http://w3id.org/protys/fixture#Load00187_Op3,http://w3id.org/protys/fixture#Load00187,http://w3id.org/protys/fixture#Load00187_Process,http://w3id.org/protys/fixture#Load00187_LCIProcess,75,kWh,http://w3id.org/protys/fixture#GridFactor,ELECTRICITY_CONSUMED_IN_PRODUCTION_ONLY,SIMULATED_PRODUCTION_CASE
http://w3id.org/protys/fixture#Load00187_Op4,http://w3id.org/protys/fixture#Load00187,http://w3id.org/protys/fixture#Load00187_Process,http://w3id.org/protys/fixture#Load00187_LCIProcess,26.666667,kWh,http://w3id.org/protys/fixture#GridFactor,ELECTRICITY_CONSUMED_IN_PRODUCTION_ONLY,SIMULATED_PRODUCTION_CASE
http://w3id.org/protys/fixture#Load00187_Op5,http://w3id.org/protys/fixture#Load00187,http://w3id.org/protys/fixture#Load00187_Process,http://w3id.org/protys/fixture#Load00187_LCIProcess,3.333333,kWh,http://w3id.org/protys/fixture#GridFactor,ELECTRICITY_CONSUMED_IN_PRODUCTION_ONLY,SIMULATED_PRODUCTION_CASE
http://w3id.org/protys/fixture#Load00187_Op6,http://w3id.org/protys/fixture#Load00187,http://w3id.org/protys/fixture#Load00187_Process,http://w3id.org/protys/fixture#Load00187_LCIProcess,0,kWh,http://w3id.org/protys/fixture#GridFactor,ELECTRICITY_CONSUMED_IN_PRODUCTION_ONLY,SIMULATED_PRODUCTION_CASE
http://w3id.org/protys/fixture#Load00187_Op7,http://w3id.org/protys/fixture#Load00187,http://w3id.org/protys/fixture#Load00187_Process,http://w3id.org/protys/fixture#Load00187_LCIProcess,0.333333,kWh,http://w3id.org/protys/fixture#GridFactor,ELECTRICITY_CONSUMED_IN_PRODUCTION_ONLY,SIMULATED_PRODUCTION_CASE
http://w3id.org/protys/fixture#Load00188_Op1,http://w3id.org/protys/fixture#Load00188,http://w3id.org/protys/fixture#Load00188_Process,http://w3id.org/protys/fixture#Load00188_LCIProcess,0,kWh,http://w3id.org/protys/fixture#GridFactor,ELECTRICITY_CONSUMED_IN_PRODUCTION_ONLY,SIMULATED_PRODUCTION_CASE
http://w3id.org/protys/fixture#Load00188_Op2,http://w3id.org/protys/fixture#Load00188,http://w3id.org/protys/fixture#Load00188_Process,http://w3id.org/protys/fixture#Load00188_LCIProcess,10,kWh,http://w3id.org/protys/fixture#GridFactor,ELECTRICITY_CONSUMED_IN_PRODUCTION_ONLY,SIMULATED_PRODUCTION_CASE
http://w3id.org/protys/fixture#Load00188_Op3,http://w3id.org/protys/fixture#Load00188,http://w3id.org/protys/fixture#Load00188_Process,http://w3id.org/protys/fixture#Load00188_LCIProcess,75,kWh,http://w3id.org/protys/fixture#GridFactor,ELECTRICITY_CONSUMED_IN_PRODUCTION_ONLY,SIMULATED_PRODUCTION_CASE
http://w3id.org/protys/fixture#Load00188_Op4,http://w3id.org/protys/fixture#Load00188,http://w3id.org/protys/fixture#Load00188_Process,http://w3id.org/protys/fixture#Load00188_LCIProcess,26.666667,kWh,http://w3id.org/protys/fixture#GridFactor,ELECTRICITY_CONSUMED_IN_PRODUCTION_ONLY,SIMULATED_PRODUCTION_CASE
http://w3id.org/protys/fixture#Load00188_Op5,http://w3id.org/protys/fixture#Load00188,http://w3id.org/protys/fixture#Load00188_Process,http://w3id.org/protys/fixture#Load00188_LCIProcess,3.333333,kWh,http://w3id.org/protys/fixture#GridFactor,ELECTRICITY_CONSUMED_IN_PRODUCTION_ONLY,SIMULATED_PRODUCTION_CASE
http://w3id.org/protys/fixture#Load00188_Op6,http://w3id.org/protys/fixture#Load00188,http://w3id.org/protys/fixture#Load00188_Process,http://w3id.org/protys/fixture#Load00188_LCIProcess,0,kWh,http://w3id.org/protys/fixture#GridFactor,ELECTRICITY_CONSUMED_IN_PRODUCTION_ONLY,SIMULATED_PRODUCTION_CASE
http://w3id.org/protys/fixture#Load00188_Op7,http://w3id.org/protys/fixture#Load00188,http://w3id.org/protys/fixture#Load00188_Process,http://w3id.org/protys/fixture#Load00188_LCIProcess,0.333333,kWh,http://w3id.org/protys/fixture#GridFactor,ELECTRICITY_CONSUMED_IN_PRODUCTION_ONLY,SIMULATED_PRODUCTION_CASE
http://w3id.org/protys/fixture#Load00189_Op1,http://w3id.org/protys/fixture#Load00189,http://w3id.org/protys/fixture#Load00189_Process,http://w3id.org/protys/fixture#Load00189_LCIProcess,0,kWh,http://w3id.org/protys/fixture#GridFactor,ELECTRICITY_CONSUMED_IN_PRODUCTION_ONLY,SIMULATED_PRODUCTION_CASE
http://w3id.org/protys/fixture#Load00189_Op2,http://w3id.org/protys/fixture#Load00189,http://w3id.org/protys/fixture#Load00189_Process,http://w3id.org/protys/fixture#Load00189_LCIProcess,10,kWh,http://w3id.org/protys/fixture#GridFactor,ELECTRICITY_CONSUMED_IN_PRODUCTION_ONLY,SIMULATED_PRODUCTION_CASE
http://w3id.org/protys/fixture#Load00189_Op3,http://w3id.org/protys/fixture#Load00189,http://w3id.org/protys/fixture#Load00189_Process,http://w3id.org/protys/fixture#Load00189_LCIProcess,75,kWh,http://w3id.org/protys/fixture#GridFactor,ELECTRICITY_CONSUMED_IN_PRODUCTION_ONLY,SIMULATED_PRODUCTION_CASE
http://w3id.org/protys/fixture#Load00189_Op4,http://w3id.org/protys/fixture#Load00189,http://w3id.org/protys/fixture#Load00189_Process,http://w3id.org/protys/fixture#Load00189_LCIProcess,26.666667,kWh,http://w3id.org/protys/fixture#GridFactor,ELECTRICITY_CONSUMED_IN_PRODUCTION_ONLY,SIMULATED_PRODUCTION_CASE
http://w3id.org/protys/fixture#Load00189_Op5,http://w3id.org/protys/fixture#Load00189,http://w3id.org/protys/fixture#Load00189_Process,http://w3id.org/protys/fixture#Load00189_LCIProcess,3.333333,kWh,http://w3id.org/protys/fixture#GridFactor,ELECTRICITY_CONSUMED_IN_PRODUCTION_ONLY,SIMULATED_PRODUCTION_CASE
http://w3id.org/protys/fixture#Load00189_Op6,http://w3id.org/protys/fixture#Load00189,http://w3id.org/protys/fixture#Load00189_Process,http://w3id.org/protys/fixture#Load00189_LCIProcess,0,kWh,http://w3id.org/protys/fixture#GridFactor,ELECTRICITY_CONSUMED_IN_PRODUCTION_ONLY,SIMULATED_PRODUCTION_CASE
http://w3id.org/protys/fixture#Load00189_Op7,http://w3id.org/protys/fixture#Load00189,http://w3id.org/protys/fixture#Load00189_Process,http://w3id.org/protys/fixture#Load00189_LCIProcess,0.333333,kWh,http://w3id.org/protys/fixture#GridFactor,ELECTRICITY_CONSUMED_IN_PRODUCTION_ONLY,SIMULATED_PRODUCTION_CASE
http://w3id.org/protys/fixture#Load00190_Op1,http://w3id.org/protys/fixture#Load00190,http://w3id.org/protys/fixture#Load00190_Process,http://w3id.org/protys/fixture#Load00190_LCIProcess,0,kWh,http://w3id.org/protys/fixture#GridFactor,ELECTRICITY_CONSUMED_IN_PRODUCTION_ONLY,SIMULATED_PRODUCTION_CASE
http://w3id.org/protys/fixture#Load00190_Op2,http://w3id.org/protys/fixture#Load00190,http://w3id.org/protys/fixture#Load00190_Process,http://w3id.org/protys/fixture#Load00190_LCIProcess,10,kWh,http://w3id.org/protys/fixture#GridFactor,ELECTRICITY_CONSUMED_IN_PRODUCTION_ONLY,SIMULATED_PRODUCTION_CASE
http://w3id.org/protys/fixture#Load00190_Op3,http://w3id.org/protys/fixture#Load00190,http://w3id.org/protys/fixture#Load00190_Process,http://w3id.org/protys/fixture#Load00190_LCIProcess,75,kWh,http://w3id.org/protys/fixture#GridFactor,ELECTRICITY_CONSUMED_IN_PRODUCTION_ONLY,SIMULATED_PRODUCTION_CASE
http://w3id.org/protys/fixture#Load00190_Op4,http://w3id.org/protys/fixture#Load00190,http://w3id.org/protys/fixture#Load00190_Process,http://w3id.org/protys/fixture#Load00190_LCIProcess,26.666667,kWh,http://w3id.org/protys/fixture#GridFactor,ELECTRICITY_CONSUMED_IN_PRODUCTION_ONLY,SIMULATED_PRODUCTION_CASE
http://w3id.org/protys/fixture#Load00190_Op5,http://w3id.org/protys/fixture#Load00190,http://w3id.org/protys/fixture#Load00190_Process,http://w3id.org/protys/fixture#Load00190_LCIProcess,3.333333,kWh,http://w3id.org/protys/fixture#GridFactor,ELECTRICITY_CONSUMED_IN_PRODUCTION_ONLY,SIMULATED_PRODUCTION_CASE
http://w3id.org/protys/fixture#Load00190_Op6,http://w3id.org/protys/fixture#Load00190,http://w3id.org/protys/fixture#Load00190_Process,http://w3id.org/protys/fixture#Load00190_LCIProcess,0,kWh,http://w3id.org/protys/fixture#GridFactor,ELECTRICITY_CONSUMED_IN_PRODUCTION_ONLY,SIMULATED_PRODUCTION_CASE
http://w3id.org/protys/fixture#Load00190_Op7,http://w3id.org/protys/fixture#Load00190,http://w3id.org/protys/fixture#Load00190_Process,http://w3id.org/protys/fixture#Load00190_LCIProcess,0.333333,kWh,http://w3id.org/protys/fixture#GridFactor,ELECTRICITY_CONSUMED_IN_PRODUCTION_ONLY,SIMULATED_PRODUCTION_CASE
http://w3id.org/protys/fixture#Load00191_Op1,http://w3id.org/protys/fixture#Load00191,http://w3id.org/protys/fixture#Load00191_Process,http://w3id.org/protys/fixture#Load00191_LCIProcess,0,kWh,http://w3id.org/protys/fixture#GridFactor,ELECTRICITY_CONSUMED_IN_PRODUCTION_ONLY,SIMULATED_PRODUCTION_CASE
http://w3id.org/protys/fixture#Load00191_Op2,http://w3id.org/protys/fixture#Load00191,http://w3id.org/protys/fixture#Load00191_Process,http://w3id.org/protys/fixture#Load00191_LCIProcess,10,kWh,http://w3id.org/protys/fixture#GridFactor,ELECTRICITY_CONSUMED_IN_PRODUCTION_ONLY,SIMULATED_PRODUCTION_CASE
http://w3id.org/protys/fixture#Load00191_Op3,http://w3id.org/protys/fixture#Load00191,http://w3id.org/protys/fixture#Load00191_Process,http://w3id.org/protys/fixture#Load00191_LCIProcess,75,kWh,http://w3id.org/protys/fixture#GridFactor,ELECTRICITY_CONSUMED_IN_PRODUCTION_ONLY,SIMULATED_PRODUCTION_CASE
http://w3id.org/protys/fixture#Load00191_Op4,http://w3id.org/protys/fixture#Load00191,http://w3id.org/protys/fixture#Load00191_Process,http://w3id.org/protys/fixture#Load00191_LCIProcess,26.666667,kWh,http://w3id.org/protys/fixture#GridFactor,ELECTRICITY_CONSUMED_IN_PRODUCTION_ONLY,SIMULATED_PRODUCTION_CASE
http://w3id.org/protys/fixture#Load00191_Op5,http://w3id.org/protys/fixture#Load00191,http://w3id.org/protys/fixture#Load00191_Process,http://w3id.org/protys/fixture#Load00191_LCIProcess,3.333333,kWh,http://w3id.org/protys/fixture#GridFactor,ELECTRICITY_CONSUMED_IN_PRODUCTION_ONLY,SIMULATED_PRODUCTION_CASE
http://w3id.org/protys/fixture#Load00191_Op6,http://w3id.org/protys/fixture#Load00191,http://w3id.org/protys/fixture#Load00191_Process,http://w3id.org/protys/fixture#Load00191_LCIProcess,0,kWh,http://w3id.org/protys/fixture#GridFactor,ELECTRICITY_CONSUMED_IN_PRODUCTION_ONLY,SIMULATED_PRODUCTION_CASE
http://w3id.org/protys/fixture#Load00191_Op7,http://w3id.org/protys/fixture#Load00191,http://w3id.org/protys/fixture#Load00191_Process,http://w3id.org/protys/fixture#Load00191_LCIProcess,0.333333,kWh,http://w3id.org/protys/fixture#GridFactor,ELECTRICITY_CONSUMED_IN_PRODUCTION_ONLY,SIMULATED_PRODUCTION_CASE
http://w3id.org/protys/fixture#Load00192_Op1,http://w3id.org/protys/fixture#Load00192,http://w3id.org/protys/fixture#Load00192_Process,http://w3id.org/protys/fixture#Load00192_LCIProcess,0,kWh,http://w3id.org/protys/fixture#GridFactor,ELECTRICITY_CONSUMED_IN_PRODUCTION_ONLY,SIMULATED_PRODUCTION_CASE
http://w3id.org/protys/fixture#Load00192_Op2,http://w3id.org/protys/fixture#Load00192,http://w3id.org/protys/fixture#Load00192_Process,http://w3id.org/protys/fixture#Load00192_LCIProcess,10,kWh,http://w3id.org/protys/fixture#GridFactor,ELECTRICITY_CONSUMED_IN_PRODUCTION_ONLY,SIMULATED_PRODUCTION_CASE
http://w3id.org/protys/fixture#Load00192_Op3,http://w3id.org/protys/fixture#Load00192,http://w3id.org/protys/fixture#Load00192_Process,http://w3id.org/protys/fixture#Load00192_LCIProcess,75,kWh,http://w3id.org/protys/fixture#GridFactor,ELECTRICITY_CONSUMED_IN_PRODUCTION_ONLY,SIMULATED_PRODUCTION_CASE
http://w3id.org/protys/fixture#Load00192_Op4,http://w3id.org/protys/fixture#Load00192,http://w3id.org/protys/fixture#Load00192_Process,http://w3id.org/protys/fixture#Load00192_LCIProcess,26.666667,kWh,http://w3id.org/protys/fixture#GridFactor,ELECTRICITY_CONSUMED_IN_PRODUCTION_ONLY,SIMULATED_PRODUCTION_CASE
http://w3id.org/protys/fixture#Load00192_Op5,http://w3id.org/protys/fixture#Load00192,http://w3id.org/protys/fixture#Load00192_Process,http://w3id.org/protys/fixture#Load00192_LCIProcess,3.333333,kWh,http://w3id.org/protys/fixture#GridFactor,ELECTRICITY_CONSUMED_IN_PRODUCTION_ONLY,SIMULATED_PRODUCTION_CASE
http://w3id.org/protys/fixture#Load00192_Op6,http://w3id.org/protys/fixture#Load00192,http://w3id.org/protys/fixture#Load00192_Process,http://w3id.org/protys/fixture#Load00192_LCIProcess,0,kWh,http://w3id.org/protys/fixture#GridFactor,ELECTRICITY_CONSUMED_IN_PRODUCTION_ONLY,SIMULATED_PRODUCTION_CASE
http://w3id.org/protys/fixture#Load00192_Op7,http://w3id.org/protys/fixture#Load00192,http://w3id.org/protys/fixture#Load00192_Process,http://w3id.org/protys/fixture#Load00192_LCIProcess,0.333333,kWh,http://w3id.org/protys/fixture#GridFactor,ELECTRICITY_CONSUMED_IN_PRODUCTION_ONLY,SIMULATED_PRODUCTION_CASE
http://w3id.org/protys/fixture#Load00193_Op1,http://w3id.org/protys/fixture#Load00193,http://w3id.org/protys/fixture#Load00193_Process,http://w3id.org/protys/fixture#Load00193_LCIProcess,0,kWh,http://w3id.org/protys/fixture#GridFactor,ELECTRICITY_CONSUMED_IN_PRODUCTION_ONLY,SIMULATED_PRODUCTION_CASE
http://w3id.org/protys/fixture#Load00193_Op2,http://w3id.org/protys/fixture#Load00193,http://w3id.org/protys/fixture#Load00193_Process,http://w3id.org/protys/fixture#Load00193_LCIProcess,10,kWh,http://w3id.org/protys/fixture#GridFactor,ELECTRICITY_CONSUMED_IN_PRODUCTION_ONLY,SIMULATED_PRODUCTION_CASE
http://w3id.org/protys/fixture#Load00193_Op3,http://w3id.org/protys/fixture#Load00193,http://w3id.org/protys/fixture#Load00193_Process,http://w3id.org/protys/fixture#Load00193_LCIProcess,75,kWh,http://w3id.org/protys/fixture#GridFactor,ELECTRICITY_CONSUMED_IN_PRODUCTION_ONLY,SIMULATED_PRODUCTION_CASE
http://w3id.org/protys/fixture#Load00193_Op4,http://w3id.org/protys/fixture#Load00193,http://w3id.org/protys/fixture#Load00193_Process,http://w3id.org/protys/fixture#Load00193_LCIProcess,26.666667,kWh,http://w3id.org/protys/fixture#GridFactor,ELECTRICITY_CONSUMED_IN_PRODUCTION_ONLY,SIMULATED_PRODUCTION_CASE
http://w3id.org/protys/fixture#Load00193_Op5,http://w3id.org/protys/fixture#Load00193,http://w3id.org/protys/fixture#Load00193_Process,http://w3id.org/protys/fixture#Load00193_LCIProcess,3.333333,kWh,http://w3id.org/protys/fixture#GridFactor,ELECTRICITY_CONSUMED_IN_PRODUCTION_ONLY,SIMULATED_PRODUCTION_CASE
http://w3id.org/protys/fixture#Load00193_Op6,http://w3id.org/protys/fixture#Load00193,http://w3id.org/protys/fixture#Load00193_Process,http://w3id.org/protys/fixture#Load00193_LCIProcess,0,kWh,http://w3id.org/protys/fixture#GridFactor,ELECTRICITY_CONSUMED_IN_PRODUCTION_ONLY,SIMULATED_PRODUCTION_CASE
http://w3id.org/protys/fixture#Load00193_Op7,http://w3id.org/protys/fixture#Load00193,http://w3id.org/protys/fixture#Load00193_Process,http://w3id.org/protys/fixture#Load00193_LCIProcess,0.333333,kWh,http://w3id.org/protys/fixture#GridFactor,ELECTRICITY_CONSUMED_IN_PRODUCTION_ONLY,SIMULATED_PRODUCTION_CASE
http://w3id.org/protys/fixture#Load00194_Op1,http://w3id.org/protys/fixture#Load00194,http://w3id.org/protys/fixture#Load00194_Process,http://w3id.org/protys/fixture#Load00194_LCIProcess,0,kWh,http://w3id.org/protys/fixture#GridFactor,ELECTRICITY_CONSUMED_IN_PRODUCTION_ONLY,SIMULATED_PRODUCTION_CASE
http://w3id.org/protys/fixture#Load00194_Op2,http://w3id.org/protys/fixture#Load00194,http://w3id.org/protys/fixture#Load00194_Process,http://w3id.org/protys/fixture#Load00194_LCIProcess,10,kWh,http://w3id.org/protys/fixture#GridFactor,ELECTRICITY_CONSUMED_IN_PRODUCTION_ONLY,SIMULATED_PRODUCTION_CASE
http://w3id.org/protys/fixture#Load00194_Op3,http://w3id.org/protys/fixture#Load00194,http://w3id.org/protys/fixture#Load00194_Process,http://w3id.org/protys/fixture#Load00194_LCIProcess,75,kWh,http://w3id.org/protys/fixture#GridFactor,ELECTRICITY_CONSUMED_IN_PRODUCTION_ONLY,SIMULATED_PRODUCTION_CASE
http://w3id.org/protys/fixture#Load00194_Op4,http://w3id.org/protys/fixture#Load00194,http://w3id.org/protys/fixture#Load00194_Process,http://w3id.org/protys/fixture#Load00194_LCIProcess,26.666667,kWh,http://w3id.org/protys/fixture#GridFactor,ELECTRICITY_CONSUMED_IN_PRODUCTION_ONLY,SIMULATED_PRODUCTION_CASE
http://w3id.org/protys/fixture#Load00194_Op5,http://w3id.org/protys/fixture#Load00194,http://w3id.org/protys/fixture#Load00194_Process,http://w3id.org/protys/fixture#Load00194_LCIProcess,3.333333,kWh,http://w3id.org/protys/fixture#GridFactor,ELECTRICITY_CONSUMED_IN_PRODUCTION_ONLY,SIMULATED_PRODUCTION_CASE
http://w3id.org/protys/fixture#Load00194_Op6,http://w3id.org/protys/fixture#Load00194,http://w3id.org/protys/fixture#Load00194_Process,http://w3id.org/protys/fixture#Load00194_LCIProcess,0,kWh,http://w3id.org/protys/fixture#GridFactor,ELECTRICITY_CONSUMED_IN_PRODUCTION_ONLY,SIMULATED_PRODUCTION_CASE
http://w3id.org/protys/fixture#Load00194_Op7,http://w3id.org/protys/fixture#Load00194,http://w3id.org/protys/fixture#Load00194_Process,http://w3id.org/protys/fixture#Load00194_LCIProcess,0.333333,kWh,http://w3id.org/protys/fixture#GridFactor,ELECTRICITY_CONSUMED_IN_PRODUCTION_ONLY,SIMULATED_PRODUCTION_CASE
http://w3id.org/protys/fixture#Load00195_Op1,http://w3id.org/protys/fixture#Load00195,http://w3id.org/protys/fixture#Load00195_Process,http://w3id.org/protys/fixture#Load00195_LCIProcess,0,kWh,http://w3id.org/protys/fixture#GridFactor,ELECTRICITY_CONSUMED_IN_PRODUCTION_ONLY,SIMULATED_PRODUCTION_CASE
http://w3id.org/protys/fixture#Load00195_Op2,http://w3id.org/protys/fixture#Load00195,http://w3id.org/protys/fixture#Load00195_Process,http://w3id.org/protys/fixture#Load00195_LCIProcess,10,kWh,http://w3id.org/protys/fixture#GridFactor,ELECTRICITY_CONSUMED_IN_PRODUCTION_ONLY,SIMULATED_PRODUCTION_CASE
http://w3id.org/protys/fixture#Load00195_Op3,http://w3id.org/protys/fixture#Load00195,http://w3id.org/protys/fixture#Load00195_Process,http://w3id.org/protys/fixture#Load00195_LCIProcess,75,kWh,http://w3id.org/protys/fixture#GridFactor,ELECTRICITY_CONSUMED_IN_PRODUCTION_ONLY,SIMULATED_PRODUCTION_CASE
http://w3id.org/protys/fixture#Load00195_Op4,http://w3id.org/protys/fixture#Load00195,http://w3id.org/protys/fixture#Load00195_Process,http://w3id.org/protys/fixture#Load00195_LCIProcess,26.666667,kWh,http://w3id.org/protys/fixture#GridFactor,ELECTRICITY_CONSUMED_IN_PRODUCTION_ONLY,SIMULATED_PRODUCTION_CASE
http://w3id.org/protys/fixture#Load00195_Op5,http://w3id.org/protys/fixture#Load00195,http://w3id.org/protys/fixture#Load00195_Process,http://w3id.org/protys/fixture#Load00195_LCIProcess,3.333333,kWh,http://w3id.org/protys/fixture#GridFactor,ELECTRICITY_CONSUMED_IN_PRODUCTION_ONLY,SIMULATED_PRODUCTION_CASE
http://w3id.org/protys/fixture#Load00195_Op6,http://w3id.org/protys/fixture#Load00195,http://w3id.org/protys/fixture#Load00195_Process,http://w3id.org/protys/fixture#Load00195_LCIProcess,0,kWh,http://w3id.org/protys/fixture#GridFactor,ELECTRICITY_CONSUMED_IN_PRODUCTION_ONLY,SIMULATED_PRODUCTION_CASE
http://w3id.org/protys/fixture#Load00195_Op7,http://w3id.org/protys/fixture#Load00195,http://w3id.org/protys/fixture#Load00195_Process,http://w3id.org/protys/fixture#Load00195_LCIProcess,0.333333,kWh,http://w3id.org/protys/fixture#GridFactor,ELECTRICITY_CONSUMED_IN_PRODUCTION_ONLY,SIMULATED_PRODUCTION_CASE
http://w3id.org/protys/fixture#Load00196_Op1,http://w3id.org/protys/fixture#Load00196,http://w3id.org/protys/fixture#Load00196_Process,http://w3id.org/protys/fixture#Load00196_LCIProcess,0,kWh,http://w3id.org/protys/fixture#GridFactor,ELECTRICITY_CONSUMED_IN_PRODUCTION_ONLY,SIMULATED_PRODUCTION_CASE
http://w3id.org/protys/fixture#Load00196_Op2,http://w3id.org/protys/fixture#Load00196,http://w3id.org/protys/fixture#Load00196_Process,http://w3id.org/protys/fixture#Load00196_LCIProcess,10,kWh,http://w3id.org/protys/fixture#GridFactor,ELECTRICITY_CONSUMED_IN_PRODUCTION_ONLY,SIMULATED_PRODUCTION_CASE
http://w3id.org/protys/fixture#Load00196_Op3,http://w3id.org/protys/fixture#Load00196,http://w3id.org/protys/fixture#Load00196_Process,http://w3id.org/protys/fixture#Load00196_LCIProcess,75,kWh,http://w3id.org/protys/fixture#GridFactor,ELECTRICITY_CONSUMED_IN_PRODUCTION_ONLY,SIMULATED_PRODUCTION_CASE
http://w3id.org/protys/fixture#Load00196_Op4,http://w3id.org/protys/fixture#Load00196,http://w3id.org/protys/fixture#Load00196_Process,http://w3id.org/protys/fixture#Load00196_LCIProcess,26.666667,kWh,http://w3id.org/protys/fixture#GridFactor,ELECTRICITY_CONSUMED_IN_PRODUCTION_ONLY,SIMULATED_PRODUCTION_CASE
http://w3id.org/protys/fixture#Load00196_Op5,http://w3id.org/protys/fixture#Load00196,http://w3id.org/protys/fixture#Load00196_Process,http://w3id.org/protys/fixture#Load00196_LCIProcess,3.333333,kWh,http://w3id.org/protys/fixture#GridFactor,ELECTRICITY_CONSUMED_IN_PRODUCTION_ONLY,SIMULATED_PRODUCTION_CASE
http://w3id.org/protys/fixture#Load00196_Op6,http://w3id.org/protys/fixture#Load00196,http://w3id.org/protys/fixture#Load00196_Process,http://w3id.org/protys/fixture#Load00196_LCIProcess,0,kWh,http://w3id.org/protys/fixture#GridFactor,ELECTRICITY_CONSUMED_IN_PRODUCTION_ONLY,SIMULATED_PRODUCTION_CASE
http://w3id.org/protys/fixture#Load00196_Op7,http://w3id.org/protys/fixture#Load00196,http://w3id.org/protys/fixture#Load00196_Process,http://w3id.org/protys/fixture#Load00196_LCIProcess,0.333333,kWh,http://w3id.org/protys/fixture#GridFactor,ELECTRICITY_CONSUMED_IN_PRODUCTION_ONLY,SIMULATED_PRODUCTION_CASE
http://w3id.org/protys/fixture#Load00197_Op1,http://w3id.org/protys/fixture#Load00197,http://w3id.org/protys/fixture#Load00197_Process,http://w3id.org/protys/fixture#Load00197_LCIProcess,0,kWh,http://w3id.org/protys/fixture#GridFactor,ELECTRICITY_CONSUMED_IN_PRODUCTION_ONLY,SIMULATED_PRODUCTION_CASE
http://w3id.org/protys/fixture#Load00197_Op2,http://w3id.org/protys/fixture#Load00197,http://w3id.org/protys/fixture#Load00197_Process,http://w3id.org/protys/fixture#Load00197_LCIProcess,10,kWh,http://w3id.org/protys/fixture#GridFactor,ELECTRICITY_CONSUMED_IN_PRODUCTION_ONLY,SIMULATED_PRODUCTION_CASE
http://w3id.org/protys/fixture#Load00197_Op3,http://w3id.org/protys/fixture#Load00197,http://w3id.org/protys/fixture#Load00197_Process,http://w3id.org/protys/fixture#Load00197_LCIProcess,75,kWh,http://w3id.org/protys/fixture#GridFactor,ELECTRICITY_CONSUMED_IN_PRODUCTION_ONLY,SIMULATED_PRODUCTION_CASE
http://w3id.org/protys/fixture#Load00197_Op4,http://w3id.org/protys/fixture#Load00197,http://w3id.org/protys/fixture#Load00197_Process,http://w3id.org/protys/fixture#Load00197_LCIProcess,26.666667,kWh,http://w3id.org/protys/fixture#GridFactor,ELECTRICITY_CONSUMED_IN_PRODUCTION_ONLY,SIMULATED_PRODUCTION_CASE
http://w3id.org/protys/fixture#Load00197_Op5,http://w3id.org/protys/fixture#Load00197,http://w3id.org/protys/fixture#Load00197_Process,http://w3id.org/protys/fixture#Load00197_LCIProcess,3.333333,kWh,http://w3id.org/protys/fixture#GridFactor,ELECTRICITY_CONSUMED_IN_PRODUCTION_ONLY,SIMULATED_PRODUCTION_CASE
http://w3id.org/protys/fixture#Load00197_Op6,http://w3id.org/protys/fixture#Load00197,http://w3id.org/protys/fixture#Load00197_Process,http://w3id.org/protys/fixture#Load00197_LCIProcess,0,kWh,http://w3id.org/protys/fixture#GridFactor,ELECTRICITY_CONSUMED_IN_PRODUCTION_ONLY,SIMULATED_PRODUCTION_CASE
http://w3id.org/protys/fixture#Load00197_Op7,http://w3id.org/protys/fixture#Load00197,http://w3id.org/protys/fixture#Load00197_Process,http://w3id.org/protys/fixture#Load00197_LCIProcess,0.333333,kWh,http://w3id.org/protys/fixture#GridFactor,ELECTRICITY_CONSUMED_IN_PRODUCTION_ONLY,SIMULATED_PRODUCTION_CASE
http://w3id.org/protys/fixture#Load00198_Op1,http://w3id.org/protys/fixture#Load00198,http://w3id.org/protys/fixture#Load00198_Process,http://w3id.org/protys/fixture#Load00198_LCIProcess,0,kWh,http://w3id.org/protys/fixture#GridFactor,ELECTRICITY_CONSUMED_IN_PRODUCTION_ONLY,SIMULATED_PRODUCTION_CASE
http://w3id.org/protys/fixture#Load00198_Op2,http://w3id.org/protys/fixture#Load00198,http://w3id.org/protys/fixture#Load00198_Process,http://w3id.org/protys/fixture#Load00198_LCIProcess,10,kWh,http://w3id.org/protys/fixture#GridFactor,ELECTRICITY_CONSUMED_IN_PRODUCTION_ONLY,SIMULATED_PRODUCTION_CASE
http://w3id.org/protys/fixture#Load00198_Op3,http://w3id.org/protys/fixture#Load00198,http://w3id.org/protys/fixture#Load00198_Process,http://w3id.org/protys/fixture#Load00198_LCIProcess,75,kWh,http://w3id.org/protys/fixture#GridFactor,ELECTRICITY_CONSUMED_IN_PRODUCTION_ONLY,SIMULATED_PRODUCTION_CASE
http://w3id.org/protys/fixture#Load00198_Op4,http://w3id.org/protys/fixture#Load00198,http://w3id.org/protys/fixture#Load00198_Process,http://w3id.org/protys/fixture#Load00198_LCIProcess,26.666667,kWh,http://w3id.org/protys/fixture#GridFactor,ELECTRICITY_CONSUMED_IN_PRODUCTION_ONLY,SIMULATED_PRODUCTION_CASE
http://w3id.org/protys/fixture#Load00198_Op5,http://w3id.org/protys/fixture#Load00198,http://w3id.org/protys/fixture#Load00198_Process,http://w3id.org/protys/fixture#Load00198_LCIProcess,3.333333,kWh,http://w3id.org/protys/fixture#GridFactor,ELECTRICITY_CONSUMED_IN_PRODUCTION_ONLY,SIMULATED_PRODUCTION_CASE
http://w3id.org/protys/fixture#Load00198_Op6,http://w3id.org/protys/fixture#Load00198,http://w3id.org/protys/fixture#Load00198_Process,http://w3id.org/protys/fixture#Load00198_LCIProcess,0,kWh,http://w3id.org/protys/fixture#GridFactor,ELECTRICITY_CONSUMED_IN_PRODUCTION_ONLY,SIMULATED_PRODUCTION_CASE
http://w3id.org/protys/fixture#Load00198_Op7,http://w3id.org/protys/fixture#Load00198,http://w3id.org/protys/fixture#Load00198_Process,http://w3id.org/protys/fixture#Load00198_LCIProcess,0.333333,kWh,http://w3id.org/protys/fixture#GridFactor,ELECTRICITY_CONSUMED_IN_PRODUCTION_ONLY,SIMULATED_PRODUCTION_CASE
http://w3id.org/protys/fixture#Load00199_Op1,http://w3id.org/protys/fixture#Load00199,http://w3id.org/protys/fixture#Load00199_Process,http://w3id.org/protys/fixture#Load00199_LCIProcess,0,kWh,http://w3id.org/protys/fixture#GridFactor,ELECTRICITY_CONSUMED_IN_PRODUCTION_ONLY,SIMULATED_PRODUCTION_CASE
http://w3id.org/protys/fixture#Load00199_Op2,http://w3id.org/protys/fixture#Load00199,http://w3id.org/protys/fixture#Load00199_Process,http://w3id.org/protys/fixture#Load00199_LCIProcess,10,kWh,http://w3id.org/protys/fixture#GridFactor,ELECTRICITY_CONSUMED_IN_PRODUCTION_ONLY,SIMULATED_PRODUCTION_CASE
http://w3id.org/protys/fixture#Load00199_Op3,http://w3id.org/protys/fixture#Load00199,http://w3id.org/protys/fixture#Load00199_Process,http://w3id.org/protys/fixture#Load00199_LCIProcess,75,kWh,http://w3id.org/protys/fixture#GridFactor,ELECTRICITY_CONSUMED_IN_PRODUCTION_ONLY,SIMULATED_PRODUCTION_CASE
http://w3id.org/protys/fixture#Load00199_Op4,http://w3id.org/protys/fixture#Load00199,http://w3id.org/protys/fixture#Load00199_Process,http://w3id.org/protys/fixture#Load00199_LCIProcess,26.666667,kWh,http://w3id.org/protys/fixture#GridFactor,ELECTRICITY_CONSUMED_IN_PRODUCTION_ONLY,SIMULATED_PRODUCTION_CASE
http://w3id.org/protys/fixture#Load00199_Op5,http://w3id.org/protys/fixture#Load00199,http://w3id.org/protys/fixture#Load00199_Process,http://w3id.org/protys/fixture#Load00199_LCIProcess,3.333333,kWh,http://w3id.org/protys/fixture#GridFactor,ELECTRICITY_CONSUMED_IN_PRODUCTION_ONLY,SIMULATED_PRODUCTION_CASE
http://w3id.org/protys/fixture#Load00199_Op6,http://w3id.org/protys/fixture#Load00199,http://w3id.org/protys/fixture#Load00199_Process,http://w3id.org/protys/fixture#Load00199_LCIProcess,0,kWh,http://w3id.org/protys/fixture#GridFactor,ELECTRICITY_CONSUMED_IN_PRODUCTION_ONLY,SIMULATED_PRODUCTION_CASE
http://w3id.org/protys/fixture#Load00199_Op7,http://w3id.org/protys/fixture#Load00199,http://w3id.org/protys/fixture#Load00199_Process,http://w3id.org/protys/fixture#Load00199_LCIProcess,0.333333,kWh,http://w3id.org/protys/fixture#GridFactor,ELECTRICITY_CONSUMED_IN_PRODUCTION_ONLY,SIMULATED_PRODUCTION_CASE
