flow_iri,lci_representation_iri,manufacturing_process_iri,material_iri,quantity,unit,flow_type,exchange_scope,included_in_electricity_ghg_total,scenario_role
http://w3id.org/protys/fixture#Load00000_Flow_TitaniumDioxide,http://w3id.org/protys/fixture#Load00000_LCIProcess,http://w3id.org/protys/fixture#Load00000_Process,http://w3id.org/protys/fixture#TitaniumDioxide,36.2,kg,ProductFlow,PURCHASED_TECHNOSPHERE_INPUT,NO,SIMULATED_PRODUCTION_CASE
http://w3id.org/protys/fixture#Load00000_Flow_AcrylicResin,http://w3id.org/protys/fixture#Load00000_LCIProcess,http://w3id.org/protys/fixture#Load00000_Process,http://w3id.org/protys/fixture#AcrylicResin,54.3,kg,ProductFlow,PURCHASED_TECHNOSPHERE_INPUT,NO,SIMULATED_PRODUCTION_CASE
http://w3id.org/protys/fixture#Load00000_Flow_Water,http://w3id.org/protys/fixture#Load00000_LCIProcess,http://w3id.org/protys/fixture#Load00000_Process,http://w3id.org/protys/fixture#Water,88.69,kg,ProductFlow,PURCHASED_TECHNOSPHERE_INPUT,NO,SIMULATED_PRODUCTION_CASE
http://w3id.org/protys/fixture#Load00000_Flow_Biocide,http://w3id.org/protys/fixture#Load00000_LCIProcess,http://w3id.org/protys/fixture#Load00000_Process,http://w3id.org/protys/fixture#Biocide,1.81,kg,ProductFlow,PURCHASED_TECHNOSPHERE_INPUT,NO,SIMULATED_PRODUCTION_CASE
http://w3id.org/protys/fixture#Load00001_Flow_TitaniumDioxide,http://w3id.org/protys/fixture#Load00001_LCIProcess,http://w3id.org/protys/fixture#Load00001_Process,http://w3id.org/protys/fixture#TitaniumDioxide,22.8,kg,ProductFlow,PURCHASED_TECHNOSPHERE_INPUT,NO,SIMULATED_PRODUCTION_CASE
http://w3id.org/protys/fixture#Load00001_Flow_AcrylicResin,http://w3id.org/protys/fixture#Load00001_LCIProcess,http://w3id.org/protys/fixture#Load00001_Process,http://w3id.org/protys/fixture#AcrylicResin,34.2,kg,ProductFlow,PURCHASED_TECHNOSPHERE_INPUT,NO,SIMULATED_PRODUCTION_CASE
http://w3id.org/protys/fixture#Load00001_Flow_Water,http://w3id.org/protys/fixture#Load00001_LCIProcess,http://w3id.org/protys/fixture#Load00001_Process,http://w3id.org/protys/fixture#Water,55.86,kg,ProductFlow,PURCHASED_TECHNOSPHERE_INPUT,NO,SIMULATED_PRODUCTION_CASE
http://w3id.org/protys/fixture#Load00001_Flow_Biocide,http://w3id.org/protys/fixture#Load00001_LCIProcess,http://w3id.org/protys/fixture#Load00001_Process,http://w3id.org/protys/fixture#Biocide,1.14,kg,ProductFlow,PURCHASED_TECHNOSPHERE_INPUT,NO,SIMULATED_PRODUCTION_CASE
http://w3id.org/protys/fixture#Load00002_Flow_TitaniumDioxide,http://w3id.org/protys/fixture#Load00002_LCIProcess,http://w3id.org/protys/fixture#Load00002_Process,http://w3id.org/protys/fixture#TitaniumDioxide,20.6,kg,ProductFlow,PURCHASED_TECHNOSPHERE_INPUT,NO,SIMULATED_PRODUCTION_CASE
http://w3id.org/protys/fixture#Load00002_Flow_AcrylicResin,http://w3id.org/protys/fixture#Load00002_LCIProcess,http://w3id.org/protys/fixture#Load00002_Process,http://w3id.org/protys/fixture#AcrylicResin,30.9,kg,ProductFlow,PURCHASED_TECHNOSPHERE_INPUT,NO,SIMULATED_PRODUCTION_CASE
http://w3id.org/protys/fixture#Load00002_Flow_Water,http://w3id.org/protys/fixture#Load00002_LCIProcess,http://w3id.org/protys/fixture#Load00002_Process,http://w3id.org/protys/fixture#Water,50.47,kg,ProductFlow,PURCHASED_TECHNOSPHERE_INPUT,NO,SIMULATED_PRODUCTION_CASE
http://w3id.org/protys/fixture#Load00002_Flow_Biocide,http://w3id.org/protys/fixture#Load00002_LCIProcess,http://w3id.org/protys/fixture#Load00002_Process,http://w3id.org/protys/fixture#Biocide,1.03,kg,ProductFlow,PURCHASED_TECHNOSPHERE_INPUT,NO,SIMULATED_PRODUCTION_CASE
http://w3id.org/protys/fixture#Load00003_Flow_TitaniumDioxide,http://w3id.org/protys/fixture#Load00003_LCIProcess,http://w3id.org/protys/fixture#Load00003_Process,http://w3id.org/protys/fixture#TitaniumDioxide,38.8,kg,ProductFlow,PURCHASED_TECHNOSPHERE_INPUT,NO,SIMULATED_PRODUCTION_CASE
http://w3id.org/protys/fixture#Load00003_Flow_AcrylicResin,http://w3id.org/protys/fixture#Load00003_LCIProcess,http://w3id.org/protys/fixture#Load00003_Process,http://w3id.org/protys/fixture#AcrylicResin,58.2,kg,ProductFlow,PURCHASED_TECHNOSPHERE_INPUT,NO,SIMULATED_PRODUCTION_CASE
http://w3id.org/protys/fixture#Load00003_Flow_Water,http://w3id.org/protys/fixture#Load00003_LCIProcess,http://w3id.org/protys/fixture#Load00003_Process,http://w3id.org/protys/fixture#Water,95.06,kg,ProductFlow,PURCHASED_TECHNOSPHERE_INPUT,NO,SIMULATED_PRODUCTION_CASE
http://w3id.org/protys/fixture#Load00003_Flow_Biocide,http://w3id.org/protys/fixture#Load00003_LCIProcess,http://w3id.org/protys/fixture#Load00003_Process,http://w3id.org/protys/fixture#Biocide,1.94,kg,ProductFlow,PURCHASED_TECHNOSPHERE_INPUT,NO,SIMULATED_PRODUCTION_CASE
http://w3id.org/protys/fixture#Load00004_Flow_TitaniumDioxide,http://w3id.org/protys/fixture#Load00004_LCIProcess,http://w3id.org/protys/fixture#Load00004_Process,http://w3id.org/protys/fixture#TitaniumDioxide,27,kg,ProductFlow,PURCHASED_TECHNOSPHERE_INPUT,NO,SIMULATED_PRODUCTION_CASE
http://w3id.org/protys/fixture#Load00004_Flow_AcrylicResin,http://w3id.org/protys/fixture#Load00004_LCIProcess,http://w3id.org/protys/fixture#Load00004_Process,http://w3id.org/protys/fixture#AcrylicResin,40.5,kg,ProductFlow,PURCHASED_TECHNOSPHERE_INPUT,NO,SIMULATED_PRODUCTION_CASE
http://w3id.org/protys/fixture#Load00004_Flow_Water,http://w3id.org/protys/fixture#Load00004_LCIProcess,http://w3id.org/protys/fixture#Load00004_Process,http://w3id.org/protys/fixture#Water,66.15,kg,ProductFlow,PURCHASED_TECHNOSPHERE_INPUT,NO,SIMULATED_PRODUCTION_CASE
http://w3id.org/protys/fixture#Load00004_Flow_Biocide,http://w3id.org/protys/fixture#Load00004_LCIProcess,http://w3id.org/protys/fixture#Load00004_Process,http://w3id.org/protys/fixture#Biocide,1.35,kg,ProductFlow,PURCHASED_TECHNOSPHERE_INPUT,NO,SIMULATED_PRODUCTION_CASE
http://w3id.org/protys/fixture#Load00005_Flow_TitaniumDioxide,http://w3id.org/protys/fixture#Load00005_LCIProcess,http://w3id.org/protys/fixture#Load00005_Process,http://w3id.org/protys/fixture#TitaniumDioxide,26.2,kg,ProductFlow,PURCHASED_TECHNOSPHERE_INPUT,NO,SIMULATED_PRODUCTION_CASE
http://w3id.org/protys/fixture#Load00005_Flow_AcrylicResin,http://w3id.org/protys/fixture#Load00005_LCIProcess,http://w3id.org/protys/fixture#Load00005_Process,http://w3id.org/protys/fixture#AcrylicResin,39.3,kg,ProductFlow,PURCHASED_TECHNOSPHERE_INPUT,NO,SIMULATED_PRODUCTION_CASE
http://w3id.org/protys/fixture#Load00005_Flow_Water,http://w3id.org/protys/fixture#Load00005_LCIProcess,http://w3id.org/protys/fixture#Load00005_Process,http://w3id.org/protys/fixture#Water,64.19,kg,ProductFlow,PURCHASED_TECHNOSPHERE_INPUT,NO,SIMULATED_PRODUCTION_CASE
http://w3id.org/protys/fixture#Load00005_Flow_Biocide,http://w3id.org/protys/fixture#Load00005_LCIProcess,http://w3id.org/protys/fixture#Load00005_Process,http://w3id.org/protys/fixture#Biocide,1.31,kg,ProductFlow,PURCHASED_TECHNOSPHERE_INPUT,NO,SIMULATED_PRODUCTION_CASE
http://w3id.org/protys/fixture#Load00006_Flow_TitaniumDioxide,http://w3id.org/protys/fixture#Load00006_LCIProcess,http://w3id.org/protys/fixture#Load00006_Process,http://w3id.org/protys/fixture#TitaniumDioxide,25.6,kg,ProductFlow,PURCHASED_TECHNOSPHERE_INPUT,NO,SIMULATED_PRODUCTION_CASE
http://w3id.org/protys/fixture#Load00006_Flow_AcrylicResin,http://w3id.org/protys/fixture#Load00006_LCIProcess,http://w3id.org/protys/fixture#Load00006_Process,http://w3id.org/protys/fixture#AcrylicResin,38.4,kg,ProductFlow,PURCHASED_TECHNOSPHERE_INPUT,NO,SIMULATED_PRODUCTION_CASE
http://w3id.org/protys/fixture#Load00006_Flow_Water,http://w3id.org/protys/fixture#Load00006_LCIProcess,http://w3id.org/protys/fixture#Load00006_Process,http://w3id.org/protys/fixture#Water,62.72,kg,ProductFlow,PURCHASED_TECHNOSPHERE_INPUT,NO,SIMULATED_PRODUCTION_CASE
http://w3id.org/protys/fixture#Load00006_Flow_Biocide,http://w3id.org/protys/fixture#Load00006_LCIProcess,http://w3id.org/protys/fixture#Load00006_Process,http://w3id.org/protys/fixture#Biocide,1.28,kg,ProductFlow,PURCHASED_TECHNOSPHERE_INPUT,NO,SIMULATED_PRODUCTION_CASE
http://w3id.org/protys/fixture#Load00007_Flow_TitaniumDioxide,http://w3id.org/protys/fixture#Load00007_LCIProcess,http://w3id.org/protys/fixture#Load00007_Process,http://w3id.org/protys/fixture#TitaniumDioxide,23.4,kg,ProductFlow,PURCHASED_TECHNOSPHERE_INPUT,NO,SIMULATED_PRODUCTION_CASE
http://w3id.org/protys/fixture#Load00007_Flow_AcrylicResin,http://w3id.org/protys/fixture#Load00007_LCIProcess,http://w3id.org/protys/fixture#Load00007_Process,http://w3id.org/protys/fixture#AcrylicResin,35.1,kg,ProductFlow,PURCHASED_TECHNOSPHERE_INPUT,NO,SIMULATED_PRODUCTION_CASE
http://w3id.org/protys/fixture#Load00007_Flow_Water,http://w3id.org/protys/fixture#Load00007_LCIProcess,http://w3id.org/protys/fixture#Load00007_Process,http://w3id.org/protys/fixture#Water,57.33,kg,ProductFlow,PURCHASED_TECHNOSPHERE_INPUT,NO,SIMULATED_PRODUCTION_CASE
http://w3id.org/protys/fixture#Load00007_Flow_Biocide,http://w3id.org/protys/fixture#Load00007_LCIProcess,http://w3id.org/protys/fixture#Load00007_Process,http://w3id.org/protys/fixture#Biocide,1.17,kg,ProductFlow,PURCHASED_TECHNOSPHERE_INPUT,NO,SIMULATED_PRODUCTION_CASE
http://w3id.org/protys/fixture#Load00008_Flow_TitaniumDioxide,http://w3id.org/protys/fixture#Load00008_LCIProcess,http://w3id.org/protys/fixture#Load00008_Process,http://w3id.org/protys/fixture#TitaniumDioxide,38.8,kg,ProductFlow,PURCHASED_TECHNOSPHERE_INPUT,NO,SIMULATED_PRODUCTION_CASE
http://w3id.org/protys/fixture#Load00008_Flow_AcrylicResin,http://w3id.org/protys/fixture#Load00008_LCIProcess,http://w3id.org/protys/fixture#Load00008_Process,http://w3id.org/protys/fixture#AcrylicResin,58.2,kg,ProductFlow,PURCHASED_TECHNOSPHERE_INPUT,NO,SIMULATED_PRODUCTION_CASE
http://w3id.org/protys/fixture#Load00008_Flow_Water,http://w3id.org/protys/fixture#Load00008_LCIProcess,http://w3id.org/protys/fixture#Load00008_Process,http://w3id.org/protys/fixture#Water,95.06,kg,ProductFlow,PURCHASED_TECHNOSPHERE_INPUT,NO,SIMULATED_PRODUCTION_CASE
http://w3id.org/protys/fixture#Load00008_Flow_Biocide,http://w3id.org/protys/fixture#Load00008_LCIProcess,http://w3id.org/protys/fixture#Load00008_Process,http://w3id.org/protys/fixture#Biocide,1.94,kg,ProductFlow,PURCHASED_TECHNOSPHERE_INPUT,NO,SIMULATED_PRODUCTION_CASE
http://w3id.org/protys/fixture#Load00009_Flow_TitaniumDioxide,http://w3id.org/protys/fixture#Load00009_LCIProcess,http://w3id.org/protys/fixture#Load00009_Process,http://w3id.org/protys/fixture#TitaniumDioxide,22.6,kg,ProductFlow,PURCHASED_TECHNOSPHERE_INPUT,NO,SIMULATED_PRODUCTION_CASE
http://w3id.org/protys/fixture#Load00009_Flow_AcrylicResin,http://w3id.org/protys/fixture#Load00009_LCIProcess,http://w3id.org/protys/fixture#Load00009_Process,http://w3id.org/protys/fixture#AcrylicResin,33.9,kg,ProductFlow,PURCHASED_TECHNOSPHERE_INPUT,NO,SIMULATED_PRODUCTION_CASE
http://w3id.org/protys/fixture#Load00009_Flow_Water,http://w3id.org/protys/fixture#Load00009_LCIProcess,http://w3id.org/protys/fixture#Load00009_Process,http://w3id.org/protys/fixture#Water,55.37,kg,ProductFlow,PURCHASED_TECHNOSPHERE_INPUT,NO,SIMULATED_PRODUCTION_CASE
http://w3id.org/protys/fixture#Load00009_Flow_Biocide,http://w3id.org/protys/fixture#Load00009_LCIProcess,http://w3id.org/protys/fixture#Load00009_Process,http://w3id.org/protys/fixture#Biocide,1.13,kg,ProductFlow,PURCHASED_TECHNOSPHERE_INPUT,NO,SIMULATED_PRODUCTION_CASE
http://w3id.org/protys/fixture#Load00010_Flow_TitaniumDioxide,http://w3id.org/protys/fixture#Load00010_LCIProcess,http://w3id.org/protys/fixture#Load00010_Process,http://w3id.org/protys/fixture#TitaniumDioxide,37.2,kg,ProductFlow,PURCHASED_TECHNOSPHERE_INPUT,NO,SIMULATED_PRODUCTION_CASE
http://w3id.org/protys/fixture#Load00010_Flow_AcrylicResin,http://w3id.org/protys/fixture#Load00010_LCIProcess,http://w3id.org/protys/fixture#Load00010_Process,http://w3id.org/protys/fixture#AcrylicResin,55.8,kg,ProductFlow,PURCHASED_TECHNOSPHERE_INPUT,NO,SIMULATED_PRODUCTION_CASE
http://w3id.org/protys/fixture#Load00010_Flow_Water,http://w3id.org/protys/fixture#Load00010_LCIProcess,http://w3id.org/protys/fixture#Load00010_Process,http://w3id.org/protys/fixture#Water,91.14,kg,ProductFlow,PURCHASED_TECHNOSPHERE_INPUT,NO,SIMULATED_PRODUCTION_CASE
http://w3id.org/protys/fixture#Load00010_Flow_Biocide,http://w3id.org/protys/fixture#Load00010_LCIProcess,http://w3id.org/protys/fixture#Load00010_Process,http://w3id.org/protys/fixture#Biocide,1.86,kg,ProductFlow,PURCHASED_TECHNOSPHERE_INPUT,NO,SIMULATED_PRODUCTION_CASE
http://w3id.org/protys/fixture#Load00011_Flow_TitaniumDioxide,http://w3id.org/protys/fixture#Load00011_LCIProcess,http://w3id.org/protys/fixture#Load00011_Process,http://w3id.org/protys/fixture#TitaniumDioxide,38.8,kg,ProductFlow,PURCHASED_TECHNOSPHERE_INPUT,NO,SIMULATED_PRODUCTION_CASE
http://w3id.org/protys/fixture#Load00011_Flow_AcrylicResin,http://w3id.org/protys/fixture#Load00011_LCIProcess,http://w3id.org/protys/fixture#Load00011_Process,http://w3id.org/protys/fixture#AcrylicResin,58.2,kg,ProductFlow,PURCHASED_TECHNOSPHERE_INPUT,NO,SIMULATED_PRODUCTION_CASE
http://w3id.org/protys/fixture#Load00011_Flow_Water,http://w3id.org/protys/fixture#Load00011_LCIProcess,http://w3id.org/protys/fixture#Load00011_Process,http://w3id.org/protys/fixture#Water,95.06,kg,ProductFlow,PURCHASED_TECHNOSPHERE_INPUT,NO,SIMULATED_PRODUCTION_CASE
http://w3id.org/protys/fixture#Load00011_Flow_Biocide,http://w3id.org/protys/fixture#Load00011_LCIProcess,http://w3id.org/protys/fixture#Load00011_Process,http://w3id.org/protys/fixture#Biocide,1.94,kg,ProductFlow,PURCHASED_TECHNOSPHERE_INPUT,NO,SIMULATED_PRODUCTION_CASE
http://w3id.org/protys/fixture#Load00012_Flow_TitaniumDioxide,http://w3id.org/protys/fixture#Load00012_LCIProcess,http://w3id.org/protys/fixture#Load00012_Process,http://w3id.org/protys/fixture#TitaniumDioxide,33.8,kg,ProductFlow,PURCHASED_TECHNOSPHERE_INPUT,NO,SIMULATED_PRODUCTION_CASE
http://w3id.org/protys/fixture#Load00012_Flow_AcrylicResin,http://w3id.org/protys/fixture#Load00012_LCIProcess,http://w3id.org/protys/fixture#Load00012_Process,http://w3id.org/protys/fixture#AcrylicResin,50.7,kg,ProductFlow,PURCHASED_TECHNOSPHERE_INPUT,NO,SIMULATED_PRODUCTION_CASE
http://w3id.org/protys/fixture#Load00012_Flow_Water,http://w3id.org/protys/fixture#Load00012_LCIProcess,http://w3id.org/protys/fixture#Load00012_Process,http://w3id.org/protys/fixture#Water,82.81,kg,ProductFlow,PURCHASED_TECHNOSPHERE_INPUT,NO,SIMULATED_PRODUCTION_CASE
http://w3id.org/protys/fixture#Load00012_Flow_Biocide,http://w3id.org/protys/fixture#Load00012_LCIProcess,http://w3id.org/protys/fixture#Load00012_Process,http://w3id.org/protys/fixture#Biocide,1.69,kg,ProductFlow,PURCHASED_TECHNOSPHERE_INPUT,NO,SIMULATED_PRODUCTION_CASE
http://w3id.org/protys/fixture#Load00013_Flow_TitaniumDioxide,http://w3id.org/protys/fixture#Load00013_LCIProcess,http://w3id.org/protys/fixture#Load00013_Process,http://w3id.org/protys/fixture#TitaniumDioxide,22.2,kg,ProductFlow,PURCHASED_TECHNOSPHERE_INPUT,NO,SIMULATED_PRODUCTION_CASE
http://w3id.org/protys/fixture#Load00013_Flow_AcrylicResin,http://w3id.org/protys/fixture#Load00013_LCIProcess,http://w3id.org/protys/fixture#Load00013_Process,http://w3id.org/protys/fixture#AcrylicResin,33.3,kg,ProductFlow,PURCHASED_TECHNOSPHERE_INPUT,NO,SIMULATED_PRODUCTION_CASE
http://w3id.org/protys/fixture#Load00013_Flow_Water,http://w3id.org/protys/fixture#Load00013_LCIProcess,http://w3id.org/protys/fixture#Load00013_Process,http://w3id.org/protys/fixture#Water,54.39,kg,ProductFlow,PURCHASED_TECHNOSPHERE_INPUT,NO,SIMULATED_PRODUCTION_CASE
http://w3id.org/protys/fixture#Load00013_Flow_Biocide,http://w3id.org/protys/fixture#Load00013_LCIProcess,http://w3id.org/protys/fixture#Load00013_Process,http://w3id.org/protys/fixture#Biocide,1.11,kg,ProductFlow,PURCHASED_TECHNOSPHERE_INPUT,NO,SIMULATED_PRODUCTION_CASE
http://w3id.org/protys/fixture#Load00014_Flow_TitaniumDioxide,http://w3id.org/protys/fixture#Load00014_LCIProcess,http://w3id.org/protys/fixture#Load00014_Process,http://w3id.org/protys/fixture#TitaniumDioxide,35,kg,ProductFlow,PURCHASED_TECHNOSPHERE_INPUT,NO,SIMULATED_PRODUCTION_CASE
http://w3id.org/protys/fixture#Load00014_Flow_AcrylicResin,http://w3id.org/protys/fixture#Load00014_LCIProcess,http://w3id.org/protys/fixture#Load00014_Process,http://w3id.org/protys/fixture#AcrylicResin,52.5,kg,ProductFlow,PURCHASED_TECHNOSPHERE_INPUT,NO,SIMULATED_PRODUCTION_CASE
http://w3id.org/protys/fixture#Load00014_Flow_Water,http://w3id.org/protys/fixture#Load00014_LCIProcess,http://w3id.org/protys/fixture#Load00014_Process,http://w3id.org/protys/fixture#Water,85.75,kg,ProductFlow,PURCHASED_TECHNOSPHERE_INPUT,NO,SIMULATED_PRODUCTION_CASE
http://w3id.org/protys/fixture#Load00014_Flow_Biocide,http://w3id.org/protys/fixture#Load00014_LCIProcess,http://w3id.org/protys/fixture#Load00014_Process,http://w3id.org/protys/fixture#Biocide,1.75,kg,ProductFlow,PURCHASED_TECHNOSPHERE_INPUT,NO,SIMULATED_PRODUCTION_CASE
http://w3id.org/protys/fixture#Load00015_Flow_TitaniumDioxide,http://w3id.org/protys/fixture#Load00015_LCIProcess,http://w3id.org/protys/fixture#Load00015_Process,http://w3id.org/protys/fixture#TitaniumDioxide,30.8,kg,ProductFlow,PURCHASED_TECHNOSPHERE_INPUT,NO,SIMULATED_PRODUCTION_CASE
http://w3id.org/protys/fixture#Load00015_Flow_AcrylicResin,http://w3id.org/protys/fixture#Load00015_LCIProcess,http://w3id.org/protys/fixture#Load00015_Process,http://w3id.org/protys/fixture#AcrylicResin,46.2,kg,ProductFlow,PURCHASED_TECHNOSPHERE_INPUT,NO,SIMULATED_PRODUCTION_CASE
http://w3id.org/protys/fixture#Load00015_Flow_Water,http://w3id.org/protys/fixture#Load00015_LCIProcess,http://w3id.org/protys/fixture#Load00015_Process,http://w3id.org/protys/fixture#Water,75.46,kg,ProductFlow,PURCHASED_TECHNOSPHERE_INPUT,NO,SIMULATED_PRODUCTION_CASE
http://w3id.org/protys/fixture#Load00015_Flow_Biocide,http://w3id.org/protys/fixture#Load00015_LCIProcess,http://w3id.org/protys/fixture#Load00015_Process,http://w3id.org/protys/fixture#Biocide,1.54,kg,ProductFlow,PURCHASED_TECHNOSPHERE_INPUT,NO,SIMULATED_PRODUCTION_CASE
http://w3id.org/protys/fixture#Load00016_Flow_TitaniumDioxide,http://w3id.org/protys/fixture#Load00016_LCIProcess,http://w3id.org/protys/fixture#Load00016_Process,http://w3id.org/protys/fixture#TitaniumDioxide,20.8,kg,ProductFlow,PURCHASED_TECHNOSPHERE_INPUT,NO,SIMULATED_PRODUCTION_CASE
http://w3id.org/protys/fixture#Load00016_Flow_AcrylicResin,http://w3id.org/protys/fixture#Load00016_LCIProcess,http://w3id.org/protys/fixture#Load00016_Process,http://w3id.org/protys/fixture#AcrylicResin,31.2,kg,ProductFlow,PURCHASED_TECHNOSPHERE_INPUT,NO,SIMULATED_PRODUCTION_CASE
http://w3id.org/protys/fixture#Load00016_Flow_Water,http://w3id.org/protys/fixture#Load00016_LCIProcess,http://w3id.org/protys/fixture#Load00016_Process,http://w3id.org/protys/fixture#Water,50.96,kg,ProductFlow,PURCHASED_TECHNOSPHERE_INPUT,NO,SIMULATED_PRODUCTION_CASE
http://w3id.org/protys/fixture#Load00016_Flow_Biocide,http://w3id.org/protys/fixture#Load00016_LCIProcess,http://w3id.org/protys/fixture#Load00016_Process,http://w3id.org/protys/fixture#Biocide,1.04,kg,ProductFlow,PURCHASED_TECHNOSPHERE_INPUT,NO,SIMULATED_PRODUCTION_CASE
http://w3id.org/protys/fixture#Load00017_Flow_TitaniumDioxide,http://w3id.org/protys/fixture#Load00017_LCIProcess,http://w3id.org/protys/fixture#Load00017_Process,http://w3id.org/protys/fixture#TitaniumDioxide,20.6,kg,ProductFlow,PURCHASED_TECHNOSPHERE_INPUT,NO,SIMULATED_PRODUCTION_CASE
http://w3id.org/protys/fixture#Load00017_Flow_AcrylicResin,http://w3id.org/protys/fixture#Load00017_LCIProcess,http://w3id.org/protys/fixture#Load00017_Process,http://w3id.org/protys/fixture#AcrylicResin,30.9,kg,ProductFlow,PURCHASED_TECHNOSPHERE_INPUT,NO,SIMULATED_PRODUCTION_CASE
http://w3id.org/protys/fixture#Load00017_Flow_Water,http://w3id.org/protys/fixture#Load00017_LCIProcess,http://w3id.org/protys/fixture#Load00017_Process,http://w3id.org/protys/fixture#Water,50.47,kg,ProductFlow,PURCHASED_TECHNOSPHERE_INPUT,NO,SIMULATED_PRODUCTION_CASE
http://w3id.org/protys/fixture#Load00017_Flow_Biocide,http://w3id.org/protys/fixture#Load00017_LCIProcess,http://w3id.org/protys/fixture#Load00017_Process,http://w3id.org/protys/fixture#Biocide,1.03,kg,ProductFlow,PURCHASED_TECHNOSPHERE_INPUT,NO,SIMULATED_PRODUCTION_CASE
http://w3id.org/protys/fixture#Load00018_Flow_TitaniumDioxide,http://w3id.org/protys/fixture#Load00018_LCIProcess,http://w3id.org/protys/fixture#Load00018_Process,http://w3id.org/protys/fixture#TitaniumDioxide,22.2,kg,ProductFlow,PURCHASED_TECHNOSPHERE_INPUT,NO,SIMULATED_PRODUCTION_CASE
http://w3id.org/protys/fixture#Load00018_Flow_AcrylicResin,http://w3id.org/protys/fixture#Load00018_LCIProcess,http://w3id.org/protys/fixture#Load00018_Process,http://w3id.org/protys/fixture#AcrylicResin,33.3,kg,ProductFlow,PURCHASED_TECHNOSPHERE_INPUT,NO,SIMULATED_PRODUCTION_CASE
http://w3id.org/protys/fixture#Load00018_Flow_Water,http://w3id.org/protys/fixture#Load00018_LCIProcess,http://w3id.org/protys/fixture#Load00018_Process,http://w3id.org/protys/fixture#Water,54.39,kg,ProductFlow,PURCHASED_TECHNOSPHERE_INPUT,NO,SIMULATED_PRODUCTION_CASE
http://w3id.org/protys/fixture#Load00018_Flow_Biocide,http://w3id.org/protys/fixture#Load00018_LCIProcess,http://w3id.org/protys/fixture#Load00018_Process,http://w3id.org/protys/fixture#Biocide,1.11,kg,ProductFlow,PURCHASED_TECHNOSPHERE_INPUT,NO,SIMULATED_PRODUCTION_CASE
http://w3id.org/protys/fixture#Load00019_Flow_TitaniumDioxide,http://w3id.org/protys/fixture#Load00019_LCIProcess,http://w3id.org/protys/fixture#Load00019_Process,http://w3id.org/protys/fixture#TitaniumDioxide,25.4,kg,ProductFlow,PURCHASED_TECHNOSPHERE_INPUT,NO,SIMULATED_PRODUCTION_CASE
http://w3id.org/protys/fixture#Load00019_Flow_AcrylicResin,http://w3id.org/protys/fixture#Load00019_LCIProcess,http://w3id.org/protys/fixture#Load00019_Process,http://w3id.org/protys/fixture#AcrylicResin,38.1,kg,ProductFlow,PURCHASED_TECHNOSPHERE_INPUT,NO,SIMULATED_PRODUCTION_CASE
http://w3id.org/protys/fixture#Load00019_Flow_Water,http://w3id.org/protys/fixture#Load00019_LCIProcess,http://w3id.org/protys/fixture#Load00019_Process,http://w3id.org/protys/fixture#Water,62.23,kg,ProductFlow,PURCHASED_TECHNOSPHERE_INPUT,NO,SIMULATED_PRODUCTION_CASE
http://w3id.org/protys/fixture#Load00019_Flow_Biocide,http://w3id.org/protys/fixture#Load00019_LCIProcess,http://w3id.org/protys/fixture#Load00019_Process,http://w3id.org/protys/fixture#Biocide,1.27,kg,ProductFlow,PURCHASED_TECHNOSPHERE_INPUT,NO,SIMULATED_PRODUCTION_CASE
http://w3id.org/protys/fixture#Load00020_Flow_TitaniumDioxide,http://w3id.org/protys/fixture#Load00020_LCIProcess,http://w3id.org/protys/fixture#Load00020_Process,http://w3id.org/protys/fixture#TitaniumDioxide,25.8,kg,ProductFlow,PURCHASED_TECHNOSPHERE_INPUT,NO,SIMULATED_PRODUCTION_CASE
http://w3id.org/protys/fixture#Load00020_Flow_AcrylicResin,http://w3id.org/protys/fixture#Load00020_LCIProcess,http://w3id.org/protys/fixture#Load00020_Process,http://w3id.org/protys/fixture#AcrylicResin,38.7,kg,ProductFlow,PURCHASED_TECHNOSPHERE_INPUT,NO,SIMULATED_PRODUCTION_CASE
http://w3id.org/protys/fixture#Load00020_Flow_Water,http://w3id.org/protys/fixture#Load00020_LCIProcess,http://w3id.org/protys/fixture#Load00020_Process,http://w3id.org/protys/fixture#Water,63.21,kg,ProductFlow,PURCHASED_TECHNOSPHERE_INPUT,NO,SIMULATED_PRODUCTION_CASE
http://w3id.org/protys/fixture#Load00020_Flow_Biocide,http://w3id.org/protys/fixture#Load00020_LCIProcess,http://w3id.org/protys/fixture#Load00020_Process,http://w3id.org/protys/fixture#Biocide,1.29,kg,ProductFlow,PURCHASED_TECHNOSPHERE_INPUT,NO,SIMULATED_PRODUCTION_CASE
http://w3id.org/protys/fixture#Load00021_Flow_TitaniumDioxide,http://w3id.org/protys/fixture#Load00021_LCIProcess,http://w3id.org/protys/fixture#Load00021_Process,http://w3id.org/protys/fixture#TitaniumDioxide,32.8,kg,ProductFlow,PURCHASED_TECHNOSPHERE_INPUT,NO,SIMULATED_PRODUCTION_CASE
http://w3id.org/protys/fixture#Load00021_Flow_AcrylicResin,http://w3id.org/protys/fixture#Load00021_LCIProcess,http://w3id.org/protys/fixture#Load00021_Process,http://w3id.org/protys/fixture#AcrylicResin,49.2,kg,ProductFlow,PURCHASED_TECHNOSPHERE_INPUT,NO,SIMULATED_PRODUCTION_CASE
http://w3id.org/protys/fixture#Load00021_Flow_Water,http://w3id.org/protys/fixture#Load00021_LCIProcess,http://w3id.org/protys/fixture#Load00021_Process,http://w3id.org/protys/fixture#Water,80.36,kg,ProductFlow,PURCHASED_TECHNOSPHERE_INPUT,NO,SIMULATED_PRODUCTION_CASE
http://w3id.org/protys/fixture#Load00021_Flow_Biocide,http://w3id.org/protys/fixture#Load00021_LCIProcess,http://w3id.org/protys/fixture#Load00021_Process,http://w3id.org/protys/fixture#Biocide,1.64,kg,ProductFlow,PURCHASED_TECHNOSPHERE_INPUT,NO,SIMULATED_PRODUCTION_CASE
http://w3id.org/protys/fixture#Load00022_Flow_TitaniumDioxide,http://w3id.org/protys/fixture#Load00022_LCIProcess,http://w3id.org/protys/fixture#Load00022_Process,http://w3id.org/protys/fixture#TitaniumDioxide,35.4,kg,ProductFlow,PURCHASED_TECHNOSPHERE_INPUT,NO,SIMULATED_PRODUCTION_CASE
http://w3id.org/protys/fixture#Load00022_Flow_AcrylicResin,http://w3id.org/protys/fixture#Load00022_LCIProcess,http://w3id.org/protys/fixture#Load00022_Process,http://w3id.org/protys/fixture#AcrylicResin,53.1,kg,ProductFlow,PURCHASED_TECHNOSPHERE_INPUT,NO,SIMULATED_PRODUCTION_CASE
http://w3id.org/protys/fixture#Load00022_Flow_Water,http://w3id.org/protys/fixture#Load00022_LCIProcess,http://w3id.org/protys/fixture#Load00022_Process,http://w3id.org/protys/fixture#Water,86.73,kg,ProductFlow,PURCHASED_TECHNOSPHERE_INPUT,NO,SIMULATED_PRODUCTION_CASE
http://w3id.org/protys/fixture#Load00022_Flow_Biocide,http://w3id.org/protys/fixture#Load00022_LCIProcess,http://w3id.org/protys/fixture#Load00022_Process,http://w3id.org/protys/fixture#Biocide,1.77,kg,ProductFlow,PURCHASED_TECHNOSPHERE_INPUT,NO,SIMULATED_PRODUCTION_CASE
http://w3id.org/protys/fixture#Load00023_Flow_TitaniumDioxide,http://w3id.org/protys/fixture#Load00023_LCIProcess,http://w3id.org/protys/fixture#Load00023_Process,http://w3id.org/protys/fixture#TitaniumDioxide,20.6,kg,ProductFlow,PURCHASED_TECHNOSPHERE_INPUT,NO,SIMULATED_PRODUCTION_CASE
http://w3id.org/protys/fixture#Load00023_Flow_AcrylicResin,http://w3id.org/protys/fixture#Load00023_LCIProcess,http://w3id.org/protys/fixture#Load00023_Process,http://w3id.org/protys/fixture#AcrylicResin,30.9,kg,ProductFlow,PURCHASED_TECHNOSPHERE_INPUT,NO,SIMULATED_PRODUCTION_CASE
http://w3id.org/protys/fixture#Load00023_Flow_Water,http://w3id.org/protys/fixture#Load00023_LCIProcess,http://w3id.org/protys/fixture#Load00023_Process,http://w3id.org/protys/fixture#Water,50.47,kg,ProductFlow,PURCHASED_TECHNOSPHERE_INPUT,NO,SIMULATED_PRODUCTION_CASE
http://w3id.org/protys/fixture#Load00023_Flow_Biocide,http://w3id.org/protys/fixture#Load00023_LCIProcess,http://w3id.org/protys/fixture#Load00023_Process,http://w3id.org/protys/fixture#Biocide,1.03,kg,ProductFlow,PURCHASED_TECHNOSPHERE_INPUT,NO,SIMULATED_PRODUCTION_CASE
http://w3id.org/protys/fixture#Load00024_Flow_TitaniumDioxide,http://w3id.org/protys/fixture#Load00024_LCIProcess,http://w3id.org/protys/fixture#Load00024_Process,http://w3id.org/protys/fixture#TitaniumDioxide,34.2,kg,ProductFlow,PURCHASED_TECHNOSPHERE_INPUT,NO,SIMULATED_PRODUCTION_CASE
http://w3id.org/protys/fixture#Load00024_Flow_AcrylicResin,http://w3id.org/protys/fixture#Load00024_LCIProcess,http://w3id.org/protys/fixture#Load00024_Process,http://w3id.org/protys/fixture#AcrylicResin,51.3,kg,ProductFlow,PURCHASED_TECHNOSPHERE_INPUT,NO,SIMULATED_PRODUCTION_CASE
http://w3id.org/protys/fixture#Load00024_Flow_Water,http://w3id.org/protys/fixture#Load00024_LCIProcess,http://w3id.org/protys/fixture#Load00024_Process,http://w3id.org/protys/fixture#Water,83.79,kg,ProductFlow,PURCHASED_TECHNOSPHERE_INPUT,NO,SIMULATED_PRODUCTION_CASE
http://w3id.org/protys/fixture#Load00024_Flow_Biocide,http://w3id.org/protys/fixture#Load00024_LCIProcess,http://w3id.org/protys/fixture#Load00024_Process,http://w3id.org/protys/fixture#Biocide,1.71,kg,ProductFlow,PURCHASED_TECHNOSPHERE_INPUT,NO,SIMULATED_PRODUCTION_CASE
http://w3id.org/protys/fixture#Load00025_Flow_TitaniumDioxide,http://w3id.org/protys/fixture#Load00025_LCIProcess,http://w3id.org/protys/fixture#Load00025_Process,http://w3id.org/protys/fixture#TitaniumDioxide,25,kg,ProductFlow,PURCHASED_TECHNOSPHERE_INPUT,NO,SIMULATED_PRODUCTION_CASE
http://w3id.org/protys/fixture#Load00025_Flow_AcrylicResin,http://w3id.org/protys/fixture#Load00025_LCIProcess,http://w3id.org/protys/fixture#Load00025_Process,http://w3id.org/protys/fixture#AcrylicResin,37.5,kg,ProductFlow,PURCHASED_TECHNOSPHERE_INPUT,NO,SIMULATED_PRODUCTION_CASE
http://w3id.org/protys/fixture#Load00025_Flow_Water,http://w3id.org/protys/fixture#Load00025_LCIProcess,http://w3id.org/protys/fixture#Load00025_Process,http://w3id.org/protys/fixture#Water,61.25,kg,ProductFlow,PURCHASED_TECHNOSPHERE_INPUT,NO,SIMULATED_PRODUCTION_CASE
http://w3id.org/protys/fixture#Load00025_Flow_Biocide,http://w3id.org/protys/fixture#Load00025_LCIProcess,http://w3id.org/protys/fixture#Load00025_Process,http://w3id.org/protys/fixture#Biocide,1.25,kg,ProductFlow,PURCHASED_TECHNOSPHERE_INPUT,NO,SIMULATED_PRODUCTION_CASE
http://w3id.org/protys/fixture#Load00026_Flow_TitaniumDioxide,http://w3id.org/protys/fixture#Load00026_LCIProcess,http://w3id.org/protys/fixture#Load00026_Process,http://w3id.org/protys/fixture#TitaniumDioxide,38.2,kg,ProductFlow,PURCHASED_TECHNOSPHERE_INPUT,NO,SIMULATED_PRODUCTION_CASE
http://w3id.org/protys/fixture#Load00026_Flow_AcrylicResin,http://w3id.org/protys/fixture#Load00026_LCIProcess,http://w3id.org/protys/fixture#Load00026_Process,http://w3id.org/protys/fixture#AcrylicResin,57.3,kg,ProductFlow,PURCHASED_TECHNOSPHERE_INPUT,NO,SIMULATED_PRODUCTION_CASE
http://w3id.org/protys/fixture#Load00026_Flow_Water,http://w3id.org/protys/fixture#Load00026_LCIProcess,http://w3id.org/protys/fixture#Load00026_Process,http://w3id.org/protys/fixture#Water,93.59,kg,ProductFlow,PURCHASED_TECHNOSPHERE_INPUT,NO,SIMULATED_PRODUCTION_CASE
http://w3id.org/protys/fixture#Load00026_Flow_Biocide,http://w3id.org/protys/fixture#Load00026_LCIProcess,http://w3id.org/protys/fixture#Load00026_Process,http://w3id.org/protys/fixture#Biocide,1.91,kg,ProductFlow,PURCHASED_TECHNOSPHERE_INPUT,NO,SIMULATED_PRODUCTION_CASE
http://w3id.org/protys/fixture#Load00027_Flow_TitaniumDioxide,http://w3id.org/protys/fixture#Load00027_LCIProcess,http://w3id.org/protys/fixture#Load00027_Process,http://w3id.org/protys/fixture#TitaniumDioxide,36.6,kg,ProductFlow,PURCHASED_TECHNOSPHERE_INPUT,NO,SIMULATED_PRODUCTION_CASE
http://w3id.org/protys/fixture#Load00027_Flow_AcrylicResin,http://w3id.org/protys/fixture#Load00027_LCIProcess,http://w3id.org/protys/fixture#Load00027_Process,http://w3id.org/protys/fixture#AcrylicResin,54.9,kg,ProductFlow,PURCHASED_TECHNOSPHERE_INPUT,NO,SIMULATED_PRODUCTION_CASE
http://w3id.org/protys/fixture#Load00027_Flow_Water,http://w3id.org/protys/fixture#Load00027_LCIProcess,http://w3id.org/protys/fixture#Load00027_Process,http://w3id.org/protys/fixture#Water,89.67,kg,ProductFlow,PURCHASED_TECHNOSPHERE_INPUT,NO,SIMULATED_PRODUCTION_CASE
http://w3id.org/protys/fixture#Load00027_Flow_Biocide,http://w3id.org/protys/fixture#Load00027_LCIProcess,http://w3id.org/protys/fixture#Load00027_Process,http://w3id.org/protys/fixture#Biocide,1.83,kg,ProductFlow,PURCHASED_TECHNOSPHERE_INPUT,NO,SIMULATED_PRODUCTION_CASE
http://w3id.org/protys/fixture#Load00028_Flow_TitaniumDioxide,http://w3id.org/protys/fixture#Load00028_LCIProcess,http://w3id.org/protys/fixture#Load00028_Process,http://w3id.org/protys/fixture#TitaniumDioxide,37.8,kg,ProductFlow,PURCHASED_TECHNOSPHERE_INPUT,NO,SIMULATED_PRODUCTION_CASE
http://w3id.org/protys/fixture#Load00028_Flow_AcrylicResin,http://w3id.org/protys/fixture#Load00028_LCIProcess,http://w3id.org/protys/fixture#Load00028_Process,http://w3id.org/protys/fixture#AcrylicResin,56.7,kg,ProductFlow,PURCHASED_TECHNOSPHERE_INPUT,NO,SIMULATED_PRODUCTION_CASE
http://w3id.org/protys/fixture#Load00028_Flow_Water,http://w3id.org/protys/fixture#Load00028_LCIProcess,http://w3id.org/protys/fixture#Load00028_Process,http://w3id.org/protys/fixture#Water,92.61,kg,ProductFlow,PURCHASED_TECHNOSPHERE_INPUT,NO,SIMULATED_PRODUCTION_CASE
http://w3id.org/protys/fixture#Load00028_Flow_Biocide,http://w3id.org/protys/fixture#Load00028_LCIProcess,http://w3id.org/protys/fixture#Load00028_Process,http://w3id.org/protys/fixture#Biocide,1.89,kg,ProductFlow,PURCHASED_TECHNOSPHERE_INPUT,NO,SIMULATED_PRODUCTION_CASE
http://w3id.org/protys/fixture#Load00029_Flow_TitaniumDioxide,http://w3id.org/protys/fixture#Load00029_LCIProcess,http://w3id.org/protys/fixture#Load00029_Process,http://w3id.org/protys/fixture#TitaniumDioxide,33.8,kg,ProductFlow,PURCHASED_TECHNOSPHERE_INPUT,NO,SIMULATED_PRODUCTION_CASE
http://w3id.org/protys/fixture#Load00029_Flow_AcrylicResin,http://w3id.org/protys/fixture#Load00029_LCIProcess,http://w3id.org/protys/fixture#Load00029_Process,http://w3id.org/protys/fixture#AcrylicResin,50.7,kg,ProductFlow,PURCHASED_TECHNOSPHERE_INPUT,NO,SIMULATED_PRODUCTION_CASE
http://w3id.org/protys/fixture#Load00029_Flow_Water,http://w3id.org/protys/fixture#Load00029_LCIProcess,http://w3id.org/protys/fixture#Load00029_Process,http://w3id.org/protys/fixture#Water,82.81,kg,ProductFlow,PURCHASED_TECHNOSPHERE_INPUT,NO,SIMULATED_PRODUCTION_CASE
http://w3id.org/protys/fixture#Load00029_Flow_Biocide,http://w3id.org/protys/fixture#Load00029_LCIProcess,http://w3id.org/protys/fixture#Load00029_Process,http://w3id.org/protys/fixture#Biocide,1.69,kg,ProductFlow,PURCHASED_TECHNOSPHERE_INPUT,NO,SIMULATED_PRODUCTION_CASE
http://w3id.org/protys/fixture#Load00030_Flow_TitaniumDioxide,http://w3id.org/protys/fixture#Load00030_LCIProcess,http://w3id.org/protys/fixture#Load00030_Process,http://w3id.org/protys/fixture#TitaniumDioxide,30.6,kg,ProductFlow,PURCHASED_TECHNOSPHERE_INPUT,NO,SIMULATED_PRODUCTION_CASE
http://w3id.org/protys/fixture#Load00030_Flow_AcrylicResin,http://w3id.org/protys/fixture#Load00030_LCIProcess,http://w3id.org/protys/fixture#Load00030_Process,http://w3id.org/protys/fixture#AcrylicResin,45.9,kg,ProductFlow,PURCHASED_TECHNOSPHERE_INPUT,NO,SIMULATED_PRODUCTION_CASE
http://w3id.org/protys/fixture#Load00030_Flow_Water,http://w3id.org/protys/fixture#Load00030_LCIProcess,http://w3id.org/protys/fixture#Load00030_Process,http://w3id.org/protys/fixture#Water,74.97,kg,ProductFlow,PURCHASED_TECHNOSPHERE_INPUT,NO,SIMULATED_PRODUCTION_CASE
http://w3id.org/protys/fixture#Load00030_Flow_Biocide,http://w3id.org/protys/fixture#Load00030_LCIProcess,http://w3id.org/protys/fixture#Load00030_Process,http://w3id.org/protys/fixture#Biocide,1.53,kg,ProductFlow,PURCHASED_TECHNOSPHERE_INPUT,NO,SIMULATED_PRODUCTION_CASE
http://w3id.org/protys/fixture#Load00031_Flow_TitaniumDioxide,http://w3id.org/protys/fixture#Load00031_LCIProcess,http://w3id.org/protys/fixture#Load00031_Process,http://w3id.org/protys/fixture#TitaniumDioxide,25.6,kg,ProductFlow,PURCHASED_TECHNOSPHERE_INPUT,NO,SIMULATED_PRODUCTION_CASE
http://w3id.org/protys/fixture#Load00031_Flow_AcrylicResin,http://w3id.org/protys/fixture#Load00031_LCIProcess,http://w3id.org/protys/fixture#Load00031_Process,http://w3id.org/protys/fixture#AcrylicResin,38.4,kg,ProductFlow,PURCHASED_TECHNOSPHERE_INPUT,NO,SIMULATED_PRODUCTION_CASE
http://w3id.org/protys/fixture#Load00031_Flow_Water,http://w3id.org/protys/fixture#Load00031_LCIProcess,http://w3id.org/protys/fixture#Load00031_Process,http://w3id.org/protys/fixture#Water,62.72,kg,ProductFlow,PURCHASED_TECHNOSPHERE_INPUT,NO,SIMULATED_PRODUCTION_CASE
http://w3id.org/protys/fixture#Load00031_Flow_Biocide,http://w3id.org/protys/fixture#Load00031_LCIProcess,http://w3id.org/protys/fixture#Load00031_Process,http://w3id.org/protys/fixture#Biocide,1.28,kg,ProductFlow,PURCHASED_TECHNOSPHERE_INPUT,NO,SIMULATED_PRODUCTION_CASE
http://w3id.org/protys/fixture#Load00032_Flow_TitaniumDioxide,http://w3id.org/protys/fixture#Load00032_LCIProcess,http://w3id.org/protys/fixture#Load00032_Process,http://w3id.org/protys/fixture#TitaniumDioxide,31.4,kg,ProductFlow,PURCHASED_TECHNOSPHERE_INPUT,NO,SIMULATED_PRODUCTION_CASE
http://w3id.org/protys/fixture#Load00032_Flow_AcrylicResin,http://w3id.org/protys/fixture#Load00032_LCIProcess,http://w3id.org/protys/fixture#Load00032_Process,http://w3id.org/protys/fixture#AcrylicResin,47.1,kg,ProductFlow,PURCHASED_TECHNOSPHERE_INPUT,NO,SIMULATED_PRODUCTION_CASE
http://w3id.org/protys/fixture#Load00032_Flow_Water,http://w3id.org/protys/fixture#Load00032_LCIProcess,http://w3id.org/protys/fixture#Load00032_Process,http://w3id.org/protys/fixture#Water,76.93,kg,ProductFlow,PURCHASED_TECHNOSPHERE_INPUT,NO,SIMULATED_PRODUCTION_CASE
http://w3id.org/protys/fixture#Load00032_Flow_Biocide,http://w3id.org/protys/fixture#Load00032_LCIProcess,http://w3id.org/protys/fixture#Load00032_Process,http://w3id.org/protys/fixture#Biocide,1.57,kg,ProductFlow,PURCHASED_TECHNOSPHERE_INPUT,NO,SIMULATED_PRODUCTION_CASE
http://w3id.org/protys/fixture#Load00033_Flow_TitaniumDioxide,http://w3id.org/protys/fixture#Load00033_LCIProcess,http://w3id.org/protys/fixture#Load00033_Process,http://w3id.org/protys/fixture#TitaniumDioxide,35,kg,ProductFlow,PURCHASED_TECHNOSPHERE_INPUT,NO,SIMULATED_PRODUCTION_CASE
http://w3id.org/protys/fixture#Load00033_Flow_AcrylicResin,http://w3id.org/protys/fixture#Load00033_LCIProcess,http://w3id.org/protys/fixture#Load00033_Process,http://w3id.org/protys/fixture#AcrylicResin,52.5,kg,ProductFlow,PURCHASED_TECHNOSPHERE_INPUT,NO,SIMULATED_PRODUCTION_CASE
http://w3id.org/protys/fixture#Load00033_Flow_Water,http://w3id.org/protys/fixture#Load00033_LCIProcess,http://w3id.org/protys/fixture#Load00033_Process,http://w3id.org/protys/fixture#Water,85.75,kg,ProductFlow,PURCHASED_TECHNOSPHERE_INPUT,NO,SIMULATED_PRODUCTION_CASE
http://w3id.org/protys/fixture#Load00033_Flow_Biocide,http://w3id.org/protys/fixture#Load00033_LCIProcess,http://w3id.org/protys/fixture#Load00033_Process,http://w3id.org/protys/fixture#Biocide,1.75,kg,ProductFlow,PURCHASED_TECHNOSPHERE_INPUT,NO,SIMULATED_PRODUCTION_CASE
http://w3id.org/protys/fixture#Load00034_Flow_TitaniumDioxide,http://w3id.org/protys/fixture#Load00034_LCIProcess,http://w3id.org/protys/fixture#Load00034_Process,http://w3id.org/protys/fixture#TitaniumDioxide,27,kg,ProductFlow,PURCHASED_TECHNOSPHERE_INPUT,NO,SIMULATED_PRODUCTION_CASE
http://w3id.org/protys/fixture#Load00034_Flow_AcrylicResin,http://w3id.org/protys/fixture#Load00034_LCIProcess,http://w3id.org/protys/fixture#Load00034_Process,http://w3id.org/protys/fixture#AcrylicResin,40.5,kg,ProductFlow,PURCHASED_TECHNOSPHERE_INPUT,NO,SIMULATED_PRODUCTION_CASE
http://w3id.org/protys/fixture#Load00034_Flow_Water,http://w3id.org/protys/fixture#Load00034_LCIProcess,http://w3id.org/protys/fixture#Load00034_Process,http://w3id.org/protys/fixture#Water,66.15,kg,ProductFlow,PURCHASED_TECHNOSPHERE_INPUT,NO,SIMULATED_PRODUCTION_CASE
http://w3id.org/protys/fixture#Load00034_Flow_Biocide,http://w3id.org/protys/fixture#Load00034_LCIProcess,http://w3id.org/protys/fixture#Load00034_Process,http://w3id.org/protys/fixture#Biocide,1.35,kg,ProductFlow,PURCHASED_TECHNOSPHERE_INPUT,NO,SIMULATED_PRODUCTION_CASE
http://w3id.org/protys/fixture#Load00035_Flow_TitaniumDioxide,http://w3id.org/protys/fixture#Load00035_LCIProcess,http://w3id.org/protys/fixture#Load00035_Process,http://w3id.org/protys/fixture#TitaniumDioxide,20,kg,ProductFlow,PURCHASED_TECHNOSPHERE_INPUT,NO,SIMULATED_PRODUCTION_CASE
http://w3id.org/protys/fixture#Load00035_Flow_AcrylicResin,http://w3id.org/protys/fixture#Load00035_LCIProcess,http://w3id.org/protys/fixture#Load00035_Process,http://w3id.org/protys/fixture#AcrylicResin,30,kg,ProductFlow,PURCHASED_TECHNOSPHERE_INPUT,NO,SIMULATED_PRODUCTION_CASE
http://w3id.org/protys/fixture#Load00035_Flow_Water,http://w3id.org/protys/fixture#Load00035_LCIProcess,http://w3id.org/protys/fixture#Load00035_Process,http://w3id.org/protys/fixture#Water,49,kg,ProductFlow,PURCHASED_TECHNOSPHERE_INPUT,NO,SIMULATED_PRODUCTION_CASE
http://w3id.org/protys/fixture#Load00035_Flow_Biocide,http://w3id.org/protys/fixture#Load00035_LCIProcess,http://w3id.org/protys/fixture#Load00035_Process,http://w3id.org/protys/fixture#Biocide,1,kg,ProductFlow,PURCHASED_TECHNOSPHERE_INPUT,NO,SIMULATED_PRODUCTION_CASE
http://w3id.org/protys/fixture#Load00036_Flow_TitaniumDioxide,http://w3id.org/protys/fixture#Load00036_LCIProcess,http://w3id.org/protys/fixture#Load00036_Process,http://w3id.org/protys/fixture#TitaniumDioxide,39.4,kg,ProductFlow,PURCHASED_TECHNOSPHERE_INPUT,NO,SIMULATED_PRODUCTION_CASE
http://w3id.org/protys/fixture#Load00036_Flow_AcrylicResin,http://w3id.org/protys/fixture#Load00036_LCIProcess,http://w3id.org/protys/fixture#Load00036_Process,http://w3id.org/protys/fixture#AcrylicResin,59.1,kg,ProductFlow,PURCHASED_TECHNOSPHERE_INPUT,NO,SIMULATED_PRODUCTION_CASE
http://w3id.org/protys/fixture#Load00036_Flow_Water,http://w3id.org/protys/fixture#Load00036_LCIProcess,http://w3id.org/protys/fixture#Load00036_Process,http://w3id.org/protys/fixture#Water,96.53,kg,ProductFlow,PURCHASED_TECHNOSPHERE_INPUT,NO,SIMULATED_PRODUCTION_CASE
http://w3id.org/protys/fixture#Load00036_Flow_Biocide,http://w3id.org/protys/fixture#Load00036_LCIProcess,http://w3id.org/protys/fixture#Load00036_Process,http://w3id.org/protys/fixture#Biocide,1.97,kg,ProductFlow,PURCHASED_TECHNOSPHERE_INPUT,NO,SIMULATED_PRODUCTION_CASE
http://w3id.org/protys/fixture#Load00037_Flow_TitaniumDioxide,http://w3id.org/protys/fixture#Load00037_LCIProcess,http://w3id.org/protys/fixture#Load00037_Process,http://w3id.org/protys/fixture#TitaniumDioxide,24,kg,ProductFlow,PURCHASED_TECHNOSPHERE_INPUT,NO,SIMULATED_PRODUCTION_CASE
http://w3id.org/protys/fixture#Load00037_Flow_AcrylicResin,http://w3id.org/protys/fixture#Load00037_LCIProcess,http://w3id.org/protys/fixture#Load00037_Process,http://w3id.org/protys/fixture#AcrylicResin,36,kg,ProductFlow,PURCHASED_TECHNOSPHERE_INPUT,NO,SIMULATED_PRODUCTION_CASE
http://w3id.org/protys/fixture#Load00037_Flow_Water,http://w3id.org/protys/fixture#Load00037_LCIProcess,http://w3id.org/protys/fixture#Load00037_Process,http://w3id.org/protys/fixture#Water,58.8,kg,ProductFlow,PURCHASED_TECHNOSPHERE_INPUT,NO,SIMULATED_PRODUCTION_CASE
http://w3id.org/protys/fixture#Load00037_Flow_Biocide,http://w3id.org/protys/fixture#Load00037_LCIProcess,http://w3id.org/protys/fixture#Load00037_Process,http://w3id.org/protys/fixture#Biocide,1.2,kg,ProductFlow,PURCHASED_TECHNOSPHERE_INPUT,NO,SIMULATED_PRODUCTION_CASE
http://w3id.org/protys/fixture#Load00038_Flow_TitaniumDioxide,http://w3id.org/protys/fixture#Load00038_LCIProcess,http://w3id.org/protys/fixture#Load00038_Process,http://w3id.org/protys/fixture#TitaniumDioxide,37.8,kg,ProductFlow,PURCHASED_TECHNOSPHERE_INPUT,NO,SIMULATED_PRODUCTION_CASE
http://w3id.org/protys/fixture#Load00038_Flow_AcrylicResin,http://w3id.org/protys/fixture#Load00038_LCIProcess,http://w3id.org/protys/fixture#Load00038_Process,http://w3id.org/protys/fixture#AcrylicResin,56.7,kg,ProductFlow,PURCHASED_TECHNOSPHERE_INPUT,NO,SIMULATED_PRODUCTION_CASE
http://w3id.org/protys/fixture#Load00038_Flow_Water,http://w3id.org/protys/fixture#Load00038_LCIProcess,http://w3id.org/protys/fixture#Load00038_Process,http://w3id.org/protys/fixture#Water,92.61,kg,ProductFlow,PURCHASED_TECHNOSPHERE_INPUT,NO,SIMULATED_PRODUCTION_CASE
http://w3id.org/protys/fixture#Load00038_Flow_Biocide,http://w3id.org/protys/fixture#Load00038_LCIProcess,http://w3id.org/protys/fixture#Load00038_Process,http://w3id.org/protys/fixture#Biocide,1.89,kg,ProductFlow,PURCHASED_TECHNOSPHERE_INPUT,NO,SIMULATED_PRODUCTION_CASE
http://w3id.org/protys/fixture#Load00039_Flow_TitaniumDioxide,http://w3id.org/protys/fixture#Load00039_LCIProcess,http://w3id.org/protys/fixture#Load00039_Process,http://w3id.org/protys/fixture#TitaniumDioxide,30.8,kg,ProductFlow,PURCHASED_TECHNOSPHERE_INPUT,NO,SIMULATED_PRODUCTION_CASE
http://w3id.org/protys/fixture#Load00039_Flow_AcrylicResin,http://w3id.org/protys/fixture#Load00039_LCIProcess,http://w3id.org/protys/fixture#Load00039_Process,http://w3id.org/protys/fixture#AcrylicResin,46.2,kg,ProductFlow,PURCHASED_TECHNOSPHERE_INPUT,NO,SIMULATED_PRODUCTION_CASE
http://w3id.org/protys/fixture#Load00039_Flow_Water,http://w3id.org/protys/fixture#Load00039_LCIProcess,http://w3id.org/protys/fixture#Load00039_Process,http://w3id.org/protys/fixture#Water,75.46,kg,ProductFlow,PURCHASED_TECHNOSPHERE_INPUT,NO,SIMULATED_PRODUCTION_CASE
http://w3id.org/protys/fixture#Load00039_Flow_Biocide,http://w3id.org/protys/fixture#Load00039_LCIProcess,http://w3id.org/protys/fixture#Load00039_Process,http://w3id.org/protys/fixture#Biocide,1.54,kg,ProductFlow,PURCHASED_TECHNOSPHERE_INPUT,NO,SIMULATED_PRODUCTION_CASE
http://w3id.org/protys/fixture#Load00040_Flow_TitaniumDioxide,http://w3id.org/protys/fixture#Load00040_LCIProcess,http://w3id.org/protys/fixture#Load00040_Process,http://w3id.org/protys/fixture#TitaniumDioxide,28.6,kg,ProductFlow,PURCHASED_TECHNOSPHERE_INPUT,NO,SIMULATED_PRODUCTION_CASE
http://w3id.org/protys/fixture#Load00040_Flow_AcrylicResin,http://w3id.org/protys/fixture#Load00040_LCIProcess,http://w3id.org/protys/fixture#Load00040_Process,http://w3id.org/protys/fixture#AcrylicResin,42.9,kg,ProductFlow,PURCHASED_TECHNOSPHERE_INPUT,NO,SIMULATED_PRODUCTION_CASE
http://w3id.org/protys/fixture#Load00040_Flow_Water,http://w3id.org/protys/fixture#Load00040_LCIProcess,http://w3id.org/protys/fixture#Load00040_Process,http://w3id.org/protys/fixture#Water,70.07,kg,ProductFlow,PURCHASED_TECHNOSPHERE_INPUT,NO,SIMULATED_PRODUCTION_CASE
http://w3id.org/protys/fixture#Load00040_Flow_Biocide,http://w3id.org/protys/fixture#Load00040_LCIProcess,http://w3id.org/protys/fixture#Load00040_Process,http://w3id.org/protys/fixture#Biocide,1.43,kg,ProductFlow,PURCHASED_TECHNOSPHERE_INPUT,NO,SIMULATED_PRODUCTION_CASE
http://w3id.org/protys/fixture#Load00041_Flow_TitaniumDioxide,http://w3id.org/protys/fixture#Load00041_LCIProcess,http://w3id.org/protys/fixture#Load00041_Process,http://w3id.org/protys/fixture#TitaniumDioxide,27,kg,ProductFlow,PURCHASED_TECHNOSPHERE_INPUT,NO,SIMULATED_PRODUCTION_CASE
http://w3id.org/protys/fixture#Load00041_Flow_AcrylicResin,http://w3id.org/protys/fixture#Load00041_LCIProcess,http://w3id.org/protys/fixture#Load00041_Process,http://w3id.org/protys/fixture#AcrylicResin,40.5,kg,ProductFlow,PURCHASED_TECHNOSPHERE_INPUT,NO,SIMULATED_PRODUCTION_CASE
http://w3id.org/protys/fixture#Load00041_Flow_Water,http://w3id.org/protys/fixture#Load00041_LCIProcess,http://w3id.org/protys/fixture#Load00041_Process,http://w3id.org/protys/fixture#Water,66.15,kg,ProductFlow,PURCHASED_TECHNOSPHERE_INPUT,NO,SIMULATED_PRODUCTION_CASE
http://w3id.org/protys/fixture#Load00041_Flow_Biocide,http://w3id.org/protys/fixture#Load00041_LCIProcess,http://w3id.org/protys/fixture#Load00041_Process,http://w3id.org/protys/fixture#Biocide,1.35,kg,ProductFlow,PURCHASED_TECHNOSPHERE_INPUT,NO,SIMULATED_PRODUCTION_CASE
http://w3id.org/protys/fixture#Load00042_Flow_TitaniumDioxide,http://w3id.org/protys/fixture#Load00042_LCIProcess,http://w3id.org/protys/fixture#Load00042_Process,http://w3id.org/protys/fixture#TitaniumDioxide,23.8,kg,ProductFlow,PURCHASED_TECHNOSPHERE_INPUT,NO,SIMULATED_PRODUCTION_CASE
http://w3id.org/protys/fixture#Load00042_Flow_AcrylicResin,http://w3id.org/protys/fixture#Load00042_LCIProcess,http://w3id.org/protys/fixture#Load00042_Process,http://w3id.org/protys/fixture#AcrylicResin,35.7,kg,ProductFlow,PURCHASED_TECHNOSPHERE_INPUT,NO,SIMULATED_PRODUCTION_CASE
http://w3id.org/protys/fixture#Load00042_Flow_Water,http://w3id.org/protys/fixture#Load00042_LCIProcess,http://w3id.org/protys/fixture#Load00042_Process,http://w3id.org/protys/fixture#Water,58.31,kg,ProductFlow,PURCHASED_TECHNOSPHERE_INPUT,NO,SIMULATED_PRODUCTION_CASE
http://w3id.org/protys/fixture#Load00042_Flow_Biocide,http://w3id.org/protys/fixture#Load00042_LCIProcess,http://w3id.org/protys/fixture#Load00042_Process,http://w3id.org/protys/fixture#Biocide,1.19,kg,ProductFlow,PURCHASED_TECHNOSPHERE_INPUT,NO,SIMULATED_PRODUCTION_CASE
http://w3id.org/protys/fixture#Load00043_Flow_TitaniumDioxide,http://w3id.org/protys/fixture#Load00043_LCIProcess,http://w3id.org/protys/fixture#Load00043_Process,http://w3id.org/protys/fixture#TitaniumDioxide,25.4,kg,ProductFlow,PURCHASED_TECHNOSPHERE_INPUT,NO,SIMULATED_PRODUCTION_CASE
http://w3id.org/protys/fixture#Load00043_Flow_AcrylicResin,http://w3id.org/protys/fixture#Load00043_LCIProcess,http://w3id.org/protys/fixture#Load00043_Process,http://w3id.org/protys/fixture#AcrylicResin,38.1,kg,ProductFlow,PURCHASED_TECHNOSPHERE_INPUT,NO,SIMULATED_PRODUCTION_CASE
http://w3id.org/protys/fixture#Load00043_Flow_Water,http://w3id.org/protys/fixture#Load00043_LCIProcess,http://w3id.org/protys/fixture#Load00043_Process,http://w3id.org/protys/fixture#Water,62.23,kg,ProductFlow,PURCHASED_TECHNOSPHERE_INPUT,NO,SIMULATED_PRODUCTION_CASE
http://w3id.org/protys/fixture#Load00043_Flow_Biocide,http://w3id.org/protys/fixture#Load00043_LCIProcess,http://w3id.org/protys/fixture#Load00043_Process,http://w3id.org/protys/fixture#Biocide,1.27,kg,ProductFlow,PURCHASED_TECHNOSPHERE_INPUT,NO,SIMULATED_PRODUCTION_CASE
http://w3id.org/protys/fixture#Load00044_Flow_TitaniumDioxide,http://w3id.org/protys/fixture#Load00044_LCIProcess,http://w3id.org/protys/fixture#Load00044_Process,http://w3id.org/protys/fixture#TitaniumDioxide,39.4,kg,ProductFlow,PURCHASED_TECHNOSPHERE_INPUT,NO,SIMULATED_PRODUCTION_CASE
http://w3id.org/protys/fixture#Load00044_Flow_AcrylicResin,http://w3id.org/protys/fixture#Load00044_LCIProcess,http://w3id.org/protys/fixture#Load00044_Process,http://w3id.org/protys/fixture#AcrylicResin,59.1,kg,ProductFlow,PURCHASED_TECHNOSPHERE_INPUT,NO,SIMULATED_PRODUCTION_CASE
http://w3id.org/protys/fixture#Load00044_Flow_Water,http://w3id.org/protys/fixture#Load00044_LCIProcess,http://w3id.org/protys/fixture#Load00044_Process,http://w3id.org/protys/fixture#Water,96.53,kg,ProductFlow,PURCHASED_TECHNOSPHERE_INPUT,NO,SIMULATED_PRODUCTION_CASE
http://w3id.org/protys/fixture#Load00044_Flow_Biocide,http://w3id.org/protys/fixture#Load00044_LCIProcess,http://w3id.org/protys/fixture#Load00044_Process,http://w3id.org/protys/fixture#Biocide,1.97,kg,ProductFlow,PURCHASED_TECHNOSPHERE_INPUT,NO,SIMULATED_PRODUCTION_CASE
http://w3id.org/protys/fixture#Load00045_Flow_TitaniumDioxide,http://w3id.org/protys/fixture#Load00045_LCIProcess,http://w3id.org/protys/fixture#Load00045_Process,http://w3id.org/protys/fixture#TitaniumDioxide,28.6,kg,ProductFlow,PURCHASED_TECHNOSPHERE_INPUT,NO,SIMULATED_PRODUCTION_CASE
http://w3id.org/protys/fixture#Load00045_Flow_AcrylicResin,http://w3id.org/protys/fixture#Load00045_LCIProcess,http://w3id.org/protys/fixture#Load00045_Process,http://w3id.org/protys/fixture#AcrylicResin,42.9,kg,ProductFlow,PURCHASED_TECHNOSPHERE_INPUT,NO,SIMULATED_PRODUCTION_CASE
http://w3id.org/protys/fixture#Load00045_Flow_Water,http://w3id.org/protys/fixture#Load00045_LCIProcess,http://w3id.org/protys/fixture#Load00045_Process,http://w3id.org/protys/fixture#Water,70.07,kg,ProductFlow,PURCHASED_TECHNOSPHERE_INPUT,NO,SIMULATED_PRODUCTION_CASE
http://w3id.org/protys/fixture#Load00045_Flow_Biocide,http://w3id.org/protys/fixture#Load00045_LCIProcess,http://w3id.org/protys/fixture#Load00045_Process,http://w3id.org/protys/fixture#Biocide,1.43,kg,ProductFlow,PURCHASED_TECHNOSPHERE_INPUT,NO,SIMULATED_PRODUCTION_CASE
http://w3id.org/protys/fixture#Load00046_Flow_TitaniumDioxide,http://w3id.org/protys/fixture#Load00046_LCIProcess,http://w3id.org/protys/fixture#Load00046_Process,http://w3id.org/protys/fixture#TitaniumDioxide,22.6,kg,ProductFlow,PURCHASED_TECHNOSPHERE_INPUT,NO,SIMULATED_PRODUCTION_CASE
http://w3id.org/protys/fixture#Load00046_Flow_AcrylicResin,http://w3id.org/protys/fixture#Load00046_LCIProcess,http://w3id.org/protys/fixture#Load00046_Process,http://w3id.org/protys/fixture#AcrylicResin,33.9,kg,ProductFlow,PURCHASED_TECHNOSPHERE_INPUT,NO,SIMULATED_PRODUCTION_CASE
http://w3id.org/protys/fixture#Load00046_Flow_Water,http://w3id.org/protys/fixture#Load00046_LCIProcess,http://w3id.org/protys/fixture#Load00046_Process,http://w3id.org/protys/fixture#Water,55.37,kg,ProductFlow,PURCHASED_TECHNOSPHERE_INPUT,NO,SIMULATED_PRODUCTION_CASE
http://w3id.org/protys/fixture#Load00046_Flow_Biocide,http://w3id.org/protys/fixture#Load00046_LCIProcess,http://w3id.org/protys/fixture#Load00046_Process,http://w3id.org/protys/fixture#Biocide,1.13,kg,ProductFlow,PURCHASED_TECHNOSPHERE_INPUT,NO,SIMULATED_PRODUCTION_CASE
http://w3id.org/protys/fixture#Load00047_Flow_TitaniumDioxide,http://w3id.org/protys/fixture#Load00047_LCIProcess,http://w3id.org/protys/fixture#Load00047_Process,http://w3id.org/protys/fixture#TitaniumDioxide,22.2,kg,ProductFlow,PURCHASED_TECHNOSPHERE_INPUT,NO,SIMULATED_PRODUCTION_CASE
http://w3id.org/protys/fixture#Load00047_Flow_AcrylicResin,http://w3id.org/protys/fixture#Load00047_LCIProcess,http://w3id.org/protys/fixture#Load00047_Process,http://w3id.org/protys/fixture#AcrylicResin,33.3,kg,ProductFlow,PURCHASED_TECHNOSPHERE_INPUT,NO,SIMULATED_PRODUCTION_CASE
http://w3id.org/protys/fixture#Load00047_Flow_Water,http://w3id.org/protys/fixture#Load00047_LCIProcess,http://w3id.org/protys/fixture#Load00047_Process,http://w3id.org/protys/fixture#Water,54.39,kg,ProductFlow,PURCHASED_TECHNOSPHERE_INPUT,NO,SIMULATED_PRODUCTION_CASE
http://w3id.org/protys/fixture#Load00047_Flow_Biocide,http://w3id.org/protys/fixture#Load00047_LCIProcess,http://w3id.org/protys/fixture#Load00047_Process,http://w3id.org/protys/fixture#Biocide,1.11,kg,ProductFlow,PURCHASED_TECHNOSPHERE_INPUT,NO,SIMULATED_PRODUCTION_CASE
http://w3id.org/protys/fixture#Load00048_Flow_TitaniumDioxide,http://w3id.org/protys/fixture#Load00048_LCIProcess,http://w3id.org/protys/fixture#Load00048_Process,http://w3id.org/protys/fixture#TitaniumDioxide,29.6,kg,ProductFlow,PURCHASED_TECHNOSPHERE_INPUT,NO,SIMULATED_PRODUCTION_CASE
http://w3id.org/protys/fixture#Load00048_Flow_AcrylicResin,http://w3id.org/protys/fixture#Load00048_LCIProcess,http://w3id.org/protys/fixture#Load00048_Process,http://w3id.org/protys/fixture#AcrylicResin,44.4,kg,ProductFlow,PURCHASED_TECHNOSPHERE_INPUT,NO,SIMULATED_PRODUCTION_CASE
http://w3id.org/protys/fixture#Load00048_Flow_Water,http://w3id.org/protys/fixture#Load00048_LCIProcess,http://w3id.org/protys/fixture#Load00048_Process,http://w3id.org/protys/fixture#Water,72.52,kg,ProductFlow,PURCHASED_TECHNOSPHERE_INPUT,NO,SIMULATED_PRODUCTION_CASE
http://w3id.org/protys/fixture#Load00048_Flow_Biocide,http://w3id.org/protys/fixture#Load00048_LCIProcess,http://w3id.org/protys/fixture#Load00048_Process,http://w3id.org/protys/fixture#Biocide,1.48,kg,ProductFlow,PURCHASED_TECHNOSPHERE_INPUT,NO,SIMULATED_PRODUCTION_CASE
http://w3id.org/protys/fixture#Load00049_Flow_TitaniumDioxide,http://w3id.org/protys/fixture#Load00049_LCIProcess,http://w3id.org/protys/fixture#Load00049_Process,http://w3id.org/protys/fixture#TitaniumDioxide,22.4,kg,ProductFlow,PURCHASED_TECHNOSPHERE_INPUT,NO,SIMULATED_PRODUCTION_CASE
http://w3id.org/protys/fixture#Load00049_Flow_AcrylicResin,http://w3id.org/protys/fixture#Load00049_LCIProcess,http://w3id.org/protys/fixture#Load00049_Process,http://w3id.org/protys/fixture#AcrylicResin,33.6,kg,ProductFlow,PURCHASED_TECHNOSPHERE_INPUT,NO,SIMULATED_PRODUCTION_CASE
http://w3id.org/protys/fixture#Load00049_Flow_Water,http://w3id.org/protys/fixture#Load00049_LCIProcess,http://w3id.org/protys/fixture#Load00049_Process,http://w3id.org/protys/fixture#Water,54.88,kg,ProductFlow,PURCHASED_TECHNOSPHERE_INPUT,NO,SIMULATED_PRODUCTION_CASE
http://w3id.org/protys/fixture#Load00049_Flow_Biocide,http://w3id.org/protys/fixture#Load00049_LCIProcess,http://w3id.org/protys/fixture#Load00049_Process,http://w3id.org/protys/fixture#Biocide,1.12,kg,ProductFlow,PURCHASED_TECHNOSPHERE_INPUT,NO,SIMULATED_PRODUCTION_CASE
http://w3id.org/protys/fixture#Load00050_Flow_TitaniumDioxide,http://w3id.org/protys/fixture#Load00050_LCIProcess,http://w3id.org/protys/fixture#Load00050_Process,http://w3id.org/protys/fixture#TitaniumDioxide,29,kg,ProductFlow,PURCHASED_TECHNOSPHERE_INPUT,NO,SIMULATED_PRODUCTION_CASE
http://w3id.org/protys/fixture#Load00050_Flow_AcrylicResin,http://w3id.org/protys/fixture#Load00050_LCIProcess,http://w3id.org/protys/fixture#Load00050_Process,http://w3id.org/protys/fixture#AcrylicResin,43.5,kg,ProductFlow,PURCHASED_TECHNOSPHERE_INPUT,NO,SIMULATED_PRODUCTION_CASE
http://w3id.org/protys/fixture#Load00050_Flow_Water,http://w3id.org/protys/fixture#Load00050_LCIProcess,http://w3id.org/protys/fixture#Load00050_Process,http://w3id.org/protys/fixture#Water,71.05,kg,ProductFlow,PURCHASED_TECHNOSPHERE_INPUT,NO,SIMULATED_PRODUCTION_CASE
http://w3id.org/protys/fixture#Load00050_Flow_Biocide,http://w3id.org/protys/fixture#Load00050_LCIProcess,http://w3id.org/protys/fixture#Load00050_Process,http://w3id.org/protys/fixture#Biocide,1.45,kg,ProductFlow,PURCHASED_TECHNOSPHERE_INPUT,NO,SIMULATED_PRODUCTION_CASE
http://w3id.org/protys/fixture#Load00051_Flow_TitaniumDioxide,http://w3id.org/protys/fixture#Load00051_LCIProcess,http://w3id.org/protys/fixture#Load00051_Process,http://w3id.org/protys/fixture#TitaniumDioxide,28.8,kg,ProductFlow,PURCHASED_TECHNOSPHERE_INPUT,NO,SIMULATED_PRODUCTION_CASE
http://w3id.org/protys/fixture#Load00051_Flow_AcrylicResin,http://w3id.org/protys/fixture#Load00051_LCIProcess,http://w3id.org/protys/fixture#Load00051_Process,http://w3id.org/protys/fixture#AcrylicResin,43.2,kg,ProductFlow,PURCHASED_TECHNOSPHERE_INPUT,NO,SIMULATED_PRODUCTION_CASE
http://w3id.org/protys/fixture#Load00051_Flow_Water,http://w3id.org/protys/fixture#Load00051_LCIProcess,http://w3id.org/protys/fixture#Load00051_Process,http://w3id.org/protys/fixture#Water,70.56,kg,ProductFlow,PURCHASED_TECHNOSPHERE_INPUT,NO,SIMULATED_PRODUCTION_CASE
http://w3id.org/protys/fixture#Load00051_Flow_Biocide,http://w3id.org/protys/fixture#Load00051_LCIProcess,http://w3id.org/protys/fixture#Load00051_Process,http://w3id.org/protys/fixture#Biocide,1.44,kg,ProductFlow,PURCHASED_TECHNOSPHERE_INPUT,NO,SIMULATED_PRODUCTION_CASE
http://w3id.org/protys/fixture#Load00052_Flow_TitaniumDioxide,http://w3id.org/protys/fixture#Load00052_LCIProcess,http://w3id.org/protys/fixture#Load00052_Process,http://w3id.org/protys/fixture#TitaniumDioxide,35.4,kg,ProductFlow,PURCHASED_TECHNOSPHERE_INPUT,NO,SIMULATED_PRODUCTION_CASE
http://w3id.org/protys/fixture#Load00052_Flow_AcrylicResin,http://w3id.org/protys/fixture#Load00052_LCIProcess,http://w3id.org/protys/fixture#Load00052_Process,http://w3id.org/protys/fixture#AcrylicResin,53.1,kg,ProductFlow,PURCHASED_TECHNOSPHERE_INPUT,NO,SIMULATED_PRODUCTION_CASE
http://w3id.org/protys/fixture#Load00052_Flow_Water,http://w3id.org/protys/fixture#Load00052_LCIProcess,http://w3id.org/protys/fixture#Load00052_Process,http://w3id.org/protys/fixture#Water,86.73,kg,ProductFlow,PURCHASED_TECHNOSPHERE_INPUT,NO,SIMULATED_PRODUCTION_CASE
http://w3id.org/protys/fixture#Load00052_Flow_Biocide,http://w3id.org/protys/fixture#Load00052_LCIProcess,http://w3id.org/protys/fixture#Load00052_Process,http://w3id.org/protys/fixture#Biocide,1.77,kg,ProductFlow,PURCHASED_TECHNOSPHERE_INPUT,NO,SIMULATED_PRODUCTION_CASE
http://w3id.org/protys/fixture#Load00053_Flow_TitaniumDioxide,http://w3id.org/protys/fixture#Load00053_LCIProcess,http://w3id.org/protys/fixture#Load00053_Process,http://w3id.org/protys/fixture#TitaniumDioxide,26.6,kg,ProductFlow,PURCHASED_TECHNOSPHERE_INPUT,NO,SIMULATED_PRODUCTION_CASE
http://w3id.org/protys/fixture#Load00053_Flow_AcrylicResin,http://w3id.org/protys/fixture#Load00053_LCIProcess,http://w3id.org/protys/fixture#Load00053_Process,http://w3id.org/protys/fixture#AcrylicResin,39.9,kg,ProductFlow,PURCHASED_TECHNOSPHERE_INPUT,NO,SIMULATED_PRODUCTION_CASE
http://w3id.org/protys/fixture#Load00053_Flow_Water,http://w3id.org/protys/fixture#Load00053_LCIProcess,http://w3id.org/protys/fixture#Load00053_Process,http://w3id.org/protys/fixture#Water,65.17,kg,ProductFlow,PURCHASED_TECHNOSPHERE_INPUT,NO,SIMULATED_PRODUCTION_CASE
http://w3id.org/protys/fixture#Load00053_Flow_Biocide,http://w3id.org/protys/fixture#Load00053_LCIProcess,http://w3id.org/protys/fixture#Load00053_Process,http://w3id.org/protys/fixture#Biocide,1.33,kg,ProductFlow,PURCHASED_TECHNOSPHERE_INPUT,NO,SIMULATED_PRODUCTION_CASE
http://w3id.org/protys/fixture#Load00054_Flow_TitaniumDioxide,http://w3id.org/protys/fixture#Load00054_LCIProcess,http://w3id.org/protys/fixture#Load00054_Process,http://w3id.org/protys/fixture#TitaniumDioxide,21,kg,ProductFlow,PURCHASED_TECHNOSPHERE_INPUT,NO,SIMULATED_PRODUCTION_CASE
http://w3id.org/protys/fixture#Load00054_Flow_AcrylicResin,http://w3id.org/protys/fixture#Load00054_LCIProcess,http://w3id.org/protys/fixture#Load00054_Process,http://w3id.org/protys/fixture#AcrylicResin,31.5,kg,ProductFlow,PURCHASED_TECHNOSPHERE_INPUT,NO,SIMULATED_PRODUCTION_CASE
http://w3id.org/protys/fixture#Load00054_Flow_Water,http://w3id.org/protys/fixture#Load00054_LCIProcess,http://w3id.org/protys/fixture#Load00054_Process,http://w3id.org/protys/fixture#Water,51.45,kg,ProductFlow,PURCHASED_TECHNOSPHERE_INPUT,NO,SIMULATED_PRODUCTION_CASE
http://w3id.org/protys/fixture#Load00054_Flow_Biocide,http://w3id.org/protys/fixture#Load00054_LCIProcess,http://w3id.org/protys/fixture#Load00054_Process,http://w3id.org/protys/fixture#Biocide,1.05,kg,ProductFlow,PURCHASED_TECHNOSPHERE_INPUT,NO,SIMULATED_PRODUCTION_CASE
http://w3id.org/protys/fixture#Load00055_Flow_TitaniumDioxide,http://w3id.org/protys/fixture#Load00055_LCIProcess,http://w3id.org/protys/fixture#Load00055_Process,http://w3id.org/protys/fixture#TitaniumDioxide,38.6,kg,ProductFlow,PURCHASED_TECHNOSPHERE_INPUT,NO,SIMULATED_PRODUCTION_CASE
http://w3id.org/protys/fixture#Load00055_Flow_AcrylicResin,http://w3id.org/protys/fixture#Load00055_LCIProcess,http://w3id.org/protys/fixture#Load00055_Process,http://w3id.org/protys/fixture#AcrylicResin,57.9,kg,ProductFlow,PURCHASED_TECHNOSPHERE_INPUT,NO,SIMULATED_PRODUCTION_CASE
http://w3id.org/protys/fixture#Load00055_Flow_Water,http://w3id.org/protys/fixture#Load00055_LCIProcess,http://w3id.org/protys/fixture#Load00055_Process,http://w3id.org/protys/fixture#Water,94.57,kg,ProductFlow,PURCHASED_TECHNOSPHERE_INPUT,NO,SIMULATED_PRODUCTION_CASE
http://w3id.org/protys/fixture#Load00055_Flow_Biocide,http://w3id.org/protys/fixture#Load00055_LCIProcess,http://w3id.org/protys/fixture#Load00055_Process,http://w3id.org/protys/fixture#Biocide,1.93,kg,ProductFlow,PURCHASED_TECHNOSPHERE_INPUT,NO,SIMULATED_PRODUCTION_CASE
http://w3id.org/protys/fixture#Load00056_Flow_TitaniumDioxide,http://w3id.org/protys/fixture#Load00056_LCIProcess,http://w3id.org/protys/fixture#Load00056_Process,http://w3id.org/protys/fixture#TitaniumDioxide,31.6,kg,ProductFlow,PURCHASED_TECHNOSPHERE_INPUT,NO,SIMULATED_PRODUCTION_CASE
http://w3id.org/protys/fixture#Load00056_Flow_AcrylicResin,http://w3id.org/protys/fixture#Load00056_LCIProcess,http://w3id.org/protys/fixture#Load00056_Process,http://w3id.org/protys/fixture#AcrylicResin,47.4,kg,ProductFlow,PURCHASED_TECHNOSPHERE_INPUT,NO,SIMULATED_PRODUCTION_CASE
http://w3id.org/protys/fixture#Load00056_Flow_Water,http://w3id.org/protys/fixture#Load00056_LCIProcess,http://w3id.org/protys/fixture#Load00056_Process,http://w3id.org/protys/fixture#Water,77.42,kg,ProductFlow,PURCHASED_TECHNOSPHERE_INPUT,NO,SIMULATED_PRODUCTION_CASE
http://w3id.org/protys/fixture#Load00056_Flow_Biocide,http://w3id.org/protys/fixture#Load00056_LCIProcess,http://w3id.org/protys/fixture#Load00056_Process,http://w3id.org/protys/fixture#Biocide,1.58,kg,ProductFlow,PURCHASED_TECHNOSPHERE_INPUT,NO,SIMULATED_PRODUCTION_CASE
http://w3id.org/protys/fixture#Load00057_Flow_TitaniumDioxide,http://w3id.org/protys/fixture#Load00057_LCIProcess,http://w3id.org/protys/fixture#Load00057_Process,http://w3id.org/protys/fixture#TitaniumDioxide,33.6,kg,ProductFlow,PURCHASED_TECHNOSPHERE_INPUT,NO,SIMULATED_PRODUCTION_CASE
http://w3id.org/protys/fixture#Load00057_Flow_AcrylicResin,http://w3id.org/protys/fixture#Load00057_LCIProcess,http://w3id.org/protys/fixture#Load00057_Process,http://w3id.org/protys/fixture#AcrylicResin,50.4,kg,ProductFlow,PURCHASED_TECHNOSPHERE_INPUT,NO,SIMULATED_PRODUCTION_CASE
http://w3id.org/protys/fixture#Load00057_Flow_Water,http://w3id.org/protys/fixture#Load00057_LCIProcess,http://w3id.org/protys/fixture#Load00057_Process,http://w3id.org/protys/fixture#Water,82.32,kg,ProductFlow,PURCHASED_TECHNOSPHERE_INPUT,NO,SIMULATED_PRODUCTION_CASE
http://w3id.org/protys/fixture#Load00057_Flow_Biocide,http://w3id.org/protys/fixture#Load00057_LCIProcess,http://w3id.org/protys/fixture#Load00057_Process,http://w3id.org/protys/fixture#Biocide,1.68,kg,ProductFlow,PURCHASED_TECHNOSPHERE_INPUT,NO,SIMULATED_PRODUCTION_CASE
http://w3id.org/protys/fixture#Load00058_Flow_TitaniumDioxide,http://w3id.org/protys/fixture#Load00058_LCIProcess,http://w3id.org/protys/fixture#Load00058_Process,http://w3id.org/protys/fixture#TitaniumDioxide,23,kg,ProductFlow,PURCHASED_TECHNOSPHERE_INPUT,NO,SIMULATED_PRODUCTION_CASE
http://w3id.org/protys/fixture#Load00058_Flow_AcrylicResin,http://w3id.org/protys/fixture#Load00058_LCIProcess,http://w3id.org/protys/fixture#Load00058_Process,http://w3id.org/protys/fixture#AcrylicResin,34.5,kg,ProductFlow,PURCHASED_TECHNOSPHERE_INPUT,NO,SIMULATED_PRODUCTION_CASE
http://w3id.org/protys/fixture#Load00058_Flow_Water,http://w3id.org/protys/fixture#Load00058_LCIProcess,http://w3id.org/protys/fixture#Load00058_Process,http://w3id.org/protys/fixture#Water,56.35,kg,ProductFlow,PURCHASED_TECHNOSPHERE_INPUT,NO,SIMULATED_PRODUCTION_CASE
http://w3id.org/protys/fixture#Load00058_Flow_Biocide,http://w3id.org/protys/fixture#Load00058_LCIProcess,http://w3id.org/protys/fixture#Load00058_Process,http://w3id.org/protys/fixture#Biocide,1.15,kg,ProductFlow,PURCHASED_TECHNOSPHERE_INPUT,NO,SIMULATED_PRODUCTION_CASE
http://w3id.org/protys/fixture#Load00059_Flow_TitaniumDioxide,http://w3id.org/protys/fixture#Load00059_LCIProcess,http://w3id.org/protys/fixture#Load00059_Process,http://w3id.org/protys/fixture#TitaniumDioxide,29.6,kg,ProductFlow,PURCHASED_TECHNOSPHERE_INPUT,NO,SIMULATED_PRODUCTION_CASE
http://w3id.org/protys/fixture#Load00059_Flow_AcrylicResin,http://w3id.org/protys/fixture#Load00059_LCIProcess,http://w3id.org/protys/fixture#Load00059_Process,http://w3id.org/protys/fixture#AcrylicResin,44.4,kg,ProductFlow,PURCHASED_TECHNOSPHERE_INPUT,NO,SIMULATED_PRODUCTION_CASE
http://w3id.org/protys/fixture#Load00059_Flow_Water,http://w3id.org/protys/fixture#Load00059_LCIProcess,http://w3id.org/protys/fixture#Load00059_Process,http://w3id.org/protys/fixture#Water,72.52,kg,ProductFlow,PURCHASED_TECHNOSPHERE_INPUT,NO,SIMULATED_PRODUCTION_CASE
http://w3id.org/protys/fixture#Load00059_Flow_Biocide,http://w3id.org/protys/fixture#Load00059_LCIProcess,http://w3id.org/protys/fixture#Load00059_Process,http://w3id.org/protys/fixture#Biocide,1.48,kg,ProductFlow,PURCHASED_TECHNOSPHERE_INPUT,NO,SIMULATED_PRODUCTION_CASE
http://w3id.org/protys/fixture#Load00060_Flow_TitaniumDioxide,http://w3id.org/protys/fixture#Load00060_LCIProcess,http://w3id.org/protys/fixture#Load00060_Process,http://w3id.org/protys/fixture#TitaniumDioxide,22,kg,ProductFlow,PURCHASED_TECHNOSPHERE_INPUT,NO,SIMULATED_PRODUCTION_CASE
http://w3id.org/protys/fixture#Load00060_Flow_AcrylicResin,http://w3id.org/protys/fixture#Load00060_LCIProcess,http://w3id.org/protys/fixture#Load00060_Process,http://w3id.org/protys/fixture#AcrylicResin,33,kg,ProductFlow,PURCHASED_TECHNOSPHERE_INPUT,NO,SIMULATED_PRODUCTION_CASE
http://w3id.org/protys/fixture#Load00060_Flow_Water,http://w3id.org/protys/fixture#Load00060_LCIProcess,http://w3id.org/protys/fixture#Load00060_Process,http://w3id.org/protys/fixture#Water,53.9,kg,ProductFlow,PURCHASED_TECHNOSPHERE_INPUT,NO,SIMULATED_PRODUCTION_CASE
http://w3id.org/protys/fixture#Load00060_Flow_Biocide,http://w3id.org/protys/fixture#Load00060_LCIProcess,http://w3id.org/protys/fixture#Load00060_Process,http://w3id.org/protys/fixture#Biocide,1.1,kg,ProductFlow,PURCHASED_TECHNOSPHERE_INPUT,NO,SIMULATED_PRODUCTION_CASE
http://w3id.org/protys/fixture#Load00061_Flow_TitaniumDioxide,http://w3id.org/protys/fixture#Load00061_LCIProcess,http://w3id.org/protys/fixture#Load00061_Process,http://w3id.org/protys/fixture#TitaniumDioxide,34,kg,ProductFlow,PURCHASED_TECHNOSPHERE_INPUT,NO,SIMULATED_PRODUCTION_CASE
http://w3id.org/protys/fixture#Load00061_Flow_AcrylicResin,http://w3id.org/protys/fixture#Load00061_LCIProcess,http://w3id.org/protys/fixture#Load00061_Process,http://w3id.org/protys/fixture#AcrylicResin,51,kg,ProductFlow,PURCHASED_TECHNOSPHERE_INPUT,NO,SIMULATED_PRODUCTION_CASE
http://w3id.org/protys/fixture#Load00061_Flow_Water,http://w3id.org/protys/fixture#Load00061_LCIProcess,http://w3id.org/protys/fixture#Load00061_Process,http://w3id.org/protys/fixture#Water,83.3,kg,ProductFlow,PURCHASED_TECHNOSPHERE_INPUT,NO,SIMULATED_PRODUCTION_CASE
http://w3id.org/protys/fixture#Load00061_Flow_Biocide,http://w3id.org/protys/fixture#Load00061_LCIProcess,http://w3id.org/protys/fixture#Load00061_Process,http://w3id.org/protys/fixture#Biocide,1.7,kg,ProductFlow,PURCHASED_TECHNOSPHERE_INPUT,NO,SIMULATED_PRODUCTION_CASE
http://w3id.org/protys/fixture#Load00062_Flow_TitaniumDioxide,http://w3id.org/protys/fixture#Load00062_LCIProcess,http://w3id.org/protys/fixture#Load00062_Process,http://w3id.org/protys/fixture#TitaniumDioxide,27.4,kg,ProductFlow,PURCHASED_TECHNOSPHERE_INPUT,NO,SIMULATED_PRODUCTION_CASE
http://w3id.org/protys/fixture#Load00062_Flow_AcrylicResin,http://w3id.org/protys/fixture#Load00062_LCIProcess,http://w3id.org/protys/fixture#Load00062_Process,http://w3id.org/protys/fixture#AcrylicResin,41.1,kg,ProductFlow,PURCHASED_TECHNOSPHERE_INPUT,NO,SIMULATED_PRODUCTION_CASE
http://w3id.org/protys/fixture#Load00062_Flow_Water,http://w3id.org/protys/fixture#Load00062_LCIProcess,http://w3id.org/protys/fixture#Load00062_Process,http://w3id.org/protys/fixture#Water,67.13,kg,ProductFlow,PURCHASED_TECHNOSPHERE_INPUT,NO,SIMULATED_PRODUCTION_CASE
http://w3id.org/protys/fixture#Load00062_Flow_Biocide,http://w3id.org/protys/fixture#Load00062_LCIProcess,http://w3id.org/protys/fixture#Load00062_Process,http://w3id.org/protys/fixture#Biocide,1.37,kg,ProductFlow,PURCHASED_TECHNOSPHERE_INPUT,NO,SIMULATED_PRODUCTION_CASE
http://w3id.org/protys/fixture#Load00063_Flow_TitaniumDioxide,http://w3id.org/protys/fixture#Load00063_LCIProcess,http://w3id.org/protys/fixture#Load00063_Process,http://w3id.org/protys/fixture#TitaniumDioxide,36,kg,ProductFlow,PURCHASED_TECHNOSPHERE_INPUT,NO,SIMULATED_PRODUCTION_CASE
http://w3id.org/protys/fixture#Load00063_Flow_AcrylicResin,http://w3id.org/protys/fixture#Load00063_LCIProcess,http://w3id.org/protys/fixture#Load00063_Process,http://w3id.org/protys/fixture#AcrylicResin,54,kg,ProductFlow,PURCHASED_TECHNOSPHERE_INPUT,NO,SIMULATED_PRODUCTION_CASE
http://w3id.org/protys/fixture#Load00063_Flow_Water,http://w3id.org/protys/fixture#Load00063_LCIProcess,http://w3id.org/protys/fixture#Load00063_Process,http://w3id.org/protys/fixture#Water,88.2,kg,ProductFlow,PURCHASED_TECHNOSPHERE_INPUT,NO,SIMULATED_PRODUCTION_CASE
http://w3id.org/protys/fixture#Load00063_Flow_Biocide,http://w3id.org/protys/fixture#Load00063_LCIProcess,http://w3id.org/protys/fixture#Load00063_Process,http://w3id.org/protys/fixture#Biocide,1.8,kg,ProductFlow,PURCHASED_TECHNOSPHERE_INPUT,NO,SIMULATED_PRODUCTION_CASE
http://w3id.org/protys/fixture#Load00064_Flow_TitaniumDioxide,http://w3id.org/protys/fixture#Load00064_LCIProcess,http://w3id.org/protys/fixture#Load00064_Process,http://w3id.org/protys/fixture#TitaniumDioxide,35.8,kg,ProductFlow,PURCHASED_TECHNOSPHERE_INPUT,NO,SIMULATED_PRODUCTION_CASE
http://w3id.org/protys/fixture#Load00064_Flow_AcrylicResin,http://w3id.org/protys/fixture#Load00064_LCIProcess,http://w3id.org/protys/fixture#Load00064_Process,http://w3id.org/protys/fixture#AcrylicResin,53.7,kg,ProductFlow,PURCHASED_TECHNOSPHERE_INPUT,NO,SIMULATED_PRODUCTION_CASE
http://w3id.org/protys/fixture#Load00064_Flow_Water,http://w3id.org/protys/fixture#Load00064_LCIProcess,http://w3id.org/protys/fixture#Load00064_Process,http://w3id.org/protys/fixture#Water,87.71,kg,ProductFlow,PURCHASED_TECHNOSPHERE_INPUT,NO,SIMULATED_PRODUCTION_CASE
http://w3id.org/protys/fixture#Load00064_Flow_Biocide,http://w3id.org/protys/fixture#Load00064_LCIProcess,http://w3id.org/protys/fixture#Load00064_Process,http://w3id.org/protys/fixture#Biocide,1.79,kg,ProductFlow,PURCHASED_TECHNOSPHERE_INPUT,NO,SIMULATED_PRODUCTION_CASE
http://w3id.org/protys/fixture#Load00065_Flow_TitaniumDioxide,http://w3id.org/protys/fixture#Load00065_LCIProcess,http://w3id.org/protys/fixture#Load00065_Process,http://w3id.org/protys/fixture#TitaniumDioxide,29.2,kg,ProductFlow,PURCHASED_TECHNOSPHERE_INPUT,NO,SIMULATED_PRODUCTION_CASE
http://w3id.org/protys/fixture#Load00065_Flow_AcrylicResin,http://w3id.org/protys/fixture#Load00065_LCIProcess,http://w3id.org/protys/fixture#Load00065_Process,http://w3id.org/protys/fixture#AcrylicResin,43.8,kg,ProductFlow,PURCHASED_TECHNOSPHERE_INPUT,NO,SIMULATED_PRODUCTION_CASE
http://w3id.org/protys/fixture#Load00065_Flow_Water,http://w3id.org/protys/fixture#Load00065_LCIProcess,http://w3id.org/protys/fixture#Load00065_Process,http://w3id.org/protys/fixture#Water,71.54,kg,ProductFlow,PURCHASED_TECHNOSPHERE_INPUT,NO,SIMULATED_PRODUCTION_CASE
http://w3id.org/protys/fixture#Load00065_Flow_Biocide,http://w3id.org/protys/fixture#Load00065_LCIProcess,http://w3id.org/protys/fixture#Load00065_Process,http://w3id.org/protys/fixture#Biocide,1.46,kg,ProductFlow,PURCHASED_TECHNOSPHERE_INPUT,NO,SIMULATED_PRODUCTION_CASE
http://w3id.org/protys/fixture#Load00066_Flow_TitaniumDioxide,http://w3id.org/protys/fixture#Load00066_LCIProcess,http://w3id.org/protys/fixture#Load00066_Process,http://w3id.org/protys/fixture#TitaniumDioxide,34.6,kg,ProductFlow,PURCHASED_TECHNOSPHERE_INPUT,NO,SIMULATED_PRODUCTION_CASE
http://w3id.org/protys/fixture#Load00066_Flow_AcrylicResin,http://w3id.org/protys/fixture#Load00066_LCIProcess,http://w3id.org/protys/fixture#Load00066_Process,http://w3id.org/protys/fixture#AcrylicResin,51.9,kg,ProductFlow,PURCHASED_TECHNOSPHERE_INPUT,NO,SIMULATED_PRODUCTION_CASE
http://w3id.org/protys/fixture#Load00066_Flow_Water,http://w3id.org/protys/fixture#Load00066_LCIProcess,http://w3id.org/protys/fixture#Load00066_Process,http://w3id.org/protys/fixture#Water,84.77,kg,ProductFlow,PURCHASED_TECHNOSPHERE_INPUT,NO,SIMULATED_PRODUCTION_CASE
http://w3id.org/protys/fixture#Load00066_Flow_Biocide,http://w3id.org/protys/fixture#Load00066_LCIProcess,http://w3id.org/protys/fixture#Load00066_Process,http://w3id.org/protys/fixture#Biocide,1.73,kg,ProductFlow,PURCHASED_TECHNOSPHERE_INPUT,NO,SIMULATED_PRODUCTION_CASE
http://w3id.org/protys/fixture#Load00067_Flow_TitaniumDioxide,http://w3id.org/protys/fixture#Load00067_LCIProcess,http://w3id.org/protys/fixture#Load00067_Process,http://w3id.org/protys/fixture#TitaniumDioxide,24.8,kg,ProductFlow,PURCHASED_TECHNOSPHERE_INPUT,NO,SIMULATED_PRODUCTION_CASE
http://w3id.org/protys/fixture#Load00067_Flow_AcrylicResin,http://w3id.org/protys/fixture#Load00067_LCIProcess,http://w3id.org/protys/fixture#Load00067_Process,http://w3id.org/protys/fixture#AcrylicResin,37.2,kg,ProductFlow,PURCHASED_TECHNOSPHERE_INPUT,NO,SIMULATED_PRODUCTION_CASE
http://w3id.org/protys/fixture#Load00067_Flow_Water,http://w3id.org/protys/fixture#Load00067_LCIProcess,http://w3id.org/protys/fixture#Load00067_Process,http://w3id.org/protys/fixture#Water,60.76,kg,ProductFlow,PURCHASED_TECHNOSPHERE_INPUT,NO,SIMULATED_PRODUCTION_CASE
http://w3id.org/protys/fixture#Load00067_Flow_Biocide,http://w3id.org/protys/fixture#Load00067_LCIProcess,http://w3id.org/protys/fixture#Load00067_Process,http://w3id.org/protys/fixture#Biocide,1.24,kg,ProductFlow,PURCHASED_TECHNOSPHERE_INPUT,NO,SIMULATED_PRODUCTION_CASE
http://w3id.org/protys/fixture#Load00068_Flow_TitaniumDioxide,http://w3id.org/protys/fixture#Load00068_LCIProcess,http://w3id.org/protys/fixture#Load00068_Process,http://w3id.org/protys/fixture#TitaniumDioxide,38,kg,ProductFlow,PURCHASED_TECHNOSPHERE_INPUT,NO,SIMULATED_PRODUCTION_CASE
http://w3id.org/protys/fixture#Load00068_Flow_AcrylicResin,http://w3id.org/protys/fixture#Load00068_LCIProcess,http://w3id.org/protys/fixture#Load00068_Process,http://w3id.org/protys/fixture#AcrylicResin,57,kg,ProductFlow,PURCHASED_TECHNOSPHERE_INPUT,NO,SIMULATED_PRODUCTION_CASE
http://w3id.org/protys/fixture#Load00068_Flow_Water,http://w3id.org/protys/fixture#Load00068_LCIProcess,http://w3id.org/protys/fixture#Load00068_Process,http://w3id.org/protys/fixture#Water,93.1,kg,ProductFlow,PURCHASED_TECHNOSPHERE_INPUT,NO,SIMULATED_PRODUCTION_CASE
http://w3id.org/protys/fixture#Load00068_Flow_Biocide,http://w3id.org/protys/fixture#Load00068_LCIProcess,http://w3id.org/protys/fixture#Load00068_Process,http://w3id.org/protys/fixture#Biocide,1.9,kg,ProductFlow,PURCHASED_TECHNOSPHERE_INPUT,NO,SIMULATED_PRODUCTION_CASE
http://w3id.org/protys/fixture#Load00069_Flow_TitaniumDioxide,http://w3id.org/protys/fixture#Load00069_LCIProcess,http://w3id.org/protys/fixture#Load00069_Process,http://w3id.org/protys/fixture#TitaniumDioxide,21.6,kg,ProductFlow,PURCHASED_TECHNOSPHERE_INPUT,NO,SIMULATED_PRODUCTION_CASE
http://w3id.org/protys/fixture#Load00069_Flow_AcrylicResin,http://w3id.org/protys/fixture#Load00069_LCIProcess,http://w3id.org/protys/fixture#Load00069_Process,http://w3id.org/protys/fixture#AcrylicResin,32.4,kg,ProductFlow,PURCHASED_TECHNOSPHERE_INPUT,NO,SIMULATED_PRODUCTION_CASE
http://w3id.org/protys/fixture#Load00069_Flow_Water,http://w3id.org/protys/fixture#Load00069_LCIProcess,http://w3id.org/protys/fixture#Load00069_Process,http://w3id.org/protys/fixture#Water,52.92,kg,ProductFlow,PURCHASED_TECHNOSPHERE_INPUT,NO,SIMULATED_PRODUCTION_CASE
http://w3id.org/protys/fixture#Load00069_Flow_Biocide,http://w3id.org/protys/fixture#Load00069_LCIProcess,http://w3id.org/protys/fixture#Load00069_Process,http://w3id.org/protys/fixture#Biocide,1.08,kg,ProductFlow,PURCHASED_TECHNOSPHERE_INPUT,NO,SIMULATED_PRODUCTION_CASE
http://w3id.org/protys/fixture#Load00070_Flow_TitaniumDioxide,http://w3id.org/protys/fixture#Load00070_LCIProcess,http://w3id.org/protys/fixture#Load00070_Process,http://w3id.org/protys/fixture#TitaniumDioxide,21,kg,ProductFlow,PURCHASED_TECHNOSPHERE_INPUT,NO,SIMULATED_PRODUCTION_CASE
http://w3id.org/protys/fixture#Load00070_Flow_AcrylicResin,http://w3id.org/protys/fixture#Load00070_LCIProcess,http://w3id.org/protys/fixture#Load00070_Process,http://w3id.org/protys/fixture#AcrylicResin,31.5,kg,ProductFlow,PURCHASED_TECHNOSPHERE_INPUT,NO,SIMULATED_PRODUCTION_CASE
http://w3id.org/protys/fixture#Load00070_Flow_Water,http://w3id.org/protys/fixture#Load00070_LCIProcess,http://w3id.org/protys/fixture#Load00070_Process,http://w3id.org/protys/fixture#Water,51.45,kg,ProductFlow,PURCHASED_TECHNOSPHERE_INPUT,NO,SIMULATED_PRODUCTION_CASE
http://w3id.org/protys/fixture#Load00070_Flow_Biocide,http://w3id.org/protys/fixture#Load00070_LCIProcess,http://w3id.org/protys/fixture#Load00070_Process,http://w3id.org/protys/fixture#Biocide,1.05,kg,ProductFlow,PURCHASED_TECHNOSPHERE_INPUT,NO,SIMULATED_PRODUCTION_CASE
http://w3id.org/protys/fixture#Load00071_Flow_TitaniumDioxide,http://w3id.org/protys/fixture#Load00071_LCIProcess,http://w3id.org/protys/fixture#Load00071_Process,http://w3id.org/protys/fixture#TitaniumDioxide,36.8,kg,ProductFlow,PURCHASED_TECHNOSPHERE_INPUT,NO,SIMULATED_PRODUCTION_CASE
http://w3id.org/protys/fixture#Load00071_Flow_AcrylicResin,http://w3id.org/protys/fixture#Load00071_LCIProcess,http://w3id.org/protys/fixture#Load00071_Process,http://w3id.org/protys/fixture#AcrylicResin,55.2,kg,ProductFlow,PURCHASED_TECHNOSPHERE_INPUT,NO,SIMULATED_PRODUCTION_CASE
http://w3id.org/protys/fixture#Load00071_Flow_Water,http://w3id.org/protys/fixture#Load00071_LCIProcess,http://w3id.org/protys/fixture#Load00071_Process,http://w3id.org/protys/fixture#Water,90.16,kg,ProductFlow,PURCHASED_TECHNOSPHERE_INPUT,NO,SIMULATED_PRODUCTION_CASE
http://w3id.org/protys/fixture#Load00071_Flow_Biocide,http://w3id.org/protys/fixture#Load00071_LCIProcess,http://w3id.org/protys/fixture#Load00071_Process,http://w3id.org/protys/fixture#Biocide,1.84,kg,ProductFlow,PURCHASED_TECHNOSPHERE_INPUT,NO,SIMULATED_PRODUCTION_CASE
http://w3id.org/protys/fixture#Load00072_Flow_TitaniumDioxide,http://w3id.org/protys/fixture#Load00072_LCIProcess,http://w3id.org/protys/fixture#Load00072_Process,http://w3id.org/protys/fixture#TitaniumDioxide,25.8,kg,ProductFlow,PURCHASED_TECHNOSPHERE_INPUT,NO,SIMULATED_PRODUCTION_CASE
http://w3id.org/protys/fixture#Load00072_Flow_AcrylicResin,http://w3id.org/protys/fixture#Load00072_LCIProcess,http://w3id.org/protys/fixture#Load00072_Process,http://w3id.org/protys/fixture#AcrylicResin,38.7,kg,ProductFlow,PURCHASED_TECHNOSPHERE_INPUT,NO,SIMULATED_PRODUCTION_CASE
http://w3id.org/protys/fixture#Load00072_Flow_Water,http://w3id.org/protys/fixture#Load00072_LCIProcess,http://w3id.org/protys/fixture#Load00072_Process,http://w3id.org/protys/fixture#Water,63.21,kg,ProductFlow,PURCHASED_TECHNOSPHERE_INPUT,NO,SIMULATED_PRODUCTION_CASE
http://w3id.org/protys/fixture#Load00072_Flow_Biocide,http://w3id.org/protys/fixture#Load00072_LCIProcess,http://w3id.org/protys/fixture#Load00072_Process,http://w3id.org/protys/fixture#Biocide,1.29,kg,ProductFlow,PURCHASED_TECHNOSPHERE_INPUT,NO,SIMULATED_PRODUCTION_CASE
http://w3id.org/protys/fixture#Load00073_Flow_TitaniumDioxide,http://w3id.org/protys/fixture#Load00073_LCIProcess,http://w3id.org/protys/fixture#Load00073_Process,http://w3id.org/protys/fixture#TitaniumDioxide,39.6,kg,ProductFlow,PURCHASED_TECHNOSPHERE_INPUT,NO,SIMULATED_PRODUCTION_CASE
http://w3id.org/protys/fixture#Load00073_Flow_AcrylicResin,http://w3id.org/protys/fixture#Load00073_LCIProcess,http://w3id.org/protys/fixture#Load00073_Process,http://w3id.org/protys/fixture#AcrylicResin,59.4,kg,ProductFlow,PURCHASED_TECHNOSPHERE_INPUT,NO,SIMULATED_PRODUCTION_CASE
http://w3id.org/protys/fixture#Load00073_Flow_Water,http://w3id.org/protys/fixture#Load00073_LCIProcess,http://w3id.org/protys/fixture#Load00073_Process,http://w3id.org/protys/fixture#Water,97.02,kg,ProductFlow,PURCHASED_TECHNOSPHERE_INPUT,NO,SIMULATED_PRODUCTION_CASE
http://w3id.org/protys/fixture#Load00073_Flow_Biocide,http://w3id.org/protys/fixture#Load00073_LCIProcess,http://w3id.org/protys/fixture#Load00073_Process,http://w3id.org/protys/fixture#Biocide,1.98,kg,ProductFlow,PURCHASED_TECHNOSPHERE_INPUT,NO,SIMULATED_PRODUCTION_CASE
http://w3id.org/protys/fixture#Load00074_Flow_TitaniumDioxide,http://w3id.org/protys/fixture#Load00074_LCIProcess,http://w3id.org/protys/fixture#Load00074_Process,http://w3id.org/protys/fixture#TitaniumDioxide,27.4,kg,ProductFlow,PURCHASED_TECHNOSPHERE_INPUT,NO,SIMULATED_PRODUCTION_CASE
http://w3id.org/protys/fixture#Load00074_Flow_AcrylicResin,http://w3id.org/protys/fixture#Load00074_LCIProcess,http://w3id.org/protys/fixture#Load00074_Process,http://w3id.org/protys/fixture#AcrylicResin,41.1,kg,ProductFlow,PURCHASED_TECHNOSPHERE_INPUT,NO,SIMULATED_PRODUCTION_CASE
http://w3id.org/protys/fixture#Load00074_Flow_Water,http://w3id.org/protys/fixture#Load00074_LCIProcess,http://w3id.org/protys/fixture#Load00074_Process,http://w3id.org/protys/fixture#Water,67.13,kg,ProductFlow,PURCHASED_TECHNOSPHERE_INPUT,NO,SIMULATED_PRODUCTION_CASE
http://w3id.org/protys/fixture#Load00074_Flow_Biocide,http://w3id.org/protys/fixture#Load00074_LCIProcess,http://w3id.org/protys/fixture#Load00074_Process,http://w3id.org/protys/fixture#Biocide,1.37,kg,ProductFlow,PURCHASED_TECHNOSPHERE_INPUT,NO,SIMULATED_PRODUCTION_CASE
http://w3id.org/protys/fixture#Load00075_Flow_TitaniumDioxide,http://w3id.org/protys/fixture#Load00075_LCIProcess,http://w3id.org/protys/fixture#Load00075_Process,http://w3id.org/protys/fixture#TitaniumDioxide,22,kg,ProductFlow,PURCHASED_TECHNOSPHERE_INPUT,NO,SIMULATED_PRODUCTION_CASE
http://w3id.org/protys/fixture#Load00075_Flow_AcrylicResin,http://w3id.org/protys/fixture#Load00075_LCIProcess,http://w3id.org/protys/fixture#Load00075_Process,http://w3id.org/protys/fixture#AcrylicResin,33,kg,ProductFlow,PURCHASED_TECHNOSPHERE_INPUT,NO,SIMULATED_PRODUCTION_CASE
http://w3id.org/protys/fixture#Load00075_Flow_Water,http://w3id.org/protys/fixture#Load00075_LCIProcess,http://w3id.org/protys/fixture#Load00075_Process,http://w3id.org/protys/fixture#Water,53.9,kg,ProductFlow,PURCHASED_TECHNOSPHERE_INPUT,NO,SIMULATED_PRODUCTION_CASE
http://w3id.org/protys/fixture#Load00075_Flow_Biocide,http://w3id.org/protys/fixture#Load00075_LCIProcess,http://w3id.org/protys/fixture#Load00075_Process,http://w3id.org/protys/fixture#Biocide,1.1,kg,ProductFlow,PURCHASED_TECHNOSPHERE_INPUT,NO,SIMULATED_PRODUCTION_CASE
http://w3id.org/protys/fixture#Load00076_Flow_TitaniumDioxide,http://w3id.org/protys/fixture#Load00076_LCIProcess,http://w3id.org/protys/fixture#Load00076_Process,http://w3id.org/protys/fixture#TitaniumDioxide,25.8,kg,ProductFlow,PURCHASED_TECHNOSPHERE_INPUT,NO,SIMULATED_PRODUCTION_CASE
http://w3id.org/protys/fixture#Load00076_Flow_AcrylicResin,http://w3id.org/protys/fixture#Load00076_LCIProcess,http://w3id.org/protys/fixture#Load00076_Process,http://w3id.org/protys/fixture#AcrylicResin,38.7,kg,ProductFlow,PURCHASED_TECHNOSPHERE_INPUT,NO,SIMULATED_PRODUCTION_CASE
http://w3id.org/protys/fixture#Load00076_Flow_Water,http://w3id.org/protys/fixture#Load00076_LCIProcess,http://w3id.org/protys/fixture#Load00076_Process,http://w3id.org/protys/fixture#Water,63.21,kg,ProductFlow,PURCHASED_TECHNOSPHERE_INPUT,NO,SIMULATED_PRODUCTION_CASE
http://w3id.org/protys/fixture#Load00076_Flow_Biocide,http://w3id.org/protys/fixture#Load00076_LCIProcess,http://w3id.org/protys/fixture#Load00076_Process,http://w3id.org/protys/fixture#Biocide,1.29,kg,ProductFlow,PURCHASED_TECHNOSPHERE_INPUT,NO,SIMULATED_PRODUCTION_CASE
http://w3id.org/protys/fixture#Load00077_Flow_TitaniumDioxide,http://w3id.org/protys/fixture#Load00077_LCIProcess,http://w3id.org/protys/fixture#Load00077_Process,http://w3id.org/protys/fixture#TitaniumDioxide,22.4,kg,ProductFlow,PURCHASED_TECHNOSPHERE_INPUT,NO,SIMULATED_PRODUCTION_CASE
http://w3id.org/protys/fixture#Load00077_Flow_AcrylicResin,http://w3id.org/protys/fixture#Load00077_LCIProcess,http://w3id.org/protys/fixture#Load00077_Process,http://w3id.org/protys/fixture#AcrylicResin,33.6,kg,ProductFlow,PURCHASED_TECHNOSPHERE_INPUT,NO,SIMULATED_PRODUCTION_CASE
http://w3id.org/protys/fixture#Load00077_Flow_Water,http://w3id.org/protys/fixture#Load00077_LCIProcess,http://w3id.org/protys/fixture#Load00077_Process,http://w3id.org/protys/fixture#Water,54.88,kg,ProductFlow,PURCHASED_TECHNOSPHERE_INPUT,NO,SIMULATED_PRODUCTION_CASE
http://w3id.org/protys/fixture#Load00077_Flow_Biocide,http://w3id.org/protys/fixture#Load00077_LCIProcess,http://w3id.org/protys/fixture#Load00077_Process,http://w3id.org/protys/fixture#Biocide,1.12,kg,ProductFlow,PURCHASED_TECHNOSPHERE_INPUT,NO,SIMULATED_PRODUCTION_CASE
http://w3id.org/protys/fixture#Load00078_Flow_TitaniumDioxide,http://w3id.org/protys/fixture#Load00078_LCIProcess,http://w3id.org/protys/fixture#Load00078_Process,http://w3id.org/protys/fixture#TitaniumDioxide,29.6,kg,ProductFlow,PURCHASED_TECHNOSPHERE_INPUT,NO,SIMULATED_PRODUCTION_CASE
http://w3id.org/protys/fixture#Load00078_Flow_AcrylicResin,http://w3id.org/protys/fixture#Load00078_LCIProcess,http://w3id.org/protys/fixture#Load00078_Process,http://w3id.org/protys/fixture#AcrylicResin,44.4,kg,ProductFlow,PURCHASED_TECHNOSPHERE_INPUT,NO,SIMULATED_PRODUCTION_CASE
http://w3id.org/protys/fixture#Load00078_Flow_Water,http://w3id.org/protys/fixture#Load00078_LCIProcess,http://w3id.org/protys/fixture#Load00078_Process,http://w3id.org/protys/fixture#Water,72.52,kg,ProductFlow,PURCHASED_TECHNOSPHERE_INPUT,NO,SIMULATED_PRODUCTION_CASE
http://w3id.org/protys/fixture#Load00078_Flow_Biocide,http://w3id.org/protys/fixture#Load00078_LCIProcess,http://w3id.org/protys/fixture#Load00078_Process,http://w3id.org/protys/fixture#Biocide,1.48,kg,ProductFlow,PURCHASED_TECHNOSPHERE_INPUT,NO,SIMULATED_PRODUCTION_CASE
http://w3id.org/protys/fixture#Load00079_Flow_TitaniumDioxide,http://w3id.org/protys/fixture#Load00079_LCIProcess,http://w3id.org/protys/fixture#Load00079_Process,http://w3id.org/protys/fixture#TitaniumDioxide,27,kg,ProductFlow,PURCHASED_TECHNOSPHERE_INPUT,NO,SIMULATED_PRODUCTION_CASE
http://w3id.org/protys/fixture#Load00079_Flow_AcrylicResin,http://w3id.org/protys/fixture#Load00079_LCIProcess,http://w3id.org/protys/fixture#Load00079_Process,http://w3id.org/protys/fixture#AcrylicResin,40.5,kg,ProductFlow,PURCHASED_TECHNOSPHERE_INPUT,NO,SIMULATED_PRODUCTION_CASE
http://w3id.org/protys/fixture#Load00079_Flow_Water,http://w3id.org/protys/fixture#Load00079_LCIProcess,http://w3id.org/protys/fixture#Load00079_Process,http://w3id.org/protys/fixture#Water,66.15,kg,ProductFlow,PURCHASED_TECHNOSPHERE_INPUT,NO,SIMULATED_PRODUCTION_CASE
http://w3id.org/protys/fixture#Load00079_Flow_Biocide,http://w3id.org/protys/fixture#Load00079_LCIProcess,http://w3id.org/protys/fixture#Load00079_Process,http://w3id.org/protys/fixture#Biocide,1.35,kg,ProductFlow,PURCHASED_TECHNOSPHERE_INPUT,NO,SIMULATED_PRODUCTION_CASE
http://w3id.org/protys/fixture#Load00080_Flow_TitaniumDioxide,http://w3id.org/protys/fixture#Load00080_LCIProcess,http://w3id.org/protys/fixture#Load00080_Process,http://w3id.org/protys/fixture#TitaniumDioxide,31.6,kg,ProductFlow,PURCHASED_TECHNOSPHERE_INPUT,NO,SIMULATED_PRODUCTION_CASE
http://w3id.org/protys/fixture#Load00080_Flow_AcrylicResin,http://w3id.org/protys/fixture#Load00080_LCIProcess,http://w3id.org/protys/fixture#Load00080_Process,http://w3id.org/protys/fixture#AcrylicResin,47.4,kg,ProductFlow,PURCHASED_TECHNOSPHERE_INPUT,NO,SIMULATED_PRODUCTION_CASE
http://w3id.org/protys/fixture#Load00080_Flow_Water,http://w3id.org/protys/fixture#Load00080_LCIProcess,http://w3id.org/protys/fixture#Load00080_Process,http://w3id.org/protys/fixture#Water,77.42,kg,ProductFlow,PURCHASED_TECHNOSPHERE_INPUT,NO,SIMULATED_PRODUCTION_CASE
http://w3id.org/protys/fixture#Load00080_Flow_Biocide,http://w3id.org/protys/fixture#Load00080_LCIProcess,http://w3id.org/protys/fixture#Load00080_Process,http://w3id.org/protys/fixture#Biocide,1.58,kg,ProductFlow,PURCHASED_TECHNOSPHERE_INPUT,NO,SIMULATED_PRODUCTION_CASE
http://w3id.org/protys/fixture#Load00081_Flow_TitaniumDioxide,http://w3id.org/protys/fixture#Load00081_LCIProcess,http://w3id.org/protys/fixture#Load00081_Process,http://w3id.org/protys/fixture#TitaniumDioxide,36.2,kg,ProductFlow,PURCHASED_TECHNOSPHERE_INPUT,NO,SIMULATED_PRODUCTION_CASE
http://w3id.org/protys/fixture#Load00081_Flow_AcrylicResin,http://w3id.org/protys/fixture#Load00081_LCIProcess,http://w3id.org/protys/fixture#Load00081_Process,http://w3id.org/protys/fixture#AcrylicResin,54.3,kg,ProductFlow,PURCHASED_TECHNOSPHERE_INPUT,NO,SIMULATED_PRODUCTION_CASE
http://w3id.org/protys/fixture#Load00081_Flow_Water,http://w3id.org/protys/fixture#Load00081_LCIProcess,http://w3id.org/protys/fixture#Load00081_Process,http://w3id.org/protys/fixture#Water,88.69,kg,ProductFlow,PURCHASED_TECHNOSPHERE_INPUT,NO,SIMULATED_PRODUCTION_CASE
http://w3id.org/protys/fixture#Load00081_Flow_Biocide,http://w3id.org/protys/fixture#Load00081_LCIProcess,http://w3id.org/protys/fixture#Load00081_Process,http://w3id.org/protys/fixture#Biocide,1.81,kg,ProductFlow,PURCHASED_TECHNOSPHERE_INPUT,NO,SIMULATED_PRODUCTION_CASE
http://w3id.org/protys/fixture#Load00082_Flow_TitaniumDioxide,http://w3id.org/protys/fixture#Load00082_LCIProcess,http://w3id.org/protys/fixture#Load00082_Process,http://w3id.org/protys/fixture#TitaniumDioxide,29.2,kg,ProductFlow,PURCHASED_TECHNOSPHERE_INPUT,NO,SIMULATED_PRODUCTION_CASE
http://w3id.org/protys/fixture#Load00082_Flow_AcrylicResin,http://w3id.org/protys/fixture#Load00082_LCIProcess,http://w3id.org/protys/fixture#Load00082_Process,http://w3id.org/protys/fixture#AcrylicResin,43.8,kg,ProductFlow,PURCHASED_TECHNOSPHERE_INPUT,NO,SIMULATED_PRODUCTION_CASE
http://w3id.org/protys/fixture#Load00082_Flow_Water,http://w3id.org/protys/fixture#Load00082_LCIProcess,http://w3id.org/protys/fixture#Load00082_Process,http://w3id.org/protys/fixture#Water,71.54,kg,ProductFlow,PURCHASED_TECHNOSPHERE_INPUT,NO,SIMULATED_PRODUCTION_CASE
http://w3id.org/protys/fixture#Load00082_Flow_Biocide,http://w3id.org/protys/fixture#Load00082_LCIProcess,http://w3id.org/protys/fixture#Load00082_Process,http://w3id.org/protys/fixture#Biocide,1.46,kg,ProductFlow,PURCHASED_TECHNOSPHERE_INPUT,NO,SIMULATED_PRODUCTION_CASE
http://w3id.org/protys/fixture#Load00083_Flow_TitaniumDioxide,http://w3id.org/protys/fixture#Load00083_LCIProcess,http://w3id.org/protys/fixture#Load00083_Process,http://w3id.org/protys/fixture#TitaniumDioxide,24,kg,ProductFlow,PURCHASED_TECHNOSPHERE_INPUT,NO,SIMULATED_PRODUCTION_CASE
http://w3id.org/protys/fixture#Load00083_Flow_AcrylicResin,http://w3id.org/protys/fixture#Load00083_LCIProcess,http://w3id.org/protys/fixture#Load00083_Process,http://w3id.org/protys/fixture#AcrylicResin,36,kg,ProductFlow,PURCHASED_TECHNOSPHERE_INPUT,NO,SIMULATED_PRODUCTION_CASE
http://w3id.org/protys/fixture#Load00083_Flow_Water,http://w3id.org/protys/fixture#Load00083_LCIProcess,http://w3id.org/protys/fixture#Load00083_Process,http://w3id.org/protys/fixture#Water,58.8,kg,ProductFlow,PURCHASED_TECHNOSPHERE_INPUT,NO,SIMULATED_PRODUCTION_CASE
http://w3id.org/protys/fixture#Load00083_Flow_Biocide,http://w3id.org/protys/fixture#Load00083_LCIProcess,http://w3id.org/protys/fixture#Load00083_Process,http://w3id.org/protys/fixture#Biocide,1.2,kg,ProductFlow,PURCHASED_TECHNOSPHERE_INPUT,NO,SIMULATED_PRODUCTION_CASE
http://w3id.org/protys/fixture#Load00084_Flow_TitaniumDioxide,http://w3id.org/protys/fixture#Load00084_LCIProcess,http://w3id.org/protys/fixture#Load00084_Process,http://w3id.org/protys/fixture#TitaniumDioxide,29.4,kg,ProductFlow,PURCHASED_TECHNOSPHERE_INPUT,NO,SIMULATED_PRODUCTION_CASE
http://w3id.org/protys/fixture#Load00084_Flow_AcrylicResin,http://w3id.org/protys/fixture#Load00084_LCIProcess,http://w3id.org/protys/fixture#Load00084_Process,http://w3id.org/protys/fixture#AcrylicResin,44.1,kg,ProductFlow,PURCHASED_TECHNOSPHERE_INPUT,NO,SIMULATED_PRODUCTION_CASE
http://w3id.org/protys/fixture#Load00084_Flow_Water,http://w3id.org/protys/fixture#Load00084_LCIProcess,http://w3id.org/protys/fixture#Load00084_Process,http://w3id.org/protys/fixture#Water,72.03,kg,ProductFlow,PURCHASED_TECHNOSPHERE_INPUT,NO,SIMULATED_PRODUCTION_CASE
http://w3id.org/protys/fixture#Load00084_Flow_Biocide,http://w3id.org/protys/fixture#Load00084_LCIProcess,http://w3id.org/protys/fixture#Load00084_Process,http://w3id.org/protys/fixture#Biocide,1.47,kg,ProductFlow,PURCHASED_TECHNOSPHERE_INPUT,NO,SIMULATED_PRODUCTION_CASE
http://w3id.org/protys/fixture#Load00085_Flow_TitaniumDioxide,http://w3id.org/protys/fixture#Load00085_LCIProcess,http://w3id.org/protys/fixture#Load00085_Process,http://w3id.org/protys/fixture#TitaniumDioxide,29,kg,ProductFlow,PURCHASED_TECHNOSPHERE_INPUT,NO,SIMULATED_PRODUCTION_CASE
http://w3id.org/protys/fixture#Load00085_Flow_AcrylicResin,http://w3id.org/protys/fixture#Load00085_LCIProcess,http://w3id.org/protys/fixture#Load00085_Process,http://w3id.org/protys/fixture#AcrylicResin,43.5,kg,ProductFlow,PURCHASED_TECHNOSPHERE_INPUT,NO,SIMULATED_PRODUCTION_CASE
http://w3id.org/protys/fixture#Load00085_Flow_Water,http://w3id.org/protys/fixture#Load00085_LCIProcess,http://w3id.org/protys/fixture#Load00085_Process,http://w3id.org/protys/fixture#Water,71.05,kg,ProductFlow,PURCHASED_TECHNOSPHERE_INPUT,NO,SIMULATED_PRODUCTION_CASE
http://w3id.org/protys/fixture#Load00085_Flow_Biocide,http://w3id.org/protys/fixture#Load00085_LCIProcess,http://w3id.org/protys/fixture#Load00085_Process,http://w3id.org/protys/fixture#Biocide,1.45,kg,ProductFlow,PURCHASED_TECHNOSPHERE_INPUT,NO,SIMULATED_PRODUCTION_CASE
http://w3id.org/protys/fixture#Load00086_Flow_TitaniumDioxide,http://w3id.org/protys/fixture#Load00086_LCIProcess,http://w3id.org/protys/fixture#Load00086_Process,http://w3id.org/protys/fixture#TitaniumDioxide,25.2,kg,ProductFlow,PURCHASED_TECHNOSPHERE_INPUT,NO,SIMULATED_PRODUCTION_CASE
http://w3id.org/protys/fixture#Load00086_Flow_AcrylicResin,http://w3id.org/protys/fixture#Load00086_LCIProcess,http://w3id.org/protys/fixture#Load00086_Process,http://w3id.org/protys/fixture#AcrylicResin,37.8,kg,ProductFlow,PURCHASED_TECHNOSPHERE_INPUT,NO,SIMULATED_PRODUCTION_CASE
http://w3id.org/protys/fixture#Load00086_Flow_Water,http://w3id.org/protys/fixture#Load00086_LCIProcess,http://w3id.org/protys/fixture#Load00086_Process,http://w3id.org/protys/fixture#Water,61.74,kg,ProductFlow,PURCHASED_TECHNOSPHERE_INPUT,NO,SIMULATED_PRODUCTION_CASE
http://w3id.org/protys/fixture#Load00086_Flow_Biocide,http://w3id.org/protys/fixture#Load00086_LCIProcess,http://w3id.org/protys/fixture#Load00086_Process,http://w3id.org/protys/fixture#Biocide,1.26,kg,ProductFlow,PURCHASED_TECHNOSPHERE_INPUT,NO,SIMULATED_PRODUCTION_CASE
http://w3id.org/protys/fixture#Load00087_Flow_TitaniumDioxide,http://w3id.org/protys/fixture#Load00087_LCIProcess,http://w3id.org/protys/fixture#Load00087_Process,http://w3id.org/protys/fixture#TitaniumDioxide,37,kg,ProductFlow,PURCHASED_TECHNOSPHERE_INPUT,NO,SIMULATED_PRODUCTION_CASE
http://w3id.org/protys/fixture#Load00087_Flow_AcrylicResin,http://w3id.org/protys/fixture#Load00087_LCIProcess,http://w3id.org/protys/fixture#Load00087_Process,http://w3id.org/protys/fixture#AcrylicResin,55.5,kg,ProductFlow,PURCHASED_TECHNOSPHERE_INPUT,NO,SIMULATED_PRODUCTION_CASE
http://w3id.org/protys/fixture#Load00087_Flow_Water,http://w3id.org/protys/fixture#Load00087_LCIProcess,http://w3id.org/protys/fixture#Load00087_Process,http://w3id.org/protys/fixture#Water,90.65,kg,ProductFlow,PURCHASED_TECHNOSPHERE_INPUT,NO,SIMULATED_PRODUCTION_CASE
http://w3id.org/protys/fixture#Load00087_Flow_Biocide,http://w3id.org/protys/fixture#Load00087_LCIProcess,http://w3id.org/protys/fixture#Load00087_Process,http://w3id.org/protys/fixture#Biocide,1.85,kg,ProductFlow,PURCHASED_TECHNOSPHERE_INPUT,NO,SIMULATED_PRODUCTION_CASE
http://w3id.org/protys/fixture#Load00088_Flow_TitaniumDioxide,http://w3id.org/protys/fixture#Load00088_LCIProcess,http://w3id.org/protys/fixture#Load00088_Process,http://w3id.org/protys/fixture#TitaniumDioxide,26.8,kg,ProductFlow,PURCHASED_TECHNOSPHERE_INPUT,NO,SIMULATED_PRODUCTION_CASE
http://w3id.org/protys/fixture#Load00088_Flow_AcrylicResin,http://w3id.org/protys/fixture#Load00088_LCIProcess,http://w3id.org/protys/fixture#Load00088_Process,http://w3id.org/protys/fixture#AcrylicResin,40.2,kg,ProductFlow,PURCHASED_TECHNOSPHERE_INPUT,NO,SIMULATED_PRODUCTION_CASE
http://w3id.org/protys/fixture#Load00088_Flow_Water,http://w3id.org/protys/fixture#Load00088_LCIProcess,http://w3id.org/protys/fixture#Load00088_Process,http://w3id.org/protys/fixture#Water,65.66,kg,ProductFlow,PURCHASED_TECHNOSPHERE_INPUT,NO,SIMULATED_PRODUCTION_CASE
http://w3id.org/protys/fixture#Load00088_Flow_Biocide,http://w3id.org/protys/fixture#Load00088_LCIProcess,http://w3id.org/protys/fixture#Load00088_Process,http://w3id.org/protys/fixture#Biocide,1.34,kg,ProductFlow,PURCHASED_TECHNOSPHERE_INPUT,NO,SIMULATED_PRODUCTION_CASE
http://w3id.org/protys/fixture#Load00089_Flow_TitaniumDioxide,http://w3id.org/protys/fixture#Load00089_LCIProcess,http://w3id.org/protys/fixture#Load00089_Process,http://w3id.org/protys/fixture#TitaniumDioxide,37.8,kg,ProductFlow,PURCHASED_TECHNOSPHERE_INPUT,NO,SIMULATED_PRODUCTION_CASE
http://w3id.org/protys/fixture#Load00089_Flow_AcrylicResin,http://w3id.org/protys/fixture#Load00089_LCIProcess,http://w3id.org/protys/fixture#Load00089_Process,http://w3id.org/protys/fixture#AcrylicResin,56.7,kg,ProductFlow,PURCHASED_TECHNOSPHERE_INPUT,NO,SIMULATED_PRODUCTION_CASE
http://w3id.org/protys/fixture#Load00089_Flow_Water,http://w3id.org/protys/fixture#Load00089_LCIProcess,http://w3id.org/protys/fixture#Load00089_Process,http://w3id.org/protys/fixture#Water,92.61,kg,ProductFlow,PURCHASED_TECHNOSPHERE_INPUT,NO,SIMULATED_PRODUCTION_CASE
http://w3id.org/protys/fixture#Load00089_Flow_Biocide,http://w3id.org/protys/fixture#Load00089_LCIProcess,http://w3id.org/protys/fixture#Load00089_Process,http://w3id.org/protys/fixture#Biocide,1.89,kg,ProductFlow,PURCHASED_TECHNOSPHERE_INPUT,NO,SIMULATED_PRODUCTION_CASE
http://w3id.org/protys/fixture#Load00090_Flow_TitaniumDioxide,http://w3id.org/protys/fixture#Load00090_LCIProcess,http://w3id.org/protys/fixture#Load00090_Process,http://w3id.org/protys/fixture#TitaniumDioxide,37.4,kg,ProductFlow,PURCHASED_TECHNOSPHERE_INPUT,NO,SIMULATED_PRODUCTION_CASE
http://w3id.org/protys/fixture#Load00090_Flow_AcrylicResin,http://w3id.org/protys/fixture#Load00090_LCIProcess,http://w3id.org/protys/fixture#Load00090_Process,http://w3id.org/protys/fixture#AcrylicResin,56.1,kg,ProductFlow,PURCHASED_TECHNOSPHERE_INPUT,NO,SIMULATED_PRODUCTION_CASE
http://w3id.org/protys/fixture#Load00090_Flow_Water,http://w3id.org/protys/fixture#Load00090_LCIProcess,http://w3id.org/protys/fixture#Load00090_Process,http://w3id.org/protys/fixture#Water,91.63,kg,ProductFlow,PURCHASED_TECHNOSPHERE_INPUT,NO,SIMULATED_PRODUCTION_CASE
http://w3id.org/protys/fixture#Load00090_Flow_Biocide,http://w3id.org/protys/fixture#Load00090_LCIProcess,http://w3id.org/protys/fixture#Load00090_Process,http://w3id.org/protys/fixture#Biocide,1.87,kg,ProductFlow,PURCHASED_TECHNOSPHERE_INPUT,NO,SIMULATED_PRODUCTION_CASE
http://w3id.org/protys/fixture#Load00091_Flow_TitaniumDioxide,http://w3id.org/protys/fixture#Load00091_LCIProcess,http://w3id.org/protys/fixture#Load00091_Process,http://w3id.org/protys/fixture#TitaniumDioxide,36.4,kg,ProductFlow,PURCHASED_TECHNOSPHERE_INPUT,NO,SIMULATED_PRODUCTION_CASE
http://w3id.org/protys/fixture#Load00091_Flow_AcrylicResin,http://w3id.org/protys/fixture#Load00091_LCIProcess,http://w3id.org/protys/fixture#Load00091_Process,http://w3id.org/protys/fixture#AcrylicResin,54.6,kg,ProductFlow,PURCHASED_TECHNOSPHERE_INPUT,NO,SIMULATED_PRODUCTION_CASE
http://w3id.org/protys/fixture#Load00091_Flow_Water,http://w3id.org/protys/fixture#Load00091_LCIProcess,http://w3id.org/protys/fixture#Load00091_Process,http://w3id.org/protys/fixture#Water,89.18,kg,ProductFlow,PURCHASED_TECHNOSPHERE_INPUT,NO,SIMULATED_PRODUCTION_CASE
http://w3id.org/protys/fixture#Load00091_Flow_Biocide,http://w3id.org/protys/fixture#Load00091_LCIProcess,http://w3id.org/protys/fixture#Load00091_Process,http://w3id.org/protys/fixture#Biocide,1.82,kg,ProductFlow,PURCHASED_TECHNOSPHERE_INPUT,NO,SIMULATED_PRODUCTION_CASE
http://w3id.org/protys/fixture#Load00092_Flow_TitaniumDioxide,http://w3id.org/protys/fixture#Load00092_LCIProcess,http://w3id.org/protys/fixture#Load00092_Process,http://w3id.org/protys/fixture#TitaniumDioxide,21.8,kg,ProductFlow,PURCHASED_TECHNOSPHERE_INPUT,NO,SIMULATED_PRODUCTION_CASE
http://w3id.org/protys/fixture#Load00092_Flow_AcrylicResin,http://w3id.org/protys/fixture#Load00092_LCIProcess,http://w3id.org/protys/fixture#Load00092_Process,http://w3id.org/protys/fixture#AcrylicResin,32.7,kg,ProductFlow,PURCHASED_TECHNOSPHERE_INPUT,NO,SIMULATED_PRODUCTION_CASE
http://w3id.org/protys/fixture#Load00092_Flow_Water,http://w3id.org/protys/fixture#Load00092_LCIProcess,http://w3id.org/protys/fixture#Load00092_Process,http://w3id.org/protys/fixture#Water,53.41,kg,ProductFlow,PURCHASED_TECHNOSPHERE_INPUT,NO,SIMULATED_PRODUCTION_CASE
http://w3id.org/protys/fixture#Load00092_Flow_Biocide,http://w3id.org/protys/fixture#Load00092_LCIProcess,http://w3id.org/protys/fixture#Load00092_Process,http://w3id.org/protys/fixture#Biocide,1.09,kg,ProductFlow,PURCHASED_TECHNOSPHERE_INPUT,NO,SIMULATED_PRODUCTION_CASE
http://w3id.org/protys/fixture#Load00093_Flow_TitaniumDioxide,http://w3id.org/protys/fixture#Load00093_LCIProcess,http://w3id.org/protys/fixture#Load00093_Process,http://w3id.org/protys/fixture#TitaniumDioxide,35.4,kg,ProductFlow,PURCHASED_TECHNOSPHERE_INPUT,NO,SIMULATED_PRODUCTION_CASE
http://w3id.org/protys/fixture#Load00093_Flow_AcrylicResin,http://w3id.org/protys/fixture#Load00093_LCIProcess,http://w3id.org/protys/fixture#Load00093_Process,http://w3id.org/protys/fixture#AcrylicResin,53.1,kg,ProductFlow,PURCHASED_TECHNOSPHERE_INPUT,NO,SIMULATED_PRODUCTION_CASE
http://w3id.org/protys/fixture#Load00093_Flow_Water,http://w3id.org/protys/fixture#Load00093_LCIProcess,http://w3id.org/protys/fixture#Load00093_Process,http://w3id.org/protys/fixture#Water,86.73,kg,ProductFlow,PURCHASED_TECHNOSPHERE_INPUT,NO,SIMULATED_PRODUCTION_CASE
http://w3id.org/protys/fixture#Load00093_Flow_Biocide,http://w3id.org/protys/fixture#Load00093_LCIProcess,http://w3id.org/protys/fixture#Load00093_Process,http://w3id.org/protys/fixture#Biocide,1.77,kg,ProductFlow,PURCHASED_TECHNOSPHERE_INPUT,NO,SIMULATED_PRODUCTION_CASE
http://w3id.org/protys/fixture#Load00094_Flow_TitaniumDioxide,http://w3id.org/protys/fixture#Load00094_LCIProcess,http://w3id.org/protys/fixture#Load00094_Process,http://w3id.org/protys/fixture#TitaniumDioxide,36.2,kg,ProductFlow,PURCHASED_TECHNOSPHERE_INPUT,NO,SIMULATED_PRODUCTION_CASE
http://w3id.org/protys/fixture#Load00094_Flow_AcrylicResin,http://w3id.org/protys/fixture#Load00094_LCIProcess,http://w3id.org/protys/fixture#Load00094_Process,http://w3id.org/protys/fixture#AcrylicResin,54.3,kg,ProductFlow,PURCHASED_TECHNOSPHERE_INPUT,NO,SIMULATED_PRODUCTION_CASE
http://w3id.org/protys/fixture#Load00094_Flow_Water,http://w3id.org/protys/fixture#Load00094_LCIProcess,http://w3id.org/protys/fixture#Load00094_Process,http://w3id.org/protys/fixture#Water,88.69,kg,ProductFlow,PURCHASED_TECHNOSPHERE_INPUT,NO,SIMULATED_PRODUCTION_CASE
http://w3id.org/protys/fixture#Load00094_Flow_Biocide,http://w3id.org/protys/fixture#Load00094_LCIProcess,http://w3id.org/protys/fixture#Load00094_Process,http://w3id.org/protys/fixture#Biocide,1.81,kg,ProductFlow,PURCHASED_TECHNOSPHERE_INPUT,NO,SIMULATED_PRODUCTION_CASE
http://w3id.org/protys/fixture#Load00095_Flow_TitaniumDioxide,http://w3id.org/protys/fixture#Load00095_LCIProcess,http://w3id.org/protys/fixture#Load00095_Process,http://w3id.org/protys/fixture#TitaniumDioxide,24.2,kg,ProductFlow,PURCHASED_TECHNOSPHERE_INPUT,NO,SIMULATED_PRODUCTION_CASE
http://w3id.org/protys/fixture#Load00095_Flow_AcrylicResin,http://w3id.org/protys/fixture#Load00095_LCIProcess,http://w3id.org/protys/fixture#Load00095_Process,http://w3id.org/protys/fixture#AcrylicResin,36.3,kg,ProductFlow,PURCHASED_TECHNOSPHERE_INPUT,NO,SIMULATED_PRODUCTION_CASE
http://w3id.org/protys/fixture#Load00095_Flow_Water,http://w3id.org/protys/fixture#Load00095_LCIProcess,http://w3id.org/protys/fixture#Load00095_Process,http://w3id.org/protys/fixture#Water,59.29,kg,ProductFlow,PURCHASED_TECHNOSPHERE_INPUT,NO,SIMULATED_PRODUCTION_CASE
http://w3id.org/protys/fixture#Load00095_Flow_Biocide,http://w3id.org/protys/fixture#Load00095_LCIProcess,http://w3id.org/protys/fixture#Load00095_Process,http://w3id.org/protys/fixture#Biocide,1.21,kg,ProductFlow,PURCHASED_TECHNOSPHERE_INPUT,NO,SIMULATED_PRODUCTION_CASE
http://w3id.org/protys/fixture#Load00096_Flow_TitaniumDioxide,http://w3id.org/protys/fixture#Load00096_LCIProcess,http://w3id.org/protys/fixture#Load00096_Process,http://w3id.org/protys/fixture#TitaniumDioxide,33.6,kg,ProductFlow,PURCHASED_TECHNOSPHERE_INPUT,NO,SIMULATED_PRODUCTION_CASE
http://w3id.org/protys/fixture#Load00096_Flow_AcrylicResin,http://w3id.org/protys/fixture#Load00096_LCIProcess,http://w3id.org/protys/fixture#Load00096_Process,http://w3id.org/protys/fixture#AcrylicResin,50.4,kg,ProductFlow,PURCHASED_TECHNOSPHERE_INPUT,NO,SIMULATED_PRODUCTION_CASE
http://w3id.org/protys/fixture#Load00096_Flow_Water,http://w3id.org/protys/fixture#Load00096_LCIProcess,http://w3id.org/protys/fixture#Load00096_Process,http://w3id.org/protys/fixture#Water,82.32,kg,ProductFlow,PURCHASED_TECHNOSPHERE_INPUT,NO,SIMULATED_PRODUCTION_CASE
http://w3id.org/protys/fixture#Load00096_Flow_Biocide,http://w3id.org/protys/fixture#Load00096_LCIProcess,http://w3id.org/protys/fixture#Load00096_Process,http://w3id.org/protys/fixture#Biocide,1.68,kg,ProductFlow,PURCHASED_TECHNOSPHERE_INPUT,NO,SIMULATED_PRODUCTION_CASE
http://w3id.org/protys/fixture#Load00097_Flow_TitaniumDioxide,http://w3id.org/protys/fixture#Load00097_LCIProcess,http://w3id.org/protys/fixture#Load00097_Process,http://w3id.org/protys/fixture#TitaniumDioxide,38.6,kg,ProductFlow,PURCHASED_TECHNOSPHERE_INPUT,NO,SIMULATED_PRODUCTION_CASE
http://w3id.org/protys/fixture#Load00097_Flow_AcrylicResin,http://w3id.org/protys/fixture#Load00097_LCIProcess,http://w3id.org/protys/fixture#Load00097_Process,http://w3id.org/protys/fixture#AcrylicResin,57.9,kg,ProductFlow,PURCHASED_TECHNOSPHERE_INPUT,NO,SIMULATED_PRODUCTION_CASE
http://w3id.org/protys/fixture#Load00097_Flow_Water,http://w3id.org/protys/fixture#Load00097_LCIProcess,http://w3id.org/protys/fixture#Load00097_Process,http://w3id.org/protys/fixture#Water,94.57,kg,ProductFlow,PURCHASED_TECHNOSPHERE_INPUT,NO,SIMULATED_PRODUCTION_CASE
http://w3id.org/protys/fixture#Load00097_Flow_Biocide,http://w3id.org/protys/fixture#Load00097_LCIProcess,http://w3id.org/protys/fixture#Load00097_Process,http://w3id.org/protys/fixture#Biocide,1.93,kg,ProductFlow,PURCHASED_TECHNOSPHERE_INPUT,NO,SIMULATED_PRODUCTION_CASE
http://w3id.org/protys/fixture#Load00098_Flow_TitaniumDioxide,http://w3id.org/protys/fixture#Load00098_LCIProcess,http://w3id.org/protys/fixture#Load00098_Process,http://w3id.org/protys/fixture#TitaniumDioxide,26.2,kg,ProductFlow,PURCHASED_TECHNOSPHERE_INPUT,NO,SIMULATED_PRODUCTION_CASE
http://w3id.org/protys/fixture#Load00098_Flow_AcrylicResin,http://w3id.org/protys/fixture#Load00098_LCIProcess,http://w3id.org/protys/fixture#Load00098_Process,http://w3id.org/protys/fixture#AcrylicResin,39.3,kg,ProductFlow,PURCHASED_TECHNOSPHERE_INPUT,NO,SIMULATED_PRODUCTION_CASE
http://w3id.org/protys/fixture#Load00098_Flow_Water,http://w3id.org/protys/fixture#Load00098_LCIProcess,http://w3id.org/protys/fixture#Load00098_Process,http://w3id.org/protys/fixture#Water,64.19,kg,ProductFlow,PURCHASED_TECHNOSPHERE_INPUT,NO,SIMULATED_PRODUCTION_CASE
http://w3id.org/protys/fixture#Load00098_Flow_Biocide,http://w3id.org/protys/fixture#Load00098_LCIProcess,http://w3id.org/protys/fixture#Load00098_Process,http://w3id.org/protys/fixture#Biocide,1.31,kg,ProductFlow,PURCHASED_TECHNOSPHERE_INPUT,NO,SIMULATED_PRODUCTION_CASE
http://w3id.org/protys/fixture#Load00099_Flow_TitaniumDioxide,http://w3id.org/protys/fixture#Load00099_LCIProcess,http://w3id.org/protys/fixture#Load00099_Process,http://w3id.org/protys/fixture#TitaniumDioxide,24,kg,ProductFlow,PURCHASED_TECHNOSPHERE_INPUT,NO,SIMULATED_PRODUCTION_CASE
http://w3id.org/protys/fixture#Load00099_Flow_AcrylicResin,http://w3id.org/protys/fixture#Load00099_LCIProcess,http://w3id.org/protys/fixture#Load00099_Process,http://w3id.org/protys/fixture#AcrylicResin,36,kg,ProductFlow,PURCHASED_TECHNOSPHERE_INPUT,NO,SIMULATED_PRODUCTION_CASE
http://w3id.org/protys/fixture#Load00099_Flow_Water,http://w3id.org/protys/fixture#Load00099_LCIProcess,http://w3id.org/protys/fixture#Load00099_Process,http://w3id.org/protys/fixture#Water,58.8,kg,ProductFlow,PURCHASED_TECHNOSPHERE_INPUT,NO,SIMULATED_PRODUCTION_CASE
http://w3id.org/protys/fixture#Load00099_Flow_Biocide,http://w3id.org/protys/fixture#Load00099_LCIProcess,http://w3id.org/protys/fixture#Load00099_Process,http://w3id.org/protys/fixture#Biocide,1.2,kg,ProductFlow,PURCHASED_TECHNOSPHERE_INPUT,NO,SIMULATED_PRODUCTION_CASE
http://w3id.org/protys/fixture#Load00100_Flow_TitaniumDioxide,http://w3id.org/protys/fixture#Load00100_LCIProcess,http://w3id.org/protys/fixture#Load00100_Process,http://w3id.org/protys/fixture#TitaniumDioxide,31.8,kg,ProductFlow,PURCHASED_TECHNOSPHERE_INPUT,NO,SIMULATED_PRODUCTION_CASE
http://w3id.org/protys/fixture#Load00100_Flow_AcrylicResin,http://w3id.org/protys/fixture#Load00100_LCIProcess,http://w3id.org/protys/fixture#Load00100_Process,http://w3id.org/protys/fixture#AcrylicResin,47.7,kg,ProductFlow,PURCHASED_TECHNOSPHERE_INPUT,NO,SIMULATED_PRODUCTION_CASE
http://w3id.org/protys/fixture#Load00100_Flow_Water,http://w3id.org/protys/fixture#Load00100_LCIProcess,http://w3id.org/protys/fixture#Load00100_Process,http://w3id.org/protys/fixture#Water,77.91,kg,ProductFlow,PURCHASED_TECHNOSPHERE_INPUT,NO,SIMULATED_PRODUCTION_CASE
http://w3id.org/protys/fixture#Load00100_Flow_Biocide,http://w3id.org/protys/fixture#Load00100_LCIProcess,http://w3id.org/protys/fixture#Load00100_Process,http://w3id.org/protys/fixture#Biocide,1.59,kg,ProductFlow,PURCHASED_TECHNOSPHERE_INPUT,NO,SIMULATED_PRODUCTION_CASE
http://w3id.org/protys/fixture#Load00101_Flow_TitaniumDioxide,http://w3id.org/protys/fixture#Load00101_LCIProcess,http://w3id.org/protys/fixture#Load00101_Process,http://w3id.org/protys/fixture#TitaniumDioxide,29.6,kg,ProductFlow,PURCHASED_TECHNOSPHERE_INPUT,NO,SIMULATED_PRODUCTION_CASE
http://w3id.org/protys/fixture#Load00101_Flow_AcrylicResin,http://w3id.org/protys/fixture#Load00101_LCIProcess,http://w3id.org/protys/fixture#Load00101_Process,http://w3id.org/protys/fixture#AcrylicResin,44.4,kg,ProductFlow,PURCHASED_TECHNOSPHERE_INPUT,NO,SIMULATED_PRODUCTION_CASE
http://w3id.org/protys/fixture#Load00101_Flow_Water,http://w3id.org/protys/fixture#Load00101_LCIProcess,http://w3id.org/protys/fixture#Load00101_Process,http://w3id.org/protys/fixture#Water,72.52,kg,ProductFlow,PURCHASED_TECHNOSPHERE_INPUT,NO,SIMULATED_PRODUCTION_CASE
http://w3id.org/protys/fixture#Load00101_Flow_Biocide,http://w3id.org/protys/fixture#Load00101_LCIProcess,http://w3id.org/protys/fixture#Load00101_Process,http://w3id.org/protys/fixture#Biocide,1.48,kg,ProductFlow,PURCHASED_TECHNOSPHERE_INPUT,NO,SIMULATED_PRODUCTION_CASE
http://w3id.org/protys/fixture#Load00102_Flow_TitaniumDioxide,http://w3id.org/protys/fixture#Load00102_LCIProcess,http://w3id.org/protys/fixture#Load00102_Process,http://w3id.org/protys/fixture#TitaniumDioxide,26.8,kg,ProductFlow,PURCHASED_TECHNOSPHERE_INPUT,NO,SIMULATED_PRODUCTION_CASE
http://w3id.org/protys/fixture#Load00102_Flow_AcrylicResin,http://w3id.org/protys/fixture#Load00102_LCIProcess,http://w3id.org/protys/fixture#Load00102_Process,http://w3id.org/protys/fixture#AcrylicResin,40.2,kg,ProductFlow,PURCHASED_TECHNOSPHERE_INPUT,NO,SIMULATED_PRODUCTION_CASE
http://w3id.org/protys/fixture#Load00102_Flow_Water,http://w3id.org/protys/fixture#Load00102_LCIProcess,http://w3id.org/protys/fixture#Load00102_Process,http://w3id.org/protys/fixture#Water,65.66,kg,ProductFlow,PURCHASED_TECHNOSPHERE_INPUT,NO,SIMULATED_PRODUCTION_CASE
http://w3id.org/protys/fixture#Load00102_Flow_Biocide,http://w3id.org/protys/fixture#Load00102_LCIProcess,http://w3id.org/protys/fixture#Load00102_Process,http://w3id.org/protys/fixture#Biocide,1.34,kg,ProductFlow,PURCHASED_TECHNOSPHERE_INPUT,NO,SIMULATED_PRODUCTION_CASE
http://w3id.org/protys/fixture#Load00103_Flow_TitaniumDioxide,http://w3id.org/protys/fixture#Load00103_LCIProcess,http://w3id.org/protys/fixture#Load00103_Process,http://w3id.org/protys/fixture#TitaniumDioxide,36.2,kg,ProductFlow,PURCHASED_TECHNOSPHERE_INPUT,NO,SIMULATED_PRODUCTION_CASE
http://w3id.org/protys/fixture#Load00103_Flow_AcrylicResin,http://w3id.org/protys/fixture#Load00103_LCIProcess,http://w3id.org/protys/fixture#Load00103_Process,http://w3id.org/protys/fixture#AcrylicResin,54.3,kg,ProductFlow,PURCHASED_TECHNOSPHERE_INPUT,NO,SIMULATED_PRODUCTION_CASE
http://w3id.org/protys/fixture#Load00103_Flow_Water,http://w3id.org/protys/fixture#Load00103_LCIProcess,http://w3id.org/protys/fixture#Load00103_Process,http://w3id.org/protys/fixture#Water,88.69,kg,ProductFlow,PURCHASED_TECHNOSPHERE_INPUT,NO,SIMULATED_PRODUCTION_CASE
http://w3id.org/protys/fixture#Load00103_Flow_Biocide,http://w3id.org/protys/fixture#Load00103_LCIProcess,http://w3id.org/protys/fixture#Load00103_Process,http://w3id.org/protys/fixture#Biocide,1.81,kg,ProductFlow,PURCHASED_TECHNOSPHERE_INPUT,NO,SIMULATED_PRODUCTION_CASE
http://w3id.org/protys/fixture#Load00104_Flow_TitaniumDioxide,http://w3id.org/protys/fixture#Load00104_LCIProcess,http://w3id.org/protys/fixture#Load00104_Process,http://w3id.org/protys/fixture#TitaniumDioxide,37.6,kg,ProductFlow,PURCHASED_TECHNOSPHERE_INPUT,NO,SIMULATED_PRODUCTION_CASE
http://w3id.org/protys/fixture#Load00104_Flow_AcrylicResin,http://w3id.org/protys/fixture#Load00104_LCIProcess,http://w3id.org/protys/fixture#Load00104_Process,http://w3id.org/protys/fixture#AcrylicResin,56.4,kg,ProductFlow,PURCHASED_TECHNOSPHERE_INPUT,NO,SIMULATED_PRODUCTION_CASE
http://w3id.org/protys/fixture#Load00104_Flow_Water,http://w3id.org/protys/fixture#Load00104_LCIProcess,http://w3id.org/protys/fixture#Load00104_Process,http://w3id.org/protys/fixture#Water,92.12,kg,ProductFlow,PURCHASED_TECHNOSPHERE_INPUT,NO,SIMULATED_PRODUCTION_CASE
http://w3id.org/protys/fixture#Load00104_Flow_Biocide,http://w3id.org/protys/fixture#Load00104_LCIProcess,http://w3id.org/protys/fixture#Load00104_Process,http://w3id.org/protys/fixture#Biocide,1.88,kg,ProductFlow,PURCHASED_TECHNOSPHERE_INPUT,NO,SIMULATED_PRODUCTION_CASE
http://w3id.org/protys/fixture#Load00105_Flow_TitaniumDioxide,http://w3id.org/protys/fixture#Load00105_LCIProcess,http://w3id.org/protys/fixture#Load00105_Process,http://w3id.org/protys/fixture#TitaniumDioxide,34.2,kg,ProductFlow,PURCHASED_TECHNOSPHERE_INPUT,NO,SIMULATED_PRODUCTION_CASE
http://w3id.org/protys/fixture#Load00105_Flow_AcrylicResin,http://w3id.org/protys/fixture#Load00105_LCIProcess,http://w3id.org/protys/fixture#Load00105_Process,http://w3id.org/protys/fixture#AcrylicResin,51.3,kg,ProductFlow,PURCHASED_TECHNOSPHERE_INPUT,NO,SIMULATED_PRODUCTION_CASE
http://w3id.org/protys/fixture#Load00105_Flow_Water,http://w3id.org/protys/fixture#Load00105_LCIProcess,http://w3id.org/protys/fixture#Load00105_Process,http://w3id.org/protys/fixture#Water,83.79,kg,ProductFlow,PURCHASED_TECHNOSPHERE_INPUT,NO,SIMULATED_PRODUCTION_CASE
http://w3id.org/protys/fixture#Load00105_Flow_Biocide,http://w3id.org/protys/fixture#Load00105_LCIProcess,http://w3id.org/protys/fixture#Load00105_Process,http://w3id.org/protys/fixture#Biocide,1.71,kg,ProductFlow,PURCHASED_TECHNOSPHERE_INPUT,NO,SIMULATED_PRODUCTION_CASE
http://w3id.org/protys/fixture#Load00106_Flow_TitaniumDioxide,http://w3id.org/protys/fixture#Load00106_LCIProcess,http://w3id.org/protys/fixture#Load00106_Process,http://w3id.org/protys/fixture#TitaniumDioxide,25.6,kg,ProductFlow,PURCHASED_TECHNOSPHERE_INPUT,NO,SIMULATED_PRODUCTION_CASE
http://w3id.org/protys/fixture#Load00106_Flow_AcrylicResin,http://w3id.org/protys/fixture#Load00106_LCIProcess,http://w3id.org/protys/fixture#Load00106_Process,http://w3id.org/protys/fixture#AcrylicResin,38.4,kg,ProductFlow,PURCHASED_TECHNOSPHERE_INPUT,NO,SIMULATED_PRODUCTION_CASE
http://w3id.org/protys/fixture#Load00106_Flow_Water,http://w3id.org/protys/fixture#Load00106_LCIProcess,http://w3id.org/protys/fixture#Load00106_Process,http://w3id.org/protys/fixture#Water,62.72,kg,ProductFlow,PURCHASED_TECHNOSPHERE_INPUT,NO,SIMULATED_PRODUCTION_CASE
http://w3id.org/protys/fixture#Load00106_Flow_Biocide,http://w3id.org/protys/fixture#Load00106_LCIProcess,http://w3id.org/protys/fixture#Load00106_Process,http://w3id.org/protys/fixture#Biocide,1.28,kg,ProductFlow,PURCHASED_TECHNOSPHERE_INPUT,NO,SIMULATED_PRODUCTION_CASE
http://w3id.org/protys/fixture#Load00107_Flow_TitaniumDioxide,http://w3id.org/protys/fixture#Load00107_LCIProcess,http://w3id.org/protys/fixture#Load00107_Process,http://w3id.org/protys/fixture#TitaniumDioxide,37.4,kg,ProductFlow,PURCHASED_TECHNOSPHERE_INPUT,NO,SIMULATED_PRODUCTION_CASE
http://w3id.org/protys/fixture#Load00107_Flow_AcrylicResin,http://w3id.org/protys/fixture#Load00107_LCIProcess,http://w3id.org/protys/fixture#Load00107_Process,http://w3id.org/protys/fixture#AcrylicResin,56.1,kg,ProductFlow,PURCHASED_TECHNOSPHERE_INPUT,NO,SIMULATED_PRODUCTION_CASE
http://w3id.org/protys/fixture#Load00107_Flow_Water,http://w3id.org/protys/fixture#Load00107_LCIProcess,http://w3id.org/protys/fixture#Load00107_Process,http://w3id.org/protys/fixture#Water,91.63,kg,ProductFlow,PURCHASED_TECHNOSPHERE_INPUT,NO,SIMULATED_PRODUCTION_CASE
http://w3id.org/protys/fixture#Load00107_Flow_Biocide,http://w3id.org/protys/fixture#Load00107_LCIProcess,http://w3id.org/protys/fixture#Load00107_Process,http://w3id.org/protys/fixture#Biocide,1.87,kg,ProductFlow,PURCHASED_TECHNOSPHERE_INPUT,NO,SIMULATED_PRODUCTION_CASE
http://w3id.org/protys/fixture#Load00108_Flow_TitaniumDioxide,http://w3id.org/protys/fixture#Load00108_LCIProcess,http://w3id.org/protys/fixture#Load00108_Process,http://w3id.org/protys/fixture#TitaniumDioxide,28.2,kg,ProductFlow,PURCHASED_TECHNOSPHERE_INPUT,NO,SIMULATED_PRODUCTION_CASE
http://w3id.org/protys/fixture#Load00108_Flow_AcrylicResin,http://w3id.org/protys/fixture#Load00108_LCIProcess,http://w3id.org/protys/fixture#Load00108_Process,http://w3id.org/protys/fixture#AcrylicResin,42.3,kg,ProductFlow,PURCHASED_TECHNOSPHERE_INPUT,NO,SIMULATED_PRODUCTION_CASE
http://w3id.org/protys/fixture#Load00108_Flow_Water,http://w3id.org/protys/fixture#Load00108_LCIProcess,http://w3id.org/protys/fixture#Load00108_Process,http://w3id.org/protys/fixture#Water,69.09,kg,ProductFlow,PURCHASED_TECHNOSPHERE_INPUT,NO,SIMULATED_PRODUCTION_CASE
http://w3id.org/protys/fixture#Load00108_Flow_Biocide,http://w3id.org/protys/fixture#Load00108_LCIProcess,http://w3id.org/protys/fixture#Load00108_Process,http://w3id.org/protys/fixture#Biocide,1.41,kg,ProductFlow,PURCHASED_TECHNOSPHERE_INPUT,NO,SIMULATED_PRODUCTION_CASE
http://w3id.org/protys/fixture#Load00109_Flow_TitaniumDioxide,http://w3id.org/protys/fixture#Load00109_LCIProcess,http://w3id.org/protys/fixture#Load00109_Process,http://w3id.org/protys/fixture#TitaniumDioxide,39.6,kg,ProductFlow,PURCHASED_TECHNOSPHERE_INPUT,NO,SIMULATED_PRODUCTION_CASE
http://w3id.org/protys/fixture#Load00109_Flow_AcrylicResin,http://w3id.org/protys/fixture#Load00109_LCIProcess,http://w3id.org/protys/fixture#Load00109_Process,http://w3id.org/protys/fixture#AcrylicResin,59.4,kg,ProductFlow,PURCHASED_TECHNOSPHERE_INPUT,NO,SIMULATED_PRODUCTION_CASE
http://w3id.org/protys/fixture#Load00109_Flow_Water,http://w3id.org/protys/fixture#Load00109_LCIProcess,http://w3id.org/protys/fixture#Load00109_Process,http://w3id.org/protys/fixture#Water,97.02,kg,ProductFlow,PURCHASED_TECHNOSPHERE_INPUT,NO,SIMULATED_PRODUCTION_CASE
http://w3id.org/protys/fixture#Load00109_Flow_Biocide,http://w3id.org/protys/fixture#Load00109_LCIProcess,http://w3id.org/protys/fixture#Load00109_Process,http://w3id.org/protys/fixture#Biocide,1.98,kg,ProductFlow,PURCHASED_TECHNOSPHERE_INPUT,NO,SIMULATED_PRODUCTION_CASE
http://w3id.org/protys/fixture#Load00110_Flow_TitaniumDioxide,http://w3id.org/protys/fixture#Load00110_LCIProcess,http://w3id.org/protys/fixture#Load00110_Process,http://w3id.org/protys/fixture#TitaniumDioxide,39.8,kg,ProductFlow,PURCHASED_TECHNOSPHERE_INPUT,NO,SIMULATED_PRODUCTION_CASE
http://w3id.org/protys/fixture#Load00110_Flow_AcrylicResin,http://w3id.org/protys/fixture#Load00110_LCIProcess,http://w3id.org/protys/fixture#Load00110_Process,http://w3id.org/protys/fixture#AcrylicResin,59.7,kg,ProductFlow,PURCHASED_TECHNOSPHERE_INPUT,NO,SIMULATED_PRODUCTION_CASE
http://w3id.org/protys/fixture#Load00110_Flow_Water,http://w3id.org/protys/fixture#Load00110_LCIProcess,http://w3id.org/protys/fixture#Load00110_Process,http://w3id.org/protys/fixture#Water,97.51,kg,ProductFlow,PURCHASED_TECHNOSPHERE_INPUT,NO,SIMULATED_PRODUCTION_CASE
http://w3id.org/protys/fixture#Load00110_Flow_Biocide,http://w3id.org/protys/fixture#Load00110_LCIProcess,http://w3id.org/protys/fixture#Load00110_Process,http://w3id.org/protys/fixture#Biocide,1.99,kg,ProductFlow,PURCHASED_TECHNOSPHERE_INPUT,NO,SIMULATED_PRODUCTION_CASE
http://w3id.org/protys/fixture#Load00111_Flow_TitaniumDioxide,http://w3id.org/protys/fixture#Load00111_LCIProcess,http://w3id.org/protys/fixture#Load00111_Process,http://w3id.org/protys/fixture#TitaniumDioxide,21.4,kg,ProductFlow,PURCHASED_TECHNOSPHERE_INPUT,NO,SIMULATED_PRODUCTION_CASE
http://w3id.org/protys/fixture#Load00111_Flow_AcrylicResin,http://w3id.org/protys/fixture#Load00111_LCIProcess,http://w3id.org/protys/fixture#Load00111_Process,http://w3id.org/protys/fixture#AcrylicResin,32.1,kg,ProductFlow,PURCHASED_TECHNOSPHERE_INPUT,NO,SIMULATED_PRODUCTION_CASE
http://w3id.org/protys/fixture#Load00111_Flow_Water,http://w3id.org/protys/fixture#Load00111_LCIProcess,http://w3id.org/protys/fixture#Load00111_Process,http://w3id.org/protys/fixture#Water,52.43,kg,ProductFlow,PURCHASED_TECHNOSPHERE_INPUT,NO,SIMULATED_PRODUCTION_CASE
http://w3id.org/protys/fixture#Load00111_Flow_Biocide,http://w3id.org/protys/fixture#Load00111_LCIProcess,http://w3id.org/protys/fixture#Load00111_Process,http://w3id.org/protys/fixture#Biocide,1.07,kg,ProductFlow,PURCHASED_TECHNOSPHERE_INPUT,NO,SIMULATED_PRODUCTION_CASE
http://w3id.org/protys/fixture#Load00112_Flow_TitaniumDioxide,http://w3id.org/protys/fixture#Load00112_LCIProcess,http://w3id.org/protys/fixture#Load00112_Process,http://w3id.org/protys/fixture#TitaniumDioxide,25.8,kg,ProductFlow,PURCHASED_TECHNOSPHERE_INPUT,NO,SIMULATED_PRODUCTION_CASE
http://w3id.org/protys/fixture#Load00112_Flow_AcrylicResin,http://w3id.org/protys/fixture#Load00112_LCIProcess,http://w3id.org/protys/fixture#Load00112_Process,http://w3id.org/protys/fixture#AcrylicResin,38.7,kg,ProductFlow,PURCHASED_TECHNOSPHERE_INPUT,NO,SIMULATED_PRODUCTION_CASE
http://w3id.org/protys/fixture#Load00112_Flow_Water,http://w3id.org/protys/fixture#Load00112_LCIProcess,http://w3id.org/protys/fixture#Load00112_Process,http://w3id.org/protys/fixture#Water,63.21,kg,ProductFlow,PURCHASED_TECHNOSPHERE_INPUT,NO,SIMULATED_PRODUCTION_CASE
http://w3id.org/protys/fixture#Load00112_Flow_Biocide,http://w3id.org/protys/fixture#Load00112_LCIProcess,http://w3id.org/protys/fixture#Load00112_Process,http://w3id.org/protys/fixture#Biocide,1.29,kg,ProductFlow,PURCHASED_TECHNOSPHERE_INPUT,NO,SIMULATED_PRODUCTION_CASE
http://w3id.org/protys/fixture#Load00113_Flow_TitaniumDioxide,http://w3id.org/protys/fixture#Load00113_LCIProcess,http://w3id.org/protys/fixture#Load00113_Process,http://w3id.org/protys/fixture#TitaniumDioxide,20.8,kg,ProductFlow,PURCHASED_TECHNOSPHERE_INPUT,NO,SIMULATED_PRODUCTION_CASE
http://w3id.org/protys/fixture#Load00113_Flow_AcrylicResin,http://w3id.org/protys/fixture#Load00113_LCIProcess,http://w3id.org/protys/fixture#Load00113_Process,http://w3id.org/protys/fixture#AcrylicResin,31.2,kg,ProductFlow,PURCHASED_TECHNOSPHERE_INPUT,NO,SIMULATED_PRODUCTION_CASE
http://w3id.org/protys/fixture#Load00113_Flow_Water,http://w3id.org/protys/fixture#Load00113_LCIProcess,http://w3id.org/protys/fixture#Load00113_Process,http://w3id.org/protys/fixture#Water,50.96,kg,ProductFlow,PURCHASED_TECHNOSPHERE_INPUT,NO,SIMULATED_PRODUCTION_CASE
http://w3id.org/protys/fixture#Load00113_Flow_Biocide,http://w3id.org/protys/fixture#Load00113_LCIProcess,http://w3id.org/protys/fixture#Load00113_Process,http://w3id.org/protys/fixture#Biocide,1.04,kg,ProductFlow,PURCHASED_TECHNOSPHERE_INPUT,NO,SIMULATED_PRODUCTION_CASE
http://w3id.org/protys/fixture#Load00114_Flow_TitaniumDioxide,http://w3id.org/protys/fixture#Load00114_LCIProcess,http://w3id.org/protys/fixture#Load00114_Process,http://w3id.org/protys/fixture#TitaniumDioxide,28,kg,ProductFlow,PURCHASED_TECHNOSPHERE_INPUT,NO,SIMULATED_PRODUCTION_CASE
http://w3id.org/protys/fixture#Load00114_Flow_AcrylicResin,http://w3id.org/protys/fixture#Load00114_LCIProcess,http://w3id.org/protys/fixture#Load00114_Process,http://w3id.org/protys/fixture#AcrylicResin,42,kg,ProductFlow,PURCHASED_TECHNOSPHERE_INPUT,NO,SIMULATED_PRODUCTION_CASE
http://w3id.org/protys/fixture#Load00114_Flow_Water,http://w3id.org/protys/fixture#Load00114_LCIProcess,http://w3id.org/protys/fixture#Load00114_Process,http://w3id.org/protys/fixture#Water,68.6,kg,ProductFlow,PURCHASED_TECHNOSPHERE_INPUT,NO,SIMULATED_PRODUCTION_CASE
http://w3id.org/protys/fixture#Load00114_Flow_Biocide,http://w3id.org/protys/fixture#Load00114_LCIProcess,http://w3id.org/protys/fixture#Load00114_Process,http://w3id.org/protys/fixture#Biocide,1.4,kg,ProductFlow,PURCHASED_TECHNOSPHERE_INPUT,NO,SIMULATED_PRODUCTION_CASE
http://w3id.org/protys/fixture#Load00115_Flow_TitaniumDioxide,http://w3id.org/protys/fixture#Load00115_LCIProcess,http://w3id.org/protys/fixture#Load00115_Process,http://w3id.org/protys/fixture#TitaniumDioxide,30.2,kg,ProductFlow,PURCHASED_TECHNOSPHERE_INPUT,NO,SIMULATED_PRODUCTION_CASE
http://w3id.org/protys/fixture#Load00115_Flow_AcrylicResin,http://w3id.org/protys/fixture#Load00115_LCIProcess,http://w3id.org/protys/fixture#Load00115_Process,http://w3id.org/protys/fixture#AcrylicResin,45.3,kg,ProductFlow,PURCHASED_TECHNOSPHERE_INPUT,NO,SIMULATED_PRODUCTION_CASE
http://w3id.org/protys/fixture#Load00115_Flow_Water,http://w3id.org/protys/fixture#Load00115_LCIProcess,http://w3id.org/protys/fixture#Load00115_Process,http://w3id.org/protys/fixture#Water,73.99,kg,ProductFlow,PURCHASED_TECHNOSPHERE_INPUT,NO,SIMULATED_PRODUCTION_CASE
http://w3id.org/protys/fixture#Load00115_Flow_Biocide,http://w3id.org/protys/fixture#Load00115_LCIProcess,http://w3id.org/protys/fixture#Load00115_Process,http://w3id.org/protys/fixture#Biocide,1.51,kg,ProductFlow,PURCHASED_TECHNOSPHERE_INPUT,NO,SIMULATED_PRODUCTION_CASE
http://w3id.org/protys/fixture#Load00116_Flow_TitaniumDioxide,http://w3id.org/protys/fixture#Load00116_LCIProcess,http://w3id.org/protys/fixture#Load00116_Process,http://w3id.org/protys/fixture#TitaniumDioxide,26.8,kg,ProductFlow,PURCHASED_TECHNOSPHERE_INPUT,NO,SIMULATED_PRODUCTION_CASE
http://w3id.org/protys/fixture#Load00116_Flow_AcrylicResin,http://w3id.org/protys/fixture#Load00116_LCIProcess,http://w3id.org/protys/fixture#Load00116_Process,http://w3id.org/protys/fixture#AcrylicResin,40.2,kg,ProductFlow,PURCHASED_TECHNOSPHERE_INPUT,NO,SIMULATED_PRODUCTION_CASE
http://w3id.org/protys/fixture#Load00116_Flow_Water,http://w3id.org/protys/fixture#Load00116_LCIProcess,http://w3id.org/protys/fixture#Load00116_Process,http://w3id.org/protys/fixture#Water,65.66,kg,ProductFlow,PURCHASED_TECHNOSPHERE_INPUT,NO,SIMULATED_PRODUCTION_CASE
http://w3id.org/protys/fixture#Load00116_Flow_Biocide,http://w3id.org/protys/fixture#Load00116_LCIProcess,http://w3id.org/protys/fixture#Load00116_Process,http://w3id.org/protys/fixture#Biocide,1.34,kg,ProductFlow,PURCHASED_TECHNOSPHERE_INPUT,NO,SIMULATED_PRODUCTION_CASE
http://w3id.org/protys/fixture#Load00117_Flow_TitaniumDioxide,http://w3id.org/protys/fixture#Load00117_LCIProcess,http://w3id.org/protys/fixture#Load00117_Process,http://w3id.org/protys/fixture#TitaniumDioxide,21.6,kg,ProductFlow,PURCHASED_TECHNOSPHERE_INPUT,NO,SIMULATED_PRODUCTION_CASE
http://w3id.org/protys/fixture#Load00117_Flow_AcrylicResin,http://w3id.org/protys/fixture#Load00117_LCIProcess,http://w3id.org/protys/fixture#Load00117_Process,http://w3id.org/protys/fixture#AcrylicResin,32.4,kg,ProductFlow,PURCHASED_TECHNOSPHERE_INPUT,NO,SIMULATED_PRODUCTION_CASE
http://w3id.org/protys/fixture#Load00117_Flow_Water,http://w3id.org/protys/fixture#Load00117_LCIProcess,http://w3id.org/protys/fixture#Load00117_Process,http://w3id.org/protys/fixture#Water,52.92,kg,ProductFlow,PURCHASED_TECHNOSPHERE_INPUT,NO,SIMULATED_PRODUCTION_CASE
http://w3id.org/protys/fixture#Load00117_Flow_Biocide,http://w3id.org/protys/fixture#Load00117_LCIProcess,http://w3id.org/protys/fixture#Load00117_Process,http://w3id.org/protys/fixture#Biocide,1.08,kg,ProductFlow,PURCHASED_TECHNOSPHERE_INPUT,NO,SIMULATED_PRODUCTION_CASE
http://w3id.org/protys/fixture#Load00118_Flow_TitaniumDioxide,http://w3id.org/protys/fixture#Load00118_LCIProcess,http://w3id.org/protys/fixture#Load00118_Process,http://w3id.org/protys/fixture#TitaniumDioxide,25.4,kg,ProductFlow,PURCHASED_TECHNOSPHERE_INPUT,NO,SIMULATED_PRODUCTION_CASE
http://w3id.org/protys/fixture#Load00118_Flow_AcrylicResin,http://w3id.org/protys/fixture#Load00118_LCIProcess,http://w3id.org/protys/fixture#Load00118_Process,http://w3id.org/protys/fixture#AcrylicResin,38.1,kg,ProductFlow,PURCHASED_TECHNOSPHERE_INPUT,NO,SIMULATED_PRODUCTION_CASE
http://w3id.org/protys/fixture#Load00118_Flow_Water,http://w3id.org/protys/fixture#Load00118_LCIProcess,http://w3id.org/protys/fixture#Load00118_Process,http://w3id.org/protys/fixture#Water,62.23,kg,ProductFlow,PURCHASED_TECHNOSPHERE_INPUT,NO,SIMULATED_PRODUCTION_CASE
http://w3id.org/protys/fixture#Load00118_Flow_Biocide,http://w3id.org/protys/fixture#Load00118_LCIProcess,http://w3id.org/protys/fixture#Load00118_Process,http://w3id.org/protys/fixture#Biocide,1.27,kg,ProductFlow,PURCHASED_TECHNOSPHERE_INPUT,NO,SIMULATED_PRODUCTION_CASE
http://w3id.org/protys/fixture#Load00119_Flow_TitaniumDioxide,http://w3id.org/protys/fixture#Load00119_LCIProcess,http://w3id.org/protys/fixture#Load00119_Process,http://w3id.org/protys/fixture#TitaniumDioxide,34.4,kg,ProductFlow,PURCHASED_TECHNOSPHERE_INPUT,NO,SIMULATED_PRODUCTION_CASE
http://w3id.org/protys/fixture#Load00119_Flow_AcrylicResin,http://w3id.org/protys/fixture#Load00119_LCIProcess,http://w3id.org/protys/fixture#Load00119_Process,http://w3id.org/protys/fixture#AcrylicResin,51.6,kg,ProductFlow,PURCHASED_TECHNOSPHERE_INPUT,NO,SIMULATED_PRODUCTION_CASE
http://w3id.org/protys/fixture#Load00119_Flow_Water,http://w3id.org/protys/fixture#Load00119_LCIProcess,http://w3id.org/protys/fixture#Load00119_Process,http://w3id.org/protys/fixture#Water,84.28,kg,ProductFlow,PURCHASED_TECHNOSPHERE_INPUT,NO,SIMULATED_PRODUCTION_CASE
http://w3id.org/protys/fixture#Load00119_Flow_Biocide,http://w3id.org/protys/fixture#Load00119_LCIProcess,http://w3id.org/protys/fixture#Load00119_Process,http://w3id.org/protys/fixture#Biocide,1.72,kg,ProductFlow,PURCHASED_TECHNOSPHERE_INPUT,NO,SIMULATED_PRODUCTION_CASE
http://w3id.org/protys/fixture#Load00120_Flow_TitaniumDioxide,http://w3id.org/protys/fixture#Load00120_LCIProcess,http://w3id.org/protys/fixture#Load00120_Process,http://w3id.org/protys/fixture#TitaniumDioxide,38.2,kg,ProductFlow,PURCHASED_TECHNOSPHERE_INPUT,NO,SIMULATED_PRODUCTION_CASE
http://w3id.org/protys/fixture#Load00120_Flow_AcrylicResin,http://w3id.org/protys/fixture#Load00120_LCIProcess,http://w3id.org/protys/fixture#Load00120_Process,http://w3id.org/protys/fixture#AcrylicResin,57.3,kg,ProductFlow,PURCHASED_TECHNOSPHERE_INPUT,NO,SIMULATED_PRODUCTION_CASE
http://w3id.org/protys/fixture#Load00120_Flow_Water,http://w3id.org/protys/fixture#Load00120_LCIProcess,http://w3id.org/protys/fixture#Load00120_Process,http://w3id.org/protys/fixture#Water,93.59,kg,ProductFlow,PURCHASED_TECHNOSPHERE_INPUT,NO,SIMULATED_PRODUCTION_CASE
http://w3id.org/protys/fixture#Load00120_Flow_Biocide,http://w3id.org/protys/fixture#Load00120_LCIProcess,http://w3id.org/protys/fixture#Load00120_Process,http://w3id.org/protys/fixture#Biocide,1.91,kg,ProductFlow,PURCHASED_TECHNOSPHERE_INPUT,NO,SIMULATED_PRODUCTION_CASE
http://w3id.org/protys/fixture#Load00121_Flow_TitaniumDioxide,http://w3id.org/protys/fixture#Load00121_LCIProcess,http://w3id.org/protys/fixture#Load00121_Process,http://w3id.org/protys/fixture#TitaniumDioxide,28,kg,ProductFlow,PURCHASED_TECHNOSPHERE_INPUT,NO,SIMULATED_PRODUCTION_CASE
http://w3id.org/protys/fixture#Load00121_Flow_AcrylicResin,http://w3id.org/protys/fixture#Load00121_LCIProcess,http://w3id.org/protys/fixture#Load00121_Process,http://w3id.org/protys/fixture#AcrylicResin,42,kg,ProductFlow,PURCHASED_TECHNOSPHERE_INPUT,NO,SIMULATED_PRODUCTION_CASE
http://w3id.org/protys/fixture#Load00121_Flow_Water,http://w3id.org/protys/fixture#Load00121_LCIProcess,http://w3id.org/protys/fixture#Load00121_Process,http://w3id.org/protys/fixture#Water,68.6,kg,ProductFlow,PURCHASED_TECHNOSPHERE_INPUT,NO,SIMULATED_PRODUCTION_CASE
http://w3id.org/protys/fixture#Load00121_Flow_Biocide,http://w3id.org/protys/fixture#Load00121_LCIProcess,http://w3id.org/protys/fixture#Load00121_Process,http://w3id.org/protys/fixture#Biocide,1.4,kg,ProductFlow,PURCHASED_TECHNOSPHERE_INPUT,NO,SIMULATED_PRODUCTION_CASE
http://w3id.org/protys/fixture#Load00122_Flow_TitaniumDioxide,http://w3id.org/protys/fixture#Load00122_LCIProcess,http://w3id.org/protys/fixture#Load00122_Process,http://w3id.org/protys/fixture#TitaniumDioxide,25.4,kg,ProductFlow,PURCHASED_TECHNOSPHERE_INPUT,NO,SIMULATED_PRODUCTION_CASE
http://w3id.org/protys/fixture#Load00122_Flow_AcrylicResin,http://w3id.org/protys/fixture#Load00122_LCIProcess,http://w3id.org/protys/fixture#Load00122_Process,http://w3id.org/protys/fixture#AcrylicResin,38.1,kg,ProductFlow,PURCHASED_TECHNOSPHERE_INPUT,NO,SIMULATED_PRODUCTION_CASE
http://w3id.org/protys/fixture#Load00122_Flow_Water,http://w3id.org/protys/fixture#Load00122_LCIProcess,http://w3id.org/protys/fixture#Load00122_Process,http://w3id.org/protys/fixture#Water,62.23,kg,ProductFlow,PURCHASED_TECHNOSPHERE_INPUT,NO,SIMULATED_PRODUCTION_CASE
http://w3id.org/protys/fixture#Load00122_Flow_Biocide,http://w3id.org/protys/fixture#Load00122_LCIProcess,http://w3id.org/protys/fixture#Load00122_Process,http://w3id.org/protys/fixture#Biocide,1.27,kg,ProductFlow,PURCHASED_TECHNOSPHERE_INPUT,NO,SIMULATED_PRODUCTION_CASE
http://w3id.org/protys/fixture#Load00123_Flow_TitaniumDioxide,http://w3id.org/protys/fixture#Load00123_LCIProcess,http://w3id.org/protys/fixture#Load00123_Process,http://w3id.org/protys/fixture#TitaniumDioxide,36.6,kg,ProductFlow,PURCHASED_TECHNOSPHERE_INPUT,NO,SIMULATED_PRODUCTION_CASE
http://w3id.org/protys/fixture#Load00123_Flow_AcrylicResin,http://w3id.org/protys/fixture#Load00123_LCIProcess,http://w3id.org/protys/fixture#Load00123_Process,http://w3id.org/protys/fixture#AcrylicResin,54.9,kg,ProductFlow,PURCHASED_TECHNOSPHERE_INPUT,NO,SIMULATED_PRODUCTION_CASE
http://w3id.org/protys/fixture#Load00123_Flow_Water,http://w3id.org/protys/fixture#Load00123_LCIProcess,http://w3id.org/protys/fixture#Load00123_Process,http://w3id.org/protys/fixture#Water,89.67,kg,ProductFlow,PURCHASED_TECHNOSPHERE_INPUT,NO,SIMULATED_PRODUCTION_CASE
http://w3id.org/protys/fixture#Load00123_Flow_Biocide,http://w3id.org/protys/fixture#Load00123_LCIProcess,http://w3id.org/protys/fixture#Load00123_Process,http://w3id.org/protys/fixture#Biocide,1.83,kg,ProductFlow,PURCHASED_TECHNOSPHERE_INPUT,NO,SIMULATED_PRODUCTION_CASE
http://w3id.org/protys/fixture#Load00124_Flow_TitaniumDioxide,http://w3id.org/protys/fixture#Load00124_LCIProcess,http://w3id.org/protys/fixture#Load00124_Process,http://w3id.org/protys/fixture#TitaniumDioxide,32.6,kg,ProductFlow,PURCHASED_TECHNOSPHERE_INPUT,NO,SIMULATED_PRODUCTION_CASE
http://w3id.org/protys/fixture#Load00124_Flow_AcrylicResin,http://w3id.org/protys/fixture#Load00124_LCIProcess,http://w3id.org/protys/fixture#Load00124_Process,http://w3id.org/protys/fixture#AcrylicResin,48.9,kg,ProductFlow,PURCHASED_TECHNOSPHERE_INPUT,NO,SIMULATED_PRODUCTION_CASE
http://w3id.org/protys/fixture#Load00124_Flow_Water,http://w3id.org/protys/fixture#Load00124_LCIProcess,http://w3id.org/protys/fixture#Load00124_Process,http://w3id.org/protys/fixture#Water,79.87,kg,ProductFlow,PURCHASED_TECHNOSPHERE_INPUT,NO,SIMULATED_PRODUCTION_CASE
http://w3id.org/protys/fixture#Load00124_Flow_Biocide,http://w3id.org/protys/fixture#Load00124_LCIProcess,http://w3id.org/protys/fixture#Load00124_Process,http://w3id.org/protys/fixture#Biocide,1.63,kg,ProductFlow,PURCHASED_TECHNOSPHERE_INPUT,NO,SIMULATED_PRODUCTION_CASE
http://w3id.org/protys/fixture#Load00125_Flow_TitaniumDioxide,http://w3id.org/protys/fixture#Load00125_LCIProcess,http://w3id.org/protys/fixture#Load00125_Process,http://w3id.org/protys/fixture#TitaniumDioxide,30,kg,ProductFlow,PURCHASED_TECHNOSPHERE_INPUT,NO,SIMULATED_PRODUCTION_CASE
http://w3id.org/protys/fixture#Load00125_Flow_AcrylicResin,http://w3id.org/protys/fixture#Load00125_LCIProcess,http://w3id.org/protys/fixture#Load00125_Process,http://w3id.org/protys/fixture#AcrylicResin,45,kg,ProductFlow,PURCHASED_TECHNOSPHERE_INPUT,NO,SIMULATED_PRODUCTION_CASE
http://w3id.org/protys/fixture#Load00125_Flow_Water,http://w3id.org/protys/fixture#Load00125_LCIProcess,http://w3id.org/protys/fixture#Load00125_Process,http://w3id.org/protys/fixture#Water,73.5,kg,ProductFlow,PURCHASED_TECHNOSPHERE_INPUT,NO,SIMULATED_PRODUCTION_CASE
http://w3id.org/protys/fixture#Load00125_Flow_Biocide,http://w3id.org/protys/fixture#Load00125_LCIProcess,http://w3id.org/protys/fixture#Load00125_Process,http://w3id.org/protys/fixture#Biocide,1.5,kg,ProductFlow,PURCHASED_TECHNOSPHERE_INPUT,NO,SIMULATED_PRODUCTION_CASE
http://w3id.org/protys/fixture#Load00126_Flow_TitaniumDioxide,http://w3id.org/protys/fixture#Load00126_LCIProcess,http://w3id.org/protys/fixture#Load00126_Process,http://w3id.org/protys/fixture#TitaniumDioxide,36.4,kg,ProductFlow,PURCHASED_TECHNOSPHERE_INPUT,NO,SIMULATED_PRODUCTION_CASE
http://w3id.org/protys/fixture#Load00126_Flow_AcrylicResin,http://w3id.org/protys/fixture#Load00126_LCIProcess,http://w3id.org/protys/fixture#Load00126_Process,http://w3id.org/protys/fixture#AcrylicResin,54.6,kg,ProductFlow,PURCHASED_TECHNOSPHERE_INPUT,NO,SIMULATED_PRODUCTION_CASE
http://w3id.org/protys/fixture#Load00126_Flow_Water,http://w3id.org/protys/fixture#Load00126_LCIProcess,http://w3id.org/protys/fixture#Load00126_Process,http://w3id.org/protys/fixture#Water,89.18,kg,ProductFlow,PURCHASED_TECHNOSPHERE_INPUT,NO,SIMULATED_PRODUCTION_CASE
http://w3id.org/protys/fixture#Load00126_Flow_Biocide,http://w3id.org/protys/fixture#Load00126_LCIProcess,http://w3id.org/protys/fixture#Load00126_Process,http://w3id.org/protys/fixture#Biocide,1.82,kg,ProductFlow,PURCHASED_TECHNOSPHERE_INPUT,NO,SIMULATED_PRODUCTION_CASE
http://w3id.org/protys/fixture#Load00127_Flow_TitaniumDioxide,http://w3id.org/protys/fixture#Load00127_LCIProcess,http://w3id.org/protys/fixture#Load00127_Process,http://w3id.org/protys/fixture#TitaniumDioxide,31.6,kg,ProductFlow,PURCHASED_TECHNOSPHERE_INPUT,NO,SIMULATED_PRODUCTION_CASE
http://w3id.org/protys/fixture#Load00127_Flow_AcrylicResin,http://w3id.org/protys/fixture#Load00127_LCIProcess,http://w3id.org/protys/fixture#Load00127_Process,http://w3id.org/protys/fixture#AcrylicResin,47.4,kg,ProductFlow,PURCHASED_TECHNOSPHERE_INPUT,NO,SIMULATED_PRODUCTION_CASE
http://w3id.org/protys/fixture#Load00127_Flow_Water,http://w3id.org/protys/fixture#Load00127_LCIProcess,http://w3id.org/protys/fixture#Load00127_Process,http://w3id.org/protys/fixture#Water,77.42,kg,ProductFlow,PURCHASED_TECHNOSPHERE_INPUT,NO,SIMULATED_PRODUCTION_CASE
http://w3id.org/protys/fixture#Load00127_Flow_Biocide,http://w3id.org/protys/fixture#Load00127_LCIProcess,http://w3id.org/protys/fixture#Load00127_Process,http://w3id.org/protys/fixture#Biocide,1.58,kg,ProductFlow,PURCHASED_TECHNOSPHERE_INPUT,NO,SIMULATED_PRODUCTION_CASE
http://w3id.org/protys/fixture#Load00128_Flow_TitaniumDioxide,http://w3id.org/protys/fixture#Load00128_LCIProcess,http://w3id.org/protys/fixture#Load00128_Process,http://w3id.org/protys/fixture#TitaniumDioxide,23.6,kg,ProductFlow,PURCHASED_TECHNOSPHERE_INPUT,NO,SIMULATED_PRODUCTION_CASE
http://w3id.org/protys/fixture#Load00128_Flow_AcrylicResin,http://w3id.org/protys/fixture#Load00128_LCIProcess,http://w3id.org/protys/fixture#Load00128_Process,http://w3id.org/protys/fixture#AcrylicResin,35.4,kg,ProductFlow,PURCHASED_TECHNOSPHERE_INPUT,NO,SIMULATED_PRODUCTION_CASE
http://w3id.org/protys/fixture#Load00128_Flow_Water,http://w3id.org/protys/fixture#Load00128_LCIProcess,http://w3id.org/protys/fixture#Load00128_Process,http://w3id.org/protys/fixture#Water,57.82,kg,ProductFlow,PURCHASED_TECHNOSPHERE_INPUT,NO,SIMULATED_PRODUCTION_CASE
http://w3id.org/protys/fixture#Load00128_Flow_Biocide,http://w3id.org/protys/fixture#Load00128_LCIProcess,http://w3id.org/protys/fixture#Load00128_Process,http://w3id.org/protys/fixture#Biocide,1.18,kg,ProductFlow,PURCHASED_TECHNOSPHERE_INPUT,NO,SIMULATED_PRODUCTION_CASE
http://w3id.org/protys/fixture#Load00129_Flow_TitaniumDioxide,http://w3id.org/protys/fixture#Load00129_LCIProcess,http://w3id.org/protys/fixture#Load00129_Process,http://w3id.org/protys/fixture#TitaniumDioxide,26.6,kg,ProductFlow,PURCHASED_TECHNOSPHERE_INPUT,NO,SIMULATED_PRODUCTION_CASE
http://w3id.org/protys/fixture#Load00129_Flow_AcrylicResin,http://w3id.org/protys/fixture#Load00129_LCIProcess,http://w3id.org/protys/fixture#Load00129_Process,http://w3id.org/protys/fixture#AcrylicResin,39.9,kg,ProductFlow,PURCHASED_TECHNOSPHERE_INPUT,NO,SIMULATED_PRODUCTION_CASE
http://w3id.org/protys/fixture#Load00129_Flow_Water,http://w3id.org/protys/fixture#Load00129_LCIProcess,http://w3id.org/protys/fixture#Load00129_Process,http://w3id.org/protys/fixture#Water,65.17,kg,ProductFlow,PURCHASED_TECHNOSPHERE_INPUT,NO,SIMULATED_PRODUCTION_CASE
http://w3id.org/protys/fixture#Load00129_Flow_Biocide,http://w3id.org/protys/fixture#Load00129_LCIProcess,http://w3id.org/protys/fixture#Load00129_Process,http://w3id.org/protys/fixture#Biocide,1.33,kg,ProductFlow,PURCHASED_TECHNOSPHERE_INPUT,NO,SIMULATED_PRODUCTION_CASE
http://w3id.org/protys/fixture#Load00130_Flow_TitaniumDioxide,http://w3id.org/protys/fixture#Load00130_LCIProcess,http://w3id.org/protys/fixture#Load00130_Process,http://w3id.org/protys/fixture#TitaniumDioxide,23.4,kg,ProductFlow,PURCHASED_TECHNOSPHERE_INPUT,NO,SIMULATED_PRODUCTION_CASE
http://w3id.org/protys/fixture#Load00130_Flow_AcrylicResin,http://w3id.org/protys/fixture#Load00130_LCIProcess,http://w3id.org/protys/fixture#Load00130_Process,http://w3id.org/protys/fixture#AcrylicResin,35.1,kg,ProductFlow,PURCHASED_TECHNOSPHERE_INPUT,NO,SIMULATED_PRODUCTION_CASE
http://w3id.org/protys/fixture#Load00130_Flow_Water,http://w3id.org/protys/fixture#Load00130_LCIProcess,http://w3id.org/protys/fixture#Load00130_Process,http://w3id.org/protys/fixture#Water,57.33,kg,ProductFlow,PURCHASED_TECHNOSPHERE_INPUT,NO,SIMULATED_PRODUCTION_CASE
http://w3id.org/protys/fixture#Load00130_Flow_Biocide,http://w3id.org/protys/fixture#Load00130_LCIProcess,http://w3id.org/protys/fixture#Load00130_Process,http://w3id.org/protys/fixture#Biocide,1.17,kg,ProductFlow,PURCHASED_TECHNOSPHERE_INPUT,NO,SIMULATED_PRODUCTION_CASE
http://w3id.org/protys/fixture#Load00131_Flow_TitaniumDioxide,http://w3id.org/protys/fixture#Load00131_LCIProcess,http://w3id.org/protys/fixture#Load00131_Process,http://w3id.org/protys/fixture#TitaniumDioxide,26.2,kg,ProductFlow,PURCHASED_TECHNOSPHERE_INPUT,NO,SIMULATED_PRODUCTION_CASE
http://w3id.org/protys/fixture#Load00131_Flow_AcrylicResin,http://w3id.org/protys/fixture#Load00131_LCIProcess,http://w3id.org/protys/fixture#Load00131_Process,http://w3id.org/protys/fixture#AcrylicResin,39.3,kg,ProductFlow,PURCHASED_TECHNOSPHERE_INPUT,NO,SIMULATED_PRODUCTION_CASE
http://w3id.org/protys/fixture#Load00131_Flow_Water,http://w3id.org/protys/fixture#Load00131_LCIProcess,http://w3id.org/protys/fixture#Load00131_Process,http://w3id.org/protys/fixture#Water,64.19,kg,ProductFlow,PURCHASED_TECHNOSPHERE_INPUT,NO,SIMULATED_PRODUCTION_CASE
http://w3id.org/protys/fixture#Load00131_Flow_Biocide,http://w3id.org/protys/fixture#Load00131_LCIProcess,http://w3id.org/protys/fixture#Load00131_Process,http://w3id.org/protys/fixture#Biocide,1.31,kg,ProductFlow,PURCHASED_TECHNOSPHERE_INPUT,NO,SIMULATED_PRODUCTION_CASE
http://w3id.org/protys/fixture#Load00132_Flow_TitaniumDioxide,http://w3id.org/protys/fixture#Load00132_LCIProcess,http://w3id.org/protys/fixture#Load00132_Process,http://w3id.org/protys/fixture#TitaniumDioxide,39,kg,ProductFlow,PURCHASED_TECHNOSPHERE_INPUT,NO,SIMULATED_PRODUCTION_CASE
http://w3id.org/protys/fixture#Load00132_Flow_AcrylicResin,http://w3id.org/protys/fixture#Load00132_LCIProcess,http://w3id.org/protys/fixture#Load00132_Process,http://w3id.org/protys/fixture#AcrylicResin,58.5,kg,ProductFlow,PURCHASED_TECHNOSPHERE_INPUT,NO,SIMULATED_PRODUCTION_CASE
http://w3id.org/protys/fixture#Load00132_Flow_Water,http://w3id.org/protys/fixture#Load00132_LCIProcess,http://w3id.org/protys/fixture#Load00132_Process,http://w3id.org/protys/fixture#Water,95.55,kg,ProductFlow,PURCHASED_TECHNOSPHERE_INPUT,NO,SIMULATED_PRODUCTION_CASE
http://w3id.org/protys/fixture#Load00132_Flow_Biocide,http://w3id.org/protys/fixture#Load00132_LCIProcess,http://w3id.org/protys/fixture#Load00132_Process,http://w3id.org/protys/fixture#Biocide,1.95,kg,ProductFlow,PURCHASED_TECHNOSPHERE_INPUT,NO,SIMULATED_PRODUCTION_CASE
http://w3id.org/protys/fixture#Load00133_Flow_TitaniumDioxide,http://w3id.org/protys/fixture#Load00133_LCIProcess,http://w3id.org/protys/fixture#Load00133_Process,http://w3id.org/protys/fixture#TitaniumDioxide,34.2,kg,ProductFlow,PURCHASED_TECHNOSPHERE_INPUT,NO,SIMULATED_PRODUCTION_CASE
http://w3id.org/protys/fixture#Load00133_Flow_AcrylicResin,http://w3id.org/protys/fixture#Load00133_LCIProcess,http://w3id.org/protys/fixture#Load00133_Process,http://w3id.org/protys/fixture#AcrylicResin,51.3,kg,ProductFlow,PURCHASED_TECHNOSPHERE_INPUT,NO,SIMULATED_PRODUCTION_CASE
http://w3id.org/protys/fixture#Load00133_Flow_Water,http://w3id.org/protys/fixture#Load00133_LCIProcess,http://w3id.org/protys/fixture#Load00133_Process,http://w3id.org/protys/fixture#Water,83.79,kg,ProductFlow,PURCHASED_TECHNOSPHERE_INPUT,NO,SIMULATED_PRODUCTION_CASE
http://w3id.org/protys/fixture#Load00133_Flow_Biocide,http://w3id.org/protys/fixture#Load00133_LCIProcess,http://w3id.org/protys/fixture#Load00133_Process,http://w3id.org/protys/fixture#Biocide,1.71,kg,ProductFlow,PURCHASED_TECHNOSPHERE_INPUT,NO,SIMULATED_PRODUCTION_CASE
http://w3id.org/protys/fixture#Load00134_Flow_TitaniumDioxide,http://w3id.org/protys/fixture#Load00134_LCIProcess,http://w3id.org/protys/fixture#Load00134_Process,http://w3id.org/protys/fixture#TitaniumDioxide,33.6,kg,ProductFlow,PURCHASED_TECHNOSPHERE_INPUT,NO,SIMULATED_PRODUCTION_CASE
http://w3id.org/protys/fixture#Load00134_Flow_AcrylicResin,http://w3id.org/protys/fixture#Load00134_LCIProcess,http://w3id.org/protys/fixture#Load00134_Process,http://w3id.org/protys/fixture#AcrylicResin,50.4,kg,ProductFlow,PURCHASED_TECHNOSPHERE_INPUT,NO,SIMULATED_PRODUCTION_CASE
http://w3id.org/protys/fixture#Load00134_Flow_Water,http://w3id.org/protys/fixture#Load00134_LCIProcess,http://w3id.org/protys/fixture#Load00134_Process,http://w3id.org/protys/fixture#Water,82.32,kg,ProductFlow,PURCHASED_TECHNOSPHERE_INPUT,NO,SIMULATED_PRODUCTION_CASE
http://w3id.org/protys/fixture#Load00134_Flow_Biocide,http://w3id.org/protys/fixture#Load00134_LCIProcess,http://w3id.org/protys/fixture#Load00134_Process,http://w3id.org/protys/fixture#Biocide,1.68,kg,ProductFlow,PURCHASED_TECHNOSPHERE_INPUT,NO,SIMULATED_PRODUCTION_CASE
http://w3id.org/protys/fixture#Load00135_Flow_TitaniumDioxide,http://w3id.org/protys/fixture#Load00135_LCIProcess,http://w3id.org/protys/fixture#Load00135_Process,http://w3id.org/protys/fixture#TitaniumDioxide,26.6,kg,ProductFlow,PURCHASED_TECHNOSPHERE_INPUT,NO,SIMULATED_PRODUCTION_CASE
http://w3id.org/protys/fixture#Load00135_Flow_AcrylicResin,http://w3id.org/protys/fixture#Load00135_LCIProcess,http://w3id.org/protys/fixture#Load00135_Process,http://w3id.org/protys/fixture#AcrylicResin,39.9,kg,ProductFlow,PURCHASED_TECHNOSPHERE_INPUT,NO,SIMULATED_PRODUCTION_CASE
http://w3id.org/protys/fixture#Load00135_Flow_Water,http://w3id.org/protys/fixture#Load00135_LCIProcess,http://w3id.org/protys/fixture#Load00135_Process,http://w3id.org/protys/fixture#Water,65.17,kg,ProductFlow,PURCHASED_TECHNOSPHERE_INPUT,NO,SIMULATED_PRODUCTION_CASE
http://w3id.org/protys/fixture#Load00135_Flow_Biocide,http://w3id.org/protys/fixture#Load00135_LCIProcess,http://w3id.org/protys/fixture#Load00135_Process,http://w3id.org/protys/fixture#Biocide,1.33,kg,ProductFlow,PURCHASED_TECHNOSPHERE_INPUT,NO,SIMULATED_PRODUCTION_CASE
http://w3id.org/protys/fixture#Load00136_Flow_TitaniumDioxide,http://w3id.org/protys/fixture#Load00136_LCIProcess,http://w3id.org/protys/fixture#Load00136_Process,http://w3id.org/protys/fixture#TitaniumDioxide,39,kg,ProductFlow,PURCHASED_TECHNOSPHERE_INPUT,NO,SIMULATED_PRODUCTION_CASE
http://w3id.org/protys/fixture#Load00136_Flow_AcrylicResin,http://w3id.org/protys/fixture#Load00136_LCIProcess,http://w3id.org/protys/fixture#Load00136_Process,http://w3id.org/protys/fixture#AcrylicResin,58.5,kg,ProductFlow,PURCHASED_TECHNOSPHERE_INPUT,NO,SIMULATED_PRODUCTION_CASE
http://w3id.org/protys/fixture#Load00136_Flow_Water,http://w3id.org/protys/fixture#Load00136_LCIProcess,http://w3id.org/protys/fixture#Load00136_Process,http://w3id.org/protys/fixture#Water,95.55,kg,ProductFlow,PURCHASED_TECHNOSPHERE_INPUT,NO,SIMULATED_PRODUCTION_CASE
http://w3id.org/protys/fixture#Load00136_Flow_Biocide,http://w3id.org/protys/fixture#Load00136_LCIProcess,http://w3id.org/protys/fixture#Load00136_Process,http://w3id.org/protys/fixture#Biocide,1.95,kg,ProductFlow,PURCHASED_TECHNOSPHERE_INPUT,NO,SIMULATED_PRODUCTION_CASE
http://w3id.org/protys/fixture#Load00137_Flow_TitaniumDioxide,http://w3id.org/protys/fixture#Load00137_LCIProcess,http://w3id.org/protys/fixture#Load00137_Process,http://w3id.org/protys/fixture#TitaniumDioxide,34.8,kg,ProductFlow,PURCHASED_TECHNOSPHERE_INPUT,NO,SIMULATED_PRODUCTION_CASE
http://w3id.org/protys/fixture#Load00137_Flow_AcrylicResin,http://w3id.org/protys/fixture#Load00137_LCIProcess,http://w3id.org/protys/fixture#Load00137_Process,http://w3id.org/protys/fixture#AcrylicResin,52.2,kg,ProductFlow,PURCHASED_TECHNOSPHERE_INPUT,NO,SIMULATED_PRODUCTION_CASE
http://w3id.org/protys/fixture#Load00137_Flow_Water,http://w3id.org/protys/fixture#Load00137_LCIProcess,http://w3id.org/protys/fixture#Load00137_Process,http://w3id.org/protys/fixture#Water,85.26,kg,ProductFlow,PURCHASED_TECHNOSPHERE_INPUT,NO,SIMULATED_PRODUCTION_CASE
http://w3id.org/protys/fixture#Load00137_Flow_Biocide,http://w3id.org/protys/fixture#Load00137_LCIProcess,http://w3id.org/protys/fixture#Load00137_Process,http://w3id.org/protys/fixture#Biocide,1.74,kg,ProductFlow,PURCHASED_TECHNOSPHERE_INPUT,NO,SIMULATED_PRODUCTION_CASE
http://w3id.org/protys/fixture#Load00138_Flow_TitaniumDioxide,http://w3id.org/protys/fixture#Load00138_LCIProcess,http://w3id.org/protys/fixture#Load00138_Process,http://w3id.org/protys/fixture#TitaniumDioxide,30.8,kg,ProductFlow,PURCHASED_TECHNOSPHERE_INPUT,NO,SIMULATED_PRODUCTION_CASE
http://w3id.org/protys/fixture#Load00138_Flow_AcrylicResin,http://w3id.org/protys/fixture#Load00138_LCIProcess,http://w3id.org/protys/fixture#Load00138_Process,http://w3id.org/protys/fixture#AcrylicResin,46.2,kg,ProductFlow,PURCHASED_TECHNOSPHERE_INPUT,NO,SIMULATED_PRODUCTION_CASE
http://w3id.org/protys/fixture#Load00138_Flow_Water,http://w3id.org/protys/fixture#Load00138_LCIProcess,http://w3id.org/protys/fixture#Load00138_Process,http://w3id.org/protys/fixture#Water,75.46,kg,ProductFlow,PURCHASED_TECHNOSPHERE_INPUT,NO,SIMULATED_PRODUCTION_CASE
http://w3id.org/protys/fixture#Load00138_Flow_Biocide,http://w3id.org/protys/fixture#Load00138_LCIProcess,http://w3id.org/protys/fixture#Load00138_Process,http://w3id.org/protys/fixture#Biocide,1.54,kg,ProductFlow,PURCHASED_TECHNOSPHERE_INPUT,NO,SIMULATED_PRODUCTION_CASE
http://w3id.org/protys/fixture#Load00139_Flow_TitaniumDioxide,http://w3id.org/protys/fixture#Load00139_LCIProcess,http://w3id.org/protys/fixture#Load00139_Process,http://w3id.org/protys/fixture#TitaniumDioxide,34.8,kg,ProductFlow,PURCHASED_TECHNOSPHERE_INPUT,NO,SIMULATED_PRODUCTION_CASE
http://w3id.org/protys/fixture#Load00139_Flow_AcrylicResin,http://w3id.org/protys/fixture#Load00139_LCIProcess,http://w3id.org/protys/fixture#Load00139_Process,http://w3id.org/protys/fixture#AcrylicResin,52.2,kg,ProductFlow,PURCHASED_TECHNOSPHERE_INPUT,NO,SIMULATED_PRODUCTION_CASE
http://w3id.org/protys/fixture#Load00139_Flow_Water,http://w3id.org/protys/fixture#Load00139_LCIProcess,http://w3id.org/protys/fixture#Load00139_Process,http://w3id.org/protys/fixture#Water,85.26,kg,ProductFlow,PURCHASED_TECHNOSPHERE_INPUT,NO,SIMULATED_PRODUCTION_CASE
http://w3id.org/protys/fixture#Load00139_Flow_Biocide,http://w3id.org/protys/fixture#Load00139_LCIProcess,http://w3id.org/protys/fixture#Load00139_Process,http://w3id.org/protys/fixture#Biocide,1.74,kg,ProductFlow,PURCHASED_TECHNOSPHERE_INPUT,NO,SIMULATED_PRODUCTION_CASE
http://w3id.org/protys/fixture#Load00140_Flow_TitaniumDioxide,http://w3id.org/protys/fixture#Load00140_LCIProcess,http://w3id.org/protys/fixture#Load00140_Process,http://w3id.org/protys/fixture#TitaniumDioxide,30.2,kg,ProductFlow,PURCHASED_TECHNOSPHERE_INPUT,NO,SIMULATED_PRODUCTION_CASE
http://w3id.org/protys/fixture#Load00140_Flow_AcrylicResin,http://w3id.org/protys/fixture#Load00140_LCIProcess,http://w3id.org/protys/fixture#Load00140_Process,http://w3id.org/protys/fixture#AcrylicResin,45.3,kg,ProductFlow,PURCHASED_TECHNOSPHERE_INPUT,NO,SIMULATED_PRODUCTION_CASE
http://w3id.org/protys/fixture#Load00140_Flow_Water,http://w3id.org/protys/fixture#Load00140_LCIProcess,http://w3id.org/protys/fixture#Load00140_Process,http://w3id.org/protys/fixture#Water,73.99,kg,ProductFlow,PURCHASED_TECHNOSPHERE_INPUT,NO,SIMULATED_PRODUCTION_CASE
http://w3id.org/protys/fixture#Load00140_Flow_Biocide,http://w3id.org/protys/fixture#Load00140_LCIProcess,http://w3id.org/protys/fixture#Load00140_Process,http://w3id.org/protys/fixture#Biocide,1.51,kg,ProductFlow,PURCHASED_TECHNOSPHERE_INPUT,NO,SIMULATED_PRODUCTION_CASE
http://w3id.org/protys/fixture#Load00141_Flow_TitaniumDioxide,http://w3id.org/protys/fixture#Load00141_LCIProcess,http://w3id.org/protys/fixture#Load00141_Process,http://w3id.org/protys/fixture#TitaniumDioxide,29.2,kg,ProductFlow,PURCHASED_TECHNOSPHERE_INPUT,NO,SIMULATED_PRODUCTION_CASE
http://w3id.org/protys/fixture#Load00141_Flow_AcrylicResin,http://w3id.org/protys/fixture#Load00141_LCIProcess,http://w3id.org/protys/fixture#Load00141_Process,http://w3id.org/protys/fixture#AcrylicResin,43.8,kg,ProductFlow,PURCHASED_TECHNOSPHERE_INPUT,NO,SIMULATED_PRODUCTION_CASE
http://w3id.org/protys/fixture#Load00141_Flow_Water,http://w3id.org/protys/fixture#Load00141_LCIProcess,http://w3id.org/protys/fixture#Load00141_Process,http://w3id.org/protys/fixture#Water,71.54,kg,ProductFlow,PURCHASED_TECHNOSPHERE_INPUT,NO,SIMULATED_PRODUCTION_CASE
http://w3id.org/protys/fixture#Load00141_Flow_Biocide,http://w3id.org/protys/fixture#Load00141_LCIProcess,http://w3id.org/protys/fixture#Load00141_Process,http://w3id.org/protys/fixture#Biocide,1.46,kg,ProductFlow,PURCHASED_TECHNOSPHERE_INPUT,NO,SIMULATED_PRODUCTION_CASE
http://w3id.org/protys/fixture#Load00142_Flow_TitaniumDioxide,http://w3id.org/protys/fixture#Load00142_LCIProcess,http://w3id.org/protys/fixture#Load00142_Process,http://w3id.org/protys/fixture#TitaniumDioxide,25.6,kg,ProductFlow,PURCHASED_TECHNOSPHERE_INPUT,NO,SIMULATED_PRODUCTION_CASE
http://w3id.org/protys/fixture#Load00142_Flow_AcrylicResin,http://w3id.org/protys/fixture#Load00142_LCIProcess,http://w3id.org/protys/fixture#Load00142_Process,http://w3id.org/protys/fixture#AcrylicResin,38.4,kg,ProductFlow,PURCHASED_TECHNOSPHERE_INPUT,NO,SIMULATED_PRODUCTION_CASE
http://w3id.org/protys/fixture#Load00142_Flow_Water,http://w3id.org/protys/fixture#Load00142_LCIProcess,http://w3id.org/protys/fixture#Load00142_Process,http://w3id.org/protys/fixture#Water,62.72,kg,ProductFlow,PURCHASED_TECHNOSPHERE_INPUT,NO,SIMULATED_PRODUCTION_CASE
http://w3id.org/protys/fixture#Load00142_Flow_Biocide,http://w3id.org/protys/fixture#Load00142_LCIProcess,http://w3id.org/protys/fixture#Load00142_Process,http://w3id.org/protys/fixture#Biocide,1.28,kg,ProductFlow,PURCHASED_TECHNOSPHERE_INPUT,NO,SIMULATED_PRODUCTION_CASE
http://w3id.org/protys/fixture#Load00143_Flow_TitaniumDioxide,http://w3id.org/protys/fixture#Load00143_LCIProcess,http://w3id.org/protys/fixture#Load00143_Process,http://w3id.org/protys/fixture#TitaniumDioxide,23.4,kg,ProductFlow,PURCHASED_TECHNOSPHERE_INPUT,NO,SIMULATED_PRODUCTION_CASE
http://w3id.org/protys/fixture#Load00143_Flow_AcrylicResin,http://w3id.org/protys/fixture#Load00143_LCIProcess,http://w3id.org/protys/fixture#Load00143_Process,http://w3id.org/protys/fixture#AcrylicResin,35.1,kg,ProductFlow,PURCHASED_TECHNOSPHERE_INPUT,NO,SIMULATED_PRODUCTION_CASE
http://w3id.org/protys/fixture#Load00143_Flow_Water,http://w3id.org/protys/fixture#Load00143_LCIProcess,http://w3id.org/protys/fixture#Load00143_Process,http://w3id.org/protys/fixture#Water,57.33,kg,ProductFlow,PURCHASED_TECHNOSPHERE_INPUT,NO,SIMULATED_PRODUCTION_CASE
http://w3id.org/protys/fixture#Load00143_Flow_Biocide,http://w3id.org/protys/fixture#Load00143_LCIProcess,http://w3id.org/protys/fixture#Load00143_Process,http://w3id.org/protys/fixture#Biocide,1.17,kg,ProductFlow,PURCHASED_TECHNOSPHERE_INPUT,NO,SIMULATED_PRODUCTION_CASE
http://w3id.org/protys/fixture#Load00144_Flow_TitaniumDioxide,http://w3id.org/protys/fixture#Load00144_LCIProcess,http://w3id.org/protys/fixture#Load00144_Process,http://w3id.org/protys/fixture#TitaniumDioxide,33,kg,ProductFlow,PURCHASED_TECHNOSPHERE_INPUT,NO,SIMULATED_PRODUCTION_CASE
http://w3id.org/protys/fixture#Load00144_Flow_AcrylicResin,http://w3id.org/protys/fixture#Load00144_LCIProcess,http://w3id.org/protys/fixture#Load00144_Process,http://w3id.org/protys/fixture#AcrylicResin,49.5,kg,ProductFlow,PURCHASED_TECHNOSPHERE_INPUT,NO,SIMULATED_PRODUCTION_CASE
http://w3id.org/protys/fixture#Load00144_Flow_Water,http://w3id.org/protys/fixture#Load00144_LCIProcess,http://w3id.org/protys/fixture#Load00144_Process,http://w3id.org/protys/fixture#Water,80.85,kg,ProductFlow,PURCHASED_TECHNOSPHERE_INPUT,NO,SIMULATED_PRODUCTION_CASE
http://w3id.org/protys/fixture#Load00144_Flow_Biocide,http://w3id.org/protys/fixture#Load00144_LCIProcess,http://w3id.org/protys/fixture#Load00144_Process,http://w3id.org/protys/fixture#Biocide,1.65,kg,ProductFlow,PURCHASED_TECHNOSPHERE_INPUT,NO,SIMULATED_PRODUCTION_CASE
http://w3id.org/protys/fixture#Load00145_Flow_TitaniumDioxide,http://w3id.org/protys/fixture#Load00145_LCIProcess,http://w3id.org/protys/fixture#Load00145_Process,http://w3id.org/protys/fixture#TitaniumDioxide,32.6,kg,ProductFlow,PURCHASED_TECHNOSPHERE_INPUT,NO,SIMULATED_PRODUCTION_CASE
http://w3id.org/protys/fixture#Load00145_Flow_AcrylicResin,http://w3id.org/protys/fixture#Load00145_LCIProcess,http://w3id.org/protys/fixture#Load00145_Process,http://w3id.org/protys/fixture#AcrylicResin,48.9,kg,ProductFlow,PURCHASED_TECHNOSPHERE_INPUT,NO,SIMULATED_PRODUCTION_CASE
http://w3id.org/protys/fixture#Load00145_Flow_Water,http://w3id.org/protys/fixture#Load00145_LCIProcess,http://w3id.org/protys/fixture#Load00145_Process,http://w3id.org/protys/fixture#Water,79.87,kg,ProductFlow,PURCHASED_TECHNOSPHERE_INPUT,NO,SIMULATED_PRODUCTION_CASE
http://w3id.org/protys/fixture#Load00145_Flow_Biocide,http://w3id.org/protys/fixture#Load00145_LCIProcess,http://w3id.org/protys/fixture#Load00145_Process,http://w3id.org/protys/fixture#Biocide,1.63,kg,ProductFlow,PURCHASED_TECHNOSPHERE_INPUT,NO,SIMULATED_PRODUCTION_CASE
http://w3id.org/protys/fixture#Load00146_Flow_TitaniumDioxide,http://w3id.org/protys/fixture#Load00146_LCIProcess,http://w3id.org/protys/fixture#Load00146_Process,http://w3id.org/protys/fixture#TitaniumDioxide,22.2,kg,ProductFlow,PURCHASED_TECHNOSPHERE_INPUT,NO,SIMULATED_PRODUCTION_CASE
http://w3id.org/protys/fixture#Load00146_Flow_AcrylicResin,http://w3id.org/protys/fixture#Load00146_LCIProcess,http://w3id.org/protys/fixture#Load00146_Process,http://w3id.org/protys/fixture#AcrylicResin,33.3,kg,ProductFlow,PURCHASED_TECHNOSPHERE_INPUT,NO,SIMULATED_PRODUCTION_CASE
http://w3id.org/protys/fixture#Load00146_Flow_Water,http://w3id.org/protys/fixture#Load00146_LCIProcess,http://w3id.org/protys/fixture#Load00146_Process,http://w3id.org/protys/fixture#Water,54.39,kg,ProductFlow,PURCHASED_TECHNOSPHERE_INPUT,NO,SIMULATED_PRODUCTION_CASE
http://w3id.org/protys/fixture#Load00146_Flow_Biocide,http://w3id.org/protys/fixture#Load00146_LCIProcess,http://w3id.org/protys/fixture#Load00146_Process,http://w3id.org/protys/fixture#Biocide,1.11,kg,ProductFlow,PURCHASED_TECHNOSPHERE_INPUT,NO,SIMULATED_PRODUCTION_CASE
http://w3id.org/protys/fixture#Load00147_Flow_TitaniumDioxide,http://w3id.org/protys/fixture#Load00147_LCIProcess,http://w3id.org/protys/fixture#Load00147_Process,http://w3id.org/protys/fixture#TitaniumDioxide,39.2,kg,ProductFlow,PURCHASED_TECHNOSPHERE_INPUT,NO,SIMULATED_PRODUCTION_CASE
http://w3id.org/protys/fixture#Load00147_Flow_AcrylicResin,http://w3id.org/protys/fixture#Load00147_LCIProcess,http://w3id.org/protys/fixture#Load00147_Process,http://w3id.org/protys/fixture#AcrylicResin,58.8,kg,ProductFlow,PURCHASED_TECHNOSPHERE_INPUT,NO,SIMULATED_PRODUCTION_CASE
http://w3id.org/protys/fixture#Load00147_Flow_Water,http://w3id.org/protys/fixture#Load00147_LCIProcess,http://w3id.org/protys/fixture#Load00147_Process,http://w3id.org/protys/fixture#Water,96.04,kg,ProductFlow,PURCHASED_TECHNOSPHERE_INPUT,NO,SIMULATED_PRODUCTION_CASE
http://w3id.org/protys/fixture#Load00147_Flow_Biocide,http://w3id.org/protys/fixture#Load00147_LCIProcess,http://w3id.org/protys/fixture#Load00147_Process,http://w3id.org/protys/fixture#Biocide,1.96,kg,ProductFlow,PURCHASED_TECHNOSPHERE_INPUT,NO,SIMULATED_PRODUCTION_CASE
http://w3id.org/protys/fixture#Load00148_Flow_TitaniumDioxide,http://w3id.org/protys/fixture#Load00148_LCIProcess,http://w3id.org/protys/fixture#Load00148_Process,http://w3id.org/protys/fixture#TitaniumDioxide,21.2,kg,ProductFlow,PURCHASED_TECHNOSPHERE_INPUT,NO,SIMULATED_PRODUCTION_CASE
http://w3id.org/protys/fixture#Load00148_Flow_AcrylicResin,http://w3id.org/protys/fixture#Load00148_LCIProcess,http://w3id.org/protys/fixture#Load00148_Process,http://w3id.org/protys/fixture#AcrylicResin,31.8,kg,ProductFlow,PURCHASED_TECHNOSPHERE_INPUT,NO,SIMULATED_PRODUCTION_CASE
http://w3id.org/protys/fixture#Load00148_Flow_Water,http://w3id.org/protys/fixture#Load00148_LCIProcess,http://w3id.org/protys/fixture#Load00148_Process,http://w3id.org/protys/fixture#Water,51.94,kg,ProductFlow,PURCHASED_TECHNOSPHERE_INPUT,NO,SIMULATED_PRODUCTION_CASE
http://w3id.org/protys/fixture#Load00148_Flow_Biocide,http://w3id.org/protys/fixture#Load00148_LCIProcess,http://w3id.org/protys/fixture#Load00148_Process,http://w3id.org/protys/fixture#Biocide,1.06,kg,ProductFlow,PURCHASED_TECHNOSPHERE_INPUT,NO,SIMULATED_PRODUCTION_CASE
http://w3id.org/protys/fixture#Load00149_Flow_TitaniumDioxide,http://w3id.org/protys/fixture#Load00149_LCIProcess,http://w3id.org/protys/fixture#Load00149_Process,http://w3id.org/protys/fixture#TitaniumDioxide,22.8,kg,ProductFlow,PURCHASED_TECHNOSPHERE_INPUT,NO,SIMULATED_PRODUCTION_CASE
http://w3id.org/protys/fixture#Load00149_Flow_AcrylicResin,http://w3id.org/protys/fixture#Load00149_LCIProcess,http://w3id.org/protys/fixture#Load00149_Process,http://w3id.org/protys/fixture#AcrylicResin,34.2,kg,ProductFlow,PURCHASED_TECHNOSPHERE_INPUT,NO,SIMULATED_PRODUCTION_CASE
http://w3id.org/protys/fixture#Load00149_Flow_Water,http://w3id.org/protys/fixture#Load00149_LCIProcess,http://w3id.org/protys/fixture#Load00149_Process,http://w3id.org/protys/fixture#Water,55.86,kg,ProductFlow,PURCHASED_TECHNOSPHERE_INPUT,NO,SIMULATED_PRODUCTION_CASE
http://w3id.org/protys/fixture#Load00149_Flow_Biocide,http://w3id.org/protys/fixture#Load00149_LCIProcess,http://w3id.org/protys/fixture#Load00149_Process,http://w3id.org/protys/fixture#Biocide,1.14,kg,ProductFlow,PURCHASED_TECHNOSPHERE_INPUT,NO,SIMULATED_PRODUCTION_CASE
http://w3id.org/protys/fixture#Load00150_Flow_TitaniumDioxide,http://w3id.org/protys/fixture#Load00150_LCIProcess,http://w3id.org/protys/fixture#Load00150_Process,http://w3id.org/protys/fixture#TitaniumDioxide,23.8,kg,ProductFlow,PURCHASED_TECHNOSPHERE_INPUT,NO,SIMULATED_PRODUCTION_CASE
http://w3id.org/protys/fixture#Load00150_Flow_AcrylicResin,http://w3id.org/protys/fixture#Load00150_LCIProcess,http://w3id.org/protys/fixture#Load00150_Process,http://w3id.org/protys/fixture#AcrylicResin,35.7,kg,ProductFlow,PURCHASED_TECHNOSPHERE_INPUT,NO,SIMULATED_PRODUCTION_CASE
http://w3id.org/protys/fixture#Load00150_Flow_Water,http://w3id.org/protys/fixture#Load00150_LCIProcess,http://w3id.org/protys/fixture#Load00150_Process,http://w3id.org/protys/fixture#Water,58.31,kg,ProductFlow,PURCHASED_TECHNOSPHERE_INPUT,NO,SIMULATED_PRODUCTION_CASE
http://w3id.org/protys/fixture#Load00150_Flow_Biocide,http://w3id.org/protys/fixture#Load00150_LCIProcess,http://w3id.org/protys/fixture#Load00150_Process,http://w3id.org/protys/fixture#Biocide,1.19,kg,ProductFlow,PURCHASED_TECHNOSPHERE_INPUT,NO,SIMULATED_PRODUCTION_CASE
http://w3id.org/protys/fixture#Load00151_Flow_TitaniumDioxide,http://w3id.org/protys/fixture#Load00151_LCIProcess,http://w3id.org/protys/fixture#Load00151_Process,http://w3id.org/protys/fixture#TitaniumDioxide,36,kg,ProductFlow,PURCHASED_TECHNOSPHERE_INPUT,NO,SIMULATED_PRODUCTION_CASE
http://w3id.org/protys/fixture#Load00151_Flow_AcrylicResin,http://w3id.org/protys/fixture#Load00151_LCIProcess,http://w3id.org/protys/fixture#Load00151_Process,http://w3id.org/protys/fixture#AcrylicResin,54,kg,ProductFlow,PURCHASED_TECHNOSPHERE_INPUT,NO,SIMULATED_PRODUCTION_CASE
http://w3id.org/protys/fixture#Load00151_Flow_Water,http://w3id.org/protys/fixture#Load00151_LCIProcess,http://w3id.org/protys/fixture#Load00151_Process,http://w3id.org/protys/fixture#Water,88.2,kg,ProductFlow,PURCHASED_TECHNOSPHERE_INPUT,NO,SIMULATED_PRODUCTION_CASE
http://w3id.org/protys/fixture#Load00151_Flow_Biocide,http://w3id.org/protys/fixture#Load00151_LCIProcess,http://w3id.org/protys/fixture#Load00151_Process,http://w3id.org/protys/fixture#Biocide,1.8,kg,ProductFlow,PURCHASED_TECHNOSPHERE_INPUT,NO,SIMULATED_PRODUCTION_CASE
http://w3id.org/protys/fixture#Load00152_Flow_TitaniumDioxide,http://w3id.org/protys/fixture#Load00152_LCIProcess,http://w3id.org/protys/fixture#Load00152_Process,http://w3id.org/protys/fixture#TitaniumDioxide,24,kg,ProductFlow,PURCHASED_TECHNOSPHERE_INPUT,NO,SIMULATED_PRODUCTION_CASE
http://w3id.org/protys/fixture#Load00152_Flow_AcrylicResin,http://w3id.org/protys/fixture#Load00152_LCIProcess,http://w3id.org/protys/fixture#Load00152_Process,http://w3id.org/protys/fixture#AcrylicResin,36,kg,ProductFlow,PURCHASED_TECHNOSPHERE_INPUT,NO,SIMULATED_PRODUCTION_CASE
http://w3id.org/protys/fixture#Load00152_Flow_Water,http://w3id.org/protys/fixture#Load00152_LCIProcess,http://w3id.org/protys/fixture#Load00152_Process,http://w3id.org/protys/fixture#Water,58.8,kg,ProductFlow,PURCHASED_TECHNOSPHERE_INPUT,NO,SIMULATED_PRODUCTION_CASE
http://w3id.org/protys/fixture#Load00152_Flow_Biocide,http://w3id.org/protys/fixture#Load00152_LCIProcess,http://w3id.org/protys/fixture#Load00152_Process,http://w3id.org/protys/fixture#Biocide,1.2,kg,ProductFlow,PURCHASED_TECHNOSPHERE_INPUT,NO,SIMULATED_PRODUCTION_CASE
http://w3id.org/protys/fixture#Load00153_Flow_TitaniumDioxide,http://w3id.org/protys/fixture#Load00153_LCIProcess,http://w3id.org/protys/fixture#Load00153_Process,http://w3id.org/protys/fixture#TitaniumDioxide,37.4,kg,ProductFlow,PURCHASED_TECHNOSPHERE_INPUT,NO,SIMULATED_PRODUCTION_CASE
http://w3id.org/protys/fixture#Load00153_Flow_AcrylicResin,http://w3id.org/protys/fixture#Load00153_LCIProcess,http://w3id.org/protys/fixture#Load00153_Process,http://w3id.org/protys/fixture#AcrylicResin,56.1,kg,ProductFlow,PURCHASED_TECHNOSPHERE_INPUT,NO,SIMULATED_PRODUCTION_CASE
http://w3id.org/protys/fixture#Load00153_Flow_Water,http://w3id.org/protys/fixture#Load00153_LCIProcess,http://w3id.org/protys/fixture#Load00153_Process,http://w3id.org/protys/fixture#Water,91.63,kg,ProductFlow,PURCHASED_TECHNOSPHERE_INPUT,NO,SIMULATED_PRODUCTION_CASE
http://w3id.org/protys/fixture#Load00153_Flow_Biocide,http://w3id.org/protys/fixture#Load00153_LCIProcess,http://w3id.org/protys/fixture#Load00153_Process,http://w3id.org/protys/fixture#Biocide,1.87,kg,ProductFlow,PURCHASED_TECHNOSPHERE_INPUT,NO,SIMULATED_PRODUCTION_CASE
http://w3id.org/protys/fixture#Load00154_Flow_TitaniumDioxide,http://w3id.org/protys/fixture#Load00154_LCIProcess,http://w3id.org/protys/fixture#Load00154_Process,http://w3id.org/protys/fixture#TitaniumDioxide,30.8,kg,ProductFlow,PURCHASED_TECHNOSPHERE_INPUT,NO,SIMULATED_PRODUCTION_CASE
http://w3id.org/protys/fixture#Load00154_Flow_AcrylicResin,http://w3id.org/protys/fixture#Load00154_LCIProcess,http://w3id.org/protys/fixture#Load00154_Process,http://w3id.org/protys/fixture#AcrylicResin,46.2,kg,ProductFlow,PURCHASED_TECHNOSPHERE_INPUT,NO,SIMULATED_PRODUCTION_CASE
http://w3id.org/protys/fixture#Load00154_Flow_Water,http://w3id.org/protys/fixture#Load00154_LCIProcess,http://w3id.org/protys/fixture#Load00154_Process,http://w3id.org/protys/fixture#Water,75.46,kg,ProductFlow,PURCHASED_TECHNOSPHERE_INPUT,NO,SIMULATED_PRODUCTION_CASE
http://w3id.org/protys/fixture#Load00154_Flow_Biocide,http://w3id.org/protys/fixture#Load00154_LCIProcess,http://w3id.org/protys/fixture#Load00154_Process,http://w3id.org/protys/fixture#Biocide,1.54,kg,ProductFlow,PURCHASED_TECHNOSPHERE_INPUT,NO,SIMULATED_PRODUCTION_CASE
http://w3id.org/protys/fixture#Load00155_Flow_TitaniumDioxide,http://w3id.org/protys/fixture#Load00155_LCIProcess,http://w3id.org/protys/fixture#Load00155_Process,http://w3id.org/protys/fixture#TitaniumDioxide,35.2,kg,ProductFlow,PURCHASED_TECHNOSPHERE_INPUT,NO,SIMULATED_PRODUCTION_CASE
http://w3id.org/protys/fixture#Load00155_Flow_AcrylicResin,http://w3id.org/protys/fixture#Load00155_LCIProcess,http://w3id.org/protys/fixture#Load00155_Process,http://w3id.org/protys/fixture#AcrylicResin,52.8,kg,ProductFlow,PURCHASED_TECHNOSPHERE_INPUT,NO,SIMULATED_PRODUCTION_CASE
http://w3id.org/protys/fixture#Load00155_Flow_Water,http://w3id.org/protys/fixture#Load00155_LCIProcess,http://w3id.org/protys/fixture#Load00155_Process,http://w3id.org/protys/fixture#Water,86.24,kg,ProductFlow,PURCHASED_TECHNOSPHERE_INPUT,NO,SIMULATED_PRODUCTION_CASE
http://w3id.org/protys/fixture#Load00155_Flow_Biocide,http://w3id.org/protys/fixture#Load00155_LCIProcess,http://w3id.org/protys/fixture#Load00155_Process,http://w3id.org/protys/fixture#Biocide,1.76,kg,ProductFlow,PURCHASED_TECHNOSPHERE_INPUT,NO,SIMULATED_PRODUCTION_CASE
http://w3id.org/protys/fixture#Load00156_Flow_TitaniumDioxide,http://w3id.org/protys/fixture#Load00156_LCIProcess,http://w3id.org/protys/fixture#Load00156_Process,http://w3id.org/protys/fixture#TitaniumDioxide,21.6,kg,ProductFlow,PURCHASED_TECHNOSPHERE_INPUT,NO,SIMULATED_PRODUCTION_CASE
http://w3id.org/protys/fixture#Load00156_Flow_AcrylicResin,http://w3id.org/protys/fixture#Load00156_LCIProcess,http://w3id.org/protys/fixture#Load00156_Process,http://w3id.org/protys/fixture#AcrylicResin,32.4,kg,ProductFlow,PURCHASED_TECHNOSPHERE_INPUT,NO,SIMULATED_PRODUCTION_CASE
http://w3id.org/protys/fixture#Load00156_Flow_Water,http://w3id.org/protys/fixture#Load00156_LCIProcess,http://w3id.org/protys/fixture#Load00156_Process,http://w3id.org/protys/fixture#Water,52.92,kg,ProductFlow,PURCHASED_TECHNOSPHERE_INPUT,NO,SIMULATED_PRODUCTION_CASE
http://w3id.org/protys/fixture#Load00156_Flow_Biocide,http://w3id.org/protys/fixture#Load00156_LCIProcess,http://w3id.org/protys/fixture#Load00156_Process,http://w3id.org/protys/fixture#Biocide,1.08,kg,ProductFlow,PURCHASED_TECHNOSPHERE_INPUT,NO,SIMULATED_PRODUCTION_CASE
http://w3id.org/protys/fixture#Load00157_Flow_TitaniumDioxide,http://w3id.org/protys/fixture#Load00157_LCIProcess,http://w3id.org/protys/fixture#Load00157_Process,http://w3id.org/protys/fixture#TitaniumDioxide,29.8,kg,ProductFlow,PURCHASED_TECHNOSPHERE_INPUT,NO,SIMULATED_PRODUCTION_CASE
http://w3id.org/protys/fixture#Load00157_Flow_AcrylicResin,http://w3id.org/protys/fixture#Load00157_LCIProcess,http://w3id.org/protys/fixture#Load00157_Process,http://w3id.org/protys/fixture#AcrylicResin,44.7,kg,ProductFlow,PURCHASED_TECHNOSPHERE_INPUT,NO,SIMULATED_PRODUCTION_CASE
http://w3id.org/protys/fixture#Load00157_Flow_Water,http://w3id.org/protys/fixture#Load00157_LCIProcess,http://w3id.org/protys/fixture#Load00157_Process,http://w3id.org/protys/fixture#Water,73.01,kg,ProductFlow,PURCHASED_TECHNOSPHERE_INPUT,NO,SIMULATED_PRODUCTION_CASE
http://w3id.org/protys/fixture#Load00157_Flow_Biocide,http://w3id.org/protys/fixture#Load00157_LCIProcess,http://w3id.org/protys/fixture#Load00157_Process,http://w3id.org/protys/fixture#Biocide,1.49,kg,ProductFlow,PURCHASED_TECHNOSPHERE_INPUT,NO,SIMULATED_PRODUCTION_CASE
http://w3id.org/protys/fixture#Load00158_Flow_TitaniumDioxide,http://w3id.org/protys/fixture#Load00158_LCIProcess,http://w3id.org/protys/fixture#Load00158_Process,http://w3id.org/protys/fixture#TitaniumDioxide,29.6,kg,ProductFlow,PURCHASED_TECHNOSPHERE_INPUT,NO,SIMULATED_PRODUCTION_CASE
http://w3id.org/protys/fixture#Load00158_Flow_AcrylicResin,http://w3id.org/protys/fixture#Load00158_LCIProcess,http://w3id.org/protys/fixture#Load00158_Process,http://w3id.org/protys/fixture#AcrylicResin,44.4,kg,ProductFlow,PURCHASED_TECHNOSPHERE_INPUT,NO,SIMULATED_PRODUCTION_CASE
http://w3id.org/protys/fixture#Load00158_Flow_Water,http://w3id.org/protys/fixture#Load00158_LCIProcess,http://w3id.org/protys/fixture#Load00158_Process,http://w3id.org/protys/fixture#Water,72.52,kg,ProductFlow,PURCHASED_TECHNOSPHERE_INPUT,NO,SIMULATED_PRODUCTION_CASE
http://w3id.org/protys/fixture#Load00158_Flow_Biocide,http://w3id.org/protys/fixture#Load00158_LCIProcess,http://w3id.org/protys/fixture#Load00158_Process,http://w3id.org/protys/fixture#Biocide,1.48,kg,ProductFlow,PURCHASED_TECHNOSPHERE_INPUT,NO,SIMULATED_PRODUCTION_CASE
http://w3id.org/protys/fixture#Load00159_Flow_TitaniumDioxide,http://w3id.org/protys/fixture#Load00159_LCIProcess,http://w3id.org/protys/fixture#Load00159_Process,http://w3id.org/protys/fixture#TitaniumDioxide,35.2,kg,ProductFlow,PURCHASED_TECHNOSPHERE_INPUT,NO,SIMULATED_PRODUCTION_CASE
http://w3id.org/protys/fixture#Load00159_Flow_AcrylicResin,http://w3id.org/protys/fixture#Load00159_LCIProcess,http://w3id.org/protys/fixture#Load00159_Process,http://w3id.org/protys/fixture#AcrylicResin,52.8,kg,ProductFlow,PURCHASED_TECHNOSPHERE_INPUT,NO,SIMULATED_PRODUCTION_CASE
http://w3id.org/protys/fixture#Load00159_Flow_Water,http://w3id.org/protys/fixture#Load00159_LCIProcess,http://w3id.org/protys/fixture#Load00159_Process,http://w3id.org/protys/fixture#Water,86.24,kg,ProductFlow,PURCHASED_TECHNOSPHERE_INPUT,NO,SIMULATED_PRODUCTION_CASE
http://w3id.org/protys/fixture#Load00159_Flow_Biocide,http://w3id.org/protys/fixture#Load00159_LCIProcess,http://w3id.org/protys/fixture#Load00159_Process,http://w3id.org/protys/fixture#Biocide,1.76,kg,ProductFlow,PURCHASED_TECHNOSPHERE_INPUT,NO,SIMULATED_PRODUCTION_CASE
http://w3id.org/protys/fixture#Load00160_Flow_TitaniumDioxide,http://w3id.org/protys/fixture#Load00160_LCIProcess,http://w3id.org/protys/fixture#Load00160_Process,http://w3id.org/protys/fixture#TitaniumDioxide,31.8,kg,ProductFlow,PURCHASED_TECHNOSPHERE_INPUT,NO,SIMULATED_PRODUCTION_CASE
http://w3id.org/protys/fixture#Load00160_Flow_AcrylicResin,http://w3id.org/protys/fixture#Load00160_LCIProcess,http://w3id.org/protys/fixture#Load00160_Process,http://w3id.org/protys/fixture#AcrylicResin,47.7,kg,ProductFlow,PURCHASED_TECHNOSPHERE_INPUT,NO,SIMULATED_PRODUCTION_CASE
http://w3id.org/protys/fixture#Load00160_Flow_Water,http://w3id.org/protys/fixture#Load00160_LCIProcess,http://w3id.org/protys/fixture#Load00160_Process,http://w3id.org/protys/fixture#Water,77.91,kg,ProductFlow,PURCHASED_TECHNOSPHERE_INPUT,NO,SIMULATED_PRODUCTION_CASE
http://w3id.org/protys/fixture#Load00160_Flow_Biocide,http://w3id.org/protys/fixture#Load00160_LCIProcess,http://w3id.org/protys/fixture#Load00160_Process,http://w3id.org/protys/fixture#Biocide,1.59,kg,ProductFlow,PURCHASED_TECHNOSPHERE_INPUT,NO,SIMULATED_PRODUCTION_CASE
http://w3id.org/protys/fixture#Load00161_Flow_TitaniumDioxide,http://w3id.org/protys/fixture#Load00161_LCIProcess,http://w3id.org/protys/fixture#Load00161_Process,http://w3id.org/protys/fixture#TitaniumDioxide,33.4,kg,ProductFlow,PURCHASED_TECHNOSPHERE_INPUT,NO,SIMULATED_PRODUCTION_CASE
http://w3id.org/protys/fixture#Load00161_Flow_AcrylicResin,http://w3id.org/protys/fixture#Load00161_LCIProcess,http://w3id.org/protys/fixture#Load00161_Process,http://w3id.org/protys/fixture#AcrylicResin,50.1,kg,ProductFlow,PURCHASED_TECHNOSPHERE_INPUT,NO,SIMULATED_PRODUCTION_CASE
http://w3id.org/protys/fixture#Load00161_Flow_Water,http://w3id.org/protys/fixture#Load00161_LCIProcess,http://w3id.org/protys/fixture#Load00161_Process,http://w3id.org/protys/fixture#Water,81.83,kg,ProductFlow,PURCHASED_TECHNOSPHERE_INPUT,NO,SIMULATED_PRODUCTION_CASE
http://w3id.org/protys/fixture#Load00161_Flow_Biocide,http://w3id.org/protys/fixture#Load00161_LCIProcess,http://w3id.org/protys/fixture#Load00161_Process,http://w3id.org/protys/fixture#Biocide,1.67,kg,ProductFlow,PURCHASED_TECHNOSPHERE_INPUT,NO,SIMULATED_PRODUCTION_CASE
http://w3id.org/protys/fixture#Load00162_Flow_TitaniumDioxide,http://w3id.org/protys/fixture#Load00162_LCIProcess,http://w3id.org/protys/fixture#Load00162_Process,http://w3id.org/protys/fixture#TitaniumDioxide,26.4,kg,ProductFlow,PURCHASED_TECHNOSPHERE_INPUT,NO,SIMULATED_PRODUCTION_CASE
http://w3id.org/protys/fixture#Load00162_Flow_AcrylicResin,http://w3id.org/protys/fixture#Load00162_LCIProcess,http://w3id.org/protys/fixture#Load00162_Process,http://w3id.org/protys/fixture#AcrylicResin,39.6,kg,ProductFlow,PURCHASED_TECHNOSPHERE_INPUT,NO,SIMULATED_PRODUCTION_CASE
http://w3id.org/protys/fixture#Load00162_Flow_Water,http://w3id.org/protys/fixture#Load00162_LCIProcess,http://w3id.org/protys/fixture#Load00162_Process,http://w3id.org/protys/fixture#Water,64.68,kg,ProductFlow,PURCHASED_TECHNOSPHERE_INPUT,NO,SIMULATED_PRODUCTION_CASE
http://w3id.org/protys/fixture#Load00162_Flow_Biocide,http://w3id.org/protys/fixture#Load00162_LCIProcess,http://w3id.org/protys/fixture#Load00162_Process,http://w3id.org/protys/fixture#Biocide,1.32,kg,ProductFlow,PURCHASED_TECHNOSPHERE_INPUT,NO,SIMULATED_PRODUCTION_CASE
http://w3id.org/protys/fixture#Load00163_Flow_TitaniumDioxide,http://w3id.org/protys/fixture#Load00163_LCIProcess,http://w3id.org/protys/fixture#Load00163_Process,http://w3id.org/protys/fixture#TitaniumDioxide,34,kg,ProductFlow,PURCHASED_TECHNOSPHERE_INPUT,NO,SIMULATED_PRODUCTION_CASE
http://w3id.org/protys/fixture#Load00163_Flow_AcrylicResin,http://w3id.org/protys/fixture#Load00163_LCIProcess,http://w3id.org/protys/fixture#Load00163_Process,http://w3id.org/protys/fixture#AcrylicResin,51,kg,ProductFlow,PURCHASED_TECHNOSPHERE_INPUT,NO,SIMULATED_PRODUCTION_CASE
http://w3id.org/protys/fixture#Load00163_Flow_Water,http://w3id.org/protys/fixture#Load00163_LCIProcess,http://w3id.org/protys/fixture#Load00163_Process,http://w3id.org/protys/fixture#Water,83.3,kg,ProductFlow,PURCHASED_TECHNOSPHERE_INPUT,NO,SIMULATED_PRODUCTION_CASE
http://w3id.org/protys/fixture#Load00163_Flow_Biocide,http://w3id.org/protys/fixture#Load00163_LCIProcess,http://w3id.org/protys/fixture#Load00163_Process,http://w3id.org/protys/fixture#Biocide,1.7,kg,ProductFlow,PURCHASED_TECHNOSPHERE_INPUT,NO,SIMULATED_PRODUCTION_CASE
http://w3id.org/protys/fixture#Load00164_Flow_TitaniumDioxide,http://w3id.org/protys/fixture#Load00164_LCIProcess,http://w3id.org/protys/fixture#Load00164_Process,http://w3id.org/protys/fixture#TitaniumDioxide,20.2,kg,ProductFlow,PURCHASED_TECHNOSPHERE_INPUT,NO,SIMULATED_PRODUCTION_CASE
http://w3id.org/protys/fixture#Load00164_Flow_AcrylicResin,http://w3id.org/protys/fixture#Load00164_LCIProcess,http://w3id.org/protys/fixture#Load00164_Process,http://w3id.org/protys/fixture#AcrylicResin,30.3,kg,ProductFlow,PURCHASED_TECHNOSPHERE_INPUT,NO,SIMULATED_PRODUCTION_CASE
http://w3id.org/protys/fixture#Load00164_Flow_Water,http://w3id.org/protys/fixture#Load00164_LCIProcess,http://w3id.org/protys/fixture#Load00164_Process,http://w3id.org/protys/fixture#Water,49.49,kg,ProductFlow,PURCHASED_TECHNOSPHERE_INPUT,NO,SIMULATED_PRODUCTION_CASE
http://w3id.org/protys/fixture#Load00164_Flow_Biocide,http://w3id.org/protys/fixture#Load00164_LCIProcess,http://w3id.org/protys/fixture#Load00164_Process,http://w3id.org/protys/fixture#Biocide,1.01,kg,ProductFlow,PURCHASED_TECHNOSPHERE_INPUT,NO,SIMULATED_PRODUCTION_CASE
http://w3id.org/protys/fixture#Load00165_Flow_TitaniumDioxide,http://w3id.org/protys/fixture#Load00165_LCIProcess,http://w3id.org/protys/fixture#Load00165_Process,http://w3id.org/protys/fixture#TitaniumDioxide,37.4,kg,ProductFlow,PURCHASED_TECHNOSPHERE_INPUT,NO,SIMULATED_PRODUCTION_CASE
http://w3id.org/protys/fixture#Load00165_Flow_AcrylicResin,http://w3id.org/protys/fixture#Load00165_LCIProcess,http://w3id.org/protys/fixture#Load00165_Process,http://w3id.org/protys/fixture#AcrylicResin,56.1,kg,ProductFlow,PURCHASED_TECHNOSPHERE_INPUT,NO,SIMULATED_PRODUCTION_CASE
http://w3id.org/protys/fixture#Load00165_Flow_Water,http://w3id.org/protys/fixture#Load00165_LCIProcess,http://w3id.org/protys/fixture#Load00165_Process,http://w3id.org/protys/fixture#Water,91.63,kg,ProductFlow,PURCHASED_TECHNOSPHERE_INPUT,NO,SIMULATED_PRODUCTION_CASE
http://w3id.org/protys/fixture#Load00165_Flow_Biocide,http://w3id.org/protys/fixture#Load00165_LCIProcess,http://w3id.org/protys/fixture#Load00165_Process,http://w3id.org/protys/fixture#Biocide,1.87,kg,ProductFlow,PURCHASED_TECHNOSPHERE_INPUT,NO,SIMULATED_PRODUCTION_CASE
http://w3id.org/protys/fixture#Load00166_Flow_TitaniumDioxide,http://w3id.org/protys/fixture#Load00166_LCIProcess,http://w3id.org/protys/fixture#Load00166_Process,http://w3id.org/protys/fixture#TitaniumDioxide,38.4,kg,ProductFlow,PURCHASED_TECHNOSPHERE_INPUT,NO,SIMULATED_PRODUCTION_CASE
http://w3id.org/protys/fixture#Load00166_Flow_AcrylicResin,http://w3id.org/protys/fixture#Load00166_LCIProcess,http://w3id.org/protys/fixture#Load00166_Process,http://w3id.org/protys/fixture#AcrylicResin,57.6,kg,ProductFlow,PURCHASED_TECHNOSPHERE_INPUT,NO,SIMULATED_PRODUCTION_CASE
http://w3id.org/protys/fixture#Load00166_Flow_Water,http://w3id.org/protys/fixture#Load00166_LCIProcess,http://w3id.org/protys/fixture#Load00166_Process,http://w3id.org/protys/fixture#Water,94.08,kg,ProductFlow,PURCHASED_TECHNOSPHERE_INPUT,NO,SIMULATED_PRODUCTION_CASE
http://w3id.org/protys/fixture#Load00166_Flow_Biocide,http://w3id.org/protys/fixture#Load00166_LCIProcess,http://w3id.org/protys/fixture#Load00166_Process,http://w3id.org/protys/fixture#Biocide,1.92,kg,ProductFlow,PURCHASED_TECHNOSPHERE_INPUT,NO,SIMULATED_PRODUCTION_CASE
http://w3id.org/protys/fixture#Load00167_Flow_TitaniumDioxide,http://w3id.org/protys/fixture#Load00167_LCIProcess,http://w3id.org/protys/fixture#Load00167_Process,http://w3id.org/protys/fixture#TitaniumDioxide,22.8,kg,ProductFlow,PURCHASED_TECHNOSPHERE_INPUT,NO,SIMULATED_PRODUCTION_CASE
http://w3id.org/protys/fixture#Load00167_Flow_AcrylicResin,http://w3id.org/protys/fixture#Load00167_LCIProcess,http://w3id.org/protys/fixture#Load00167_Process,http://w3id.org/protys/fixture#AcrylicResin,34.2,kg,ProductFlow,PURCHASED_TECHNOSPHERE_INPUT,NO,SIMULATED_PRODUCTION_CASE
http://w3id.org/protys/fixture#Load00167_Flow_Water,http://w3id.org/protys/fixture#Load00167_LCIProcess,http://w3id.org/protys/fixture#Load00167_Process,http://w3id.org/protys/fixture#Water,55.86,kg,ProductFlow,PURCHASED_TECHNOSPHERE_INPUT,NO,SIMULATED_PRODUCTION_CASE
http://w3id.org/protys/fixture#Load00167_Flow_Biocide,http://w3id.org/protys/fixture#Load00167_LCIProcess,http://w3id.org/protys/fixture#Load00167_Process,http://w3id.org/protys/fixture#Biocide,1.14,kg,ProductFlow,PURCHASED_TECHNOSPHERE_INPUT,NO,SIMULATED_PRODUCTION_CASE
http://w3id.org/protys/fixture#Load00168_Flow_TitaniumDioxide,http://w3id.org/protys/fixture#Load00168_LCIProcess,http://w3id.org/protys/fixture#Load00168_Process,http://w3id.org/protys/fixture#TitaniumDioxide,37.4,kg,ProductFlow,PURCHASED_TECHNOSPHERE_INPUT,NO,SIMULATED_PRODUCTION_CASE
http://w3id.org/protys/fixture#Load00168_Flow_AcrylicResin,http://w3id.org/protys/fixture#Load00168_LCIProcess,http://w3id.org/protys/fixture#Load00168_Process,http://w3id.org/protys/fixture#AcrylicResin,56.1,kg,ProductFlow,PURCHASED_TECHNOSPHERE_INPUT,NO,SIMULATED_PRODUCTION_CASE
http://w3id.org/protys/fixture#Load00168_Flow_Water,http://w3id.org/protys/fixture#Load00168_LCIProcess,http://w3id.org/protys/fixture#Load00168_Process,http://w3id.org/protys/fixture#Water,91.63,kg,ProductFlow,PURCHASED_TECHNOSPHERE_INPUT,NO,SIMULATED_PRODUCTION_CASE
http://w3id.org/protys/fixture#Load00168_Flow_Biocide,http://w3id.org/protys/fixture#Load00168_LCIProcess,http://w3id.org/protys/fixture#Load00168_Process,http://w3id.org/protys/fixture#Biocide,1.87,kg,ProductFlow,PURCHASED_TECHNOSPHERE_INPUT,NO,SIMULATED_PRODUCTION_CASE
http://w3id.org/protys/fixture#Load00169_Flow_TitaniumDioxide,http://w3id.org/protys/fixture#Load00169_LCIProcess,http://w3id.org/protys/fixture#Load00169_Process,http://w3id.org/protys/fixture#TitaniumDioxide,33.6,kg,ProductFlow,PURCHASED_TECHNOSPHERE_INPUT,NO,SIMULATED_PRODUCTION_CASE
http://w3id.org/protys/fixture#Load00169_Flow_AcrylicResin,http://w3id.org/protys/fixture#Load00169_LCIProcess,http://w3id.org/protys/fixture#Load00169_Process,http://w3id.org/protys/fixture#AcrylicResin,50.4,kg,ProductFlow,PURCHASED_TECHNOSPHERE_INPUT,NO,SIMULATED_PRODUCTION_CASE
http://w3id.org/protys/fixture#Load00169_Flow_Water,http://w3id.org/protys/fixture#Load00169_LCIProcess,http://w3id.org/protys/fixture#Load00169_Process,http://w3id.org/protys/fixture#Water,82.32,kg,ProductFlow,PURCHASED_TECHNOSPHERE_INPUT,NO,SIMULATED_PRODUCTION_CASE
http://w3id.org/protys/fixture#Load00169_Flow_Biocide,http://w3id.org/protys/fixture#Load00169_LCIProcess,http://w3id.org/protys/fixture#Load00169_Process,http://w3id.org/protys/fixture#Biocide,1.68,kg,ProductFlow,PURCHASED_TECHNOSPHERE_INPUT,NO,SIMULATED_PRODUCTION_CASE
http://w3id.org/protys/fixture#Load00170_Flow_TitaniumDioxide,http://w3id.org/protys/fixture#Load00170_LCIProcess,http://w3id.org/protys/fixture#Load00170_Process,http://w3id.org/protys/fixture#TitaniumDioxide,39.2,kg,ProductFlow,PURCHASED_TECHNOSPHERE_INPUT,NO,SIMULATED_PRODUCTION_CASE
http://w3id.org/protys/fixture#Load00170_Flow_AcrylicResin,http://w3id.org/protys/fixture#Load00170_LCIProcess,http://w3id.org/protys/fixture#Load00170_Process,http://w3id.org/protys/fixture#AcrylicResin,58.8,kg,ProductFlow,PURCHASED_TECHNOSPHERE_INPUT,NO,SIMULATED_PRODUCTION_CASE
http://w3id.org/protys/fixture#Load00170_Flow_Water,http://w3id.org/protys/fixture#Load00170_LCIProcess,http://w3id.org/protys/fixture#Load00170_Process,http://w3id.org/protys/fixture#Water,96.04,kg,ProductFlow,PURCHASED_TECHNOSPHERE_INPUT,NO,SIMULATED_PRODUCTION_CASE
http://w3id.org/protys/fixture#Load00170_Flow_Biocide,http://w3id.org/protys/fixture#Load00170_LCIProcess,http://w3id.org/protys/fixture#Load00170_Process,http://w3id.org/protys/fixture#Biocide,1.96,kg,ProductFlow,PURCHASED_TECHNOSPHERE_INPUT,NO,SIMULATED_PRODUCTION_CASE
http://w3id.org/protys/fixture#Load00171_Flow_TitaniumDioxide,http://w3id.org/protys/fixture#Load00171_LCIProcess,http://w3id.org/protys/fixture#Load00171_Process,http://w3id.org/protys/fixture#TitaniumDioxide,26.8,kg,ProductFlow,PURCHASED_TECHNOSPHERE_INPUT,NO,SIMULATED_PRODUCTION_CASE
http://w3id.org/protys/fixture#Load00171_Flow_AcrylicResin,http://w3id.org/protys/fixture#Load00171_LCIProcess,http://w3id.org/protys/fixture#Load00171_Process,http://w3id.org/protys/fixture#AcrylicResin,40.2,kg,ProductFlow,PURCHASED_TECHNOSPHERE_INPUT,NO,SIMULATED_PRODUCTION_CASE
http://w3id.org/protys/fixture#Load00171_Flow_Water,http://w3id.org/protys/fixture#Load00171_LCIProcess,http://w3id.org/protys/fixture#Load00171_Process,http://w3id.org/protys/fixture#Water,65.66,kg,ProductFlow,PURCHASED_TECHNOSPHERE_INPUT,NO,SIMULATED_PRODUCTION_CASE
http://w3id.org/protys/fixture#Load00171_Flow_Biocide,http://w3id.org/protys/fixture#Load00171_LCIProcess,http://w3id.org/protys/fixture#Load00171_Process,http://w3id.org/protys/fixture#Biocide,1.34,kg,ProductFlow,PURCHASED_TECHNOSPHERE_INPUT,NO,SIMULATED_PRODUCTION_CASE
http://w3id.org/protys/fixture#Load00172_Flow_TitaniumDioxide,http://w3id.org/protys/fixture#Load00172_LCIProcess,http://w3id.org/protys/fixture#Load00172_Process,http://w3id.org/protys/fixture#TitaniumDioxide,39.6,kg,ProductFlow,PURCHASED_TECHNOSPHERE_INPUT,NO,SIMULATED_PRODUCTION_CASE
http://w3id.org/protys/fixture#Load00172_Flow_AcrylicResin,http://w3id.org/protys/fixture#Load00172_LCIProcess,http://w3id.org/protys/fixture#Load00172_Process,http://w3id.org/protys/fixture#AcrylicResin,59.4,kg,ProductFlow,PURCHASED_TECHNOSPHERE_INPUT,NO,SIMULATED_PRODUCTION_CASE
http://w3id.org/protys/fixture#Load00172_Flow_Water,http://w3id.org/protys/fixture#Load00172_LCIProcess,http://w3id.org/protys/fixture#Load00172_Process,http://w3id.org/protys/fixture#Water,97.02,kg,ProductFlow,PURCHASED_TECHNOSPHERE_INPUT,NO,SIMULATED_PRODUCTION_CASE
http://w3id.org/protys/fixture#Load00172_Flow_Biocide,http://w3id.org/protys/fixture#Load00172_LCIProcess,http://w3id.org/protys/fixture#Load00172_Process,http://w3id.org/protys/fixture#Biocide,1.98,kg,ProductFlow,PURCHASED_TECHNOSPHERE_INPUT,NO,SIMULATED_PRODUCTION_CASE
http://w3id.org/protys/fixture#Load00173_Flow_TitaniumDioxide,http://w3id.org/protys/fixture#Load00173_LCIProcess,http://w3id.org/protys/fixture#Load00173_Process,http://w3id.org/protys/fixture#TitaniumDioxide,36.4,kg,ProductFlow,PURCHASED_TECHNOSPHERE_INPUT,NO,SIMULATED_PRODUCTION_CASE
http://w3id.org/protys/fixture#Load00173_Flow_AcrylicResin,http://w3id.org/protys/fixture#Load00173_LCIProcess,http://w3id.org/protys/fixture#Load00173_Process,http://w3id.org/protys/fixture#AcrylicResin,54.6,kg,ProductFlow,PURCHASED_TECHNOSPHERE_INPUT,NO,SIMULATED_PRODUCTION_CASE
http://w3id.org/protys/fixture#Load00173_Flow_Water,http://w3id.org/protys/fixture#Load00173_LCIProcess,http://w3id.org/protys/fixture#Load00173_Process,http://w3id.org/protys/fixture#Water,89.18,kg,ProductFlow,PURCHASED_TECHNOSPHERE_INPUT,NO,SIMULATED_PRODUCTION_CASE
http://w3id.org/protys/fixture#Load00173_Flow_Biocide,http://w3id.org/protys/fixture#Load00173_LCIProcess,http://w3id.org/protys/fixture#Load00173_Process,http://w3id.org/protys/fixture#Biocide,1.82,kg,ProductFlow,PURCHASED_TECHNOSPHERE_INPUT,NO,SIMULATED_PRODUCTION_CASE
http://w3id.org/protys/fixture#Load00174_Flow_TitaniumDioxide,http://w3id.org/protys/fixture#Load00174_LCIProcess,http://w3id.org/protys/fixture#Load00174_Process,http://w3id.org/protys/fixture#TitaniumDioxide,28.6,kg,ProductFlow,PURCHASED_TECHNOSPHERE_INPUT,NO,SIMULATED_PRODUCTION_CASE
http://w3id.org/protys/fixture#Load00174_Flow_AcrylicResin,http://w3id.org/protys/fixture#Load00174_LCIProcess,http://w3id.org/protys/fixture#Load00174_Process,http://w3id.org/protys/fixture#AcrylicResin,42.9,kg,ProductFlow,PURCHASED_TECHNOSPHERE_INPUT,NO,SIMULATED_PRODUCTION_CASE
http://w3id.org/protys/fixture#Load00174_Flow_Water,http://w3id.org/protys/fixture#Load00174_LCIProcess,http://w3id.org/protys/fixture#Load00174_Process,http://w3id.org/protys/fixture#Water,70.07,kg,ProductFlow,PURCHASED_TECHNOSPHERE_INPUT,NO,SIMULATED_PRODUCTION_CASE
http://w3id.org/protys/fixture#Load00174_Flow_Biocide,http://w3id.org/protys/fixture#Load00174_LCIProcess,http://w3id.org/protys/fixture#Load00174_Process,http://w3id.org/protys/fixture#Biocide,1.43,kg,ProductFlow,PURCHASED_TECHNOSPHERE_INPUT,NO,SIMULATED_PRODUCTION_CASE
http://w3id.org/protys/fixture#Load00175_Flow_TitaniumDioxide,http://w3id.org/protys/fixture#Load00175_LCIProcess,http://w3id.org/protys/fixture#Load00175_Process,http://w3id.org/protys/fixture#TitaniumDioxide,22.8,kg,ProductFlow,PURCHASED_TECHNOSPHERE_INPUT,NO,SIMULATED_PRODUCTION_CASE
http://w3id.org/protys/fixture#Load00175_Flow_AcrylicResin,http://w3id.org/protys/fixture#Load00175_LCIProcess,http://w3id.org/protys/fixture#Load00175_Process,http://w3id.org/protys/fixture#AcrylicResin,34.2,kg,ProductFlow,PURCHASED_TECHNOSPHERE_INPUT,NO,SIMULATED_PRODUCTION_CASE
http://w3id.org/protys/fixture#Load00175_Flow_Water,http://w3id.org/protys/fixture#Load00175_LCIProcess,http://w3id.org/protys/fixture#Load00175_Process,http://w3id.org/protys/fixture#Water,55.86,kg,ProductFlow,PURCHASED_TECHNOSPHERE_INPUT,NO,SIMULATED_PRODUCTION_CASE
http://w3id.org/protys/fixture#Load00175_Flow_Biocide,http://w3id.org/protys/fixture#Load00175_LCIProcess,http://w3id.org/protys/fixture#Load00175_Process,http://w3id.org/protys/fixture#Biocide,1.14,kg,ProductFlow,PURCHASED_TECHNOSPHERE_INPUT,NO,SIMULATED_PRODUCTION_CASE
http://w3id.org/protys/fixture#Load00176_Flow_TitaniumDioxide,http://w3id.org/protys/fixture#Load00176_LCIProcess,http://w3id.org/protys/fixture#Load00176_Process,http://w3id.org/protys/fixture#TitaniumDioxide,27.4,kg,ProductFlow,PURCHASED_TECHNOSPHERE_INPUT,NO,SIMULATED_PRODUCTION_CASE
http://w3id.org/protys/fixture#Load00176_Flow_AcrylicResin,http://w3id.org/protys/fixture#Load00176_LCIProcess,http://w3id.org/protys/fixture#Load00176_Process,http://w3id.org/protys/fixture#AcrylicResin,41.1,kg,ProductFlow,PURCHASED_TECHNOSPHERE_INPUT,NO,SIMULATED_PRODUCTION_CASE
http://w3id.org/protys/fixture#Load00176_Flow_Water,http://w3id.org/protys/fixture#Load00176_LCIProcess,http://w3id.org/protys/fixture#Load00176_Process,http://w3id.org/protys/fixture#Water,67.13,kg,ProductFlow,PURCHASED_TECHNOSPHERE_INPUT,NO,SIMULATED_PRODUCTION_CASE
http://w3id.org/protys/fixture#Load00176_Flow_Biocide,http://w3id.org/protys/fixture#Load00176_LCIProcess,http://w3id.org/protys/fixture#Load00176_Process,http://w3id.org/protys/fixture#Biocide,1.37,kg,ProductFlow,PURCHASED_TECHNOSPHERE_INPUT,NO,SIMULATED_PRODUCTION_CASE
http://w3id.org/protys/fixture#Load00177_Flow_TitaniumDioxide,http://w3id.org/protys/fixture#Load00177_LCIProcess,http://w3id.org/protys/fixture#Load00177_Process,http://w3id.org/protys/fixture#TitaniumDioxide,31,kg,ProductFlow,PURCHASED_TECHNOSPHERE_INPUT,NO,SIMULATED_PRODUCTION_CASE
http://w3id.org/protys/fixture#Load00177_Flow_AcrylicResin,http://w3id.org/protys/fixture#Load00177_LCIProcess,http://w3id.org/protys/fixture#Load00177_Process,http://w3id.org/protys/fixture#AcrylicResin,46.5,kg,ProductFlow,PURCHASED_TECHNOSPHERE_INPUT,NO,SIMULATED_PRODUCTION_CASE
http://w3id.org/protys/fixture#Load00177_Flow_Water,http://w3id.org/protys/fixture#Load00177_LCIProcess,http://w3id.org/protys/fixture#Load00177_Process,http://w3id.org/protys/fixture#Water,75.95,kg,ProductFlow,PURCHASED_TECHNOSPHERE_INPUT,NO,SIMULATED_PRODUCTION_CASE
http://w3id.org/protys/fixture#Load00177_Flow_Biocide,http://w3id.org/protys/fixture#Load00177_LCIProcess,http://w3id.org/protys/fixture#Load00177_Process,http://w3id.org/protys/fixture#Biocide,1.55,kg,ProductFlow,PURCHASED_TECHNOSPHERE_INPUT,NO,SIMULATED_PRODUCTION_CASE
http://w3id.org/protys/fixture#Load00178_Flow_TitaniumDioxide,http://w3id.org/protys/fixture#Load00178_LCIProcess,http://w3id.org/protys/fixture#Load00178_Process,http://w3id.org/protys/fixture#TitaniumDioxide,24,kg,ProductFlow,PURCHASED_TECHNOSPHERE_INPUT,NO,SIMULATED_PRODUCTION_CASE
http://w3id.org/protys/fixture#Load00178_Flow_AcrylicResin,http://w3id.org/protys/fixture#Load00178_LCIProcess,http://w3id.org/protys/fixture#Load00178_Process,http://w3id.org/protys/fixture#AcrylicResin,36,kg,ProductFlow,PURCHASED_TECHNOSPHERE_INPUT,NO,SIMULATED_PRODUCTION_CASE
http://w3id.org/protys/fixture#Load00178_Flow_Water,http://w3id.org/protys/fixture#Load00178_LCIProcess,http://w3id.org/protys/fixture#Load00178_Process,http://w3id.org/protys/fixture#Water,58.8,kg,ProductFlow,PURCHASED_TECHNOSPHERE_INPUT,NO,SIMULATED_PRODUCTION_CASE
http://w3id.org/protys/fixture#Load00178_Flow_Biocide,http://w3id.org/protys/fixture#Load00178_LCIProcess,http://w3id.org/protys/fixture#Load00178_Process,http://w3id.org/protys/fixture#Biocide,1.2,kg,ProductFlow,PURCHASED_TECHNOSPHERE_INPUT,NO,SIMULATED_PRODUCTION_CASE
http://w3id.org/protys/fixture#Load00179_Flow_TitaniumDioxide,http://w3id.org/protys/fixture#Load00179_LCIProcess,http://w3id.org/protys/fixture#Load00179_Process,http://w3id.org/protys/fixture#TitaniumDioxide,31.6,kg,ProductFlow,PURCHASED_TECHNOSPHERE_INPUT,NO,SIMULATED_PRODUCTION_CASE
http://w3id.org/protys/fixture#Load00179_Flow_AcrylicResin,http://w3id.org/protys/fixture#Load00179_LCIProcess,http://w3id.org/protys/fixture#Load00179_Process,http://w3id.org/protys/fixture#AcrylicResin,47.4,kg,ProductFlow,PURCHASED_TECHNOSPHERE_INPUT,NO,SIMULATED_PRODUCTION_CASE
http://w3id.org/protys/fixture#Load00179_Flow_Water,http://w3id.org/protys/fixture#Load00179_LCIProcess,http://w3id.org/protys/fixture#Load00179_Process,http://w3id.org/protys/fixture#Water,77.42,kg,ProductFlow,PURCHASED_TECHNOSPHERE_INPUT,NO,SIMULATED_PRODUCTION_CASE
http://w3id.org/protys/fixture#Load00179_Flow_Biocide,http://w3id.org/protys/fixture#Load00179_LCIProcess,http://w3id.org/protys/fixture#Load00179_Process,http://w3id.org/protys/fixture#Biocide,1.58,kg,ProductFlow,PURCHASED_TECHNOSPHERE_INPUT,NO,SIMULATED_PRODUCTION_CASE
http://w3id.org/protys/fixture#Load00180_Flow_TitaniumDioxide,http://w3id.org/protys/fixture#Load00180_LCIProcess,http://w3id.org/protys/fixture#Load00180_Process,http://w3id.org/protys/fixture#TitaniumDioxide,20,kg,ProductFlow,PURCHASED_TECHNOSPHERE_INPUT,NO,SIMULATED_PRODUCTION_CASE
http://w3id.org/protys/fixture#Load00180_Flow_AcrylicResin,http://w3id.org/protys/fixture#Load00180_LCIProcess,http://w3id.org/protys/fixture#Load00180_Process,http://w3id.org/protys/fixture#AcrylicResin,30,kg,ProductFlow,PURCHASED_TECHNOSPHERE_INPUT,NO,SIMULATED_PRODUCTION_CASE
http://w3id.org/protys/fixture#Load00180_Flow_Water,http://w3id.org/protys/fixture#Load00180_LCIProcess,http://w3id.org/protys/fixture#Load00180_Process,http://w3id.org/protys/fixture#Water,49,kg,ProductFlow,PURCHASED_TECHNOSPHERE_INPUT,NO,SIMULATED_PRODUCTION_CASE
http://w3id.org/protys/fixture#Load00180_Flow_Biocide,http://w3id.org/protys/fixture#Load00180_LCIProcess,http://w3id.org/protys/fixture#Load00180_Process,http://w3id.org/protys/fixture#Biocide,1,kg,ProductFlow,PURCHASED_TECHNOSPHERE_INPUT,NO,SIMULATED_PRODUCTION_CASE
http://w3id.org/protys/fixture#Load00181_Flow_TitaniumDioxide,http://w3id.org/protys/fixture#Load00181_LCIProcess,http://w3id.org/protys/fixture#Load00181_Process,http://w3id.org/protys/fixture#TitaniumDioxide,38.4,kg,ProductFlow,PURCHASED_TECHNOSPHERE_INPUT,NO,SIMULATED_PRODUCTION_CASE
http://w3id.org/protys/fixture#Load00181_Flow_AcrylicResin,http://w3id.org/protys/fixture#Load00181_LCIProcess,http://w3id.org/protys/fixture#Load00181_Process,http://w3id.org/protys/fixture#AcrylicResin,57.6,kg,ProductFlow,PURCHASED_TECHNOSPHERE_INPUT,NO,SIMULATED_PRODUCTION_CASE
http://w3id.org/protys/fixture#Load00181_Flow_Water,http://w3id.org/protys/fixture#Load00181_LCIProcess,http://w3id.org/protys/fixture#Load00181_Process,http://w3id.org/protys/fixture#Water,94.08,kg,ProductFlow,PURCHASED_TECHNOSPHERE_INPUT,NO,SIMULATED_PRODUCTION_CASE
http://w3id.org/protys/fixture#Load00181_Flow_Biocide,http://w3id.org/protys/fixture#Load00181_LCIProcess,http://w3id.org/protys/fixture#Load00181_Process,http://w3id.org/protys/fixture#Biocide,1.92,kg,ProductFlow,PURCHASED_TECHNOSPHERE_INPUT,NO,SIMULATED_PRODUCTION_CASE
http://w3id.org/protys/fixture#Load00182_Flow_TitaniumDioxide,http://w3id.org/protys/fixture#Load00182_LCIProcess,http://w3id.org/protys/fixture#Load00182_Process,http://w3id.org/protys/fixture#TitaniumDioxide,38.4,kg,ProductFlow,PURCHASED_TECHNOSPHERE_INPUT,NO,SIMULATED_PRODUCTION_CASE
http://w3id.org/protys/fixture#Load00182_Flow_AcrylicResin,http://w3id.org/protys/fixture#Load00182_LCIProcess,http://w3id.org/protys/fixture#Load00182_Process,http://w3id.org/protys/fixture#AcrylicResin,57.6,kg,ProductFlow,PURCHASED_TECHNOSPHERE_INPUT,NO,SIMULATED_PRODUCTION_CASE
http://w3id.org/protys/fixture#Load00182_Flow_Water,http://w3id.org/protys/fixture#Load00182_LCIProcess,http://w3id.org/protys/fixture#Load00182_Process,http://w3id.org/protys/fixture#Water,94.08,kg,ProductFlow,PURCHASED_TECHNOSPHERE_INPUT,NO,SIMULATED_PRODUCTION_CASE
http://w3id.org/protys/fixture#Load00182_Flow_Biocide,http://w3id.org/protys/fixture#Load00182_LCIProcess,http://w3id.org/protys/fixture#Load00182_Process,http://w3id.org/protys/fixture#Biocide,1.92,kg,ProductFlow,PURCHASED_TECHNOSPHERE_INPUT,NO,SIMULATED_PRODUCTION_CASE
http://w3id.org/protys/fixture#Load00183_Flow_TitaniumDioxide,http://w3id.org/protys/fixture#Load00183_LCIProcess,http://w3id.org/protys/fixture#Load00183_Process,http://w3id.org/protys/fixture#TitaniumDioxide,26.6,kg,ProductFlow,PURCHASED_TECHNOSPHERE_INPUT,NO,SIMULATED_PRODUCTION_CASE
http://w3id.org/protys/fixture#Load00183_Flow_AcrylicResin,http://w3id.org/protys/fixture#Load00183_LCIProcess,http://w3id.org/protys/fixture#Load00183_Process,http://w3id.org/protys/fixture#AcrylicResin,39.9,kg,ProductFlow,PURCHASED_TECHNOSPHERE_INPUT,NO,SIMULATED_PRODUCTION_CASE
http://w3id.org/protys/fixture#Load00183_Flow_Water,http://w3id.org/protys/fixture#Load00183_LCIProcess,http://w3id.org/protys/fixture#Load00183_Process,http://w3id.org/protys/fixture#Water,65.17,kg,ProductFlow,PURCHASED_TECHNOSPHERE_INPUT,NO,SIMULATED_PRODUCTION_CASE
http://w3id.org/protys/fixture#Load00183_Flow_Biocide,http://w3id.org/protys/fixture#Load00183_LCIProcess,http://w3id.org/protys/fixture#Load00183_Process,http://w3id.org/protys/fixture#Biocide,1.33,kg,ProductFlow,PURCHASED_TECHNOSPHERE_INPUT,NO,SIMULATED_PRODUCTION_CASE
http://w3id.org/protys/fixture#Load00184_Flow_TitaniumDioxide,http://w3id.org/protys/fixture#Load00184_LCIProcess,http://w3id.org/protys/fixture#Load00184_Process,http://w3id.org/protys/fixture#TitaniumDioxide,32.8,kg,ProductFlow,PURCHASED_TECHNOSPHERE_INPUT,NO,SIMULATED_PRODUCTION_CASE
http://w3id.org/protys/fixture#Load00184_Flow_AcrylicResin,http://w3id.org/protys/fixture#Load00184_LCIProcess,http://w3id.org/protys/fixture#Load00184_Process,http://w3id.org/protys/fixture#AcrylicResin,49.2,kg,ProductFlow,PURCHASED_TECHNOSPHERE_INPUT,NO,SIMULATED_PRODUCTION_CASE
http://w3id.org/protys/fixture#Load00184_Flow_Water,http://w3id.org/protys/fixture#Load00184_LCIProcess,http://w3id.org/protys/fixture#Load00184_Process,http://w3id.org/protys/fixture#Water,80.36,kg,ProductFlow,PURCHASED_TECHNOSPHERE_INPUT,NO,SIMULATED_PRODUCTION_CASE
http://w3id.org/protys/fixture#Load00184_Flow_Biocide,http://w3id.org/protys/fixture#Load00184_LCIProcess,http://w3id.org/protys/fixture#Load00184_Process,http://w3id.org/protys/fixture#Biocide,1.64,kg,ProductFlow,PURCHASED_TECHNOSPHERE_INPUT,NO,SIMULATED_PRODUCTION_CASE
http://w3id.org/protys/fixture#Load00185_Flow_TitaniumDioxide,http://w3id.org/protys/fixture#Load00185_LCIProcess,http://w3id.org/protys/fixture#Load00185_Process,http://w3id.org/protys/fixture#TitaniumDioxide,39.4,kg,ProductFlow,PURCHASED_TECHNOSPHERE_INPUT,NO,SIMULATED_PRODUCTION_CASE
http://w3id.org/protys/fixture#Load00185_Flow_AcrylicResin,http://w3id.org/protys/fixture#Load00185_LCIProcess,http://w3id.org/protys/fixture#Load00185_Process,http://w3id.org/protys/fixture#AcrylicResin,59.1,kg,ProductFlow,PURCHASED_TECHNOSPHERE_INPUT,NO,SIMULATED_PRODUCTION_CASE
http://w3id.org/protys/fixture#Load00185_Flow_Water,http://w3id.org/protys/fixture#Load00185_LCIProcess,http://w3id.org/protys/fixture#Load00185_Process,http://w3id.org/protys/fixture#Water,96.53,kg,ProductFlow,PURCHASED_TECHNOSPHERE_INPUT,NO,SIMULATED_PRODUCTION_CASE
http://w3id.org/protys/fixture#Load00185_Flow_Biocide,http://w3id.org/protys/fixture#Load00185_LCIProcess,http://w3id.org/protys/fixture#Load00185_Process,http://w3id.org/protys/fixture#Biocide,1.97,kg,ProductFlow,PURCHASED_TECHNOSPHERE_INPUT,NO,SIMULATED_PRODUCTION_CASE
http://w3id.org/protys/fixture#Load00186_Flow_TitaniumDioxide,http://w3id.org/protys/fixture#Load00186_LCIProcess,http://w3id.org/protys/fixture#Load00186_Process,http://w3id.org/protys/fixture#TitaniumDioxide,24.4,kg,ProductFlow,PURCHASED_TECHNOSPHERE_INPUT,NO,SIMULATED_PRODUCTION_CASE
http://w3id.org/protys/fixture#Load00186_Flow_AcrylicResin,http://w3id.org/protys/fixture#Load00186_LCIProcess,http://w3id.org/protys/fixture#Load00186_Process,http://w3id.org/protys/fixture#AcrylicResin,36.6,kg,ProductFlow,PURCHASED_TECHNOSPHERE_INPUT,NO,SIMULATED_PRODUCTION_CASE
http://w3id.org/protys/fixture#Load00186_Flow_Water,http://w3id.org/protys/fixture#Load00186_LCIProcess,http://w3id.org/protys/fixture#Load00186_Process,http://w3id.org/protys/fixture#Water,59.78,kg,ProductFlow,PURCHASED_TECHNOSPHERE_INPUT,NO,SIMULATED_PRODUCTION_CASE
http://w3id.org/protys/fixture#Load00186_Flow_Biocide,http://w3id.org/protys/fixture#Load00186_LCIProcess,http://w3id.org/protys/fixture#Load00186_Process,http://w3id.org/protys/fixture#Biocide,1.22,kg,ProductFlow,PURCHASED_TECHNOSPHERE_INPUT,NO,SIMULATED_PRODUCTION_CASE
http://w3id.org/protys/fixture#Load00187_Flow_TitaniumDioxide,http://w3id.org/protys/fixture#Load00187_LCIProcess,http://w3id.org/protys/fixture#Load00187_Process,http://w3id.org/protys/fixture#TitaniumDioxide,32.8,kg,ProductFlow,PURCHASED_TECHNOSPHERE_INPUT,NO,SIMULATED_PRODUCTION_CASE
http://w3id.org/protys/fixture#Load00187_Flow_AcrylicResin,http://w3id.org/protys/fixture#Load00187_LCIProcess,http://w3id.org/protys/fixture#Load00187_Process,http://w3id.org/protys/fixture#AcrylicResin,49.2,kg,ProductFlow,PURCHASED_TECHNOSPHERE_INPUT,NO,SIMULATED_PRODUCTION_CASE
http://w3id.org/protys/fixture#Load00187_Flow_Water,http://w3id.org/protys/fixture#Load00187_LCIProcess,http://w3id.org/protys/fixture#Load00187_Process,http://w3id.org/protys/fixture#Water,80.36,kg,ProductFlow,PURCHASED_TECHNOSPHERE_INPUT,NO,SIMULATED_PRODUCTION_CASE
http://w3id.org/protys/fixture#Load00187_Flow_Biocide,http://w3id.org/protys/fixture#Load00187_LCIProcess,http://w3id.org/protys/fixture#Load00187_Process,http://w3id.org/protys/fixture#Biocide,1.64,kg,ProductFlow,PURCHASED_TECHNOSPHERE_INPUT,NO,SIMULATED_PRODUCTION_CASE
http://w3id.org/protys/fixture#Load00188_Flow_TitaniumDioxide,http://w3id.org/protys/fixture#Load00188_LCIProcess,http://w3id.org/protys/fixture#Load00188_Process,http://w3id.org/protys/fixture#TitaniumDioxide,22.6,kg,ProductFlow,PURCHASED_TECHNOSPHERE_INPUT,NO,SIMULATED_PRODUCTION_CASE
http://w3id.org/protys/fixture#Load00188_Flow_AcrylicResin,http://w3id.org/protys/fixture#Load00188_LCIProcess,http://w3id.org/protys/fixture#Load00188_Process,http://w3id.org/protys/fixture#AcrylicResin,33.9,kg,ProductFlow,PURCHASED_TECHNOSPHERE_INPUT,NO,SIMULATED_PRODUCTION_CASE
http://w3id.org/protys/fixture#Load00188_Flow_Water,http://w3id.org/protys/fixture#Load00188_LCIProcess,http://w3id.org/protys/fixture#Load00188_Process,http://w3id.org/protys/fixture#Water,55.37,kg,ProductFlow,PURCHASED_TECHNOSPHERE_INPUT,NO,SIMULATED_PRODUCTION_CASE
http://w3id.org/protys/fixture#Load00188_Flow_Biocide,http://w3id.org/protys/fixture#Load00188_LCIProcess,http://w3id.org/protys/fixture#Load00188_Process,http://w3id.org/protys/fixture#Biocide,1.13,kg,ProductFlow,PURCHASED_TECHNOSPHERE_INPUT,NO,SIMULATED_PRODUCTION_CASE
http://w3id.org/protys/fixture#Load00189_Flow_TitaniumDioxide,http://w3id.org/protys/fixture#Load00189_LCIProcess,http://w3id.org/protys/fixture#Load00189_Process,http://w3id.org/protys/fixture#TitaniumDioxide,36,kg,ProductFlow,PURCHASED_TECHNOSPHERE_INPUT,NO,SIMULATED_PRODUCTION_CASE
http://w3id.org/protys/fixture#Load00189_Flow_AcrylicResin,http://w3id.org/protys/fixture#Load00189_LCIProcess,http://w3id.org/protys/fixture#Load00189_Process,http://w3id.org/protys/fixture#AcrylicResin,54,kg,ProductFlow,PURCHASED_TECHNOSPHERE_INPUT,NO,SIMULATED_PRODUCTION_CASE
http://w3id.org/protys/fixture#Load00189_Flow_Water,http://w3id.org/protys/fixture#Load00189_LCIProcess,http://w3id.org/protys/fixture#Load00189_Process,http://w3id.org/protys/fixture#Water,88.2,kg,ProductFlow,PURCHASED_TECHNOSPHERE_INPUT,NO,SIMULATED_PRODUCTION_CASE
http://w3id.org/protys/fixture#Load00189_Flow_Biocide,http://w3id.org/protys/fixture#Load00189_LCIProcess,http://w3id.org/protys/fixture#Load00189_Process,http://w3id.org/protys/fixture#Biocide,1.8,kg,ProductFlow,PURCHASED_TECHNOSPHERE_INPUT,NO,SIMULATED_PRODUCTION_CASE
http://w3id.org/protys/fixture#Load00190_Flow_TitaniumDioxide,http://w3id.org/protys/fixture#Load00190_LCIProcess,http://w3id.org/protys/fixture#Load00190_Process,http://w3id.org/protys/fixture#TitaniumDioxide,27.6,kg,ProductFlow,PURCHASED_TECHNOSPHERE_INPUT,NO,SIMULATED_PRODUCTION_CASE
http://w3id.org/protys/fixture#Load00190_Flow_AcrylicResin,http://w3id.org/protys/fixture#Load00190_LCIProcess,http://w3id.org/protys/fixture#Load00190_Process,http://w3id.org/protys/fixture#AcrylicResin,41.4,kg,ProductFlow,PURCHASED_TECHNOSPHERE_INPUT,NO,SIMULATED_PRODUCTION_CASE
http://w3id.org/protys/fixture#Load00190_Flow_Water,http://w3id.org/protys/fixture#Load00190_LCIProcess,http://w3id.org/protys/fixture#Load00190_Process,http://w3id.org/protys/fixture#Water,67.62,kg,ProductFlow,PURCHASED_TECHNOSPHERE_INPUT,NO,SIMULATED_PRODUCTION_CASE
http://w3id.org/protys/fixture#Load00190_Flow_Biocide,http://w3id.org/protys/fixture#Load00190_LCIProcess,http://w3id.org/protys/fixture#Load00190_Process,http://w3id.org/protys/fixture#Biocide,1.38,kg,ProductFlow,PURCHASED_TECHNOSPHERE_INPUT,NO,SIMULATED_PRODUCTION_CASE
http://w3id.org/protys/fixture#Load00191_Flow_TitaniumDioxide,http://w3id.org/protys/fixture#Load00191_LCIProcess,http://w3id.org/protys/fixture#Load00191_Process,http://w3id.org/protys/fixture#TitaniumDioxide,36.2,kg,ProductFlow,PURCHASED_TECHNOSPHERE_INPUT,NO,SIMULATED_PRODUCTION_CASE
http://w3id.org/protys/fixture#Load00191_Flow_AcrylicResin,http://w3id.org/protys/fixture#Load00191_LCIProcess,http://w3id.org/protys/fixture#Load00191_Process,http://w3id.org/protys/fixture#AcrylicResin,54.3,kg,ProductFlow,PURCHASED_TECHNOSPHERE_INPUT,NO,SIMULATED_PRODUCTION_CASE
http://w3id.org/protys/fixture#Load00191_Flow_Water,http://w3id.org/protys/fixture#Load00191_LCIProcess,http://w3id.org/protys/fixture#Load00191_Process,http://w3id.org/protys/fixture#Water,88.69,kg,ProductFlow,PURCHASED_TECHNOSPHERE_INPUT,NO,SIMULATED_PRODUCTION_CASE
http://w3id.org/protys/fixture#Load00191_Flow_Biocide,http://w3id.org/protys/fixture#Load00191_LCIProcess,http://w3id.org/protys/fixture#Load00191_Process,http://w3id.org/protys/fixture#Biocide,1.81,kg,ProductFlow,PURCHASED_TECHNOSPHERE_INPUT,NO,SIMULATED_PRODUCTION_CASE
http://w3id.org/protys/fixture#Load00192_Flow_TitaniumDioxide,http://w3id.org/protys/fixture#Load00192_LCIProcess,http://w3id.org/protys/fixture#Load00192_Process,http://w3id.org/protys/fixture#TitaniumDioxide,32.8,kg,ProductFlow,PURCHASED_TECHNOSPHERE_INPUT,NO,SIMULATED_PRODUCTION_CASE
http://w3id.org/protys/fixture#Load00192_Flow_AcrylicResin,http://w3id.org/protys/fixture#Load00192_LCIProcess,http://w3id.org/protys/fixture#Load00192_Process,http://w3id.org/protys/fixture#AcrylicResin,49.2,kg,ProductFlow,PURCHASED_TECHNOSPHERE_INPUT,NO,SIMULATED_PRODUCTION_CASE
http://w3id.org/protys/fixture#Load00192_Flow_Water,http://w3id.org/protys/fixture#Load00192_LCIProcess,http://w3id.org/protys/fixture#Load00192_Process,http://w3id.org/protys/fixture#Water,80.36,kg,ProductFlow,PURCHASED_TECHNOSPHERE_INPUT,NO,SIMULATED_PRODUCTION_CASE
http://w3id.org/protys/fixture#Load00192_Flow_Biocide,http://w3id.org/protys/fixture#Load00192_LCIProcess,http://w3id.org/protys/fixture#Load00192_Process,http://w3id.org/protys/fixture#Biocide,1.64,kg,ProductFlow,PURCHASED_TECHNOSPHERE_INPUT,NO,SIMULATED_PRODUCTION_CASE
http://w3id.org/protys/fixture#Load00193_Flow_TitaniumDioxide,http://w3id.org/protys/fixture#Load00193_LCIProcess,http://w3id.org/protys/fixture#Load00193_Process,http://w3id.org/protys/fixture#TitaniumDioxide,35.4,kg,ProductFlow,PURCHASED_TECHNOSPHERE_INPUT,NO,SIMULATED_PRODUCTION_CASE
http://w3id.org/protys/fixture#Load00193_Flow_AcrylicResin,http://w3id.org/protys/fixture#Load00193_LCIProcess,http://w3id.org/protys/fixture#Load00193_Process,http://w3id.org/protys/fixture#AcrylicResin,53.1,kg,ProductFlow,PURCHASED_TECHNOSPHERE_INPUT,NO,SIMULATED_PRODUCTION_CASE
http://w3id.org/protys/fixture#Load00193_Flow_Water,http://w3id.org/protys/fixture#Load00193_LCIProcess,http://w3id.org/protys/fixture#Load00193_Process,http://w3id.org/protys/fixture#Water,86.73,kg,ProductFlow,PURCHASED_TECHNOSPHERE_INPUT,NO,SIMULATED_PRODUCTION_CASE
http://w3id.org/protys/fixture#Load00193_Flow_Biocide,http://w3id.org/protys/fixture#Load00193_LCIProcess,http://w3id.org/protys/fixture#Load00193_Process,http://w3id.org/protys/fixture#Biocide,1.77,kg,ProductFlow,PURCHASED_TECHNOSPHERE_INPUT,NO,SIMULATED_PRODUCTION_CASE
http://w3id.org/protys/fixture#Load00194_Flow_TitaniumDioxide,http://w3id.org/protys/fixture#Load00194_LCIProcess,http://w3id.org/protys/fixture#Load00194_Process,http://w3id.org/protys/fixture#TitaniumDioxide,25,kg,ProductFlow,PURCHASED_TECHNOSPHERE_INPUT,NO,SIMULATED_PRODUCTION_CASE
http://w3id.org/protys/fixture#Load00194_Flow_AcrylicResin,http://w3id.org/protys/fixture#Load00194_LCIProcess,http://w3id.org/protys/fixture#Load00194_Process,http://w3id.org/protys/fixture#AcrylicResin,37.5,kg,ProductFlow,PURCHASED_TECHNOSPHERE_INPUT,NO,SIMULATED_PRODUCTION_CASE
http://w3id.org/protys/fixture#Load00194_Flow_Water,http://w3id.org/protys/fixture#Load00194_LCIProcess,http://w3id.org/protys/fixture#Load00194_Process,http://w3id.org/protys/fixture#Water,61.25,kg,ProductFlow,PURCHASED_TECHNOSPHERE_INPUT,NO,SIMULATED_PRODUCTION_CASE
http://w3id.org/protys/fixture#Load00194_Flow_Biocide,http://w3id.org/protys/fixture#Load00194_LCIProcess,http://w3id.org/protys/fixture#Load00194_Process,http://w3id.org/protys/fixture#Biocide,1.25,kg,ProductFlow,PURCHASED_TECHNOSPHERE_INPUT,NO,SIMULATED_PRODUCTION_CASE
http://w3id.org/protys/fixture#Load00195_Flow_TitaniumDioxide,http://w3id.org/protys/fixture#Load00195_LCIProcess,http://w3id.org/protys/fixture#Load00195_Process,http://w3id.org/protys/fixture#TitaniumDioxide,23.8,kg,ProductFlow,PURCHASED_TECHNOSPHERE_INPUT,NO,SIMULATED_PRODUCTION_CASE
http://w3id.org/protys/fixture#Load00195_Flow_AcrylicResin,http://w3id.org/protys/fixture#Load00195_LCIProcess,http://w3id.org/protys/fixture#Load00195_Process,http://w3id.org/protys/fixture#AcrylicResin,35.7,kg,ProductFlow,PURCHASED_TECHNOSPHERE_INPUT,NO,SIMULATED_PRODUCTION_CASE
http://w3id.org/protys/fixture#Load00195_Flow_Water,http://w3id.org/protys/fixture#Load00195_LCIProcess,http://w3id.org/protys/fixture#Load00195_Process,http://w3id.org/protys/fixture#Water,58.31,kg,ProductFlow,PURCHASED_TECHNOSPHERE_INPUT,NO,SIMULATED_PRODUCTION_CASE
http://w3id.org/protys/fixture#Load00195_Flow_Biocide,http://w3id.org/protys/fixture#Load00195_LCIProcess,http://w3id.org/protys/fixture#Load00195_Process,http://w3id.org/protys/fixture#Biocide,1.19,kg,ProductFlow,PURCHASED_TECHNOSPHERE_INPUT,NO,SIMULATED_PRODUCTION_CASE
http://w3id.org/protys/fixture#Load00196_Flow_TitaniumDioxide,http://w3id.org/protys/fixture#Load00196_LCIProcess,http://w3id.org/protys/fixture#Load00196_Process,http://w3id.org/protys/fixture#TitaniumDioxide,29.4,kg,ProductFlow,PURCHASED_TECHNOSPHERE_INPUT,NO,SIMULATED_PRODUCTION_CASE
http://w3id.org/protys/fixture#Load00196_Flow_AcrylicResin,http://w3id.org/protys/fixture#Load00196_LCIProcess,http://w3id.org/protys/fixture#Load00196_Process,http://w3id.org/protys/fixture#AcrylicResin,44.1,kg,ProductFlow,PURCHASED_TECHNOSPHERE_INPUT,NO,SIMULATED_PRODUCTION_CASE
http://w3id.org/protys/fixture#Load00196_Flow_Water,http://w3id.org/protys/fixture#Load00196_LCIProcess,http://w3id.org/protys/fixture#Load00196_Process,http://w3id.org/protys/fixture#Water,72.03,kg,ProductFlow,PURCHASED_TECHNOSPHERE_INPUT,NO,SIMULATED_PRODUCTION_CASE
http://w3id.org/protys/fixture#Load00196_Flow_Biocide,http://w3id.org/protys/fixture#Load00196_LCIProcess,http://w3id.org/protys/fixture#Load00196_Process,http://w3id.org/protys/fixture#Biocide,1.47,kg,ProductFlow,PURCHASED_TECHNOSPHERE_INPUT,NO,SIMULATED_PRODUCTION_CASE
http://w3id.org/protys/fixture#Load00197_Flow_TitaniumDioxide,http://w3id.org/protys/fixture#Load00197_LCIProcess,http://w3id.org/protys/fixture#Load00197_Process,http://w3id.org/protys/fixture#TitaniumDioxide,39.4,kg,ProductFlow,PURCHASED_TECHNOSPHERE_INPUT,NO,SIMULATED_PRODUCTION_CASE
http://w3id.org/protys/fixture#Load00197_Flow_AcrylicResin,http://w3id.org/protys/fixture#Load00197_LCIProcess,http://w3id.org/protys/fixture#Load00197_Process,http://w3id.org/protys/fixture#AcrylicResin,59.1,kg,ProductFlow,PURCHASED_TECHNOSPHERE_INPUT,NO,SIMULATED_PRODUCTION_CASE
http://w3id.org/protys/fixture#Load00197_Flow_Water,http://w3id.org/protys/fixture#Load00197_LCIProcess,http://w3id.org/protys/fixture#Load00197_Process,http://w3id.org/protys/fixture#Water,96.53,kg,ProductFlow,PURCHASED_TECHNOSPHERE_INPUT,NO,SIMULATED_PRODUCTION_CASE
http://w3id.org/protys/fixture#Load00197_Flow_Biocide,http://w3id.org/protys/fixture#Load00197_LCIProcess,http://w3id.org/protys/fixture#Load00197_Process,http://w3id.org/protys/fixture#Biocide,1.97,kg,ProductFlow,PURCHASED_TECHNOSPHERE_INPUT,NO,SIMULATED_PRODUCTION_CASE
http://w3id.org/protys/fixture#Load00198_Flow_TitaniumDioxide,http://w3id.org/protys/fixture#Load00198_LCIProcess,http://w3id.org/protys/fixture#Load00198_Process,http://w3id.org/protys/fixture#TitaniumDioxide,24,kg,ProductFlow,PURCHASED_TECHNOSPHERE_INPUT,NO,SIMULATED_PRODUCTION_CASE
http://w3id.org/protys/fixture#Load00198_Flow_AcrylicResin,http://w3id.org/protys/fixture#Load00198_LCIProcess,http://w3id.org/protys/fixture#Load00198_Process,http://w3id.org/protys/fixture#AcrylicResin,36,kg,ProductFlow,PURCHASED_TECHNOSPHERE_INPUT,NO,SIMULATED_PRODUCTION_CASE
http://w3id.org/protys/fixture#Load00198_Flow_Water,http://w3id.org/protys/fixture#Load00198_LCIProcess,http://w3id.org/protys/fixture#Load00198_Process,http://w3id.org/protys/fixture#Water,58.8,kg,ProductFlow,PURCHASED_TECHNOSPHERE_INPUT,NO,SIMULATED_PRODUCTION_CASE
http://w3id.org/protys/fixture#Load00198_Flow_Biocide,http://w3id.org/protys/fixture#Load00198_LCIProcess,http://w3id.org/protys/fixture#Load00198_Process,http://w3id.org/protys/fixture#Biocide,1.2,kg,ProductFlow,PURCHASED_TECHNOSPHERE_INPUT,NO,SIMULATED_PRODUCTION_CASE
http://w3id.org/protys/fixture#Load00199_Flow_TitaniumDioxide,http://w3id.org/protys/fixture#Load00199_LCIProcess,http://w3id.org/protys/fixture#Load00199_Process,http://w3id.org/protys/fixture#TitaniumDioxide,33.8,kg,ProductFlow,PURCHASED_TECHNOSPHERE_INPUT,NO,SIMULATED_PRODUCTION_CASE
http://w3id.org/protys/fixture#Load00199_Flow_AcrylicResin,http://w3id.org/protys/fixture#Load00199_LCIProcess,http://w3id.org/protys/fixture#Load00199_Process,http://w3id.org/protys/fixture#AcrylicResin,50.7,kg,ProductFlow,PURCHASED_TECHNOSPHERE_INPUT,NO,SIMULATED_PRODUCTION_CASE
http://w3id.org/protys/fixture#Load00199_Flow_Water,http://w3id.org/protys/fixture#Load00199_LCIProcess,http://w3id.org/protys/fixture#Load00199_Process,http://w3id.org/protys/fixture#Water,82.81,kg,ProductFlow,PURCHASED_TECHNOSPHERE_INPUT,NO,SIMULATED_PRODUCTION_CASE
http://w3id.org/protys/fixture#Load00199_Flow_Biocide,http://w3id.org/protys/fixture#Load00199_LCIProcess,http://w3id.org/protys/fixture#Load00199_Process,http://w3id.org/protys/fixture#Biocide,1.69,kg,ProductFlow,PURCHASED_TECHNOSPHERE_INPUT,NO,SIMULATED_PRODUCTION_CASE
