subload_iri,operation_iri,lot_iri,volume_l,volume_unit,duration_minutes,start_seconds,end_seconds,time_reference,scenario_role
http://w3id.org/protys/fixture#Load00000_Op2_Subload1,http://w3id.org/protys/fixture#Load00000_Op2,http://w3id.org/protys/fixture#Load00000,50,L,6.666667,600,1000.000020,COMMON_ARBITRARY_ORIGIN_SECONDS,SIMULATED_PRODUCTION_CASE
http://w3id.org/protys/fixture#Load00000_Op2_Subload2,http://w3id.org/protys/fixture#Load00000_Op2,http://w3id.org/protys/fixture#Load00000,50,L,6.666667,1000.000020,1400.000040,COMMON_ARBITRARY_ORIGIN_SECONDS,SIMULATED_PRODUCTION_CASE
http://w3id.org/protys/fixture#Load00000_Op2_Subload3,http://w3id.org/protys/fixture#Load00000_Op2,http://w3id.org/protys/fixture#Load00000,44.8,L,6.666666,1400.000040,1800.000000,COMMON_ARBITRARY_ORIGIN_SECONDS,SIMULATED_PRODUCTION_CASE
http://w3id.org/protys/fixture#Load00001_Op2_Subload1,http://w3id.org/protys/fixture#Load00001_Op2,http://w3id.org/protys/fixture#Load00001,50,L,10.000000,10600,11200.000000,COMMON_ARBITRARY_ORIGIN_SECONDS,SIMULATED_PRODUCTION_CASE
http://w3id.org/protys/fixture#Load00001_Op2_Subload2,http://w3id.org/protys/fixture#Load00001_Op2,http://w3id.org/protys/fixture#Load00001,41.2,L,10.000000,11200.000000,11800.000000,COMMON_ARBITRARY_ORIGIN_SECONDS,SIMULATED_PRODUCTION_CASE
http://w3id.org/protys/fixture#Load00002_Op2_Subload1,http://w3id.org/protys/fixture#Load00002_Op2,http://w3id.org/protys/fixture#Load00002,50,L,10.000000,20600,21200.000000,COMMON_ARBITRARY_ORIGIN_SECONDS,SIMULATED_PRODUCTION_CASE
http://w3id.org/protys/fixture#Load00002_Op2_Subload2,http://w3id.org/protys/fixture#Load00002_Op2,http://w3id.org/protys/fixture#Load00002,32.4,L,10.000000,21200.000000,21800.000000,COMMON_ARBITRARY_ORIGIN_SECONDS,SIMULATED_PRODUCTION_CASE
http://w3id.org/protys/fixture#Load00003_Op2_Subload1,http://w3id.org/protys/fixture#Load00003_Op2,http://w3id.org/protys/fixture#Load00003,50,L,5.000000,30600,30900.000000,COMMON_ARBITRARY_ORIGIN_SECONDS,SIMULATED_PRODUCTION_CASE
http://w3id.org/protys/fixture#Load00003_Op2_Subload2,http://w3id.org/protys/fixture#Load00003_Op2,http://w3id.org/protys/fixture#Load00003,50,L,5.000000,30900.000000,31200.000000,COMMON_ARBITRARY_ORIGIN_SECONDS,SIMULATED_PRODUCTION_CASE
http://w3id.org/protys/fixture#Load00003_Op2_Subload3,http://w3id.org/protys/fixture#Load00003_Op2,http://w3id.org/protys/fixture#Load00003,50,L,5.000000,31200.000000,31500.000000,COMMON_ARBITRARY_ORIGIN_SECONDS,SIMULATED_PRODUCTION_CASE
http://w3id.org/protys/fixture#Load00003_Op2_Subload4,http://w3id.org/protys/fixture#Load00003_Op2,http://w3id.org/protys/fixture#Load00003,5.2,L,5.000000,31500.000000,31800.000000,COMMON_ARBITRARY_ORIGIN_SECONDS,SIMULATED_PRODUCTION_CASE
http://w3id.org/protys/fixture#Load00004_Op2_Subload1,http://w3id.org/protys/fixture#Load00004_Op2,http://w3id.org/protys/fixture#Load00004,50,L,6.666667,40600,41000.000020,COMMON_ARBITRARY_ORIGIN_SECONDS,SIMULATED_PRODUCTION_CASE
http://w3id.org/protys/fixture#Load00004_Op2_Subload2,http://w3id.org/protys/fixture#Load00004_Op2,http://w3id.org/protys/fixture#Load00004,50,L,6.666667,41000.000020,41400.000040,COMMON_ARBITRARY_ORIGIN_SECONDS,SIMULATED_PRODUCTION_CASE
http://w3id.org/protys/fixture#Load00004_Op2_Subload3,http://w3id.org/protys/fixture#Load00004_Op2,http://w3id.org/protys/fixture#Load00004,8,L,6.666666,41400.000040,41800.000000,COMMON_ARBITRARY_ORIGIN_SECONDS,SIMULATED_PRODUCTION_CASE
http://w3id.org/protys/fixture#Load00005_Op2_Subload1,http://w3id.org/protys/fixture#Load00005_Op2,http://w3id.org/protys/fixture#Load00005,50,L,6.666667,50600,51000.000020,COMMON_ARBITRARY_ORIGIN_SECONDS,SIMULATED_PRODUCTION_CASE
http://w3id.org/protys/fixture#Load00005_Op2_Subload2,http://w3id.org/protys/fixture#Load00005_Op2,http://w3id.org/protys/fixture#Load00005,50,L,6.666667,51000.000020,51400.000040,COMMON_ARBITRARY_ORIGIN_SECONDS,SIMULATED_PRODUCTION_CASE
http://w3id.org/protys/fixture#Load00005_Op2_Subload3,http://w3id.org/protys/fixture#Load00005_Op2,http://w3id.org/protys/fixture#Load00005,4.8,L,6.666666,51400.000040,51800.000000,COMMON_ARBITRARY_ORIGIN_SECONDS,SIMULATED_PRODUCTION_CASE
http://w3id.org/protys/fixture#Load00006_Op2_Subload1,http://w3id.org/protys/fixture#Load00006_Op2,http://w3id.org/protys/fixture#Load00006,50,L,6.666667,60600,61000.000020,COMMON_ARBITRARY_ORIGIN_SECONDS,SIMULATED_PRODUCTION_CASE
http://w3id.org/protys/fixture#Load00006_Op2_Subload2,http://w3id.org/protys/fixture#Load00006_Op2,http://w3id.org/protys/fixture#Load00006,50,L,6.666667,61000.000020,61400.000040,COMMON_ARBITRARY_ORIGIN_SECONDS,SIMULATED_PRODUCTION_CASE
http://w3id.org/protys/fixture#Load00006_Op2_Subload3,http://w3id.org/protys/fixture#Load00006_Op2,http://w3id.org/protys/fixture#Load00006,2.4,L,6.666666,61400.000040,61800.000000,COMMON_ARBITRARY_ORIGIN_SECONDS,SIMULATED_PRODUCTION_CASE
http://w3id.org/protys/fixture#Load00007_Op2_Subload1,http://w3id.org/protys/fixture#Load00007_Op2,http://w3id.org/protys/fixture#Load00007,50,L,10.000000,70600,71200.000000,COMMON_ARBITRARY_ORIGIN_SECONDS,SIMULATED_PRODUCTION_CASE
http://w3id.org/protys/fixture#Load00007_Op2_Subload2,http://w3id.org/protys/fixture#Load00007_Op2,http://w3id.org/protys/fixture#Load00007,43.6,L,10.000000,71200.000000,71800.000000,COMMON_ARBITRARY_ORIGIN_SECONDS,SIMULATED_PRODUCTION_CASE
http://w3id.org/protys/fixture#Load00008_Op2_Subload1,http://w3id.org/protys/fixture#Load00008_Op2,http://w3id.org/protys/fixture#Load00008,50,L,5.000000,80600,80900.000000,COMMON_ARBITRARY_ORIGIN_SECONDS,SIMULATED_PRODUCTION_CASE
http://w3id.org/protys/fixture#Load00008_Op2_Subload2,http://w3id.org/protys/fixture#Load00008_Op2,http://w3id.org/protys/fixture#Load00008,50,L,5.000000,80900.000000,81200.000000,COMMON_ARBITRARY_ORIGIN_SECONDS,SIMULATED_PRODUCTION_CASE
http://w3id.org/protys/fixture#Load00008_Op2_Subload3,http://w3id.org/protys/fixture#Load00008_Op2,http://w3id.org/protys/fixture#Load00008,50,L,5.000000,81200.000000,81500.000000,COMMON_ARBITRARY_ORIGIN_SECONDS,SIMULATED_PRODUCTION_CASE
http://w3id.org/protys/fixture#Load00008_Op2_Subload4,http://w3id.org/protys/fixture#Load00008_Op2,http://w3id.org/protys/fixture#Load00008,5.2,L,5.000000,81500.000000,81800.000000,COMMON_ARBITRARY_ORIGIN_SECONDS,SIMULATED_PRODUCTION_CASE
http://w3id.org/protys/fixture#Load00009_Op2_Subload1,http://w3id.org/protys/fixture#Load00009_Op2,http://w3id.org/protys/fixture#Load00009,50,L,10.000000,90600,91200.000000,COMMON_ARBITRARY_ORIGIN_SECONDS,SIMULATED_PRODUCTION_CASE
http://w3id.org/protys/fixture#Load00009_Op2_Subload2,http://w3id.org/protys/fixture#Load00009_Op2,http://w3id.org/protys/fixture#Load00009,40.4,L,10.000000,91200.000000,91800.000000,COMMON_ARBITRARY_ORIGIN_SECONDS,SIMULATED_PRODUCTION_CASE
http://w3id.org/protys/fixture#Load00010_Op2_Subload1,http://w3id.org/protys/fixture#Load00010_Op2,http://w3id.org/protys/fixture#Load00010,50,L,6.666667,100600,101000.000020,COMMON_ARBITRARY_ORIGIN_SECONDS,SIMULATED_PRODUCTION_CASE
http://w3id.org/protys/fixture#Load00010_Op2_Subload2,http://w3id.org/protys/fixture#Load00010_Op2,http://w3id.org/protys/fixture#Load00010,50,L,6.666667,101000.000020,101400.000040,COMMON_ARBITRARY_ORIGIN_SECONDS,SIMULATED_PRODUCTION_CASE
http://w3id.org/protys/fixture#Load00010_Op2_Subload3,http://w3id.org/protys/fixture#Load00010_Op2,http://w3id.org/protys/fixture#Load00010,48.8,L,6.666666,101400.000040,101800.000000,COMMON_ARBITRARY_ORIGIN_SECONDS,SIMULATED_PRODUCTION_CASE
http://w3id.org/protys/fixture#Load00011_Op2_Subload1,http://w3id.org/protys/fixture#Load00011_Op2,http://w3id.org/protys/fixture#Load00011,50,L,5.000000,110600,110900.000000,COMMON_ARBITRARY_ORIGIN_SECONDS,SIMULATED_PRODUCTION_CASE
http://w3id.org/protys/fixture#Load00011_Op2_Subload2,http://w3id.org/protys/fixture#Load00011_Op2,http://w3id.org/protys/fixture#Load00011,50,L,5.000000,110900.000000,111200.000000,COMMON_ARBITRARY_ORIGIN_SECONDS,SIMULATED_PRODUCTION_CASE
http://w3id.org/protys/fixture#Load00011_Op2_Subload3,http://w3id.org/protys/fixture#Load00011_Op2,http://w3id.org/protys/fixture#Load00011,50,L,5.000000,111200.000000,111500.000000,COMMON_ARBITRARY_ORIGIN_SECONDS,SIMULATED_PRODUCTION_CASE
http://w3id.org/protys/fixture#Load00011_Op2_Subload4,http://w3id.org/protys/fixture#Load00011_Op2,http://w3id.org/protys/fixture#Load00011,5.2,L,5.000000,111500.000000,111800.000000,COMMON_ARBITRARY_ORIGIN_SECONDS,SIMULATED_PRODUCTION_CASE
http://w3id.org/protys/fixture#Load00012_Op2_Subload1,http://w3id.org/protys/fixture#Load00012_Op2,http://w3id.org/protys/fixture#Load00012,50,L,6.666667,120600,121000.000020,COMMON_ARBITRARY_ORIGIN_SECONDS,SIMULATED_PRODUCTION_CASE
http://w3id.org/protys/fixture#Load00012_Op2_Subload2,http://w3id.org/protys/fixture#Load00012_Op2,http://w3id.org/protys/fixture#Load00012,50,L,6.666667,121000.000020,121400.000040,COMMON_ARBITRARY_ORIGIN_SECONDS,SIMULATED_PRODUCTION_CASE
http://w3id.org/protys/fixture#Load00012_Op2_Subload3,http://w3id.org/protys/fixture#Load00012_Op2,http://w3id.org/protys/fixture#Load00012,35.2,L,6.666666,121400.000040,121800.000000,COMMON_ARBITRARY_ORIGIN_SECONDS,SIMULATED_PRODUCTION_CASE
http://w3id.org/protys/fixture#Load00013_Op2_Subload1,http://w3id.org/protys/fixture#Load00013_Op2,http://w3id.org/protys/fixture#Load00013,50,L,10.000000,130600,131200.000000,COMMON_ARBITRARY_ORIGIN_SECONDS,SIMULATED_PRODUCTION_CASE
http://w3id.org/protys/fixture#Load00013_Op2_Subload2,http://w3id.org/protys/fixture#Load00013_Op2,http://w3id.org/protys/fixture#Load00013,38.8,L,10.000000,131200.000000,131800.000000,COMMON_ARBITRARY_ORIGIN_SECONDS,SIMULATED_PRODUCTION_CASE
http://w3id.org/protys/fixture#Load00014_Op2_Subload1,http://w3id.org/protys/fixture#Load00014_Op2,http://w3id.org/protys/fixture#Load00014,50,L,6.666667,140600,141000.000020,COMMON_ARBITRARY_ORIGIN_SECONDS,SIMULATED_PRODUCTION_CASE
http://w3id.org/protys/fixture#Load00014_Op2_Subload2,http://w3id.org/protys/fixture#Load00014_Op2,http://w3id.org/protys/fixture#Load00014,50,L,6.666667,141000.000020,141400.000040,COMMON_ARBITRARY_ORIGIN_SECONDS,SIMULATED_PRODUCTION_CASE
http://w3id.org/protys/fixture#Load00014_Op2_Subload3,http://w3id.org/protys/fixture#Load00014_Op2,http://w3id.org/protys/fixture#Load00014,40,L,6.666666,141400.000040,141800.000000,COMMON_ARBITRARY_ORIGIN_SECONDS,SIMULATED_PRODUCTION_CASE
http://w3id.org/protys/fixture#Load00015_Op2_Subload1,http://w3id.org/protys/fixture#Load00015_Op2,http://w3id.org/protys/fixture#Load00015,50,L,6.666667,150600,151000.000020,COMMON_ARBITRARY_ORIGIN_SECONDS,SIMULATED_PRODUCTION_CASE
http://w3id.org/protys/fixture#Load00015_Op2_Subload2,http://w3id.org/protys/fixture#Load00015_Op2,http://w3id.org/protys/fixture#Load00015,50,L,6.666667,151000.000020,151400.000040,COMMON_ARBITRARY_ORIGIN_SECONDS,SIMULATED_PRODUCTION_CASE
http://w3id.org/protys/fixture#Load00015_Op2_Subload3,http://w3id.org/protys/fixture#Load00015_Op2,http://w3id.org/protys/fixture#Load00015,23.2,L,6.666666,151400.000040,151800.000000,COMMON_ARBITRARY_ORIGIN_SECONDS,SIMULATED_PRODUCTION_CASE
http://w3id.org/protys/fixture#Load00016_Op2_Subload1,http://w3id.org/protys/fixture#Load00016_Op2,http://w3id.org/protys/fixture#Load00016,50,L,10.000000,160600,161200.000000,COMMON_ARBITRARY_ORIGIN_SECONDS,SIMULATED_PRODUCTION_CASE
http://w3id.org/protys/fixture#Load00016_Op2_Subload2,http://w3id.org/protys/fixture#Load00016_Op2,http://w3id.org/protys/fixture#Load00016,33.2,L,10.000000,161200.000000,161800.000000,COMMON_ARBITRARY_ORIGIN_SECONDS,SIMULATED_PRODUCTION_CASE
http://w3id.org/protys/fixture#Load00017_Op2_Subload1,http://w3id.org/protys/fixture#Load00017_Op2,http://w3id.org/protys/fixture#Load00017,50,L,10.000000,170600,171200.000000,COMMON_ARBITRARY_ORIGIN_SECONDS,SIMULATED_PRODUCTION_CASE
http://w3id.org/protys/fixture#Load00017_Op2_Subload2,http://w3id.org/protys/fixture#Load00017_Op2,http://w3id.org/protys/fixture#Load00017,32.4,L,10.000000,171200.000000,171800.000000,COMMON_ARBITRARY_ORIGIN_SECONDS,SIMULATED_PRODUCTION_CASE
http://w3id.org/protys/fixture#Load00018_Op2_Subload1,http://w3id.org/protys/fixture#Load00018_Op2,http://w3id.org/protys/fixture#Load00018,50,L,10.000000,180600,181200.000000,COMMON_ARBITRARY_ORIGIN_SECONDS,SIMULATED_PRODUCTION_CASE
http://w3id.org/protys/fixture#Load00018_Op2_Subload2,http://w3id.org/protys/fixture#Load00018_Op2,http://w3id.org/protys/fixture#Load00018,38.8,L,10.000000,181200.000000,181800.000000,COMMON_ARBITRARY_ORIGIN_SECONDS,SIMULATED_PRODUCTION_CASE
http://w3id.org/protys/fixture#Load00019_Op2_Subload1,http://w3id.org/protys/fixture#Load00019_Op2,http://w3id.org/protys/fixture#Load00019,50,L,6.666667,190600,191000.000020,COMMON_ARBITRARY_ORIGIN_SECONDS,SIMULATED_PRODUCTION_CASE
http://w3id.org/protys/fixture#Load00019_Op2_Subload2,http://w3id.org/protys/fixture#Load00019_Op2,http://w3id.org/protys/fixture#Load00019,50,L,6.666667,191000.000020,191400.000040,COMMON_ARBITRARY_ORIGIN_SECONDS,SIMULATED_PRODUCTION_CASE
http://w3id.org/protys/fixture#Load00019_Op2_Subload3,http://w3id.org/protys/fixture#Load00019_Op2,http://w3id.org/protys/fixture#Load00019,1.6,L,6.666666,191400.000040,191800.000000,COMMON_ARBITRARY_ORIGIN_SECONDS,SIMULATED_PRODUCTION_CASE
http://w3id.org/protys/fixture#Load00020_Op2_Subload1,http://w3id.org/protys/fixture#Load00020_Op2,http://w3id.org/protys/fixture#Load00020,50,L,6.666667,200600,201000.000020,COMMON_ARBITRARY_ORIGIN_SECONDS,SIMULATED_PRODUCTION_CASE
http://w3id.org/protys/fixture#Load00020_Op2_Subload2,http://w3id.org/protys/fixture#Load00020_Op2,http://w3id.org/protys/fixture#Load00020,50,L,6.666667,201000.000020,201400.000040,COMMON_ARBITRARY_ORIGIN_SECONDS,SIMULATED_PRODUCTION_CASE
http://w3id.org/protys/fixture#Load00020_Op2_Subload3,http://w3id.org/protys/fixture#Load00020_Op2,http://w3id.org/protys/fixture#Load00020,3.2,L,6.666666,201400.000040,201800.000000,COMMON_ARBITRARY_ORIGIN_SECONDS,SIMULATED_PRODUCTION_CASE
http://w3id.org/protys/fixture#Load00021_Op2_Subload1,http://w3id.org/protys/fixture#Load00021_Op2,http://w3id.org/protys/fixture#Load00021,50,L,6.666667,210600,211000.000020,COMMON_ARBITRARY_ORIGIN_SECONDS,SIMULATED_PRODUCTION_CASE
http://w3id.org/protys/fixture#Load00021_Op2_Subload2,http://w3id.org/protys/fixture#Load00021_Op2,http://w3id.org/protys/fixture#Load00021,50,L,6.666667,211000.000020,211400.000040,COMMON_ARBITRARY_ORIGIN_SECONDS,SIMULATED_PRODUCTION_CASE
http://w3id.org/protys/fixture#Load00021_Op2_Subload3,http://w3id.org/protys/fixture#Load00021_Op2,http://w3id.org/protys/fixture#Load00021,31.2,L,6.666666,211400.000040,211800.000000,COMMON_ARBITRARY_ORIGIN_SECONDS,SIMULATED_PRODUCTION_CASE
http://w3id.org/protys/fixture#Load00022_Op2_Subload1,http://w3id.org/protys/fixture#Load00022_Op2,http://w3id.org/protys/fixture#Load00022,50,L,6.666667,220600,221000.000020,COMMON_ARBITRARY_ORIGIN_SECONDS,SIMULATED_PRODUCTION_CASE
http://w3id.org/protys/fixture#Load00022_Op2_Subload2,http://w3id.org/protys/fixture#Load00022_Op2,http://w3id.org/protys/fixture#Load00022,50,L,6.666667,221000.000020,221400.000040,COMMON_ARBITRARY_ORIGIN_SECONDS,SIMULATED_PRODUCTION_CASE
http://w3id.org/protys/fixture#Load00022_Op2_Subload3,http://w3id.org/protys/fixture#Load00022_Op2,http://w3id.org/protys/fixture#Load00022,41.6,L,6.666666,221400.000040,221800.000000,COMMON_ARBITRARY_ORIGIN_SECONDS,SIMULATED_PRODUCTION_CASE
http://w3id.org/protys/fixture#Load00023_Op2_Subload1,http://w3id.org/protys/fixture#Load00023_Op2,http://w3id.org/protys/fixture#Load00023,50,L,10.000000,230600,231200.000000,COMMON_ARBITRARY_ORIGIN_SECONDS,SIMULATED_PRODUCTION_CASE
http://w3id.org/protys/fixture#Load00023_Op2_Subload2,http://w3id.org/protys/fixture#Load00023_Op2,http://w3id.org/protys/fixture#Load00023,32.4,L,10.000000,231200.000000,231800.000000,COMMON_ARBITRARY_ORIGIN_SECONDS,SIMULATED_PRODUCTION_CASE
http://w3id.org/protys/fixture#Load00024_Op2_Subload1,http://w3id.org/protys/fixture#Load00024_Op2,http://w3id.org/protys/fixture#Load00024,50,L,6.666667,240600,241000.000020,COMMON_ARBITRARY_ORIGIN_SECONDS,SIMULATED_PRODUCTION_CASE
http://w3id.org/protys/fixture#Load00024_Op2_Subload2,http://w3id.org/protys/fixture#Load00024_Op2,http://w3id.org/protys/fixture#Load00024,50,L,6.666667,241000.000020,241400.000040,COMMON_ARBITRARY_ORIGIN_SECONDS,SIMULATED_PRODUCTION_CASE
http://w3id.org/protys/fixture#Load00024_Op2_Subload3,http://w3id.org/protys/fixture#Load00024_Op2,http://w3id.org/protys/fixture#Load00024,36.8,L,6.666666,241400.000040,241800.000000,COMMON_ARBITRARY_ORIGIN_SECONDS,SIMULATED_PRODUCTION_CASE
http://w3id.org/protys/fixture#Load00025_Op2_Subload1,http://w3id.org/protys/fixture#Load00025_Op2,http://w3id.org/protys/fixture#Load00025,50,L,10.000000,250600,251200.000000,COMMON_ARBITRARY_ORIGIN_SECONDS,SIMULATED_PRODUCTION_CASE
http://w3id.org/protys/fixture#Load00025_Op2_Subload2,http://w3id.org/protys/fixture#Load00025_Op2,http://w3id.org/protys/fixture#Load00025,50,L,10.000000,251200.000000,251800.000000,COMMON_ARBITRARY_ORIGIN_SECONDS,SIMULATED_PRODUCTION_CASE
http://w3id.org/protys/fixture#Load00026_Op2_Subload1,http://w3id.org/protys/fixture#Load00026_Op2,http://w3id.org/protys/fixture#Load00026,50,L,5.000000,260600,260900.000000,COMMON_ARBITRARY_ORIGIN_SECONDS,SIMULATED_PRODUCTION_CASE
http://w3id.org/protys/fixture#Load00026_Op2_Subload2,http://w3id.org/protys/fixture#Load00026_Op2,http://w3id.org/protys/fixture#Load00026,50,L,5.000000,260900.000000,261200.000000,COMMON_ARBITRARY_ORIGIN_SECONDS,SIMULATED_PRODUCTION_CASE
http://w3id.org/protys/fixture#Load00026_Op2_Subload3,http://w3id.org/protys/fixture#Load00026_Op2,http://w3id.org/protys/fixture#Load00026,50,L,5.000000,261200.000000,261500.000000,COMMON_ARBITRARY_ORIGIN_SECONDS,SIMULATED_PRODUCTION_CASE
http://w3id.org/protys/fixture#Load00026_Op2_Subload4,http://w3id.org/protys/fixture#Load00026_Op2,http://w3id.org/protys/fixture#Load00026,2.8,L,5.000000,261500.000000,261800.000000,COMMON_ARBITRARY_ORIGIN_SECONDS,SIMULATED_PRODUCTION_CASE
http://w3id.org/protys/fixture#Load00027_Op2_Subload1,http://w3id.org/protys/fixture#Load00027_Op2,http://w3id.org/protys/fixture#Load00027,50,L,6.666667,270600,271000.000020,COMMON_ARBITRARY_ORIGIN_SECONDS,SIMULATED_PRODUCTION_CASE
http://w3id.org/protys/fixture#Load00027_Op2_Subload2,http://w3id.org/protys/fixture#Load00027_Op2,http://w3id.org/protys/fixture#Load00027,50,L,6.666667,271000.000020,271400.000040,COMMON_ARBITRARY_ORIGIN_SECONDS,SIMULATED_PRODUCTION_CASE
http://w3id.org/protys/fixture#Load00027_Op2_Subload3,http://w3id.org/protys/fixture#Load00027_Op2,http://w3id.org/protys/fixture#Load00027,46.4,L,6.666666,271400.000040,271800.000000,COMMON_ARBITRARY_ORIGIN_SECONDS,SIMULATED_PRODUCTION_CASE
http://w3id.org/protys/fixture#Load00028_Op2_Subload1,http://w3id.org/protys/fixture#Load00028_Op2,http://w3id.org/protys/fixture#Load00028,50,L,5.000000,280600,280900.000000,COMMON_ARBITRARY_ORIGIN_SECONDS,SIMULATED_PRODUCTION_CASE
http://w3id.org/protys/fixture#Load00028_Op2_Subload2,http://w3id.org/protys/fixture#Load00028_Op2,http://w3id.org/protys/fixture#Load00028,50,L,5.000000,280900.000000,281200.000000,COMMON_ARBITRARY_ORIGIN_SECONDS,SIMULATED_PRODUCTION_CASE
http://w3id.org/protys/fixture#Load00028_Op2_Subload3,http://w3id.org/protys/fixture#Load00028_Op2,http://w3id.org/protys/fixture#Load00028,50,L,5.000000,281200.000000,281500.000000,COMMON_ARBITRARY_ORIGIN_SECONDS,SIMULATED_PRODUCTION_CASE
http://w3id.org/protys/fixture#Load00028_Op2_Subload4,http://w3id.org/protys/fixture#Load00028_Op2,http://w3id.org/protys/fixture#Load00028,1.2,L,5.000000,281500.000000,281800.000000,COMMON_ARBITRARY_ORIGIN_SECONDS,SIMULATED_PRODUCTION_CASE
http://w3id.org/protys/fixture#Load00029_Op2_Subload1,http://w3id.org/protys/fixture#Load00029_Op2,http://w3id.org/protys/fixture#Load00029,50,L,6.666667,290600,291000.000020,COMMON_ARBITRARY_ORIGIN_SECONDS,SIMULATED_PRODUCTION_CASE
http://w3id.org/protys/fixture#Load00029_Op2_Subload2,http://w3id.org/protys/fixture#Load00029_Op2,http://w3id.org/protys/fixture#Load00029,50,L,6.666667,291000.000020,291400.000040,COMMON_ARBITRARY_ORIGIN_SECONDS,SIMULATED_PRODUCTION_CASE
http://w3id.org/protys/fixture#Load00029_Op2_Subload3,http://w3id.org/protys/fixture#Load00029_Op2,http://w3id.org/protys/fixture#Load00029,35.2,L,6.666666,291400.000040,291800.000000,COMMON_ARBITRARY_ORIGIN_SECONDS,SIMULATED_PRODUCTION_CASE
http://w3id.org/protys/fixture#Load00030_Op2_Subload1,http://w3id.org/protys/fixture#Load00030_Op2,http://w3id.org/protys/fixture#Load00030,50,L,6.666667,300600,301000.000020,COMMON_ARBITRARY_ORIGIN_SECONDS,SIMULATED_PRODUCTION_CASE
http://w3id.org/protys/fixture#Load00030_Op2_Subload2,http://w3id.org/protys/fixture#Load00030_Op2,http://w3id.org/protys/fixture#Load00030,50,L,6.666667,301000.000020,301400.000040,COMMON_ARBITRARY_ORIGIN_SECONDS,SIMULATED_PRODUCTION_CASE
http://w3id.org/protys/fixture#Load00030_Op2_Subload3,http://w3id.org/protys/fixture#Load00030_Op2,http://w3id.org/protys/fixture#Load00030,22.4,L,6.666666,301400.000040,301800.000000,COMMON_ARBITRARY_ORIGIN_SECONDS,SIMULATED_PRODUCTION_CASE
http://w3id.org/protys/fixture#Load00031_Op2_Subload1,http://w3id.org/protys/fixture#Load00031_Op2,http://w3id.org/protys/fixture#Load00031,50,L,6.666667,310600,311000.000020,COMMON_ARBITRARY_ORIGIN_SECONDS,SIMULATED_PRODUCTION_CASE
http://w3id.org/protys/fixture#Load00031_Op2_Subload2,http://w3id.org/protys/fixture#Load00031_Op2,http://w3id.org/protys/fixture#Load00031,50,L,6.666667,311000.000020,311400.000040,COMMON_ARBITRARY_ORIGIN_SECONDS,SIMULATED_PRODUCTION_CASE
http://w3id.org/protys/fixture#Load00031_Op2_Subload3,http://w3id.org/protys/fixture#Load00031_Op2,http://w3id.org/protys/fixture#Load00031,2.4,L,6.666666,311400.000040,311800.000000,COMMON_ARBITRARY_ORIGIN_SECONDS,SIMULATED_PRODUCTION_CASE
http://w3id.org/protys/fixture#Load00032_Op2_Subload1,http://w3id.org/protys/fixture#Load00032_Op2,http://w3id.org/protys/fixture#Load00032,50,L,6.666667,320600,321000.000020,COMMON_ARBITRARY_ORIGIN_SECONDS,SIMULATED_PRODUCTION_CASE
http://w3id.org/protys/fixture#Load00032_Op2_Subload2,http://w3id.org/protys/fixture#Load00032_Op2,http://w3id.org/protys/fixture#Load00032,50,L,6.666667,321000.000020,321400.000040,COMMON_ARBITRARY_ORIGIN_SECONDS,SIMULATED_PRODUCTION_CASE
http://w3id.org/protys/fixture#Load00032_Op2_Subload3,http://w3id.org/protys/fixture#Load00032_Op2,http://w3id.org/protys/fixture#Load00032,25.6,L,6.666666,321400.000040,321800.000000,COMMON_ARBITRARY_ORIGIN_SECONDS,SIMULATED_PRODUCTION_CASE
http://w3id.org/protys/fixture#Load00033_Op2_Subload1,http://w3id.org/protys/fixture#Load00033_Op2,http://w3id.org/protys/fixture#Load00033,50,L,6.666667,330600,331000.000020,COMMON_ARBITRARY_ORIGIN_SECONDS,SIMULATED_PRODUCTION_CASE
http://w3id.org/protys/fixture#Load00033_Op2_Subload2,http://w3id.org/protys/fixture#Load00033_Op2,http://w3id.org/protys/fixture#Load00033,50,L,6.666667,331000.000020,331400.000040,COMMON_ARBITRARY_ORIGIN_SECONDS,SIMULATED_PRODUCTION_CASE
http://w3id.org/protys/fixture#Load00033_Op2_Subload3,http://w3id.org/protys/fixture#Load00033_Op2,http://w3id.org/protys/fixture#Load00033,40,L,6.666666,331400.000040,331800.000000,COMMON_ARBITRARY_ORIGIN_SECONDS,SIMULATED_PRODUCTION_CASE
http://w3id.org/protys/fixture#Load00034_Op2_Subload1,http://w3id.org/protys/fixture#Load00034_Op2,http://w3id.org/protys/fixture#Load00034,50,L,6.666667,340600,341000.000020,COMMON_ARBITRARY_ORIGIN_SECONDS,SIMULATED_PRODUCTION_CASE
http://w3id.org/protys/fixture#Load00034_Op2_Subload2,http://w3id.org/protys/fixture#Load00034_Op2,http://w3id.org/protys/fixture#Load00034,50,L,6.666667,341000.000020,341400.000040,COMMON_ARBITRARY_ORIGIN_SECONDS,SIMULATED_PRODUCTION_CASE
http://w3id.org/protys/fixture#Load00034_Op2_Subload3,http://w3id.org/protys/fixture#Load00034_Op2,http://w3id.org/protys/fixture#Load00034,8,L,6.666666,341400.000040,341800.000000,COMMON_ARBITRARY_ORIGIN_SECONDS,SIMULATED_PRODUCTION_CASE
http://w3id.org/protys/fixture#Load00035_Op2_Subload1,http://w3id.org/protys/fixture#Load00035_Op2,http://w3id.org/protys/fixture#Load00035,50,L,10.000000,350600,351200.000000,COMMON_ARBITRARY_ORIGIN_SECONDS,SIMULATED_PRODUCTION_CASE
http://w3id.org/protys/fixture#Load00035_Op2_Subload2,http://w3id.org/protys/fixture#Load00035_Op2,http://w3id.org/protys/fixture#Load00035,30,L,10.000000,351200.000000,351800.000000,COMMON_ARBITRARY_ORIGIN_SECONDS,SIMULATED_PRODUCTION_CASE
http://w3id.org/protys/fixture#Load00036_Op2_Subload1,http://w3id.org/protys/fixture#Load00036_Op2,http://w3id.org/protys/fixture#Load00036,50,L,5.000000,360600,360900.000000,COMMON_ARBITRARY_ORIGIN_SECONDS,SIMULATED_PRODUCTION_CASE
http://w3id.org/protys/fixture#Load00036_Op2_Subload2,http://w3id.org/protys/fixture#Load00036_Op2,http://w3id.org/protys/fixture#Load00036,50,L,5.000000,360900.000000,361200.000000,COMMON_ARBITRARY_ORIGIN_SECONDS,SIMULATED_PRODUCTION_CASE
http://w3id.org/protys/fixture#Load00036_Op2_Subload3,http://w3id.org/protys/fixture#Load00036_Op2,http://w3id.org/protys/fixture#Load00036,50,L,5.000000,361200.000000,361500.000000,COMMON_ARBITRARY_ORIGIN_SECONDS,SIMULATED_PRODUCTION_CASE
http://w3id.org/protys/fixture#Load00036_Op2_Subload4,http://w3id.org/protys/fixture#Load00036_Op2,http://w3id.org/protys/fixture#Load00036,7.6,L,5.000000,361500.000000,361800.000000,COMMON_ARBITRARY_ORIGIN_SECONDS,SIMULATED_PRODUCTION_CASE
http://w3id.org/protys/fixture#Load00037_Op2_Subload1,http://w3id.org/protys/fixture#Load00037_Op2,http://w3id.org/protys/fixture#Load00037,50,L,10.000000,370600,371200.000000,COMMON_ARBITRARY_ORIGIN_SECONDS,SIMULATED_PRODUCTION_CASE
http://w3id.org/protys/fixture#Load00037_Op2_Subload2,http://w3id.org/protys/fixture#Load00037_Op2,http://w3id.org/protys/fixture#Load00037,46,L,10.000000,371200.000000,371800.000000,COMMON_ARBITRARY_ORIGIN_SECONDS,SIMULATED_PRODUCTION_CASE
http://w3id.org/protys/fixture#Load00038_Op2_Subload1,http://w3id.org/protys/fixture#Load00038_Op2,http://w3id.org/protys/fixture#Load00038,50,L,5.000000,380600,380900.000000,COMMON_ARBITRARY_ORIGIN_SECONDS,SIMULATED_PRODUCTION_CASE
http://w3id.org/protys/fixture#Load00038_Op2_Subload2,http://w3id.org/protys/fixture#Load00038_Op2,http://w3id.org/protys/fixture#Load00038,50,L,5.000000,380900.000000,381200.000000,COMMON_ARBITRARY_ORIGIN_SECONDS,SIMULATED_PRODUCTION_CASE
http://w3id.org/protys/fixture#Load00038_Op2_Subload3,http://w3id.org/protys/fixture#Load00038_Op2,http://w3id.org/protys/fixture#Load00038,50,L,5.000000,381200.000000,381500.000000,COMMON_ARBITRARY_ORIGIN_SECONDS,SIMULATED_PRODUCTION_CASE
http://w3id.org/protys/fixture#Load00038_Op2_Subload4,http://w3id.org/protys/fixture#Load00038_Op2,http://w3id.org/protys/fixture#Load00038,1.2,L,5.000000,381500.000000,381800.000000,COMMON_ARBITRARY_ORIGIN_SECONDS,SIMULATED_PRODUCTION_CASE
http://w3id.org/protys/fixture#Load00039_Op2_Subload1,http://w3id.org/protys/fixture#Load00039_Op2,http://w3id.org/protys/fixture#Load00039,50,L,6.666667,390600,391000.000020,COMMON_ARBITRARY_ORIGIN_SECONDS,SIMULATED_PRODUCTION_CASE
http://w3id.org/protys/fixture#Load00039_Op2_Subload2,http://w3id.org/protys/fixture#Load00039_Op2,http://w3id.org/protys/fixture#Load00039,50,L,6.666667,391000.000020,391400.000040,COMMON_ARBITRARY_ORIGIN_SECONDS,SIMULATED_PRODUCTION_CASE
http://w3id.org/protys/fixture#Load00039_Op2_Subload3,http://w3id.org/protys/fixture#Load00039_Op2,http://w3id.org/protys/fixture#Load00039,23.2,L,6.666666,391400.000040,391800.000000,COMMON_ARBITRARY_ORIGIN_SECONDS,SIMULATED_PRODUCTION_CASE
http://w3id.org/protys/fixture#Load00040_Op2_Subload1,http://w3id.org/protys/fixture#Load00040_Op2,http://w3id.org/protys/fixture#Load00040,50,L,6.666667,400600,401000.000020,COMMON_ARBITRARY_ORIGIN_SECONDS,SIMULATED_PRODUCTION_CASE
http://w3id.org/protys/fixture#Load00040_Op2_Subload2,http://w3id.org/protys/fixture#Load00040_Op2,http://w3id.org/protys/fixture#Load00040,50,L,6.666667,401000.000020,401400.000040,COMMON_ARBITRARY_ORIGIN_SECONDS,SIMULATED_PRODUCTION_CASE
http://w3id.org/protys/fixture#Load00040_Op2_Subload3,http://w3id.org/protys/fixture#Load00040_Op2,http://w3id.org/protys/fixture#Load00040,14.4,L,6.666666,401400.000040,401800.000000,COMMON_ARBITRARY_ORIGIN_SECONDS,SIMULATED_PRODUCTION_CASE
http://w3id.org/protys/fixture#Load00041_Op2_Subload1,http://w3id.org/protys/fixture#Load00041_Op2,http://w3id.org/protys/fixture#Load00041,50,L,6.666667,410600,411000.000020,COMMON_ARBITRARY_ORIGIN_SECONDS,SIMULATED_PRODUCTION_CASE
http://w3id.org/protys/fixture#Load00041_Op2_Subload2,http://w3id.org/protys/fixture#Load00041_Op2,http://w3id.org/protys/fixture#Load00041,50,L,6.666667,411000.000020,411400.000040,COMMON_ARBITRARY_ORIGIN_SECONDS,SIMULATED_PRODUCTION_CASE
http://w3id.org/protys/fixture#Load00041_Op2_Subload3,http://w3id.org/protys/fixture#Load00041_Op2,http://w3id.org/protys/fixture#Load00041,8,L,6.666666,411400.000040,411800.000000,COMMON_ARBITRARY_ORIGIN_SECONDS,SIMULATED_PRODUCTION_CASE
http://w3id.org/protys/fixture#Load00042_Op2_Subload1,http://w3id.org/protys/fixture#Load00042_Op2,http://w3id.org/protys/fixture#Load00042,50,L,10.000000,420600,421200.000000,COMMON_ARBITRARY_ORIGIN_SECONDS,SIMULATED_PRODUCTION_CASE
http://w3id.org/protys/fixture#Load00042_Op2_Subload2,http://w3id.org/protys/fixture#Load00042_Op2,http://w3id.org/protys/fixture#Load00042,45.2,L,10.000000,421200.000000,421800.000000,COMMON_ARBITRARY_ORIGIN_SECONDS,SIMULATED_PRODUCTION_CASE
http://w3id.org/protys/fixture#Load00043_Op2_Subload1,http://w3id.org/protys/fixture#Load00043_Op2,http://w3id.org/protys/fixture#Load00043,50,L,6.666667,430600,431000.000020,COMMON_ARBITRARY_ORIGIN_SECONDS,SIMULATED_PRODUCTION_CASE
http://w3id.org/protys/fixture#Load00043_Op2_Subload2,http://w3id.org/protys/fixture#Load00043_Op2,http://w3id.org/protys/fixture#Load00043,50,L,6.666667,431000.000020,431400.000040,COMMON_ARBITRARY_ORIGIN_SECONDS,SIMULATED_PRODUCTION_CASE
http://w3id.org/protys/fixture#Load00043_Op2_Subload3,http://w3id.org/protys/fixture#Load00043_Op2,http://w3id.org/protys/fixture#Load00043,1.6,L,6.666666,431400.000040,431800.000000,COMMON_ARBITRARY_ORIGIN_SECONDS,SIMULATED_PRODUCTION_CASE
http://w3id.org/protys/fixture#Load00044_Op2_Subload1,http://w3id.org/protys/fixture#Load00044_Op2,http://w3id.org/protys/fixture#Load00044,50,L,5.000000,440600,440900.000000,COMMON_ARBITRARY_ORIGIN_SECONDS,SIMULATED_PRODUCTION_CASE
http://w3id.org/protys/fixture#Load00044_Op2_Subload2,http://w3id.org/protys/fixture#Load00044_Op2,http://w3id.org/protys/fixture#Load00044,50,L,5.000000,440900.000000,441200.000000,COMMON_ARBITRARY_ORIGIN_SECONDS,SIMULATED_PRODUCTION_CASE
http://w3id.org/protys/fixture#Load00044_Op2_Subload3,http://w3id.org/protys/fixture#Load00044_Op2,http://w3id.org/protys/fixture#Load00044,50,L,5.000000,441200.000000,441500.000000,COMMON_ARBITRARY_ORIGIN_SECONDS,SIMULATED_PRODUCTION_CASE
http://w3id.org/protys/fixture#Load00044_Op2_Subload4,http://w3id.org/protys/fixture#Load00044_Op2,http://w3id.org/protys/fixture#Load00044,7.6,L,5.000000,441500.000000,441800.000000,COMMON_ARBITRARY_ORIGIN_SECONDS,SIMULATED_PRODUCTION_CASE
http://w3id.org/protys/fixture#Load00045_Op2_Subload1,http://w3id.org/protys/fixture#Load00045_Op2,http://w3id.org/protys/fixture#Load00045,50,L,6.666667,450600,451000.000020,COMMON_ARBITRARY_ORIGIN_SECONDS,SIMULATED_PRODUCTION_CASE
http://w3id.org/protys/fixture#Load00045_Op2_Subload2,http://w3id.org/protys/fixture#Load00045_Op2,http://w3id.org/protys/fixture#Load00045,50,L,6.666667,451000.000020,451400.000040,COMMON_ARBITRARY_ORIGIN_SECONDS,SIMULATED_PRODUCTION_CASE
http://w3id.org/protys/fixture#Load00045_Op2_Subload3,http://w3id.org/protys/fixture#Load00045_Op2,http://w3id.org/protys/fixture#Load00045,14.4,L,6.666666,451400.000040,451800.000000,COMMON_ARBITRARY_ORIGIN_SECONDS,SIMULATED_PRODUCTION_CASE
http://w3id.org/protys/fixture#Load00046_Op2_Subload1,http://w3id.org/protys/fixture#Load00046_Op2,http://w3id.org/protys/fixture#Load00046,50,L,10.000000,460600,461200.000000,COMMON_ARBITRARY_ORIGIN_SECONDS,SIMULATED_PRODUCTION_CASE
http://w3id.org/protys/fixture#Load00046_Op2_Subload2,http://w3id.org/protys/fixture#Load00046_Op2,http://w3id.org/protys/fixture#Load00046,40.4,L,10.000000,461200.000000,461800.000000,COMMON_ARBITRARY_ORIGIN_SECONDS,SIMULATED_PRODUCTION_CASE
http://w3id.org/protys/fixture#Load00047_Op2_Subload1,http://w3id.org/protys/fixture#Load00047_Op2,http://w3id.org/protys/fixture#Load00047,50,L,10.000000,470600,471200.000000,COMMON_ARBITRARY_ORIGIN_SECONDS,SIMULATED_PRODUCTION_CASE
http://w3id.org/protys/fixture#Load00047_Op2_Subload2,http://w3id.org/protys/fixture#Load00047_Op2,http://w3id.org/protys/fixture#Load00047,38.8,L,10.000000,471200.000000,471800.000000,COMMON_ARBITRARY_ORIGIN_SECONDS,SIMULATED_PRODUCTION_CASE
http://w3id.org/protys/fixture#Load00048_Op2_Subload1,http://w3id.org/protys/fixture#Load00048_Op2,http://w3id.org/protys/fixture#Load00048,50,L,6.666667,480600,481000.000020,COMMON_ARBITRARY_ORIGIN_SECONDS,SIMULATED_PRODUCTION_CASE
http://w3id.org/protys/fixture#Load00048_Op2_Subload2,http://w3id.org/protys/fixture#Load00048_Op2,http://w3id.org/protys/fixture#Load00048,50,L,6.666667,481000.000020,481400.000040,COMMON_ARBITRARY_ORIGIN_SECONDS,SIMULATED_PRODUCTION_CASE
http://w3id.org/protys/fixture#Load00048_Op2_Subload3,http://w3id.org/protys/fixture#Load00048_Op2,http://w3id.org/protys/fixture#Load00048,18.4,L,6.666666,481400.000040,481800.000000,COMMON_ARBITRARY_ORIGIN_SECONDS,SIMULATED_PRODUCTION_CASE
http://w3id.org/protys/fixture#Load00049_Op2_Subload1,http://w3id.org/protys/fixture#Load00049_Op2,http://w3id.org/protys/fixture#Load00049,50,L,10.000000,490600,491200.000000,COMMON_ARBITRARY_ORIGIN_SECONDS,SIMULATED_PRODUCTION_CASE
http://w3id.org/protys/fixture#Load00049_Op2_Subload2,http://w3id.org/protys/fixture#Load00049_Op2,http://w3id.org/protys/fixture#Load00049,39.6,L,10.000000,491200.000000,491800.000000,COMMON_ARBITRARY_ORIGIN_SECONDS,SIMULATED_PRODUCTION_CASE
http://w3id.org/protys/fixture#Load00050_Op2_Subload1,http://w3id.org/protys/fixture#Load00050_Op2,http://w3id.org/protys/fixture#Load00050,50,L,6.666667,500600,501000.000020,COMMON_ARBITRARY_ORIGIN_SECONDS,SIMULATED_PRODUCTION_CASE
http://w3id.org/protys/fixture#Load00050_Op2_Subload2,http://w3id.org/protys/fixture#Load00050_Op2,http://w3id.org/protys/fixture#Load00050,50,L,6.666667,501000.000020,501400.000040,COMMON_ARBITRARY_ORIGIN_SECONDS,SIMULATED_PRODUCTION_CASE
http://w3id.org/protys/fixture#Load00050_Op2_Subload3,http://w3id.org/protys/fixture#Load00050_Op2,http://w3id.org/protys/fixture#Load00050,16,L,6.666666,501400.000040,501800.000000,COMMON_ARBITRARY_ORIGIN_SECONDS,SIMULATED_PRODUCTION_CASE
http://w3id.org/protys/fixture#Load00051_Op2_Subload1,http://w3id.org/protys/fixture#Load00051_Op2,http://w3id.org/protys/fixture#Load00051,50,L,6.666667,510600,511000.000020,COMMON_ARBITRARY_ORIGIN_SECONDS,SIMULATED_PRODUCTION_CASE
http://w3id.org/protys/fixture#Load00051_Op2_Subload2,http://w3id.org/protys/fixture#Load00051_Op2,http://w3id.org/protys/fixture#Load00051,50,L,6.666667,511000.000020,511400.000040,COMMON_ARBITRARY_ORIGIN_SECONDS,SIMULATED_PRODUCTION_CASE
http://w3id.org/protys/fixture#Load00051_Op2_Subload3,http://w3id.org/protys/fixture#Load00051_Op2,http://w3id.org/protys/fixture#Load00051,15.2,L,6.666666,511400.000040,511800.000000,COMMON_ARBITRARY_ORIGIN_SECONDS,SIMULATED_PRODUCTION_CASE
http://w3id.org/protys/fixture#Load00052_Op2_Subload1,http://w3id.org/protys/fixture#Load00052_Op2,http://w3id.org/protys/fixture#Load00052,50,L,6.666667,520600,521000.000020,COMMON_ARBITRARY_ORIGIN_SECONDS,SIMULATED_PRODUCTION_CASE
http://w3id.org/protys/fixture#Load00052_Op2_Subload2,http://w3id.org/protys/fixture#Load00052_Op2,http://w3id.org/protys/fixture#Load00052,50,L,6.666667,521000.000020,521400.000040,COMMON_ARBITRARY_ORIGIN_SECONDS,SIMULATED_PRODUCTION_CASE
http://w3id.org/protys/fixture#Load00052_Op2_Subload3,http://w3id.org/protys/fixture#Load00052_Op2,http://w3id.org/protys/fixture#Load00052,41.6,L,6.666666,521400.000040,521800.000000,COMMON_ARBITRARY_ORIGIN_SECONDS,SIMULATED_PRODUCTION_CASE
http://w3id.org/protys/fixture#Load00053_Op2_Subload1,http://w3id.org/protys/fixture#Load00053_Op2,http://w3id.org/protys/fixture#Load00053,50,L,6.666667,530600,531000.000020,COMMON_ARBITRARY_ORIGIN_SECONDS,SIMULATED_PRODUCTION_CASE
http://w3id.org/protys/fixture#Load00053_Op2_Subload2,http://w3id.org/protys/fixture#Load00053_Op2,http://w3id.org/protys/fixture#Load00053,50,L,6.666667,531000.000020,531400.000040,COMMON_ARBITRARY_ORIGIN_SECONDS,SIMULATED_PRODUCTION_CASE
http://w3id.org/protys/fixture#Load00053_Op2_Subload3,http://w3id.org/protys/fixture#Load00053_Op2,http://w3id.org/protys/fixture#Load00053,6.4,L,6.666666,531400.000040,531800.000000,COMMON_ARBITRARY_ORIGIN_SECONDS,SIMULATED_PRODUCTION_CASE
http://w3id.org/protys/fixture#Load00054_Op2_Subload1,http://w3id.org/protys/fixture#Load00054_Op2,http://w3id.org/protys/fixture#Load00054,50,L,10.000000,540600,541200.000000,COMMON_ARBITRARY_ORIGIN_SECONDS,SIMULATED_PRODUCTION_CASE
http://w3id.org/protys/fixture#Load00054_Op2_Subload2,http://w3id.org/protys/fixture#Load00054_Op2,http://w3id.org/protys/fixture#Load00054,34,L,10.000000,541200.000000,541800.000000,COMMON_ARBITRARY_ORIGIN_SECONDS,SIMULATED_PRODUCTION_CASE
http://w3id.org/protys/fixture#Load00055_Op2_Subload1,http://w3id.org/protys/fixture#Load00055_Op2,http://w3id.org/protys/fixture#Load00055,50,L,5.000000,550600,550900.000000,COMMON_ARBITRARY_ORIGIN_SECONDS,SIMULATED_PRODUCTION_CASE
http://w3id.org/protys/fixture#Load00055_Op2_Subload2,http://w3id.org/protys/fixture#Load00055_Op2,http://w3id.org/protys/fixture#Load00055,50,L,5.000000,550900.000000,551200.000000,COMMON_ARBITRARY_ORIGIN_SECONDS,SIMULATED_PRODUCTION_CASE
http://w3id.org/protys/fixture#Load00055_Op2_Subload3,http://w3id.org/protys/fixture#Load00055_Op2,http://w3id.org/protys/fixture#Load00055,50,L,5.000000,551200.000000,551500.000000,COMMON_ARBITRARY_ORIGIN_SECONDS,SIMULATED_PRODUCTION_CASE
http://w3id.org/protys/fixture#Load00055_Op2_Subload4,http://w3id.org/protys/fixture#Load00055_Op2,http://w3id.org/protys/fixture#Load00055,4.4,L,5.000000,551500.000000,551800.000000,COMMON_ARBITRARY_ORIGIN_SECONDS,SIMULATED_PRODUCTION_CASE
http://w3id.org/protys/fixture#Load00056_Op2_Subload1,http://w3id.org/protys/fixture#Load00056_Op2,http://w3id.org/protys/fixture#Load00056,50,L,6.666667,560600,561000.000020,COMMON_ARBITRARY_ORIGIN_SECONDS,SIMULATED_PRODUCTION_CASE
http://w3id.org/protys/fixture#Load00056_Op2_Subload2,http://w3id.org/protys/fixture#Load00056_Op2,http://w3id.org/protys/fixture#Load00056,50,L,6.666667,561000.000020,561400.000040,COMMON_ARBITRARY_ORIGIN_SECONDS,SIMULATED_PRODUCTION_CASE
http://w3id.org/protys/fixture#Load00056_Op2_Subload3,http://w3id.org/protys/fixture#Load00056_Op2,http://w3id.org/protys/fixture#Load00056,26.4,L,6.666666,561400.000040,561800.000000,COMMON_ARBITRARY_ORIGIN_SECONDS,SIMULATED_PRODUCTION_CASE
http://w3id.org/protys/fixture#Load00057_Op2_Subload1,http://w3id.org/protys/fixture#Load00057_Op2,http://w3id.org/protys/fixture#Load00057,50,L,6.666667,570600,571000.000020,COMMON_ARBITRARY_ORIGIN_SECONDS,SIMULATED_PRODUCTION_CASE
http://w3id.org/protys/fixture#Load00057_Op2_Subload2,http://w3id.org/protys/fixture#Load00057_Op2,http://w3id.org/protys/fixture#Load00057,50,L,6.666667,571000.000020,571400.000040,COMMON_ARBITRARY_ORIGIN_SECONDS,SIMULATED_PRODUCTION_CASE
http://w3id.org/protys/fixture#Load00057_Op2_Subload3,http://w3id.org/protys/fixture#Load00057_Op2,http://w3id.org/protys/fixture#Load00057,34.4,L,6.666666,571400.000040,571800.000000,COMMON_ARBITRARY_ORIGIN_SECONDS,SIMULATED_PRODUCTION_CASE
http://w3id.org/protys/fixture#Load00058_Op2_Subload1,http://w3id.org/protys/fixture#Load00058_Op2,http://w3id.org/protys/fixture#Load00058,50,L,10.000000,580600,581200.000000,COMMON_ARBITRARY_ORIGIN_SECONDS,SIMULATED_PRODUCTION_CASE
http://w3id.org/protys/fixture#Load00058_Op2_Subload2,http://w3id.org/protys/fixture#Load00058_Op2,http://w3id.org/protys/fixture#Load00058,42,L,10.000000,581200.000000,581800.000000,COMMON_ARBITRARY_ORIGIN_SECONDS,SIMULATED_PRODUCTION_CASE
http://w3id.org/protys/fixture#Load00059_Op2_Subload1,http://w3id.org/protys/fixture#Load00059_Op2,http://w3id.org/protys/fixture#Load00059,50,L,6.666667,590600,591000.000020,COMMON_ARBITRARY_ORIGIN_SECONDS,SIMULATED_PRODUCTION_CASE
http://w3id.org/protys/fixture#Load00059_Op2_Subload2,http://w3id.org/protys/fixture#Load00059_Op2,http://w3id.org/protys/fixture#Load00059,50,L,6.666667,591000.000020,591400.000040,COMMON_ARBITRARY_ORIGIN_SECONDS,SIMULATED_PRODUCTION_CASE
http://w3id.org/protys/fixture#Load00059_Op2_Subload3,http://w3id.org/protys/fixture#Load00059_Op2,http://w3id.org/protys/fixture#Load00059,18.4,L,6.666666,591400.000040,591800.000000,COMMON_ARBITRARY_ORIGIN_SECONDS,SIMULATED_PRODUCTION_CASE
http://w3id.org/protys/fixture#Load00060_Op2_Subload1,http://w3id.org/protys/fixture#Load00060_Op2,http://w3id.org/protys/fixture#Load00060,50,L,10.000000,600600,601200.000000,COMMON_ARBITRARY_ORIGIN_SECONDS,SIMULATED_PRODUCTION_CASE
http://w3id.org/protys/fixture#Load00060_Op2_Subload2,http://w3id.org/protys/fixture#Load00060_Op2,http://w3id.org/protys/fixture#Load00060,38,L,10.000000,601200.000000,601800.000000,COMMON_ARBITRARY_ORIGIN_SECONDS,SIMULATED_PRODUCTION_CASE
http://w3id.org/protys/fixture#Load00061_Op2_Subload1,http://w3id.org/protys/fixture#Load00061_Op2,http://w3id.org/protys/fixture#Load00061,50,L,6.666667,610600,611000.000020,COMMON_ARBITRARY_ORIGIN_SECONDS,SIMULATED_PRODUCTION_CASE
http://w3id.org/protys/fixture#Load00061_Op2_Subload2,http://w3id.org/protys/fixture#Load00061_Op2,http://w3id.org/protys/fixture#Load00061,50,L,6.666667,611000.000020,611400.000040,COMMON_ARBITRARY_ORIGIN_SECONDS,SIMULATED_PRODUCTION_CASE
http://w3id.org/protys/fixture#Load00061_Op2_Subload3,http://w3id.org/protys/fixture#Load00061_Op2,http://w3id.org/protys/fixture#Load00061,36,L,6.666666,611400.000040,611800.000000,COMMON_ARBITRARY_ORIGIN_SECONDS,SIMULATED_PRODUCTION_CASE
http://w3id.org/protys/fixture#Load00062_Op2_Subload1,http://w3id.org/protys/fixture#Load00062_Op2,http://w3id.org/protys/fixture#Load00062,50,L,6.666667,620600,621000.000020,COMMON_ARBITRARY_ORIGIN_SECONDS,SIMULATED_PRODUCTION_CASE
http://w3id.org/protys/fixture#Load00062_Op2_Subload2,http://w3id.org/protys/fixture#Load00062_Op2,http://w3id.org/protys/fixture#Load00062,50,L,6.666667,621000.000020,621400.000040,COMMON_ARBITRARY_ORIGIN_SECONDS,SIMULATED_PRODUCTION_CASE
http://w3id.org/protys/fixture#Load00062_Op2_Subload3,http://w3id.org/protys/fixture#Load00062_Op2,http://w3id.org/protys/fixture#Load00062,9.6,L,6.666666,621400.000040,621800.000000,COMMON_ARBITRARY_ORIGIN_SECONDS,SIMULATED_PRODUCTION_CASE
http://w3id.org/protys/fixture#Load00063_Op2_Subload1,http://w3id.org/protys/fixture#Load00063_Op2,http://w3id.org/protys/fixture#Load00063,50,L,6.666667,630600,631000.000020,COMMON_ARBITRARY_ORIGIN_SECONDS,SIMULATED_PRODUCTION_CASE
http://w3id.org/protys/fixture#Load00063_Op2_Subload2,http://w3id.org/protys/fixture#Load00063_Op2,http://w3id.org/protys/fixture#Load00063,50,L,6.666667,631000.000020,631400.000040,COMMON_ARBITRARY_ORIGIN_SECONDS,SIMULATED_PRODUCTION_CASE
http://w3id.org/protys/fixture#Load00063_Op2_Subload3,http://w3id.org/protys/fixture#Load00063_Op2,http://w3id.org/protys/fixture#Load00063,44,L,6.666666,631400.000040,631800.000000,COMMON_ARBITRARY_ORIGIN_SECONDS,SIMULATED_PRODUCTION_CASE
http://w3id.org/protys/fixture#Load00064_Op2_Subload1,http://w3id.org/protys/fixture#Load00064_Op2,http://w3id.org/protys/fixture#Load00064,50,L,6.666667,640600,641000.000020,COMMON_ARBITRARY_ORIGIN_SECONDS,SIMULATED_PRODUCTION_CASE
http://w3id.org/protys/fixture#Load00064_Op2_Subload2,http://w3id.org/protys/fixture#Load00064_Op2,http://w3id.org/protys/fixture#Load00064,50,L,6.666667,641000.000020,641400.000040,COMMON_ARBITRARY_ORIGIN_SECONDS,SIMULATED_PRODUCTION_CASE
http://w3id.org/protys/fixture#Load00064_Op2_Subload3,http://w3id.org/protys/fixture#Load00064_Op2,http://w3id.org/protys/fixture#Load00064,43.2,L,6.666666,641400.000040,641800.000000,COMMON_ARBITRARY_ORIGIN_SECONDS,SIMULATED_PRODUCTION_CASE
http://w3id.org/protys/fixture#Load00065_Op2_Subload1,http://w3id.org/protys/fixture#Load00065_Op2,http://w3id.org/protys/fixture#Load00065,50,L,6.666667,650600,651000.000020,COMMON_ARBITRARY_ORIGIN_SECONDS,SIMULATED_PRODUCTION_CASE
http://w3id.org/protys/fixture#Load00065_Op2_Subload2,http://w3id.org/protys/fixture#Load00065_Op2,http://w3id.org/protys/fixture#Load00065,50,L,6.666667,651000.000020,651400.000040,COMMON_ARBITRARY_ORIGIN_SECONDS,SIMULATED_PRODUCTION_CASE
http://w3id.org/protys/fixture#Load00065_Op2_Subload3,http://w3id.org/protys/fixture#Load00065_Op2,http://w3id.org/protys/fixture#Load00065,16.8,L,6.666666,651400.000040,651800.000000,COMMON_ARBITRARY_ORIGIN_SECONDS,SIMULATED_PRODUCTION_CASE
http://w3id.org/protys/fixture#Load00066_Op2_Subload1,http://w3id.org/protys/fixture#Load00066_Op2,http://w3id.org/protys/fixture#Load00066,50,L,6.666667,660600,661000.000020,COMMON_ARBITRARY_ORIGIN_SECONDS,SIMULATED_PRODUCTION_CASE
http://w3id.org/protys/fixture#Load00066_Op2_Subload2,http://w3id.org/protys/fixture#Load00066_Op2,http://w3id.org/protys/fixture#Load00066,50,L,6.666667,661000.000020,661400.000040,COMMON_ARBITRARY_ORIGIN_SECONDS,SIMULATED_PRODUCTION_CASE
http://w3id.org/protys/fixture#Load00066_Op2_Subload3,http://w3id.org/protys/fixture#Load00066_Op2,http://w3id.org/protys/fixture#Load00066,38.4,L,6.666666,661400.000040,661800.000000,COMMON_ARBITRARY_ORIGIN_SECONDS,SIMULATED_PRODUCTION_CASE
http://w3id.org/protys/fixture#Load00067_Op2_Subload1,http://w3id.org/protys/fixture#Load00067_Op2,http://w3id.org/protys/fixture#Load00067,50,L,10.000000,670600,671200.000000,COMMON_ARBITRARY_ORIGIN_SECONDS,SIMULATED_PRODUCTION_CASE
http://w3id.org/protys/fixture#Load00067_Op2_Subload2,http://w3id.org/protys/fixture#Load00067_Op2,http://w3id.org/protys/fixture#Load00067,49.2,L,10.000000,671200.000000,671800.000000,COMMON_ARBITRARY_ORIGIN_SECONDS,SIMULATED_PRODUCTION_CASE
http://w3id.org/protys/fixture#Load00068_Op2_Subload1,http://w3id.org/protys/fixture#Load00068_Op2,http://w3id.org/protys/fixture#Load00068,50,L,5.000000,680600,680900.000000,COMMON_ARBITRARY_ORIGIN_SECONDS,SIMULATED_PRODUCTION_CASE
http://w3id.org/protys/fixture#Load00068_Op2_Subload2,http://w3id.org/protys/fixture#Load00068_Op2,http://w3id.org/protys/fixture#Load00068,50,L,5.000000,680900.000000,681200.000000,COMMON_ARBITRARY_ORIGIN_SECONDS,SIMULATED_PRODUCTION_CASE
http://w3id.org/protys/fixture#Load00068_Op2_Subload3,http://w3id.org/protys/fixture#Load00068_Op2,http://w3id.org/protys/fixture#Load00068,50,L,5.000000,681200.000000,681500.000000,COMMON_ARBITRARY_ORIGIN_SECONDS,SIMULATED_PRODUCTION_CASE
http://w3id.org/protys/fixture#Load00068_Op2_Subload4,http://w3id.org/protys/fixture#Load00068_Op2,http://w3id.org/protys/fixture#Load00068,2,L,5.000000,681500.000000,681800.000000,COMMON_ARBITRARY_ORIGIN_SECONDS,SIMULATED_PRODUCTION_CASE
http://w3id.org/protys/fixture#Load00069_Op2_Subload1,http://w3id.org/protys/fixture#Load00069_Op2,http://w3id.org/protys/fixture#Load00069,50,L,10.000000,690600,691200.000000,COMMON_ARBITRARY_ORIGIN_SECONDS,SIMULATED_PRODUCTION_CASE
http://w3id.org/protys/fixture#Load00069_Op2_Subload2,http://w3id.org/protys/fixture#Load00069_Op2,http://w3id.org/protys/fixture#Load00069,36.4,L,10.000000,691200.000000,691800.000000,COMMON_ARBITRARY_ORIGIN_SECONDS,SIMULATED_PRODUCTION_CASE
http://w3id.org/protys/fixture#Load00070_Op2_Subload1,http://w3id.org/protys/fixture#Load00070_Op2,http://w3id.org/protys/fixture#Load00070,50,L,10.000000,700600,701200.000000,COMMON_ARBITRARY_ORIGIN_SECONDS,SIMULATED_PRODUCTION_CASE
http://w3id.org/protys/fixture#Load00070_Op2_Subload2,http://w3id.org/protys/fixture#Load00070_Op2,http://w3id.org/protys/fixture#Load00070,34,L,10.000000,701200.000000,701800.000000,COMMON_ARBITRARY_ORIGIN_SECONDS,SIMULATED_PRODUCTION_CASE
http://w3id.org/protys/fixture#Load00071_Op2_Subload1,http://w3id.org/protys/fixture#Load00071_Op2,http://w3id.org/protys/fixture#Load00071,50,L,6.666667,710600,711000.000020,COMMON_ARBITRARY_ORIGIN_SECONDS,SIMULATED_PRODUCTION_CASE
http://w3id.org/protys/fixture#Load00071_Op2_Subload2,http://w3id.org/protys/fixture#Load00071_Op2,http://w3id.org/protys/fixture#Load00071,50,L,6.666667,711000.000020,711400.000040,COMMON_ARBITRARY_ORIGIN_SECONDS,SIMULATED_PRODUCTION_CASE
http://w3id.org/protys/fixture#Load00071_Op2_Subload3,http://w3id.org/protys/fixture#Load00071_Op2,http://w3id.org/protys/fixture#Load00071,47.2,L,6.666666,711400.000040,711800.000000,COMMON_ARBITRARY_ORIGIN_SECONDS,SIMULATED_PRODUCTION_CASE
http://w3id.org/protys/fixture#Load00072_Op2_Subload1,http://w3id.org/protys/fixture#Load00072_Op2,http://w3id.org/protys/fixture#Load00072,50,L,6.666667,720600,721000.000020,COMMON_ARBITRARY_ORIGIN_SECONDS,SIMULATED_PRODUCTION_CASE
http://w3id.org/protys/fixture#Load00072_Op2_Subload2,http://w3id.org/protys/fixture#Load00072_Op2,http://w3id.org/protys/fixture#Load00072,50,L,6.666667,721000.000020,721400.000040,COMMON_ARBITRARY_ORIGIN_SECONDS,SIMULATED_PRODUCTION_CASE
http://w3id.org/protys/fixture#Load00072_Op2_Subload3,http://w3id.org/protys/fixture#Load00072_Op2,http://w3id.org/protys/fixture#Load00072,3.2,L,6.666666,721400.000040,721800.000000,COMMON_ARBITRARY_ORIGIN_SECONDS,SIMULATED_PRODUCTION_CASE
http://w3id.org/protys/fixture#Load00073_Op2_Subload1,http://w3id.org/protys/fixture#Load00073_Op2,http://w3id.org/protys/fixture#Load00073,50,L,5.000000,730600,730900.000000,COMMON_ARBITRARY_ORIGIN_SECONDS,SIMULATED_PRODUCTION_CASE
http://w3id.org/protys/fixture#Load00073_Op2_Subload2,http://w3id.org/protys/fixture#Load00073_Op2,http://w3id.org/protys/fixture#Load00073,50,L,5.000000,730900.000000,731200.000000,COMMON_ARBITRARY_ORIGIN_SECONDS,SIMULATED_PRODUCTION_CASE
http://w3id.org/protys/fixture#Load00073_Op2_Subload3,http://w3id.org/protys/fixture#Load00073_Op2,http://w3id.org/protys/fixture#Load00073,50,L,5.000000,731200.000000,731500.000000,COMMON_ARBITRARY_ORIGIN_SECONDS,SIMULATED_PRODUCTION_CASE
http://w3id.org/protys/fixture#Load00073_Op2_Subload4,http://w3id.org/protys/fixture#Load00073_Op2,http://w3id.org/protys/fixture#Load00073,8.4,L,5.000000,731500.000000,731800.000000,COMMON_ARBITRARY_ORIGIN_SECONDS,SIMULATED_PRODUCTION_CASE
http://w3id.org/protys/fixture#Load00074_Op2_Subload1,http://w3id.org/protys/fixture#Load00074_Op2,http://w3id.org/protys/fixture#Load00074,50,L,6.666667,740600,741000.000020,COMMON_ARBITRARY_ORIGIN_SECONDS,SIMULATED_PRODUCTION_CASE
http://w3id.org/protys/fixture#Load00074_Op2_Subload2,http://w3id.org/protys/fixture#Load00074_Op2,http://w3id.org/protys/fixture#Load00074,50,L,6.666667,741000.000020,741400.000040,COMMON_ARBITRARY_ORIGIN_SECONDS,SIMULATED_PRODUCTION_CASE
http://w3id.org/protys/fixture#Load00074_Op2_Subload3,http://w3id.org/protys/fixture#Load00074_Op2,http://w3id.org/protys/fixture#Load00074,9.6,L,6.666666,741400.000040,741800.000000,COMMON_ARBITRARY_ORIGIN_SECONDS,SIMULATED_PRODUCTION_CASE
http://w3id.org/protys/fixture#Load00075_Op2_Subload1,http://w3id.org/protys/fixture#Load00075_Op2,http://w3id.org/protys/fixture#Load00075,50,L,10.000000,750600,751200.000000,COMMON_ARBITRARY_ORIGIN_SECONDS,SIMULATED_PRODUCTION_CASE
http://w3id.org/protys/fixture#Load00075_Op2_Subload2,http://w3id.org/protys/fixture#Load00075_Op2,http://w3id.org/protys/fixture#Load00075,38,L,10.000000,751200.000000,751800.000000,COMMON_ARBITRARY_ORIGIN_SECONDS,SIMULATED_PRODUCTION_CASE
http://w3id.org/protys/fixture#Load00076_Op2_Subload1,http://w3id.org/protys/fixture#Load00076_Op2,http://w3id.org/protys/fixture#Load00076,50,L,6.666667,760600,761000.000020,COMMON_ARBITRARY_ORIGIN_SECONDS,SIMULATED_PRODUCTION_CASE
http://w3id.org/protys/fixture#Load00076_Op2_Subload2,http://w3id.org/protys/fixture#Load00076_Op2,http://w3id.org/protys/fixture#Load00076,50,L,6.666667,761000.000020,761400.000040,COMMON_ARBITRARY_ORIGIN_SECONDS,SIMULATED_PRODUCTION_CASE
http://w3id.org/protys/fixture#Load00076_Op2_Subload3,http://w3id.org/protys/fixture#Load00076_Op2,http://w3id.org/protys/fixture#Load00076,3.2,L,6.666666,761400.000040,761800.000000,COMMON_ARBITRARY_ORIGIN_SECONDS,SIMULATED_PRODUCTION_CASE
http://w3id.org/protys/fixture#Load00077_Op2_Subload1,http://w3id.org/protys/fixture#Load00077_Op2,http://w3id.org/protys/fixture#Load00077,50,L,10.000000,770600,771200.000000,COMMON_ARBITRARY_ORIGIN_SECONDS,SIMULATED_PRODUCTION_CASE
http://w3id.org/protys/fixture#Load00077_Op2_Subload2,http://w3id.org/protys/fixture#Load00077_Op2,http://w3id.org/protys/fixture#Load00077,39.6,L,10.000000,771200.000000,771800.000000,COMMON_ARBITRARY_ORIGIN_SECONDS,SIMULATED_PRODUCTION_CASE
http://w3id.org/protys/fixture#Load00078_Op2_Subload1,http://w3id.org/protys/fixture#Load00078_Op2,http://w3id.org/protys/fixture#Load00078,50,L,6.666667,780600,781000.000020,COMMON_ARBITRARY_ORIGIN_SECONDS,SIMULATED_PRODUCTION_CASE
http://w3id.org/protys/fixture#Load00078_Op2_Subload2,http://w3id.org/protys/fixture#Load00078_Op2,http://w3id.org/protys/fixture#Load00078,50,L,6.666667,781000.000020,781400.000040,COMMON_ARBITRARY_ORIGIN_SECONDS,SIMULATED_PRODUCTION_CASE
http://w3id.org/protys/fixture#Load00078_Op2_Subload3,http://w3id.org/protys/fixture#Load00078_Op2,http://w3id.org/protys/fixture#Load00078,18.4,L,6.666666,781400.000040,781800.000000,COMMON_ARBITRARY_ORIGIN_SECONDS,SIMULATED_PRODUCTION_CASE
http://w3id.org/protys/fixture#Load00079_Op2_Subload1,http://w3id.org/protys/fixture#Load00079_Op2,http://w3id.org/protys/fixture#Load00079,50,L,6.666667,790600,791000.000020,COMMON_ARBITRARY_ORIGIN_SECONDS,SIMULATED_PRODUCTION_CASE
http://w3id.org/protys/fixture#Load00079_Op2_Subload2,http://w3id.org/protys/fixture#Load00079_Op2,http://w3id.org/protys/fixture#Load00079,50,L,6.666667,791000.000020,791400.000040,COMMON_ARBITRARY_ORIGIN_SECONDS,SIMULATED_PRODUCTION_CASE
http://w3id.org/protys/fixture#Load00079_Op2_Subload3,http://w3id.org/protys/fixture#Load00079_Op2,http://w3id.org/protys/fixture#Load00079,8,L,6.666666,791400.000040,791800.000000,COMMON_ARBITRARY_ORIGIN_SECONDS,SIMULATED_PRODUCTION_CASE
http://w3id.org/protys/fixture#Load00080_Op2_Subload1,http://w3id.org/protys/fixture#Load00080_Op2,http://w3id.org/protys/fixture#Load00080,50,L,6.666667,800600,801000.000020,COMMON_ARBITRARY_ORIGIN_SECONDS,SIMULATED_PRODUCTION_CASE
http://w3id.org/protys/fixture#Load00080_Op2_Subload2,http://w3id.org/protys/fixture#Load00080_Op2,http://w3id.org/protys/fixture#Load00080,50,L,6.666667,801000.000020,801400.000040,COMMON_ARBITRARY_ORIGIN_SECONDS,SIMULATED_PRODUCTION_CASE
http://w3id.org/protys/fixture#Load00080_Op2_Subload3,http://w3id.org/protys/fixture#Load00080_Op2,http://w3id.org/protys/fixture#Load00080,26.4,L,6.666666,801400.000040,801800.000000,COMMON_ARBITRARY_ORIGIN_SECONDS,SIMULATED_PRODUCTION_CASE
http://w3id.org/protys/fixture#Load00081_Op2_Subload1,http://w3id.org/protys/fixture#Load00081_Op2,http://w3id.org/protys/fixture#Load00081,50,L,6.666667,810600,811000.000020,COMMON_ARBITRARY_ORIGIN_SECONDS,SIMULATED_PRODUCTION_CASE
http://w3id.org/protys/fixture#Load00081_Op2_Subload2,http://w3id.org/protys/fixture#Load00081_Op2,http://w3id.org/protys/fixture#Load00081,50,L,6.666667,811000.000020,811400.000040,COMMON_ARBITRARY_ORIGIN_SECONDS,SIMULATED_PRODUCTION_CASE
http://w3id.org/protys/fixture#Load00081_Op2_Subload3,http://w3id.org/protys/fixture#Load00081_Op2,http://w3id.org/protys/fixture#Load00081,44.8,L,6.666666,811400.000040,811800.000000,COMMON_ARBITRARY_ORIGIN_SECONDS,SIMULATED_PRODUCTION_CASE
http://w3id.org/protys/fixture#Load00082_Op2_Subload1,http://w3id.org/protys/fixture#Load00082_Op2,http://w3id.org/protys/fixture#Load00082,50,L,6.666667,820600,821000.000020,COMMON_ARBITRARY_ORIGIN_SECONDS,SIMULATED_PRODUCTION_CASE
http://w3id.org/protys/fixture#Load00082_Op2_Subload2,http://w3id.org/protys/fixture#Load00082_Op2,http://w3id.org/protys/fixture#Load00082,50,L,6.666667,821000.000020,821400.000040,COMMON_ARBITRARY_ORIGIN_SECONDS,SIMULATED_PRODUCTION_CASE
http://w3id.org/protys/fixture#Load00082_Op2_Subload3,http://w3id.org/protys/fixture#Load00082_Op2,http://w3id.org/protys/fixture#Load00082,16.8,L,6.666666,821400.000040,821800.000000,COMMON_ARBITRARY_ORIGIN_SECONDS,SIMULATED_PRODUCTION_CASE
http://w3id.org/protys/fixture#Load00083_Op2_Subload1,http://w3id.org/protys/fixture#Load00083_Op2,http://w3id.org/protys/fixture#Load00083,50,L,10.000000,830600,831200.000000,COMMON_ARBITRARY_ORIGIN_SECONDS,SIMULATED_PRODUCTION_CASE
http://w3id.org/protys/fixture#Load00083_Op2_Subload2,http://w3id.org/protys/fixture#Load00083_Op2,http://w3id.org/protys/fixture#Load00083,46,L,10.000000,831200.000000,831800.000000,COMMON_ARBITRARY_ORIGIN_SECONDS,SIMULATED_PRODUCTION_CASE
http://w3id.org/protys/fixture#Load00084_Op2_Subload1,http://w3id.org/protys/fixture#Load00084_Op2,http://w3id.org/protys/fixture#Load00084,50,L,6.666667,840600,841000.000020,COMMON_ARBITRARY_ORIGIN_SECONDS,SIMULATED_PRODUCTION_CASE
http://w3id.org/protys/fixture#Load00084_Op2_Subload2,http://w3id.org/protys/fixture#Load00084_Op2,http://w3id.org/protys/fixture#Load00084,50,L,6.666667,841000.000020,841400.000040,COMMON_ARBITRARY_ORIGIN_SECONDS,SIMULATED_PRODUCTION_CASE
http://w3id.org/protys/fixture#Load00084_Op2_Subload3,http://w3id.org/protys/fixture#Load00084_Op2,http://w3id.org/protys/fixture#Load00084,17.6,L,6.666666,841400.000040,841800.000000,COMMON_ARBITRARY_ORIGIN_SECONDS,SIMULATED_PRODUCTION_CASE
http://w3id.org/protys/fixture#Load00085_Op2_Subload1,http://w3id.org/protys/fixture#Load00085_Op2,http://w3id.org/protys/fixture#Load00085,50,L,6.666667,850600,851000.000020,COMMON_ARBITRARY_ORIGIN_SECONDS,SIMULATED_PRODUCTION_CASE
http://w3id.org/protys/fixture#Load00085_Op2_Subload2,http://w3id.org/protys/fixture#Load00085_Op2,http://w3id.org/protys/fixture#Load00085,50,L,6.666667,851000.000020,851400.000040,COMMON_ARBITRARY_ORIGIN_SECONDS,SIMULATED_PRODUCTION_CASE
http://w3id.org/protys/fixture#Load00085_Op2_Subload3,http://w3id.org/protys/fixture#Load00085_Op2,http://w3id.org/protys/fixture#Load00085,16,L,6.666666,851400.000040,851800.000000,COMMON_ARBITRARY_ORIGIN_SECONDS,SIMULATED_PRODUCTION_CASE
http://w3id.org/protys/fixture#Load00086_Op2_Subload1,http://w3id.org/protys/fixture#Load00086_Op2,http://w3id.org/protys/fixture#Load00086,50,L,6.666667,860600,861000.000020,COMMON_ARBITRARY_ORIGIN_SECONDS,SIMULATED_PRODUCTION_CASE
http://w3id.org/protys/fixture#Load00086_Op2_Subload2,http://w3id.org/protys/fixture#Load00086_Op2,http://w3id.org/protys/fixture#Load00086,50,L,6.666667,861000.000020,861400.000040,COMMON_ARBITRARY_ORIGIN_SECONDS,SIMULATED_PRODUCTION_CASE
http://w3id.org/protys/fixture#Load00086_Op2_Subload3,http://w3id.org/protys/fixture#Load00086_Op2,http://w3id.org/protys/fixture#Load00086,0.8,L,6.666666,861400.000040,861800.000000,COMMON_ARBITRARY_ORIGIN_SECONDS,SIMULATED_PRODUCTION_CASE
http://w3id.org/protys/fixture#Load00087_Op2_Subload1,http://w3id.org/protys/fixture#Load00087_Op2,http://w3id.org/protys/fixture#Load00087,50,L,6.666667,870600,871000.000020,COMMON_ARBITRARY_ORIGIN_SECONDS,SIMULATED_PRODUCTION_CASE
http://w3id.org/protys/fixture#Load00087_Op2_Subload2,http://w3id.org/protys/fixture#Load00087_Op2,http://w3id.org/protys/fixture#Load00087,50,L,6.666667,871000.000020,871400.000040,COMMON_ARBITRARY_ORIGIN_SECONDS,SIMULATED_PRODUCTION_CASE
http://w3id.org/protys/fixture#Load00087_Op2_Subload3,http://w3id.org/protys/fixture#Load00087_Op2,http://w3id.org/protys/fixture#Load00087,48,L,6.666666,871400.000040,871800.000000,COMMON_ARBITRARY_ORIGIN_SECONDS,SIMULATED_PRODUCTION_CASE
http://w3id.org/protys/fixture#Load00088_Op2_Subload1,http://w3id.org/protys/fixture#Load00088_Op2,http://w3id.org/protys/fixture#Load00088,50,L,6.666667,880600,881000.000020,COMMON_ARBITRARY_ORIGIN_SECONDS,SIMULATED_PRODUCTION_CASE
http://w3id.org/protys/fixture#Load00088_Op2_Subload2,http://w3id.org/protys/fixture#Load00088_Op2,http://w3id.org/protys/fixture#Load00088,50,L,6.666667,881000.000020,881400.000040,COMMON_ARBITRARY_ORIGIN_SECONDS,SIMULATED_PRODUCTION_CASE
http://w3id.org/protys/fixture#Load00088_Op2_Subload3,http://w3id.org/protys/fixture#Load00088_Op2,http://w3id.org/protys/fixture#Load00088,7.2,L,6.666666,881400.000040,881800.000000,COMMON_ARBITRARY_ORIGIN_SECONDS,SIMULATED_PRODUCTION_CASE
http://w3id.org/protys/fixture#Load00089_Op2_Subload1,http://w3id.org/protys/fixture#Load00089_Op2,http://w3id.org/protys/fixture#Load00089,50,L,5.000000,890600,890900.000000,COMMON_ARBITRARY_ORIGIN_SECONDS,SIMULATED_PRODUCTION_CASE
http://w3id.org/protys/fixture#Load00089_Op2_Subload2,http://w3id.org/protys/fixture#Load00089_Op2,http://w3id.org/protys/fixture#Load00089,50,L,5.000000,890900.000000,891200.000000,COMMON_ARBITRARY_ORIGIN_SECONDS,SIMULATED_PRODUCTION_CASE
http://w3id.org/protys/fixture#Load00089_Op2_Subload3,http://w3id.org/protys/fixture#Load00089_Op2,http://w3id.org/protys/fixture#Load00089,50,L,5.000000,891200.000000,891500.000000,COMMON_ARBITRARY_ORIGIN_SECONDS,SIMULATED_PRODUCTION_CASE
http://w3id.org/protys/fixture#Load00089_Op2_Subload4,http://w3id.org/protys/fixture#Load00089_Op2,http://w3id.org/protys/fixture#Load00089,1.2,L,5.000000,891500.000000,891800.000000,COMMON_ARBITRARY_ORIGIN_SECONDS,SIMULATED_PRODUCTION_CASE
http://w3id.org/protys/fixture#Load00090_Op2_Subload1,http://w3id.org/protys/fixture#Load00090_Op2,http://w3id.org/protys/fixture#Load00090,50,L,6.666667,900600,901000.000020,COMMON_ARBITRARY_ORIGIN_SECONDS,SIMULATED_PRODUCTION_CASE
http://w3id.org/protys/fixture#Load00090_Op2_Subload2,http://w3id.org/protys/fixture#Load00090_Op2,http://w3id.org/protys/fixture#Load00090,50,L,6.666667,901000.000020,901400.000040,COMMON_ARBITRARY_ORIGIN_SECONDS,SIMULATED_PRODUCTION_CASE
http://w3id.org/protys/fixture#Load00090_Op2_Subload3,http://w3id.org/protys/fixture#Load00090_Op2,http://w3id.org/protys/fixture#Load00090,49.6,L,6.666666,901400.000040,901800.000000,COMMON_ARBITRARY_ORIGIN_SECONDS,SIMULATED_PRODUCTION_CASE
http://w3id.org/protys/fixture#Load00091_Op2_Subload1,http://w3id.org/protys/fixture#Load00091_Op2,http://w3id.org/protys/fixture#Load00091,50,L,6.666667,910600,911000.000020,COMMON_ARBITRARY_ORIGIN_SECONDS,SIMULATED_PRODUCTION_CASE
http://w3id.org/protys/fixture#Load00091_Op2_Subload2,http://w3id.org/protys/fixture#Load00091_Op2,http://w3id.org/protys/fixture#Load00091,50,L,6.666667,911000.000020,911400.000040,COMMON_ARBITRARY_ORIGIN_SECONDS,SIMULATED_PRODUCTION_CASE
http://w3id.org/protys/fixture#Load00091_Op2_Subload3,http://w3id.org/protys/fixture#Load00091_Op2,http://w3id.org/protys/fixture#Load00091,45.6,L,6.666666,911400.000040,911800.000000,COMMON_ARBITRARY_ORIGIN_SECONDS,SIMULATED_PRODUCTION_CASE
http://w3id.org/protys/fixture#Load00092_Op2_Subload1,http://w3id.org/protys/fixture#Load00092_Op2,http://w3id.org/protys/fixture#Load00092,50,L,10.000000,920600,921200.000000,COMMON_ARBITRARY_ORIGIN_SECONDS,SIMULATED_PRODUCTION_CASE
http://w3id.org/protys/fixture#Load00092_Op2_Subload2,http://w3id.org/protys/fixture#Load00092_Op2,http://w3id.org/protys/fixture#Load00092,37.2,L,10.000000,921200.000000,921800.000000,COMMON_ARBITRARY_ORIGIN_SECONDS,SIMULATED_PRODUCTION_CASE
http://w3id.org/protys/fixture#Load00093_Op2_Subload1,http://w3id.org/protys/fixture#Load00093_Op2,http://w3id.org/protys/fixture#Load00093,50,L,6.666667,930600,931000.000020,COMMON_ARBITRARY_ORIGIN_SECONDS,SIMULATED_PRODUCTION_CASE
http://w3id.org/protys/fixture#Load00093_Op2_Subload2,http://w3id.org/protys/fixture#Load00093_Op2,http://w3id.org/protys/fixture#Load00093,50,L,6.666667,931000.000020,931400.000040,COMMON_ARBITRARY_ORIGIN_SECONDS,SIMULATED_PRODUCTION_CASE
http://w3id.org/protys/fixture#Load00093_Op2_Subload3,http://w3id.org/protys/fixture#Load00093_Op2,http://w3id.org/protys/fixture#Load00093,41.6,L,6.666666,931400.000040,931800.000000,COMMON_ARBITRARY_ORIGIN_SECONDS,SIMULATED_PRODUCTION_CASE
http://w3id.org/protys/fixture#Load00094_Op2_Subload1,http://w3id.org/protys/fixture#Load00094_Op2,http://w3id.org/protys/fixture#Load00094,50,L,6.666667,940600,941000.000020,COMMON_ARBITRARY_ORIGIN_SECONDS,SIMULATED_PRODUCTION_CASE
http://w3id.org/protys/fixture#Load00094_Op2_Subload2,http://w3id.org/protys/fixture#Load00094_Op2,http://w3id.org/protys/fixture#Load00094,50,L,6.666667,941000.000020,941400.000040,COMMON_ARBITRARY_ORIGIN_SECONDS,SIMULATED_PRODUCTION_CASE
http://w3id.org/protys/fixture#Load00094_Op2_Subload3,http://w3id.org/protys/fixture#Load00094_Op2,http://w3id.org/protys/fixture#Load00094,44.8,L,6.666666,941400.000040,941800.000000,COMMON_ARBITRARY_ORIGIN_SECONDS,SIMULATED_PRODUCTION_CASE
http://w3id.org/protys/fixture#Load00095_Op2_Subload1,http://w3id.org/protys/fixture#Load00095_Op2,http://w3id.org/protys/fixture#Load00095,50,L,10.000000,950600,951200.000000,COMMON_ARBITRARY_ORIGIN_SECONDS,SIMULATED_PRODUCTION_CASE
http://w3id.org/protys/fixture#Load00095_Op2_Subload2,http://w3id.org/protys/fixture#Load00095_Op2,http://w3id.org/protys/fixture#Load00095,46.8,L,10.000000,951200.000000,951800.000000,COMMON_ARBITRARY_ORIGIN_SECONDS,SIMULATED_PRODUCTION_CASE
http://w3id.org/protys/fixture#Load00096_Op2_Subload1,http://w3id.org/protys/fixture#Load00096_Op2,http://w3id.org/protys/fixture#Load00096,50,L,6.666667,960600,961000.000020,COMMON_ARBITRARY_ORIGIN_SECONDS,SIMULATED_PRODUCTION_CASE
http://w3id.org/protys/fixture#Load00096_Op2_Subload2,http://w3id.org/protys/fixture#Load00096_Op2,http://w3id.org/protys/fixture#Load00096,50,L,6.666667,961000.000020,961400.000040,COMMON_ARBITRARY_ORIGIN_SECONDS,SIMULATED_PRODUCTION_CASE
http://w3id.org/protys/fixture#Load00096_Op2_Subload3,http://w3id.org/protys/fixture#Load00096_Op2,http://w3id.org/protys/fixture#Load00096,34.4,L,6.666666,961400.000040,961800.000000,COMMON_ARBITRARY_ORIGIN_SECONDS,SIMULATED_PRODUCTION_CASE
http://w3id.org/protys/fixture#Load00097_Op2_Subload1,http://w3id.org/protys/fixture#Load00097_Op2,http://w3id.org/protys/fixture#Load00097,50,L,5.000000,970600,970900.000000,COMMON_ARBITRARY_ORIGIN_SECONDS,SIMULATED_PRODUCTION_CASE
http://w3id.org/protys/fixture#Load00097_Op2_Subload2,http://w3id.org/protys/fixture#Load00097_Op2,http://w3id.org/protys/fixture#Load00097,50,L,5.000000,970900.000000,971200.000000,COMMON_ARBITRARY_ORIGIN_SECONDS,SIMULATED_PRODUCTION_CASE
http://w3id.org/protys/fixture#Load00097_Op2_Subload3,http://w3id.org/protys/fixture#Load00097_Op2,http://w3id.org/protys/fixture#Load00097,50,L,5.000000,971200.000000,971500.000000,COMMON_ARBITRARY_ORIGIN_SECONDS,SIMULATED_PRODUCTION_CASE
http://w3id.org/protys/fixture#Load00097_Op2_Subload4,http://w3id.org/protys/fixture#Load00097_Op2,http://w3id.org/protys/fixture#Load00097,4.4,L,5.000000,971500.000000,971800.000000,COMMON_ARBITRARY_ORIGIN_SECONDS,SIMULATED_PRODUCTION_CASE
http://w3id.org/protys/fixture#Load00098_Op2_Subload1,http://w3id.org/protys/fixture#Load00098_Op2,http://w3id.org/protys/fixture#Load00098,50,L,6.666667,980600,981000.000020,COMMON_ARBITRARY_ORIGIN_SECONDS,SIMULATED_PRODUCTION_CASE
http://w3id.org/protys/fixture#Load00098_Op2_Subload2,http://w3id.org/protys/fixture#Load00098_Op2,http://w3id.org/protys/fixture#Load00098,50,L,6.666667,981000.000020,981400.000040,COMMON_ARBITRARY_ORIGIN_SECONDS,SIMULATED_PRODUCTION_CASE
http://w3id.org/protys/fixture#Load00098_Op2_Subload3,http://w3id.org/protys/fixture#Load00098_Op2,http://w3id.org/protys/fixture#Load00098,4.8,L,6.666666,981400.000040,981800.000000,COMMON_ARBITRARY_ORIGIN_SECONDS,SIMULATED_PRODUCTION_CASE
http://w3id.org/protys/fixture#Load00099_Op2_Subload1,http://w3id.org/protys/fixture#Load00099_Op2,http://w3id.org/protys/fixture#Load00099,50,L,10.000000,990600,991200.000000,COMMON_ARBITRARY_ORIGIN_SECONDS,SIMULATED_PRODUCTION_CASE
http://w3id.org/protys/fixture#Load00099_Op2_Subload2,http://w3id.org/protys/fixture#Load00099_Op2,http://w3id.org/protys/fixture#Load00099,46,L,10.000000,991200.000000,991800.000000,COMMON_ARBITRARY_ORIGIN_SECONDS,SIMULATED_PRODUCTION_CASE
http://w3id.org/protys/fixture#Load00100_Op2_Subload1,http://w3id.org/protys/fixture#Load00100_Op2,http://w3id.org/protys/fixture#Load00100,50,L,6.666667,1000600,1001000.000020,COMMON_ARBITRARY_ORIGIN_SECONDS,SIMULATED_PRODUCTION_CASE
http://w3id.org/protys/fixture#Load00100_Op2_Subload2,http://w3id.org/protys/fixture#Load00100_Op2,http://w3id.org/protys/fixture#Load00100,50,L,6.666667,1001000.000020,1001400.000040,COMMON_ARBITRARY_ORIGIN_SECONDS,SIMULATED_PRODUCTION_CASE
http://w3id.org/protys/fixture#Load00100_Op2_Subload3,http://w3id.org/protys/fixture#Load00100_Op2,http://w3id.org/protys/fixture#Load00100,27.2,L,6.666666,1001400.000040,1001800.000000,COMMON_ARBITRARY_ORIGIN_SECONDS,SIMULATED_PRODUCTION_CASE
http://w3id.org/protys/fixture#Load00101_Op2_Subload1,http://w3id.org/protys/fixture#Load00101_Op2,http://w3id.org/protys/fixture#Load00101,50,L,6.666667,1010600,1011000.000020,COMMON_ARBITRARY_ORIGIN_SECONDS,SIMULATED_PRODUCTION_CASE
http://w3id.org/protys/fixture#Load00101_Op2_Subload2,http://w3id.org/protys/fixture#Load00101_Op2,http://w3id.org/protys/fixture#Load00101,50,L,6.666667,1011000.000020,1011400.000040,COMMON_ARBITRARY_ORIGIN_SECONDS,SIMULATED_PRODUCTION_CASE
http://w3id.org/protys/fixture#Load00101_Op2_Subload3,http://w3id.org/protys/fixture#Load00101_Op2,http://w3id.org/protys/fixture#Load00101,18.4,L,6.666666,1011400.000040,1011800.000000,COMMON_ARBITRARY_ORIGIN_SECONDS,SIMULATED_PRODUCTION_CASE
http://w3id.org/protys/fixture#Load00102_Op2_Subload1,http://w3id.org/protys/fixture#Load00102_Op2,http://w3id.org/protys/fixture#Load00102,50,L,6.666667,1020600,1021000.000020,COMMON_ARBITRARY_ORIGIN_SECONDS,SIMULATED_PRODUCTION_CASE
http://w3id.org/protys/fixture#Load00102_Op2_Subload2,http://w3id.org/protys/fixture#Load00102_Op2,http://w3id.org/protys/fixture#Load00102,50,L,6.666667,1021000.000020,1021400.000040,COMMON_ARBITRARY_ORIGIN_SECONDS,SIMULATED_PRODUCTION_CASE
http://w3id.org/protys/fixture#Load00102_Op2_Subload3,http://w3id.org/protys/fixture#Load00102_Op2,http://w3id.org/protys/fixture#Load00102,7.2,L,6.666666,1021400.000040,1021800.000000,COMMON_ARBITRARY_ORIGIN_SECONDS,SIMULATED_PRODUCTION_CASE
http://w3id.org/protys/fixture#Load00103_Op2_Subload1,http://w3id.org/protys/fixture#Load00103_Op2,http://w3id.org/protys/fixture#Load00103,50,L,6.666667,1030600,1031000.000020,COMMON_ARBITRARY_ORIGIN_SECONDS,SIMULATED_PRODUCTION_CASE
http://w3id.org/protys/fixture#Load00103_Op2_Subload2,http://w3id.org/protys/fixture#Load00103_Op2,http://w3id.org/protys/fixture#Load00103,50,L,6.666667,1031000.000020,1031400.000040,COMMON_ARBITRARY_ORIGIN_SECONDS,SIMULATED_PRODUCTION_CASE
http://w3id.org/protys/fixture#Load00103_Op2_Subload3,http://w3id.org/protys/fixture#Load00103_Op2,http://w3id.org/protys/fixture#Load00103,44.8,L,6.666666,1031400.000040,1031800.000000,COMMON_ARBITRARY_ORIGIN_SECONDS,SIMULATED_PRODUCTION_CASE
http://w3id.org/protys/fixture#Load00104_Op2_Subload1,http://w3id.org/protys/fixture#Load00104_Op2,http://w3id.org/protys/fixture#Load00104,50,L,5.000000,1040600,1040900.000000,COMMON_ARBITRARY_ORIGIN_SECONDS,SIMULATED_PRODUCTION_CASE
http://w3id.org/protys/fixture#Load00104_Op2_Subload2,http://w3id.org/protys/fixture#Load00104_Op2,http://w3id.org/protys/fixture#Load00104,50,L,5.000000,1040900.000000,1041200.000000,COMMON_ARBITRARY_ORIGIN_SECONDS,SIMULATED_PRODUCTION_CASE
http://w3id.org/protys/fixture#Load00104_Op2_Subload3,http://w3id.org/protys/fixture#Load00104_Op2,http://w3id.org/protys/fixture#Load00104,50,L,5.000000,1041200.000000,1041500.000000,COMMON_ARBITRARY_ORIGIN_SECONDS,SIMULATED_PRODUCTION_CASE
http://w3id.org/protys/fixture#Load00104_Op2_Subload4,http://w3id.org/protys/fixture#Load00104_Op2,http://w3id.org/protys/fixture#Load00104,0.4,L,5.000000,1041500.000000,1041800.000000,COMMON_ARBITRARY_ORIGIN_SECONDS,SIMULATED_PRODUCTION_CASE
http://w3id.org/protys/fixture#Load00105_Op2_Subload1,http://w3id.org/protys/fixture#Load00105_Op2,http://w3id.org/protys/fixture#Load00105,50,L,6.666667,1050600,1051000.000020,COMMON_ARBITRARY_ORIGIN_SECONDS,SIMULATED_PRODUCTION_CASE
http://w3id.org/protys/fixture#Load00105_Op2_Subload2,http://w3id.org/protys/fixture#Load00105_Op2,http://w3id.org/protys/fixture#Load00105,50,L,6.666667,1051000.000020,1051400.000040,COMMON_ARBITRARY_ORIGIN_SECONDS,SIMULATED_PRODUCTION_CASE
http://w3id.org/protys/fixture#Load00105_Op2_Subload3,http://w3id.org/protys/fixture#Load00105_Op2,http://w3id.org/protys/fixture#Load00105,36.8,L,6.666666,1051400.000040,1051800.000000,COMMON_ARBITRARY_ORIGIN_SECONDS,SIMULATED_PRODUCTION_CASE
http://w3id.org/protys/fixture#Load00106_Op2_Subload1,http://w3id.org/protys/fixture#Load00106_Op2,http://w3id.org/protys/fixture#Load00106,50,L,6.666667,1060600,1061000.000020,COMMON_ARBITRARY_ORIGIN_SECONDS,SIMULATED_PRODUCTION_CASE
http://w3id.org/protys/fixture#Load00106_Op2_Subload2,http://w3id.org/protys/fixture#Load00106_Op2,http://w3id.org/protys/fixture#Load00106,50,L,6.666667,1061000.000020,1061400.000040,COMMON_ARBITRARY_ORIGIN_SECONDS,SIMULATED_PRODUCTION_CASE
http://w3id.org/protys/fixture#Load00106_Op2_Subload3,http://w3id.org/protys/fixture#Load00106_Op2,http://w3id.org/protys/fixture#Load00106,2.4,L,6.666666,1061400.000040,1061800.000000,COMMON_ARBITRARY_ORIGIN_SECONDS,SIMULATED_PRODUCTION_CASE
http://w3id.org/protys/fixture#Load00107_Op2_Subload1,http://w3id.org/protys/fixture#Load00107_Op2,http://w3id.org/protys/fixture#Load00107,50,L,6.666667,1070600,1071000.000020,COMMON_ARBITRARY_ORIGIN_SECONDS,SIMULATED_PRODUCTION_CASE
http://w3id.org/protys/fixture#Load00107_Op2_Subload2,http://w3id.org/protys/fixture#Load00107_Op2,http://w3id.org/protys/fixture#Load00107,50,L,6.666667,1071000.000020,1071400.000040,COMMON_ARBITRARY_ORIGIN_SECONDS,SIMULATED_PRODUCTION_CASE
http://w3id.org/protys/fixture#Load00107_Op2_Subload3,http://w3id.org/protys/fixture#Load00107_Op2,http://w3id.org/protys/fixture#Load00107,49.6,L,6.666666,1071400.000040,1071800.000000,COMMON_ARBITRARY_ORIGIN_SECONDS,SIMULATED_PRODUCTION_CASE
http://w3id.org/protys/fixture#Load00108_Op2_Subload1,http://w3id.org/protys/fixture#Load00108_Op2,http://w3id.org/protys/fixture#Load00108,50,L,6.666667,1080600,1081000.000020,COMMON_ARBITRARY_ORIGIN_SECONDS,SIMULATED_PRODUCTION_CASE
http://w3id.org/protys/fixture#Load00108_Op2_Subload2,http://w3id.org/protys/fixture#Load00108_Op2,http://w3id.org/protys/fixture#Load00108,50,L,6.666667,1081000.000020,1081400.000040,COMMON_ARBITRARY_ORIGIN_SECONDS,SIMULATED_PRODUCTION_CASE
http://w3id.org/protys/fixture#Load00108_Op2_Subload3,http://w3id.org/protys/fixture#Load00108_Op2,http://w3id.org/protys/fixture#Load00108,12.8,L,6.666666,1081400.000040,1081800.000000,COMMON_ARBITRARY_ORIGIN_SECONDS,SIMULATED_PRODUCTION_CASE
http://w3id.org/protys/fixture#Load00109_Op2_Subload1,http://w3id.org/protys/fixture#Load00109_Op2,http://w3id.org/protys/fixture#Load00109,50,L,5.000000,1090600,1090900.000000,COMMON_ARBITRARY_ORIGIN_SECONDS,SIMULATED_PRODUCTION_CASE
http://w3id.org/protys/fixture#Load00109_Op2_Subload2,http://w3id.org/protys/fixture#Load00109_Op2,http://w3id.org/protys/fixture#Load00109,50,L,5.000000,1090900.000000,1091200.000000,COMMON_ARBITRARY_ORIGIN_SECONDS,SIMULATED_PRODUCTION_CASE
http://w3id.org/protys/fixture#Load00109_Op2_Subload3,http://w3id.org/protys/fixture#Load00109_Op2,http://w3id.org/protys/fixture#Load00109,50,L,5.000000,1091200.000000,1091500.000000,COMMON_ARBITRARY_ORIGIN_SECONDS,SIMULATED_PRODUCTION_CASE
http://w3id.org/protys/fixture#Load00109_Op2_Subload4,http://w3id.org/protys/fixture#Load00109_Op2,http://w3id.org/protys/fixture#Load00109,8.4,L,5.000000,1091500.000000,1091800.000000,COMMON_ARBITRARY_ORIGIN_SECONDS,SIMULATED_PRODUCTION_CASE
http://w3id.org/protys/fixture#Load00110_Op2_Subload1,http://w3id.org/protys/fixture#Load00110_Op2,http://w3id.org/protys/fixture#Load00110,50,L,5.000000,1100600,1100900.000000,COMMON_ARBITRARY_ORIGIN_SECONDS,SIMULATED_PRODUCTION_CASE
http://w3id.org/protys/fixture#Load00110_Op2_Subload2,http://w3id.org/protys/fixture#Load00110_Op2,http://w3id.org/protys/fixture#Load00110,50,L,5.000000,1100900.000000,1101200.000000,COMMON_ARBITRARY_ORIGIN_SECONDS,SIMULATED_PRODUCTION_CASE
http://w3id.org/protys/fixture#Load00110_Op2_Subload3,http://w3id.org/protys/fixture#Load00110_Op2,http://w3id.org/protys/fixture#Load00110,50,L,5.000000,1101200.000000,1101500.000000,COMMON_ARBITRARY_ORIGIN_SECONDS,SIMULATED_PRODUCTION_CASE
http://w3id.org/protys/fixture#Load00110_Op2_Subload4,http://w3id.org/protys/fixture#Load00110_Op2,http://w3id.org/protys/fixture#Load00110,9.2,L,5.000000,1101500.000000,1101800.000000,COMMON_ARBITRARY_ORIGIN_SECONDS,SIMULATED_PRODUCTION_CASE
http://w3id.org/protys/fixture#Load00111_Op2_Subload1,http://w3id.org/protys/fixture#Load00111_Op2,http://w3id.org/protys/fixture#Load00111,50,L,10.000000,1110600,1111200.000000,COMMON_ARBITRARY_ORIGIN_SECONDS,SIMULATED_PRODUCTION_CASE
http://w3id.org/protys/fixture#Load00111_Op2_Subload2,http://w3id.org/protys/fixture#Load00111_Op2,http://w3id.org/protys/fixture#Load00111,35.6,L,10.000000,1111200.000000,1111800.000000,COMMON_ARBITRARY_ORIGIN_SECONDS,SIMULATED_PRODUCTION_CASE
http://w3id.org/protys/fixture#Load00112_Op2_Subload1,http://w3id.org/protys/fixture#Load00112_Op2,http://w3id.org/protys/fixture#Load00112,50,L,6.666667,1120600,1121000.000020,COMMON_ARBITRARY_ORIGIN_SECONDS,SIMULATED_PRODUCTION_CASE
http://w3id.org/protys/fixture#Load00112_Op2_Subload2,http://w3id.org/protys/fixture#Load00112_Op2,http://w3id.org/protys/fixture#Load00112,50,L,6.666667,1121000.000020,1121400.000040,COMMON_ARBITRARY_ORIGIN_SECONDS,SIMULATED_PRODUCTION_CASE
http://w3id.org/protys/fixture#Load00112_Op2_Subload3,http://w3id.org/protys/fixture#Load00112_Op2,http://w3id.org/protys/fixture#Load00112,3.2,L,6.666666,1121400.000040,1121800.000000,COMMON_ARBITRARY_ORIGIN_SECONDS,SIMULATED_PRODUCTION_CASE
http://w3id.org/protys/fixture#Load00113_Op2_Subload1,http://w3id.org/protys/fixture#Load00113_Op2,http://w3id.org/protys/fixture#Load00113,50,L,10.000000,1130600,1131200.000000,COMMON_ARBITRARY_ORIGIN_SECONDS,SIMULATED_PRODUCTION_CASE
http://w3id.org/protys/fixture#Load00113_Op2_Subload2,http://w3id.org/protys/fixture#Load00113_Op2,http://w3id.org/protys/fixture#Load00113,33.2,L,10.000000,1131200.000000,1131800.000000,COMMON_ARBITRARY_ORIGIN_SECONDS,SIMULATED_PRODUCTION_CASE
http://w3id.org/protys/fixture#Load00114_Op2_Subload1,http://w3id.org/protys/fixture#Load00114_Op2,http://w3id.org/protys/fixture#Load00114,50,L,6.666667,1140600,1141000.000020,COMMON_ARBITRARY_ORIGIN_SECONDS,SIMULATED_PRODUCTION_CASE
http://w3id.org/protys/fixture#Load00114_Op2_Subload2,http://w3id.org/protys/fixture#Load00114_Op2,http://w3id.org/protys/fixture#Load00114,50,L,6.666667,1141000.000020,1141400.000040,COMMON_ARBITRARY_ORIGIN_SECONDS,SIMULATED_PRODUCTION_CASE
http://w3id.org/protys/fixture#Load00114_Op2_Subload3,http://w3id.org/protys/fixture#Load00114_Op2,http://w3id.org/protys/fixture#Load00114,12,L,6.666666,1141400.000040,1141800.000000,COMMON_ARBITRARY_ORIGIN_SECONDS,SIMULATED_PRODUCTION_CASE
http://w3id.org/protys/fixture#Load00115_Op2_Subload1,http://w3id.org/protys/fixture#Load00115_Op2,http://w3id.org/protys/fixture#Load00115,50,L,6.666667,1150600,1151000.000020,COMMON_ARBITRARY_ORIGIN_SECONDS,SIMULATED_PRODUCTION_CASE
http://w3id.org/protys/fixture#Load00115_Op2_Subload2,http://w3id.org/protys/fixture#Load00115_Op2,http://w3id.org/protys/fixture#Load00115,50,L,6.666667,1151000.000020,1151400.000040,COMMON_ARBITRARY_ORIGIN_SECONDS,SIMULATED_PRODUCTION_CASE
http://w3id.org/protys/fixture#Load00115_Op2_Subload3,http://w3id.org/protys/fixture#Load00115_Op2,http://w3id.org/protys/fixture#Load00115,20.8,L,6.666666,1151400.000040,1151800.000000,COMMON_ARBITRARY_ORIGIN_SECONDS,SIMULATED_PRODUCTION_CASE
http://w3id.org/protys/fixture#Load00116_Op2_Subload1,http://w3id.org/protys/fixture#Load00116_Op2,http://w3id.org/protys/fixture#Load00116,50,L,6.666667,1160600,1161000.000020,COMMON_ARBITRARY_ORIGIN_SECONDS,SIMULATED_PRODUCTION_CASE
http://w3id.org/protys/fixture#Load00116_Op2_Subload2,http://w3id.org/protys/fixture#Load00116_Op2,http://w3id.org/protys/fixture#Load00116,50,L,6.666667,1161000.000020,1161400.000040,COMMON_ARBITRARY_ORIGIN_SECONDS,SIMULATED_PRODUCTION_CASE
http://w3id.org/protys/fixture#Load00116_Op2_Subload3,http://w3id.org/protys/fixture#Load00116_Op2,http://w3id.org/protys/fixture#Load00116,7.2,L,6.666666,1161400.000040,1161800.000000,COMMON_ARBITRARY_ORIGIN_SECONDS,SIMULATED_PRODUCTION_CASE
http://w3id.org/protys/fixture#Load00117_Op2_Subload1,http://w3id.org/protys/fixture#Load00117_Op2,http://w3id.org/protys/fixture#Load00117,50,L,10.000000,1170600,1171200.000000,COMMON_ARBITRARY_ORIGIN_SECONDS,SIMULATED_PRODUCTION_CASE
http://w3id.org/protys/fixture#Load00117_Op2_Subload2,http://w3id.org/protys/fixture#Load00117_Op2,http://w3id.org/protys/fixture#Load00117,36.4,L,10.000000,1171200.000000,1171800.000000,COMMON_ARBITRARY_ORIGIN_SECONDS,SIMULATED_PRODUCTION_CASE
http://w3id.org/protys/fixture#Load00118_Op2_Subload1,http://w3id.org/protys/fixture#Load00118_Op2,http://w3id.org/protys/fixture#Load00118,50,L,6.666667,1180600,1181000.000020,COMMON_ARBITRARY_ORIGIN_SECONDS,SIMULATED_PRODUCTION_CASE
http://w3id.org/protys/fixture#Load00118_Op2_Subload2,http://w3id.org/protys/fixture#Load00118_Op2,http://w3id.org/protys/fixture#Load00118,50,L,6.666667,1181000.000020,1181400.000040,COMMON_ARBITRARY_ORIGIN_SECONDS,SIMULATED_PRODUCTION_CASE
http://w3id.org/protys/fixture#Load00118_Op2_Subload3,http://w3id.org/protys/fixture#Load00118_Op2,http://w3id.org/protys/fixture#Load00118,1.6,L,6.666666,1181400.000040,1181800.000000,COMMON_ARBITRARY_ORIGIN_SECONDS,SIMULATED_PRODUCTION_CASE
http://w3id.org/protys/fixture#Load00119_Op2_Subload1,http://w3id.org/protys/fixture#Load00119_Op2,http://w3id.org/protys/fixture#Load00119,50,L,6.666667,1190600,1191000.000020,COMMON_ARBITRARY_ORIGIN_SECONDS,SIMULATED_PRODUCTION_CASE
http://w3id.org/protys/fixture#Load00119_Op2_Subload2,http://w3id.org/protys/fixture#Load00119_Op2,http://w3id.org/protys/fixture#Load00119,50,L,6.666667,1191000.000020,1191400.000040,COMMON_ARBITRARY_ORIGIN_SECONDS,SIMULATED_PRODUCTION_CASE
http://w3id.org/protys/fixture#Load00119_Op2_Subload3,http://w3id.org/protys/fixture#Load00119_Op2,http://w3id.org/protys/fixture#Load00119,37.6,L,6.666666,1191400.000040,1191800.000000,COMMON_ARBITRARY_ORIGIN_SECONDS,SIMULATED_PRODUCTION_CASE
http://w3id.org/protys/fixture#Load00120_Op2_Subload1,http://w3id.org/protys/fixture#Load00120_Op2,http://w3id.org/protys/fixture#Load00120,50,L,5.000000,1200600,1200900.000000,COMMON_ARBITRARY_ORIGIN_SECONDS,SIMULATED_PRODUCTION_CASE
http://w3id.org/protys/fixture#Load00120_Op2_Subload2,http://w3id.org/protys/fixture#Load00120_Op2,http://w3id.org/protys/fixture#Load00120,50,L,5.000000,1200900.000000,1201200.000000,COMMON_ARBITRARY_ORIGIN_SECONDS,SIMULATED_PRODUCTION_CASE
http://w3id.org/protys/fixture#Load00120_Op2_Subload3,http://w3id.org/protys/fixture#Load00120_Op2,http://w3id.org/protys/fixture#Load00120,50,L,5.000000,1201200.000000,1201500.000000,COMMON_ARBITRARY_ORIGIN_SECONDS,SIMULATED_PRODUCTION_CASE
http://w3id.org/protys/fixture#Load00120_Op2_Subload4,http://w3id.org/protys/fixture#Load00120_Op2,http://w3id.org/protys/fixture#Load00120,2.8,L,5.000000,1201500.000000,1201800.000000,COMMON_ARBITRARY_ORIGIN_SECONDS,SIMULATED_PRODUCTION_CASE
http://w3id.org/protys/fixture#Load00121_Op2_Subload1,http://w3id.org/protys/fixture#Load00121_Op2,http://w3id.org/protys/fixture#Load00121,50,L,6.666667,1210600,1211000.000020,COMMON_ARBITRARY_ORIGIN_SECONDS,SIMULATED_PRODUCTION_CASE
http://w3id.org/protys/fixture#Load00121_Op2_Subload2,http://w3id.org/protys/fixture#Load00121_Op2,http://w3id.org/protys/fixture#Load00121,50,L,6.666667,1211000.000020,1211400.000040,COMMON_ARBITRARY_ORIGIN_SECONDS,SIMULATED_PRODUCTION_CASE
http://w3id.org/protys/fixture#Load00121_Op2_Subload3,http://w3id.org/protys/fixture#Load00121_Op2,http://w3id.org/protys/fixture#Load00121,12,L,6.666666,1211400.000040,1211800.000000,COMMON_ARBITRARY_ORIGIN_SECONDS,SIMULATED_PRODUCTION_CASE
http://w3id.org/protys/fixture#Load00122_Op2_Subload1,http://w3id.org/protys/fixture#Load00122_Op2,http://w3id.org/protys/fixture#Load00122,50,L,6.666667,1220600,1221000.000020,COMMON_ARBITRARY_ORIGIN_SECONDS,SIMULATED_PRODUCTION_CASE
http://w3id.org/protys/fixture#Load00122_Op2_Subload2,http://w3id.org/protys/fixture#Load00122_Op2,http://w3id.org/protys/fixture#Load00122,50,L,6.666667,1221000.000020,1221400.000040,COMMON_ARBITRARY_ORIGIN_SECONDS,SIMULATED_PRODUCTION_CASE
http://w3id.org/protys/fixture#Load00122_Op2_Subload3,http://w3id.org/protys/fixture#Load00122_Op2,http://w3id.org/protys/fixture#Load00122,1.6,L,6.666666,1221400.000040,1221800.000000,COMMON_ARBITRARY_ORIGIN_SECONDS,SIMULATED_PRODUCTION_CASE
http://w3id.org/protys/fixture#Load00123_Op2_Subload1,http://w3id.org/protys/fixture#Load00123_Op2,http://w3id.org/protys/fixture#Load00123,50,L,6.666667,1230600,1231000.000020,COMMON_ARBITRARY_ORIGIN_SECONDS,SIMULATED_PRODUCTION_CASE
http://w3id.org/protys/fixture#Load00123_Op2_Subload2,http://w3id.org/protys/fixture#Load00123_Op2,http://w3id.org/protys/fixture#Load00123,50,L,6.666667,1231000.000020,1231400.000040,COMMON_ARBITRARY_ORIGIN_SECONDS,SIMULATED_PRODUCTION_CASE
http://w3id.org/protys/fixture#Load00123_Op2_Subload3,http://w3id.org/protys/fixture#Load00123_Op2,http://w3id.org/protys/fixture#Load00123,46.4,L,6.666666,1231400.000040,1231800.000000,COMMON_ARBITRARY_ORIGIN_SECONDS,SIMULATED_PRODUCTION_CASE
http://w3id.org/protys/fixture#Load00124_Op2_Subload1,http://w3id.org/protys/fixture#Load00124_Op2,http://w3id.org/protys/fixture#Load00124,50,L,6.666667,1240600,1241000.000020,COMMON_ARBITRARY_ORIGIN_SECONDS,SIMULATED_PRODUCTION_CASE
http://w3id.org/protys/fixture#Load00124_Op2_Subload2,http://w3id.org/protys/fixture#Load00124_Op2,http://w3id.org/protys/fixture#Load00124,50,L,6.666667,1241000.000020,1241400.000040,COMMON_ARBITRARY_ORIGIN_SECONDS,SIMULATED_PRODUCTION_CASE
http://w3id.org/protys/fixture#Load00124_Op2_Subload3,http://w3id.org/protys/fixture#Load00124_Op2,http://w3id.org/protys/fixture#Load00124,30.4,L,6.666666,1241400.000040,1241800.000000,COMMON_ARBITRARY_ORIGIN_SECONDS,SIMULATED_PRODUCTION_CASE
http://w3id.org/protys/fixture#Load00125_Op2_Subload1,http://w3id.org/protys/fixture#Load00125_Op2,http://w3id.org/protys/fixture#Load00125,50,L,6.666667,1250600,1251000.000020,COMMON_ARBITRARY_ORIGIN_SECONDS,SIMULATED_PRODUCTION_CASE
http://w3id.org/protys/fixture#Load00125_Op2_Subload2,http://w3id.org/protys/fixture#Load00125_Op2,http://w3id.org/protys/fixture#Load00125,50,L,6.666667,1251000.000020,1251400.000040,COMMON_ARBITRARY_ORIGIN_SECONDS,SIMULATED_PRODUCTION_CASE
http://w3id.org/protys/fixture#Load00125_Op2_Subload3,http://w3id.org/protys/fixture#Load00125_Op2,http://w3id.org/protys/fixture#Load00125,20,L,6.666666,1251400.000040,1251800.000000,COMMON_ARBITRARY_ORIGIN_SECONDS,SIMULATED_PRODUCTION_CASE
http://w3id.org/protys/fixture#Load00126_Op2_Subload1,http://w3id.org/protys/fixture#Load00126_Op2,http://w3id.org/protys/fixture#Load00126,50,L,6.666667,1260600,1261000.000020,COMMON_ARBITRARY_ORIGIN_SECONDS,SIMULATED_PRODUCTION_CASE
http://w3id.org/protys/fixture#Load00126_Op2_Subload2,http://w3id.org/protys/fixture#Load00126_Op2,http://w3id.org/protys/fixture#Load00126,50,L,6.666667,1261000.000020,1261400.000040,COMMON_ARBITRARY_ORIGIN_SECONDS,SIMULATED_PRODUCTION_CASE
http://w3id.org/protys/fixture#Load00126_Op2_Subload3,http://w3id.org/protys/fixture#Load00126_Op2,http://w3id.org/protys/fixture#Load00126,45.6,L,6.666666,1261400.000040,1261800.000000,COMMON_ARBITRARY_ORIGIN_SECONDS,SIMULATED_PRODUCTION_CASE
http://w3id.org/protys/fixture#Load00127_Op2_Subload1,http://w3id.org/protys/fixture#Load00127_Op2,http://w3id.org/protys/fixture#Load00127,50,L,6.666667,1270600,1271000.000020,COMMON_ARBITRARY_ORIGIN_SECONDS,SIMULATED_PRODUCTION_CASE
http://w3id.org/protys/fixture#Load00127_Op2_Subload2,http://w3id.org/protys/fixture#Load00127_Op2,http://w3id.org/protys/fixture#Load00127,50,L,6.666667,1271000.000020,1271400.000040,COMMON_ARBITRARY_ORIGIN_SECONDS,SIMULATED_PRODUCTION_CASE
http://w3id.org/protys/fixture#Load00127_Op2_Subload3,http://w3id.org/protys/fixture#Load00127_Op2,http://w3id.org/protys/fixture#Load00127,26.4,L,6.666666,1271400.000040,1271800.000000,COMMON_ARBITRARY_ORIGIN_SECONDS,SIMULATED_PRODUCTION_CASE
http://w3id.org/protys/fixture#Load00128_Op2_Subload1,http://w3id.org/protys/fixture#Load00128_Op2,http://w3id.org/protys/fixture#Load00128,50,L,10.000000,1280600,1281200.000000,COMMON_ARBITRARY_ORIGIN_SECONDS,SIMULATED_PRODUCTION_CASE
http://w3id.org/protys/fixture#Load00128_Op2_Subload2,http://w3id.org/protys/fixture#Load00128_Op2,http://w3id.org/protys/fixture#Load00128,44.4,L,10.000000,1281200.000000,1281800.000000,COMMON_ARBITRARY_ORIGIN_SECONDS,SIMULATED_PRODUCTION_CASE
http://w3id.org/protys/fixture#Load00129_Op2_Subload1,http://w3id.org/protys/fixture#Load00129_Op2,http://w3id.org/protys/fixture#Load00129,50,L,6.666667,1290600,1291000.000020,COMMON_ARBITRARY_ORIGIN_SECONDS,SIMULATED_PRODUCTION_CASE
http://w3id.org/protys/fixture#Load00129_Op2_Subload2,http://w3id.org/protys/fixture#Load00129_Op2,http://w3id.org/protys/fixture#Load00129,50,L,6.666667,1291000.000020,1291400.000040,COMMON_ARBITRARY_ORIGIN_SECONDS,SIMULATED_PRODUCTION_CASE
http://w3id.org/protys/fixture#Load00129_Op2_Subload3,http://w3id.org/protys/fixture#Load00129_Op2,http://w3id.org/protys/fixture#Load00129,6.4,L,6.666666,1291400.000040,1291800.000000,COMMON_ARBITRARY_ORIGIN_SECONDS,SIMULATED_PRODUCTION_CASE
http://w3id.org/protys/fixture#Load00130_Op2_Subload1,http://w3id.org/protys/fixture#Load00130_Op2,http://w3id.org/protys/fixture#Load00130,50,L,10.000000,1300600,1301200.000000,COMMON_ARBITRARY_ORIGIN_SECONDS,SIMULATED_PRODUCTION_CASE
http://w3id.org/protys/fixture#Load00130_Op2_Subload2,http://w3id.org/protys/fixture#Load00130_Op2,http://w3id.org/protys/fixture#Load00130,43.6,L,10.000000,1301200.000000,1301800.000000,COMMON_ARBITRARY_ORIGIN_SECONDS,SIMULATED_PRODUCTION_CASE
http://w3id.org/protys/fixture#Load00131_Op2_Subload1,http://w3id.org/protys/fixture#Load00131_Op2,http://w3id.org/protys/fixture#Load00131,50,L,6.666667,1310600,1311000.000020,COMMON_ARBITRARY_ORIGIN_SECONDS,SIMULATED_PRODUCTION_CASE
http://w3id.org/protys/fixture#Load00131_Op2_Subload2,http://w3id.org/protys/fixture#Load00131_Op2,http://w3id.org/protys/fixture#Load00131,50,L,6.666667,1311000.000020,1311400.000040,COMMON_ARBITRARY_ORIGIN_SECONDS,SIMULATED_PRODUCTION_CASE
http://w3id.org/protys/fixture#Load00131_Op2_Subload3,http://w3id.org/protys/fixture#Load00131_Op2,http://w3id.org/protys/fixture#Load00131,4.8,L,6.666666,1311400.000040,1311800.000000,COMMON_ARBITRARY_ORIGIN_SECONDS,SIMULATED_PRODUCTION_CASE
http://w3id.org/protys/fixture#Load00132_Op2_Subload1,http://w3id.org/protys/fixture#Load00132_Op2,http://w3id.org/protys/fixture#Load00132,50,L,5.000000,1320600,1320900.000000,COMMON_ARBITRARY_ORIGIN_SECONDS,SIMULATED_PRODUCTION_CASE
http://w3id.org/protys/fixture#Load00132_Op2_Subload2,http://w3id.org/protys/fixture#Load00132_Op2,http://w3id.org/protys/fixture#Load00132,50,L,5.000000,1320900.000000,1321200.000000,COMMON_ARBITRARY_ORIGIN_SECONDS,SIMULATED_PRODUCTION_CASE
http://w3id.org/protys/fixture#Load00132_Op2_Subload3,http://w3id.org/protys/fixture#Load00132_Op2,http://w3id.org/protys/fixture#Load00132,50,L,5.000000,1321200.000000,1321500.000000,COMMON_ARBITRARY_ORIGIN_SECONDS,SIMULATED_PRODUCTION_CASE
http://w3id.org/protys/fixture#Load00132_Op2_Subload4,http://w3id.org/protys/fixture#Load00132_Op2,http://w3id.org/protys/fixture#Load00132,6,L,5.000000,1321500.000000,1321800.000000,COMMON_ARBITRARY_ORIGIN_SECONDS,SIMULATED_PRODUCTION_CASE
http://w3id.org/protys/fixture#Load00133_Op2_Subload1,http://w3id.org/protys/fixture#Load00133_Op2,http://w3id.org/protys/fixture#Load00133,50,L,6.666667,1330600,1331000.000020,COMMON_ARBITRARY_ORIGIN_SECONDS,SIMULATED_PRODUCTION_CASE
http://w3id.org/protys/fixture#Load00133_Op2_Subload2,http://w3id.org/protys/fixture#Load00133_Op2,http://w3id.org/protys/fixture#Load00133,50,L,6.666667,1331000.000020,1331400.000040,COMMON_ARBITRARY_ORIGIN_SECONDS,SIMULATED_PRODUCTION_CASE
http://w3id.org/protys/fixture#Load00133_Op2_Subload3,http://w3id.org/protys/fixture#Load00133_Op2,http://w3id.org/protys/fixture#Load00133,36.8,L,6.666666,1331400.000040,1331800.000000,COMMON_ARBITRARY_ORIGIN_SECONDS,SIMULATED_PRODUCTION_CASE
http://w3id.org/protys/fixture#Load00134_Op2_Subload1,http://w3id.org/protys/fixture#Load00134_Op2,http://w3id.org/protys/fixture#Load00134,50,L,6.666667,1340600,1341000.000020,COMMON_ARBITRARY_ORIGIN_SECONDS,SIMULATED_PRODUCTION_CASE
http://w3id.org/protys/fixture#Load00134_Op2_Subload2,http://w3id.org/protys/fixture#Load00134_Op2,http://w3id.org/protys/fixture#Load00134,50,L,6.666667,1341000.000020,1341400.000040,COMMON_ARBITRARY_ORIGIN_SECONDS,SIMULATED_PRODUCTION_CASE
http://w3id.org/protys/fixture#Load00134_Op2_Subload3,http://w3id.org/protys/fixture#Load00134_Op2,http://w3id.org/protys/fixture#Load00134,34.4,L,6.666666,1341400.000040,1341800.000000,COMMON_ARBITRARY_ORIGIN_SECONDS,SIMULATED_PRODUCTION_CASE
http://w3id.org/protys/fixture#Load00135_Op2_Subload1,http://w3id.org/protys/fixture#Load00135_Op2,http://w3id.org/protys/fixture#Load00135,50,L,6.666667,1350600,1351000.000020,COMMON_ARBITRARY_ORIGIN_SECONDS,SIMULATED_PRODUCTION_CASE
http://w3id.org/protys/fixture#Load00135_Op2_Subload2,http://w3id.org/protys/fixture#Load00135_Op2,http://w3id.org/protys/fixture#Load00135,50,L,6.666667,1351000.000020,1351400.000040,COMMON_ARBITRARY_ORIGIN_SECONDS,SIMULATED_PRODUCTION_CASE
http://w3id.org/protys/fixture#Load00135_Op2_Subload3,http://w3id.org/protys/fixture#Load00135_Op2,http://w3id.org/protys/fixture#Load00135,6.4,L,6.666666,1351400.000040,1351800.000000,COMMON_ARBITRARY_ORIGIN_SECONDS,SIMULATED_PRODUCTION_CASE
http://w3id.org/protys/fixture#Load00136_Op2_Subload1,http://w3id.org/protys/fixture#Load00136_Op2,http://w3id.org/protys/fixture#Load00136,50,L,5.000000,1360600,1360900.000000,COMMON_ARBITRARY_ORIGIN_SECONDS,SIMULATED_PRODUCTION_CASE
http://w3id.org/protys/fixture#Load00136_Op2_Subload2,http://w3id.org/protys/fixture#Load00136_Op2,http://w3id.org/protys/fixture#Load00136,50,L,5.000000,1360900.000000,1361200.000000,COMMON_ARBITRARY_ORIGIN_SECONDS,SIMULATED_PRODUCTION_CASE
http://w3id.org/protys/fixture#Load00136_Op2_Subload3,http://w3id.org/protys/fixture#Load00136_Op2,http://w3id.org/protys/fixture#Load00136,50,L,5.000000,1361200.000000,1361500.000000,COMMON_ARBITRARY_ORIGIN_SECONDS,SIMULATED_PRODUCTION_CASE
http://w3id.org/protys/fixture#Load00136_Op2_Subload4,http://w3id.org/protys/fixture#Load00136_Op2,http://w3id.org/protys/fixture#Load00136,6,L,5.000000,1361500.000000,1361800.000000,COMMON_ARBITRARY_ORIGIN_SECONDS,SIMULATED_PRODUCTION_CASE
http://w3id.org/protys/fixture#Load00137_Op2_Subload1,http://w3id.org/protys/fixture#Load00137_Op2,http://w3id.org/protys/fixture#Load00137,50,L,6.666667,1370600,1371000.000020,COMMON_ARBITRARY_ORIGIN_SECONDS,SIMULATED_PRODUCTION_CASE
http://w3id.org/protys/fixture#Load00137_Op2_Subload2,http://w3id.org/protys/fixture#Load00137_Op2,http://w3id.org/protys/fixture#Load00137,50,L,6.666667,1371000.000020,1371400.000040,COMMON_ARBITRARY_ORIGIN_SECONDS,SIMULATED_PRODUCTION_CASE
http://w3id.org/protys/fixture#Load00137_Op2_Subload3,http://w3id.org/protys/fixture#Load00137_Op2,http://w3id.org/protys/fixture#Load00137,39.2,L,6.666666,1371400.000040,1371800.000000,COMMON_ARBITRARY_ORIGIN_SECONDS,SIMULATED_PRODUCTION_CASE
http://w3id.org/protys/fixture#Load00138_Op2_Subload1,http://w3id.org/protys/fixture#Load00138_Op2,http://w3id.org/protys/fixture#Load00138,50,L,6.666667,1380600,1381000.000020,COMMON_ARBITRARY_ORIGIN_SECONDS,SIMULATED_PRODUCTION_CASE
http://w3id.org/protys/fixture#Load00138_Op2_Subload2,http://w3id.org/protys/fixture#Load00138_Op2,http://w3id.org/protys/fixture#Load00138,50,L,6.666667,1381000.000020,1381400.000040,COMMON_ARBITRARY_ORIGIN_SECONDS,SIMULATED_PRODUCTION_CASE
http://w3id.org/protys/fixture#Load00138_Op2_Subload3,http://w3id.org/protys/fixture#Load00138_Op2,http://w3id.org/protys/fixture#Load00138,23.2,L,6.666666,1381400.000040,1381800.000000,COMMON_ARBITRARY_ORIGIN_SECONDS,SIMULATED_PRODUCTION_CASE
http://w3id.org/protys/fixture#Load00139_Op2_Subload1,http://w3id.org/protys/fixture#Load00139_Op2,http://w3id.org/protys/fixture#Load00139,50,L,6.666667,1390600,1391000.000020,COMMON_ARBITRARY_ORIGIN_SECONDS,SIMULATED_PRODUCTION_CASE
http://w3id.org/protys/fixture#Load00139_Op2_Subload2,http://w3id.org/protys/fixture#Load00139_Op2,http://w3id.org/protys/fixture#Load00139,50,L,6.666667,1391000.000020,1391400.000040,COMMON_ARBITRARY_ORIGIN_SECONDS,SIMULATED_PRODUCTION_CASE
http://w3id.org/protys/fixture#Load00139_Op2_Subload3,http://w3id.org/protys/fixture#Load00139_Op2,http://w3id.org/protys/fixture#Load00139,39.2,L,6.666666,1391400.000040,1391800.000000,COMMON_ARBITRARY_ORIGIN_SECONDS,SIMULATED_PRODUCTION_CASE
http://w3id.org/protys/fixture#Load00140_Op2_Subload1,http://w3id.org/protys/fixture#Load00140_Op2,http://w3id.org/protys/fixture#Load00140,50,L,6.666667,1400600,1401000.000020,COMMON_ARBITRARY_ORIGIN_SECONDS,SIMULATED_PRODUCTION_CASE
http://w3id.org/protys/fixture#Load00140_Op2_Subload2,http://w3id.org/protys/fixture#Load00140_Op2,http://w3id.org/protys/fixture#Load00140,50,L,6.666667,1401000.000020,1401400.000040,COMMON_ARBITRARY_ORIGIN_SECONDS,SIMULATED_PRODUCTION_CASE
http://w3id.org/protys/fixture#Load00140_Op2_Subload3,http://w3id.org/protys/fixture#Load00140_Op2,http://w3id.org/protys/fixture#Load00140,20.8,L,6.666666,1401400.000040,1401800.000000,COMMON_ARBITRARY_ORIGIN_SECONDS,SIMULATED_PRODUCTION_CASE
http://w3id.org/protys/fixture#Load00141_Op2_Subload1,http://w3id.org/protys/fixture#Load00141_Op2,http://w3id.org/protys/fixture#Load00141,50,L,6.666667,1410600,1411000.000020,COMMON_ARBITRARY_ORIGIN_SECONDS,SIMULATED_PRODUCTION_CASE
http://w3id.org/protys/fixture#Load00141_Op2_Subload2,http://w3id.org/protys/fixture#Load00141_Op2,http://w3id.org/protys/fixture#Load00141,50,L,6.666667,1411000.000020,1411400.000040,COMMON_ARBITRARY_ORIGIN_SECONDS,SIMULATED_PRODUCTION_CASE
http://w3id.org/protys/fixture#Load00141_Op2_Subload3,http://w3id.org/protys/fixture#Load00141_Op2,http://w3id.org/protys/fixture#Load00141,16.8,L,6.666666,1411400.000040,1411800.000000,COMMON_ARBITRARY_ORIGIN_SECONDS,SIMULATED_PRODUCTION_CASE
http://w3id.org/protys/fixture#Load00142_Op2_Subload1,http://w3id.org/protys/fixture#Load00142_Op2,http://w3id.org/protys/fixture#Load00142,50,L,6.666667,1420600,1421000.000020,COMMON_ARBITRARY_ORIGIN_SECONDS,SIMULATED_PRODUCTION_CASE
http://w3id.org/protys/fixture#Load00142_Op2_Subload2,http://w3id.org/protys/fixture#Load00142_Op2,http://w3id.org/protys/fixture#Load00142,50,L,6.666667,1421000.000020,1421400.000040,COMMON_ARBITRARY_ORIGIN_SECONDS,SIMULATED_PRODUCTION_CASE
http://w3id.org/protys/fixture#Load00142_Op2_Subload3,http://w3id.org/protys/fixture#Load00142_Op2,http://w3id.org/protys/fixture#Load00142,2.4,L,6.666666,1421400.000040,1421800.000000,COMMON_ARBITRARY_ORIGIN_SECONDS,SIMULATED_PRODUCTION_CASE
http://w3id.org/protys/fixture#Load00143_Op2_Subload1,http://w3id.org/protys/fixture#Load00143_Op2,http://w3id.org/protys/fixture#Load00143,50,L,10.000000,1430600,1431200.000000,COMMON_ARBITRARY_ORIGIN_SECONDS,SIMULATED_PRODUCTION_CASE
http://w3id.org/protys/fixture#Load00143_Op2_Subload2,http://w3id.org/protys/fixture#Load00143_Op2,http://w3id.org/protys/fixture#Load00143,43.6,L,10.000000,1431200.000000,1431800.000000,COMMON_ARBITRARY_ORIGIN_SECONDS,SIMULATED_PRODUCTION_CASE
http://w3id.org/protys/fixture#Load00144_Op2_Subload1,http://w3id.org/protys/fixture#Load00144_Op2,http://w3id.org/protys/fixture#Load00144,50,L,6.666667,1440600,1441000.000020,COMMON_ARBITRARY_ORIGIN_SECONDS,SIMULATED_PRODUCTION_CASE
http://w3id.org/protys/fixture#Load00144_Op2_Subload2,http://w3id.org/protys/fixture#Load00144_Op2,http://w3id.org/protys/fixture#Load00144,50,L,6.666667,1441000.000020,1441400.000040,COMMON_ARBITRARY_ORIGIN_SECONDS,SIMULATED_PRODUCTION_CASE
http://w3id.org/protys/fixture#Load00144_Op2_Subload3,http://w3id.org/protys/fixture#Load00144_Op2,http://w3id.org/protys/fixture#Load00144,32,L,6.666666,1441400.000040,1441800.000000,COMMON_ARBITRARY_ORIGIN_SECONDS,SIMULATED_PRODUCTION_CASE
http://w3id.org/protys/fixture#Load00145_Op2_Subload1,http://w3id.org/protys/fixture#Load00145_Op2,http://w3id.org/protys/fixture#Load00145,50,L,6.666667,1450600,1451000.000020,COMMON_ARBITRARY_ORIGIN_SECONDS,SIMULATED_PRODUCTION_CASE
http://w3id.org/protys/fixture#Load00145_Op2_Subload2,http://w3id.org/protys/fixture#Load00145_Op2,http://w3id.org/protys/fixture#Load00145,50,L,6.666667,1451000.000020,1451400.000040,COMMON_ARBITRARY_ORIGIN_SECONDS,SIMULATED_PRODUCTION_CASE
http://w3id.org/protys/fixture#Load00145_Op2_Subload3,http://w3id.org/protys/fixture#Load00145_Op2,http://w3id.org/protys/fixture#Load00145,30.4,L,6.666666,1451400.000040,1451800.000000,COMMON_ARBITRARY_ORIGIN_SECONDS,SIMULATED_PRODUCTION_CASE
http://w3id.org/protys/fixture#Load00146_Op2_Subload1,http://w3id.org/protys/fixture#Load00146_Op2,http://w3id.org/protys/fixture#Load00146,50,L,10.000000,1460600,1461200.000000,COMMON_ARBITRARY_ORIGIN_SECONDS,SIMULATED_PRODUCTION_CASE
http://w3id.org/protys/fixture#Load00146_Op2_Subload2,http://w3id.org/protys/fixture#Load00146_Op2,http://w3id.org/protys/fixture#Load00146,38.8,L,10.000000,1461200.000000,1461800.000000,COMMON_ARBITRARY_ORIGIN_SECONDS,SIMULATED_PRODUCTION_CASE
http://w3id.org/protys/fixture#Load00147_Op2_Subload1,http://w3id.org/protys/fixture#Load00147_Op2,http://w3id.org/protys/fixture#Load00147,50,L,5.000000,1470600,1470900.000000,COMMON_ARBITRARY_ORIGIN_SECONDS,SIMULATED_PRODUCTION_CASE
http://w3id.org/protys/fixture#Load00147_Op2_Subload2,http://w3id.org/protys/fixture#Load00147_Op2,http://w3id.org/protys/fixture#Load00147,50,L,5.000000,1470900.000000,1471200.000000,COMMON_ARBITRARY_ORIGIN_SECONDS,SIMULATED_PRODUCTION_CASE
http://w3id.org/protys/fixture#Load00147_Op2_Subload3,http://w3id.org/protys/fixture#Load00147_Op2,http://w3id.org/protys/fixture#Load00147,50,L,5.000000,1471200.000000,1471500.000000,COMMON_ARBITRARY_ORIGIN_SECONDS,SIMULATED_PRODUCTION_CASE
http://w3id.org/protys/fixture#Load00147_Op2_Subload4,http://w3id.org/protys/fixture#Load00147_Op2,http://w3id.org/protys/fixture#Load00147,6.8,L,5.000000,1471500.000000,1471800.000000,COMMON_ARBITRARY_ORIGIN_SECONDS,SIMULATED_PRODUCTION_CASE
http://w3id.org/protys/fixture#Load00148_Op2_Subload1,http://w3id.org/protys/fixture#Load00148_Op2,http://w3id.org/protys/fixture#Load00148,50,L,10.000000,1480600,1481200.000000,COMMON_ARBITRARY_ORIGIN_SECONDS,SIMULATED_PRODUCTION_CASE
http://w3id.org/protys/fixture#Load00148_Op2_Subload2,http://w3id.org/protys/fixture#Load00148_Op2,http://w3id.org/protys/fixture#Load00148,34.8,L,10.000000,1481200.000000,1481800.000000,COMMON_ARBITRARY_ORIGIN_SECONDS,SIMULATED_PRODUCTION_CASE
http://w3id.org/protys/fixture#Load00149_Op2_Subload1,http://w3id.org/protys/fixture#Load00149_Op2,http://w3id.org/protys/fixture#Load00149,50,L,10.000000,1490600,1491200.000000,COMMON_ARBITRARY_ORIGIN_SECONDS,SIMULATED_PRODUCTION_CASE
http://w3id.org/protys/fixture#Load00149_Op2_Subload2,http://w3id.org/protys/fixture#Load00149_Op2,http://w3id.org/protys/fixture#Load00149,41.2,L,10.000000,1491200.000000,1491800.000000,COMMON_ARBITRARY_ORIGIN_SECONDS,SIMULATED_PRODUCTION_CASE
http://w3id.org/protys/fixture#Load00150_Op2_Subload1,http://w3id.org/protys/fixture#Load00150_Op2,http://w3id.org/protys/fixture#Load00150,50,L,10.000000,1500600,1501200.000000,COMMON_ARBITRARY_ORIGIN_SECONDS,SIMULATED_PRODUCTION_CASE
http://w3id.org/protys/fixture#Load00150_Op2_Subload2,http://w3id.org/protys/fixture#Load00150_Op2,http://w3id.org/protys/fixture#Load00150,45.2,L,10.000000,1501200.000000,1501800.000000,COMMON_ARBITRARY_ORIGIN_SECONDS,SIMULATED_PRODUCTION_CASE
http://w3id.org/protys/fixture#Load00151_Op2_Subload1,http://w3id.org/protys/fixture#Load00151_Op2,http://w3id.org/protys/fixture#Load00151,50,L,6.666667,1510600,1511000.000020,COMMON_ARBITRARY_ORIGIN_SECONDS,SIMULATED_PRODUCTION_CASE
http://w3id.org/protys/fixture#Load00151_Op2_Subload2,http://w3id.org/protys/fixture#Load00151_Op2,http://w3id.org/protys/fixture#Load00151,50,L,6.666667,1511000.000020,1511400.000040,COMMON_ARBITRARY_ORIGIN_SECONDS,SIMULATED_PRODUCTION_CASE
http://w3id.org/protys/fixture#Load00151_Op2_Subload3,http://w3id.org/protys/fixture#Load00151_Op2,http://w3id.org/protys/fixture#Load00151,44,L,6.666666,1511400.000040,1511800.000000,COMMON_ARBITRARY_ORIGIN_SECONDS,SIMULATED_PRODUCTION_CASE
http://w3id.org/protys/fixture#Load00152_Op2_Subload1,http://w3id.org/protys/fixture#Load00152_Op2,http://w3id.org/protys/fixture#Load00152,50,L,10.000000,1520600,1521200.000000,COMMON_ARBITRARY_ORIGIN_SECONDS,SIMULATED_PRODUCTION_CASE
http://w3id.org/protys/fixture#Load00152_Op2_Subload2,http://w3id.org/protys/fixture#Load00152_Op2,http://w3id.org/protys/fixture#Load00152,46,L,10.000000,1521200.000000,1521800.000000,COMMON_ARBITRARY_ORIGIN_SECONDS,SIMULATED_PRODUCTION_CASE
http://w3id.org/protys/fixture#Load00153_Op2_Subload1,http://w3id.org/protys/fixture#Load00153_Op2,http://w3id.org/protys/fixture#Load00153,50,L,6.666667,1530600,1531000.000020,COMMON_ARBITRARY_ORIGIN_SECONDS,SIMULATED_PRODUCTION_CASE
http://w3id.org/protys/fixture#Load00153_Op2_Subload2,http://w3id.org/protys/fixture#Load00153_Op2,http://w3id.org/protys/fixture#Load00153,50,L,6.666667,1531000.000020,1531400.000040,COMMON_ARBITRARY_ORIGIN_SECONDS,SIMULATED_PRODUCTION_CASE
http://w3id.org/protys/fixture#Load00153_Op2_Subload3,http://w3id.org/protys/fixture#Load00153_Op2,http://w3id.org/protys/fixture#Load00153,49.6,L,6.666666,1531400.000040,1531800.000000,COMMON_ARBITRARY_ORIGIN_SECONDS,SIMULATED_PRODUCTION_CASE
http://w3id.org/protys/fixture#Load00154_Op2_Subload1,http://w3id.org/protys/fixture#Load00154_Op2,http://w3id.org/protys/fixture#Load00154,50,L,6.666667,1540600,1541000.000020,COMMON_ARBITRARY_ORIGIN_SECONDS,SIMULATED_PRODUCTION_CASE
http://w3id.org/protys/fixture#Load00154_Op2_Subload2,http://w3id.org/protys/fixture#Load00154_Op2,http://w3id.org/protys/fixture#Load00154,50,L,6.666667,1541000.000020,1541400.000040,COMMON_ARBITRARY_ORIGIN_SECONDS,SIMULATED_PRODUCTION_CASE
http://w3id.org/protys/fixture#Load00154_Op2_Subload3,http://w3id.org/protys/fixture#Load00154_Op2,http://w3id.org/protys/fixture#Load00154,23.2,L,6.666666,1541400.000040,1541800.000000,COMMON_ARBITRARY_ORIGIN_SECONDS,SIMULATED_PRODUCTION_CASE
http://w3id.org/protys/fixture#Load00155_Op2_Subload1,http://w3id.org/protys/fixture#Load00155_Op2,http://w3id.org/protys/fixture#Load00155,50,L,6.666667,1550600,1551000.000020,COMMON_ARBITRARY_ORIGIN_SECONDS,SIMULATED_PRODUCTION_CASE
http://w3id.org/protys/fixture#Load00155_Op2_Subload2,http://w3id.org/protys/fixture#Load00155_Op2,http://w3id.org/protys/fixture#Load00155,50,L,6.666667,1551000.000020,1551400.000040,COMMON_ARBITRARY_ORIGIN_SECONDS,SIMULATED_PRODUCTION_CASE
http://w3id.org/protys/fixture#Load00155_Op2_Subload3,http://w3id.org/protys/fixture#Load00155_Op2,http://w3id.org/protys/fixture#Load00155,40.8,L,6.666666,1551400.000040,1551800.000000,COMMON_ARBITRARY_ORIGIN_SECONDS,SIMULATED_PRODUCTION_CASE
http://w3id.org/protys/fixture#Load00156_Op2_Subload1,http://w3id.org/protys/fixture#Load00156_Op2,http://w3id.org/protys/fixture#Load00156,50,L,10.000000,1560600,1561200.000000,COMMON_ARBITRARY_ORIGIN_SECONDS,SIMULATED_PRODUCTION_CASE
http://w3id.org/protys/fixture#Load00156_Op2_Subload2,http://w3id.org/protys/fixture#Load00156_Op2,http://w3id.org/protys/fixture#Load00156,36.4,L,10.000000,1561200.000000,1561800.000000,COMMON_ARBITRARY_ORIGIN_SECONDS,SIMULATED_PRODUCTION_CASE
http://w3id.org/protys/fixture#Load00157_Op2_Subload1,http://w3id.org/protys/fixture#Load00157_Op2,http://w3id.org/protys/fixture#Load00157,50,L,6.666667,1570600,1571000.000020,COMMON_ARBITRARY_ORIGIN_SECONDS,SIMULATED_PRODUCTION_CASE
http://w3id.org/protys/fixture#Load00157_Op2_Subload2,http://w3id.org/protys/fixture#Load00157_Op2,http://w3id.org/protys/fixture#Load00157,50,L,6.666667,1571000.000020,1571400.000040,COMMON_ARBITRARY_ORIGIN_SECONDS,SIMULATED_PRODUCTION_CASE
http://w3id.org/protys/fixture#Load00157_Op2_Subload3,http://w3id.org/protys/fixture#Load00157_Op2,http://w3id.org/protys/fixture#Load00157,19.2,L,6.666666,1571400.000040,1571800.000000,COMMON_ARBITRARY_ORIGIN_SECONDS,SIMULATED_PRODUCTION_CASE
http://w3id.org/protys/fixture#Load00158_Op2_Subload1,http://w3id.org/protys/fixture#Load00158_Op2,http://w3id.org/protys/fixture#Load00158,50,L,6.666667,1580600,1581000.000020,COMMON_ARBITRARY_ORIGIN_SECONDS,SIMULATED_PRODUCTION_CASE
http://w3id.org/protys/fixture#Load00158_Op2_Subload2,http://w3id.org/protys/fixture#Load00158_Op2,http://w3id.org/protys/fixture#Load00158,50,L,6.666667,1581000.000020,1581400.000040,COMMON_ARBITRARY_ORIGIN_SECONDS,SIMULATED_PRODUCTION_CASE
http://w3id.org/protys/fixture#Load00158_Op2_Subload3,http://w3id.org/protys/fixture#Load00158_Op2,http://w3id.org/protys/fixture#Load00158,18.4,L,6.666666,1581400.000040,1581800.000000,COMMON_ARBITRARY_ORIGIN_SECONDS,SIMULATED_PRODUCTION_CASE
http://w3id.org/protys/fixture#Load00159_Op2_Subload1,http://w3id.org/protys/fixture#Load00159_Op2,http://w3id.org/protys/fixture#Load00159,50,L,6.666667,1590600,1591000.000020,COMMON_ARBITRARY_ORIGIN_SECONDS,SIMULATED_PRODUCTION_CASE
http://w3id.org/protys/fixture#Load00159_Op2_Subload2,http://w3id.org/protys/fixture#Load00159_Op2,http://w3id.org/protys/fixture#Load00159,50,L,6.666667,1591000.000020,1591400.000040,COMMON_ARBITRARY_ORIGIN_SECONDS,SIMULATED_PRODUCTION_CASE
http://w3id.org/protys/fixture#Load00159_Op2_Subload3,http://w3id.org/protys/fixture#Load00159_Op2,http://w3id.org/protys/fixture#Load00159,40.8,L,6.666666,1591400.000040,1591800.000000,COMMON_ARBITRARY_ORIGIN_SECONDS,SIMULATED_PRODUCTION_CASE
http://w3id.org/protys/fixture#Load00160_Op2_Subload1,http://w3id.org/protys/fixture#Load00160_Op2,http://w3id.org/protys/fixture#Load00160,50,L,6.666667,1600600,1601000.000020,COMMON_ARBITRARY_ORIGIN_SECONDS,SIMULATED_PRODUCTION_CASE
http://w3id.org/protys/fixture#Load00160_Op2_Subload2,http://w3id.org/protys/fixture#Load00160_Op2,http://w3id.org/protys/fixture#Load00160,50,L,6.666667,1601000.000020,1601400.000040,COMMON_ARBITRARY_ORIGIN_SECONDS,SIMULATED_PRODUCTION_CASE
http://w3id.org/protys/fixture#Load00160_Op2_Subload3,http://w3id.org/protys/fixture#Load00160_Op2,http://w3id.org/protys/fixture#Load00160,27.2,L,6.666666,1601400.000040,1601800.000000,COMMON_ARBITRARY_ORIGIN_SECONDS,SIMULATED_PRODUCTION_CASE
http://w3id.org/protys/fixture#Load00161_Op2_Subload1,http://w3id.org/protys/fixture#Load00161_Op2,http://w3id.org/protys/fixture#Load00161,50,L,6.666667,1610600,1611000.000020,COMMON_ARBITRARY_ORIGIN_SECONDS,SIMULATED_PRODUCTION_CASE
http://w3id.org/protys/fixture#Load00161_Op2_Subload2,http://w3id.org/protys/fixture#Load00161_Op2,http://w3id.org/protys/fixture#Load00161,50,L,6.666667,1611000.000020,1611400.000040,COMMON_ARBITRARY_ORIGIN_SECONDS,SIMULATED_PRODUCTION_CASE
http://w3id.org/protys/fixture#Load00161_Op2_Subload3,http://w3id.org/protys/fixture#Load00161_Op2,http://w3id.org/protys/fixture#Load00161,33.6,L,6.666666,1611400.000040,1611800.000000,COMMON_ARBITRARY_ORIGIN_SECONDS,SIMULATED_PRODUCTION_CASE
http://w3id.org/protys/fixture#Load00162_Op2_Subload1,http://w3id.org/protys/fixture#Load00162_Op2,http://w3id.org/protys/fixture#Load00162,50,L,6.666667,1620600,1621000.000020,COMMON_ARBITRARY_ORIGIN_SECONDS,SIMULATED_PRODUCTION_CASE
http://w3id.org/protys/fixture#Load00162_Op2_Subload2,http://w3id.org/protys/fixture#Load00162_Op2,http://w3id.org/protys/fixture#Load00162,50,L,6.666667,1621000.000020,1621400.000040,COMMON_ARBITRARY_ORIGIN_SECONDS,SIMULATED_PRODUCTION_CASE
http://w3id.org/protys/fixture#Load00162_Op2_Subload3,http://w3id.org/protys/fixture#Load00162_Op2,http://w3id.org/protys/fixture#Load00162,5.6,L,6.666666,1621400.000040,1621800.000000,COMMON_ARBITRARY_ORIGIN_SECONDS,SIMULATED_PRODUCTION_CASE
http://w3id.org/protys/fixture#Load00163_Op2_Subload1,http://w3id.org/protys/fixture#Load00163_Op2,http://w3id.org/protys/fixture#Load00163,50,L,6.666667,1630600,1631000.000020,COMMON_ARBITRARY_ORIGIN_SECONDS,SIMULATED_PRODUCTION_CASE
http://w3id.org/protys/fixture#Load00163_Op2_Subload2,http://w3id.org/protys/fixture#Load00163_Op2,http://w3id.org/protys/fixture#Load00163,50,L,6.666667,1631000.000020,1631400.000040,COMMON_ARBITRARY_ORIGIN_SECONDS,SIMULATED_PRODUCTION_CASE
http://w3id.org/protys/fixture#Load00163_Op2_Subload3,http://w3id.org/protys/fixture#Load00163_Op2,http://w3id.org/protys/fixture#Load00163,36,L,6.666666,1631400.000040,1631800.000000,COMMON_ARBITRARY_ORIGIN_SECONDS,SIMULATED_PRODUCTION_CASE
http://w3id.org/protys/fixture#Load00164_Op2_Subload1,http://w3id.org/protys/fixture#Load00164_Op2,http://w3id.org/protys/fixture#Load00164,50,L,10.000000,1640600,1641200.000000,COMMON_ARBITRARY_ORIGIN_SECONDS,SIMULATED_PRODUCTION_CASE
http://w3id.org/protys/fixture#Load00164_Op2_Subload2,http://w3id.org/protys/fixture#Load00164_Op2,http://w3id.org/protys/fixture#Load00164,30.8,L,10.000000,1641200.000000,1641800.000000,COMMON_ARBITRARY_ORIGIN_SECONDS,SIMULATED_PRODUCTION_CASE
http://w3id.org/protys/fixture#Load00165_Op2_Subload1,http://w3id.org/protys/fixture#Load00165_Op2,http://w3id.org/protys/fixture#Load00165,50,L,6.666667,1650600,1651000.000020,COMMON_ARBITRARY_ORIGIN_SECONDS,SIMULATED_PRODUCTION_CASE
http://w3id.org/protys/fixture#Load00165_Op2_Subload2,http://w3id.org/protys/fixture#Load00165_Op2,http://w3id.org/protys/fixture#Load00165,50,L,6.666667,1651000.000020,1651400.000040,COMMON_ARBITRARY_ORIGIN_SECONDS,SIMULATED_PRODUCTION_CASE
http://w3id.org/protys/fixture#Load00165_Op2_Subload3,http://w3id.org/protys/fixture#Load00165_Op2,http://w3id.org/protys/fixture#Load00165,49.6,L,6.666666,1651400.000040,1651800.000000,COMMON_ARBITRARY_ORIGIN_SECONDS,SIMULATED_PRODUCTION_CASE
http://w3id.org/protys/fixture#Load00166_Op2_Subload1,http://w3id.org/protys/fixture#Load00166_Op2,http://w3id.org/protys/fixture#Load00166,50,L,5.000000,1660600,1660900.000000,COMMON_ARBITRARY_ORIGIN_SECONDS,SIMULATED_PRODUCTION_CASE
http://w3id.org/protys/fixture#Load00166_Op2_Subload2,http://w3id.org/protys/fixture#Load00166_Op2,http://w3id.org/protys/fixture#Load00166,50,L,5.000000,1660900.000000,1661200.000000,COMMON_ARBITRARY_ORIGIN_SECONDS,SIMULATED_PRODUCTION_CASE
http://w3id.org/protys/fixture#Load00166_Op2_Subload3,http://w3id.org/protys/fixture#Load00166_Op2,http://w3id.org/protys/fixture#Load00166,50,L,5.000000,1661200.000000,1661500.000000,COMMON_ARBITRARY_ORIGIN_SECONDS,SIMULATED_PRODUCTION_CASE
http://w3id.org/protys/fixture#Load00166_Op2_Subload4,http://w3id.org/protys/fixture#Load00166_Op2,http://w3id.org/protys/fixture#Load00166,3.6,L,5.000000,1661500.000000,1661800.000000,COMMON_ARBITRARY_ORIGIN_SECONDS,SIMULATED_PRODUCTION_CASE
http://w3id.org/protys/fixture#Load00167_Op2_Subload1,http://w3id.org/protys/fixture#Load00167_Op2,http://w3id.org/protys/fixture#Load00167,50,L,10.000000,1670600,1671200.000000,COMMON_ARBITRARY_ORIGIN_SECONDS,SIMULATED_PRODUCTION_CASE
http://w3id.org/protys/fixture#Load00167_Op2_Subload2,http://w3id.org/protys/fixture#Load00167_Op2,http://w3id.org/protys/fixture#Load00167,41.2,L,10.000000,1671200.000000,1671800.000000,COMMON_ARBITRARY_ORIGIN_SECONDS,SIMULATED_PRODUCTION_CASE
http://w3id.org/protys/fixture#Load00168_Op2_Subload1,http://w3id.org/protys/fixture#Load00168_Op2,http://w3id.org/protys/fixture#Load00168,50,L,6.666667,1680600,1681000.000020,COMMON_ARBITRARY_ORIGIN_SECONDS,SIMULATED_PRODUCTION_CASE
http://w3id.org/protys/fixture#Load00168_Op2_Subload2,http://w3id.org/protys/fixture#Load00168_Op2,http://w3id.org/protys/fixture#Load00168,50,L,6.666667,1681000.000020,1681400.000040,COMMON_ARBITRARY_ORIGIN_SECONDS,SIMULATED_PRODUCTION_CASE
http://w3id.org/protys/fixture#Load00168_Op2_Subload3,http://w3id.org/protys/fixture#Load00168_Op2,http://w3id.org/protys/fixture#Load00168,49.6,L,6.666666,1681400.000040,1681800.000000,COMMON_ARBITRARY_ORIGIN_SECONDS,SIMULATED_PRODUCTION_CASE
http://w3id.org/protys/fixture#Load00169_Op2_Subload1,http://w3id.org/protys/fixture#Load00169_Op2,http://w3id.org/protys/fixture#Load00169,50,L,6.666667,1690600,1691000.000020,COMMON_ARBITRARY_ORIGIN_SECONDS,SIMULATED_PRODUCTION_CASE
http://w3id.org/protys/fixture#Load00169_Op2_Subload2,http://w3id.org/protys/fixture#Load00169_Op2,http://w3id.org/protys/fixture#Load00169,50,L,6.666667,1691000.000020,1691400.000040,COMMON_ARBITRARY_ORIGIN_SECONDS,SIMULATED_PRODUCTION_CASE
http://w3id.org/protys/fixture#Load00169_Op2_Subload3,http://w3id.org/protys/fixture#Load00169_Op2,http://w3id.org/protys/fixture#Load00169,34.4,L,6.666666,1691400.000040,1691800.000000,COMMON_ARBITRARY_ORIGIN_SECONDS,SIMULATED_PRODUCTION_CASE
http://w3id.org/protys/fixture#Load00170_Op2_Subload1,http://w3id.org/protys/fixture#Load00170_Op2,http://w3id.org/protys/fixture#Load00170,50,L,5.000000,1700600,1700900.000000,COMMON_ARBITRARY_ORIGIN_SECONDS,SIMULATED_PRODUCTION_CASE
http://w3id.org/protys/fixture#Load00170_Op2_Subload2,http://w3id.org/protys/fixture#Load00170_Op2,http://w3id.org/protys/fixture#Load00170,50,L,5.000000,1700900.000000,1701200.000000,COMMON_ARBITRARY_ORIGIN_SECONDS,SIMULATED_PRODUCTION_CASE
http://w3id.org/protys/fixture#Load00170_Op2_Subload3,http://w3id.org/protys/fixture#Load00170_Op2,http://w3id.org/protys/fixture#Load00170,50,L,5.000000,1701200.000000,1701500.000000,COMMON_ARBITRARY_ORIGIN_SECONDS,SIMULATED_PRODUCTION_CASE
http://w3id.org/protys/fixture#Load00170_Op2_Subload4,http://w3id.org/protys/fixture#Load00170_Op2,http://w3id.org/protys/fixture#Load00170,6.8,L,5.000000,1701500.000000,1701800.000000,COMMON_ARBITRARY_ORIGIN_SECONDS,SIMULATED_PRODUCTION_CASE
http://w3id.org/protys/fixture#Load00171_Op2_Subload1,http://w3id.org/protys/fixture#Load00171_Op2,http://w3id.org/protys/fixture#Load00171,50,L,6.666667,1710600,1711000.000020,COMMON_ARBITRARY_ORIGIN_SECONDS,SIMULATED_PRODUCTION_CASE
http://w3id.org/protys/fixture#Load00171_Op2_Subload2,http://w3id.org/protys/fixture#Load00171_Op2,http://w3id.org/protys/fixture#Load00171,50,L,6.666667,1711000.000020,1711400.000040,COMMON_ARBITRARY_ORIGIN_SECONDS,SIMULATED_PRODUCTION_CASE
http://w3id.org/protys/fixture#Load00171_Op2_Subload3,http://w3id.org/protys/fixture#Load00171_Op2,http://w3id.org/protys/fixture#Load00171,7.2,L,6.666666,1711400.000040,1711800.000000,COMMON_ARBITRARY_ORIGIN_SECONDS,SIMULATED_PRODUCTION_CASE
http://w3id.org/protys/fixture#Load00172_Op2_Subload1,http://w3id.org/protys/fixture#Load00172_Op2,http://w3id.org/protys/fixture#Load00172,50,L,5.000000,1720600,1720900.000000,COMMON_ARBITRARY_ORIGIN_SECONDS,SIMULATED_PRODUCTION_CASE
http://w3id.org/protys/fixture#Load00172_Op2_Subload2,http://w3id.org/protys/fixture#Load00172_Op2,http://w3id.org/protys/fixture#Load00172,50,L,5.000000,1720900.000000,1721200.000000,COMMON_ARBITRARY_ORIGIN_SECONDS,SIMULATED_PRODUCTION_CASE
http://w3id.org/protys/fixture#Load00172_Op2_Subload3,http://w3id.org/protys/fixture#Load00172_Op2,http://w3id.org/protys/fixture#Load00172,50,L,5.000000,1721200.000000,1721500.000000,COMMON_ARBITRARY_ORIGIN_SECONDS,SIMULATED_PRODUCTION_CASE
http://w3id.org/protys/fixture#Load00172_Op2_Subload4,http://w3id.org/protys/fixture#Load00172_Op2,http://w3id.org/protys/fixture#Load00172,8.4,L,5.000000,1721500.000000,1721800.000000,COMMON_ARBITRARY_ORIGIN_SECONDS,SIMULATED_PRODUCTION_CASE
http://w3id.org/protys/fixture#Load00173_Op2_Subload1,http://w3id.org/protys/fixture#Load00173_Op2,http://w3id.org/protys/fixture#Load00173,50,L,6.666667,1730600,1731000.000020,COMMON_ARBITRARY_ORIGIN_SECONDS,SIMULATED_PRODUCTION_CASE
http://w3id.org/protys/fixture#Load00173_Op2_Subload2,http://w3id.org/protys/fixture#Load00173_Op2,http://w3id.org/protys/fixture#Load00173,50,L,6.666667,1731000.000020,1731400.000040,COMMON_ARBITRARY_ORIGIN_SECONDS,SIMULATED_PRODUCTION_CASE
http://w3id.org/protys/fixture#Load00173_Op2_Subload3,http://w3id.org/protys/fixture#Load00173_Op2,http://w3id.org/protys/fixture#Load00173,45.6,L,6.666666,1731400.000040,1731800.000000,COMMON_ARBITRARY_ORIGIN_SECONDS,SIMULATED_PRODUCTION_CASE
http://w3id.org/protys/fixture#Load00174_Op2_Subload1,http://w3id.org/protys/fixture#Load00174_Op2,http://w3id.org/protys/fixture#Load00174,50,L,6.666667,1740600,1741000.000020,COMMON_ARBITRARY_ORIGIN_SECONDS,SIMULATED_PRODUCTION_CASE
http://w3id.org/protys/fixture#Load00174_Op2_Subload2,http://w3id.org/protys/fixture#Load00174_Op2,http://w3id.org/protys/fixture#Load00174,50,L,6.666667,1741000.000020,1741400.000040,COMMON_ARBITRARY_ORIGIN_SECONDS,SIMULATED_PRODUCTION_CASE
http://w3id.org/protys/fixture#Load00174_Op2_Subload3,http://w3id.org/protys/fixture#Load00174_Op2,http://w3id.org/protys/fixture#Load00174,14.4,L,6.666666,1741400.000040,1741800.000000,COMMON_ARBITRARY_ORIGIN_SECONDS,SIMULATED_PRODUCTION_CASE
http://w3id.org/protys/fixture#Load00175_Op2_Subload1,http://w3id.org/protys/fixture#Load00175_Op2,http://w3id.org/protys/fixture#Load00175,50,L,10.000000,1750600,1751200.000000,COMMON_ARBITRARY_ORIGIN_SECONDS,SIMULATED_PRODUCTION_CASE
http://w3id.org/protys/fixture#Load00175_Op2_Subload2,http://w3id.org/protys/fixture#Load00175_Op2,http://w3id.org/protys/fixture#Load00175,41.2,L,10.000000,1751200.000000,1751800.000000,COMMON_ARBITRARY_ORIGIN_SECONDS,SIMULATED_PRODUCTION_CASE
http://w3id.org/protys/fixture#Load00176_Op2_Subload1,http://w3id.org/protys/fixture#Load00176_Op2,http://w3id.org/protys/fixture#Load00176,50,L,6.666667,1760600,1761000.000020,COMMON_ARBITRARY_ORIGIN_SECONDS,SIMULATED_PRODUCTION_CASE
http://w3id.org/protys/fixture#Load00176_Op2_Subload2,http://w3id.org/protys/fixture#Load00176_Op2,http://w3id.org/protys/fixture#Load00176,50,L,6.666667,1761000.000020,1761400.000040,COMMON_ARBITRARY_ORIGIN_SECONDS,SIMULATED_PRODUCTION_CASE
http://w3id.org/protys/fixture#Load00176_Op2_Subload3,http://w3id.org/protys/fixture#Load00176_Op2,http://w3id.org/protys/fixture#Load00176,9.6,L,6.666666,1761400.000040,1761800.000000,COMMON_ARBITRARY_ORIGIN_SECONDS,SIMULATED_PRODUCTION_CASE
http://w3id.org/protys/fixture#Load00177_Op2_Subload1,http://w3id.org/protys/fixture#Load00177_Op2,http://w3id.org/protys/fixture#Load00177,50,L,6.666667,1770600,1771000.000020,COMMON_ARBITRARY_ORIGIN_SECONDS,SIMULATED_PRODUCTION_CASE
http://w3id.org/protys/fixture#Load00177_Op2_Subload2,http://w3id.org/protys/fixture#Load00177_Op2,http://w3id.org/protys/fixture#Load00177,50,L,6.666667,1771000.000020,1771400.000040,COMMON_ARBITRARY_ORIGIN_SECONDS,SIMULATED_PRODUCTION_CASE
http://w3id.org/protys/fixture#Load00177_Op2_Subload3,http://w3id.org/protys/fixture#Load00177_Op2,http://w3id.org/protys/fixture#Load00177,24,L,6.666666,1771400.000040,1771800.000000,COMMON_ARBITRARY_ORIGIN_SECONDS,SIMULATED_PRODUCTION_CASE
http://w3id.org/protys/fixture#Load00178_Op2_Subload1,http://w3id.org/protys/fixture#Load00178_Op2,http://w3id.org/protys/fixture#Load00178,50,L,10.000000,1780600,1781200.000000,COMMON_ARBITRARY_ORIGIN_SECONDS,SIMULATED_PRODUCTION_CASE
http://w3id.org/protys/fixture#Load00178_Op2_Subload2,http://w3id.org/protys/fixture#Load00178_Op2,http://w3id.org/protys/fixture#Load00178,46,L,10.000000,1781200.000000,1781800.000000,COMMON_ARBITRARY_ORIGIN_SECONDS,SIMULATED_PRODUCTION_CASE
http://w3id.org/protys/fixture#Load00179_Op2_Subload1,http://w3id.org/protys/fixture#Load00179_Op2,http://w3id.org/protys/fixture#Load00179,50,L,6.666667,1790600,1791000.000020,COMMON_ARBITRARY_ORIGIN_SECONDS,SIMULATED_PRODUCTION_CASE
http://w3id.org/protys/fixture#Load00179_Op2_Subload2,http://w3id.org/protys/fixture#Load00179_Op2,http://w3id.org/protys/fixture#Load00179,50,L,6.666667,1791000.000020,1791400.000040,COMMON_ARBITRARY_ORIGIN_SECONDS,SIMULATED_PRODUCTION_CASE
http://w3id.org/protys/fixture#Load00179_Op2_Subload3,http://w3id.org/protys/fixture#Load00179_Op2,http://w3id.org/protys/fixture#Load00179,26.4,L,6.666666,1791400.000040,1791800.000000,COMMON_ARBITRARY_ORIGIN_SECONDS,SIMULATED_PRODUCTION_CASE
http://w3id.org/protys/fixture#Load00180_Op2_Subload1,http://w3id.org/protys/fixture#Load00180_Op2,http://w3id.org/protys/fixture#Load00180,50,L,10.000000,1800600,1801200.000000,COMMON_ARBITRARY_ORIGIN_SECONDS,SIMULATED_PRODUCTION_CASE
http://w3id.org/protys/fixture#Load00180_Op2_Subload2,http://w3id.org/protys/fixture#Load00180_Op2,http://w3id.org/protys/fixture#Load00180,30,L,10.000000,1801200.000000,1801800.000000,COMMON_ARBITRARY_ORIGIN_SECONDS,SIMULATED_PRODUCTION_CASE
http://w3id.org/protys/fixture#Load00181_Op2_Subload1,http://w3id.org/protys/fixture#Load00181_Op2,http://w3id.org/protys/fixture#Load00181,50,L,5.000000,1810600,1810900.000000,COMMON_ARBITRARY_ORIGIN_SECONDS,SIMULATED_PRODUCTION_CASE
http://w3id.org/protys/fixture#Load00181_Op2_Subload2,http://w3id.org/protys/fixture#Load00181_Op2,http://w3id.org/protys/fixture#Load00181,50,L,5.000000,1810900.000000,1811200.000000,COMMON_ARBITRARY_ORIGIN_SECONDS,SIMULATED_PRODUCTION_CASE
http://w3id.org/protys/fixture#Load00181_Op2_Subload3,http://w3id.org/protys/fixture#Load00181_Op2,http://w3id.org/protys/fixture#Load00181,50,L,5.000000,1811200.000000,1811500.000000,COMMON_ARBITRARY_ORIGIN_SECONDS,SIMULATED_PRODUCTION_CASE
http://w3id.org/protys/fixture#Load00181_Op2_Subload4,http://w3id.org/protys/fixture#Load00181_Op2,http://w3id.org/protys/fixture#Load00181,3.6,L,5.000000,1811500.000000,1811800.000000,COMMON_ARBITRARY_ORIGIN_SECONDS,SIMULATED_PRODUCTION_CASE
http://w3id.org/protys/fixture#Load00182_Op2_Subload1,http://w3id.org/protys/fixture#Load00182_Op2,http://w3id.org/protys/fixture#Load00182,50,L,5.000000,1820600,1820900.000000,COMMON_ARBITRARY_ORIGIN_SECONDS,SIMULATED_PRODUCTION_CASE
http://w3id.org/protys/fixture#Load00182_Op2_Subload2,http://w3id.org/protys/fixture#Load00182_Op2,http://w3id.org/protys/fixture#Load00182,50,L,5.000000,1820900.000000,1821200.000000,COMMON_ARBITRARY_ORIGIN_SECONDS,SIMULATED_PRODUCTION_CASE
http://w3id.org/protys/fixture#Load00182_Op2_Subload3,http://w3id.org/protys/fixture#Load00182_Op2,http://w3id.org/protys/fixture#Load00182,50,L,5.000000,1821200.000000,1821500.000000,COMMON_ARBITRARY_ORIGIN_SECONDS,SIMULATED_PRODUCTION_CASE
http://w3id.org/protys/fixture#Load00182_Op2_Subload4,http://w3id.org/protys/fixture#Load00182_Op2,http://w3id.org/protys/fixture#Load00182,3.6,L,5.000000,1821500.000000,1821800.000000,COMMON_ARBITRARY_ORIGIN_SECONDS,SIMULATED_PRODUCTION_CASE
http://w3id.org/protys/fixture#Load00183_Op2_Subload1,http://w3id.org/protys/fixture#Load00183_Op2,http://w3id.org/protys/fixture#Load00183,50,L,6.666667,1830600,1831000.000020,COMMON_ARBITRARY_ORIGIN_SECONDS,SIMULATED_PRODUCTION_CASE
http://w3id.org/protys/fixture#Load00183_Op2_Subload2,http://w3id.org/protys/fixture#Load00183_Op2,http://w3id.org/protys/fixture#Load00183,50,L,6.666667,1831000.000020,1831400.000040,COMMON_ARBITRARY_ORIGIN_SECONDS,SIMULATED_PRODUCTION_CASE
http://w3id.org/protys/fixture#Load00183_Op2_Subload3,http://w3id.org/protys/fixture#Load00183_Op2,http://w3id.org/protys/fixture#Load00183,6.4,L,6.666666,1831400.000040,1831800.000000,COMMON_ARBITRARY_ORIGIN_SECONDS,SIMULATED_PRODUCTION_CASE
http://w3id.org/protys/fixture#Load00184_Op2_Subload1,http://w3id.org/protys/fixture#Load00184_Op2,http://w3id.org/protys/fixture#Load00184,50,L,6.666667,1840600,1841000.000020,COMMON_ARBITRARY_ORIGIN_SECONDS,SIMULATED_PRODUCTION_CASE
http://w3id.org/protys/fixture#Load00184_Op2_Subload2,http://w3id.org/protys/fixture#Load00184_Op2,http://w3id.org/protys/fixture#Load00184,50,L,6.666667,1841000.000020,1841400.000040,COMMON_ARBITRARY_ORIGIN_SECONDS,SIMULATED_PRODUCTION_CASE
http://w3id.org/protys/fixture#Load00184_Op2_Subload3,http://w3id.org/protys/fixture#Load00184_Op2,http://w3id.org/protys/fixture#Load00184,31.2,L,6.666666,1841400.000040,1841800.000000,COMMON_ARBITRARY_ORIGIN_SECONDS,SIMULATED_PRODUCTION_CASE
http://w3id.org/protys/fixture#Load00185_Op2_Subload1,http://w3id.org/protys/fixture#Load00185_Op2,http://w3id.org/protys/fixture#Load00185,50,L,5.000000,1850600,1850900.000000,COMMON_ARBITRARY_ORIGIN_SECONDS,SIMULATED_PRODUCTION_CASE
http://w3id.org/protys/fixture#Load00185_Op2_Subload2,http://w3id.org/protys/fixture#Load00185_Op2,http://w3id.org/protys/fixture#Load00185,50,L,5.000000,1850900.000000,1851200.000000,COMMON_ARBITRARY_ORIGIN_SECONDS,SIMULATED_PRODUCTION_CASE
http://w3id.org/protys/fixture#Load00185_Op2_Subload3,http://w3id.org/protys/fixture#Load00185_Op2,http://w3id.org/protys/fixture#Load00185,50,L,5.000000,1851200.000000,1851500.000000,COMMON_ARBITRARY_ORIGIN_SECONDS,SIMULATED_PRODUCTION_CASE
http://w3id.org/protys/fixture#Load00185_Op2_Subload4,http://w3id.org/protys/fixture#Load00185_Op2,http://w3id.org/protys/fixture#Load00185,7.6,L,5.000000,1851500.000000,1851800.000000,COMMON_ARBITRARY_ORIGIN_SECONDS,SIMULATED_PRODUCTION_CASE
http://w3id.org/protys/fixture#Load00186_Op2_Subload1,http://w3id.org/protys/fixture#Load00186_Op2,http://w3id.org/protys/fixture#Load00186,50,L,10.000000,1860600,1861200.000000,COMMON_ARBITRARY_ORIGIN_SECONDS,SIMULATED_PRODUCTION_CASE
http://w3id.org/protys/fixture#Load00186_Op2_Subload2,http://w3id.org/protys/fixture#Load00186_Op2,http://w3id.org/protys/fixture#Load00186,47.6,L,10.000000,1861200.000000,1861800.000000,COMMON_ARBITRARY_ORIGIN_SECONDS,SIMULATED_PRODUCTION_CASE
http://w3id.org/protys/fixture#Load00187_Op2_Subload1,http://w3id.org/protys/fixture#Load00187_Op2,http://w3id.org/protys/fixture#Load00187,50,L,6.666667,1870600,1871000.000020,COMMON_ARBITRARY_ORIGIN_SECONDS,SIMULATED_PRODUCTION_CASE
http://w3id.org/protys/fixture#Load00187_Op2_Subload2,http://w3id.org/protys/fixture#Load00187_Op2,http://w3id.org/protys/fixture#Load00187,50,L,6.666667,1871000.000020,1871400.000040,COMMON_ARBITRARY_ORIGIN_SECONDS,SIMULATED_PRODUCTION_CASE
http://w3id.org/protys/fixture#Load00187_Op2_Subload3,http://w3id.org/protys/fixture#Load00187_Op2,http://w3id.org/protys/fixture#Load00187,31.2,L,6.666666,1871400.000040,1871800.000000,COMMON_ARBITRARY_ORIGIN_SECONDS,SIMULATED_PRODUCTION_CASE
http://w3id.org/protys/fixture#Load00188_Op2_Subload1,http://w3id.org/protys/fixture#Load00188_Op2,http://w3id.org/protys/fixture#Load00188,50,L,10.000000,1880600,1881200.000000,COMMON_ARBITRARY_ORIGIN_SECONDS,SIMULATED_PRODUCTION_CASE
http://w3id.org/protys/fixture#Load00188_Op2_Subload2,http://w3id.org/protys/fixture#Load00188_Op2,http://w3id.org/protys/fixture#Load00188,40.4,L,10.000000,1881200.000000,1881800.000000,COMMON_ARBITRARY_ORIGIN_SECONDS,SIMULATED_PRODUCTION_CASE
http://w3id.org/protys/fixture#Load00189_Op2_Subload1,http://w3id.org/protys/fixture#Load00189_Op2,http://w3id.org/protys/fixture#Load00189,50,L,6.666667,1890600,1891000.000020,COMMON_ARBITRARY_ORIGIN_SECONDS,SIMULATED_PRODUCTION_CASE
http://w3id.org/protys/fixture#Load00189_Op2_Subload2,http://w3id.org/protys/fixture#Load00189_Op2,http://w3id.org/protys/fixture#Load00189,50,L,6.666667,1891000.000020,1891400.000040,COMMON_ARBITRARY_ORIGIN_SECONDS,SIMULATED_PRODUCTION_CASE
http://w3id.org/protys/fixture#Load00189_Op2_Subload3,http://w3id.org/protys/fixture#Load00189_Op2,http://w3id.org/protys/fixture#Load00189,44,L,6.666666,1891400.000040,1891800.000000,COMMON_ARBITRARY_ORIGIN_SECONDS,SIMULATED_PRODUCTION_CASE
http://w3id.org/protys/fixture#Load00190_Op2_Subload1,http://w3id.org/protys/fixture#Load00190_Op2,http://w3id.org/protys/fixture#Load00190,50,L,6.666667,1900600,1901000.000020,COMMON_ARBITRARY_ORIGIN_SECONDS,SIMULATED_PRODUCTION_CASE
http://w3id.org/protys/fixture#Load00190_Op2_Subload2,http://w3id.org/protys/fixture#Load00190_Op2,http://w3id.org/protys/fixture#Load00190,50,L,6.666667,1901000.000020,1901400.000040,COMMON_ARBITRARY_ORIGIN_SECONDS,SIMULATED_PRODUCTION_CASE
http://w3id.org/protys/fixture#Load00190_Op2_Subload3,http://w3id.org/protys/fixture#Load00190_Op2,http://w3id.org/protys/fixture#Load00190,10.4,L,6.666666,1901400.000040,1901800.000000,COMMON_ARBITRARY_ORIGIN_SECONDS,SIMULATED_PRODUCTION_CASE
http://w3id.org/protys/fixture#Load00191_Op2_Subload1,http://w3id.org/protys/fixture#Load00191_Op2,http://w3id.org/protys/fixture#Load00191,50,L,6.666667,1910600,1911000.000020,COMMON_ARBITRARY_ORIGIN_SECONDS,SIMULATED_PRODUCTION_CASE
http://w3id.org/protys/fixture#Load00191_Op2_Subload2,http://w3id.org/protys/fixture#Load00191_Op2,http://w3id.org/protys/fixture#Load00191,50,L,6.666667,1911000.000020,1911400.000040,COMMON_ARBITRARY_ORIGIN_SECONDS,SIMULATED_PRODUCTION_CASE
http://w3id.org/protys/fixture#Load00191_Op2_Subload3,http://w3id.org/protys/fixture#Load00191_Op2,http://w3id.org/protys/fixture#Load00191,44.8,L,6.666666,1911400.000040,1911800.000000,COMMON_ARBITRARY_ORIGIN_SECONDS,SIMULATED_PRODUCTION_CASE
http://w3id.org/protys/fixture#Load00192_Op2_Subload1,http://w3id.org/protys/fixture#Load00192_Op2,http://w3id.org/protys/fixture#Load00192,50,L,6.666667,1920600,1921000.000020,COMMON_ARBITRARY_ORIGIN_SECONDS,SIMULATED_PRODUCTION_CASE
http://w3id.org/protys/fixture#Load00192_Op2_Subload2,http://w3id.org/protys/fixture#Load00192_Op2,http://w3id.org/protys/fixture#Load00192,50,L,6.666667,1921000.000020,1921400.000040,COMMON_ARBITRARY_ORIGIN_SECONDS,SIMULATED_PRODUCTION_CASE
http://w3id.org/protys/fixture#Load00192_Op2_Subload3,http://w3id.org/protys/fixture#Load00192_Op2,http://w3id.org/protys/fixture#Load00192,31.2,L,6.666666,1921400.000040,1921800.000000,COMMON_ARBITRARY_ORIGIN_SECONDS,SIMULATED_PRODUCTION_CASE
http://w3id.org/protys/fixture#Load00193_Op2_Subload1,http://w3id.org/protys/fixture#Load00193_Op2,http://w3id.org/protys/fixture#Load00193,50,L,6.666667,1930600,1931000.000020,COMMON_ARBITRARY_ORIGIN_SECONDS,SIMULATED_PRODUCTION_CASE
http://w3id.org/protys/fixture#Load00193_Op2_Subload2,http://w3id.org/protys/fixture#Load00193_Op2,http://w3id.org/protys/fixture#Load00193,50,L,6.666667,1931000.000020,1931400.000040,COMMON_ARBITRARY_ORIGIN_SECONDS,SIMULATED_PRODUCTION_CASE
http://w3id.org/protys/fixture#Load00193_Op2_Subload3,http://w3id.org/protys/fixture#Load00193_Op2,http://w3id.org/protys/fixture#Load00193,41.6,L,6.666666,1931400.000040,1931800.000000,COMMON_ARBITRARY_ORIGIN_SECONDS,SIMULATED_PRODUCTION_CASE
http://w3id.org/protys/fixture#Load00194_Op2_Subload1,http://w3id.org/protys/fixture#Load00194_Op2,http://w3id.org/protys/fixture#Load00194,50,L,10.000000,1940600,1941200.000000,COMMON_ARBITRARY_ORIGIN_SECONDS,SIMULATED_PRODUCTION_CASE
http://w3id.org/protys/fixture#Load00194_Op2_Subload2,http://w3id.org/protys/fixture#Load00194_Op2,http://w3id.org/protys/fixture#Load00194,50,L,10.000000,1941200.000000,1941800.000000,COMMON_ARBITRARY_ORIGIN_SECONDS,SIMULATED_PRODUCTION_CASE
http://w3id.org/protys/fixture#Load00195_Op2_Subload1,http://w3id.org/protys/fixture#Load00195_Op2,http://w3id.org/protys/fixture#Load00195,50,L,10.000000,1950600,1951200.000000,COMMON_ARBITRARY_ORIGIN_SECONDS,SIMULATED_PRODUCTION_CASE
http://w3id.org/protys/fixture#Load00195_Op2_Subload2,http://w3id.org/protys/fixture#Load00195_Op2,http://w3id.org/protys/fixture#Load00195,45.2,L,10.000000,1951200.000000,1951800.000000,COMMON_ARBITRARY_ORIGIN_SECONDS,SIMULATED_PRODUCTION_CASE
http://w3id.org/protys/fixture#Load00196_Op2_Subload1,http://w3id.org/protys/fixture#Load00196_Op2,http://w3id.org/protys/fixture#Load00196,50,L,6.666667,1960600,1961000.000020,COMMON_ARBITRARY_ORIGIN_SECONDS,SIMULATED_PRODUCTION_CASE
http://w3id.org/protys/fixture#Load00196_Op2_Subload2,http://w3id.org/protys/fixture#Load00196_Op2,http://w3id.org/protys/fixture#Load00196,50,L,6.666667,1961000.000020,1961400.000040,COMMON_ARBITRARY_ORIGIN_SECONDS,SIMULATED_PRODUCTION_CASE
http://w3id.org/protys/fixture#Load00196_Op2_Subload3,http://w3id.org/protys/fixture#Load00196_Op2,http://w3id.org/protys/fixture#Load00196,17.6,L,6.666666,1961400.000040,1961800.000000,COMMON_ARBITRARY_ORIGIN_SECONDS,SIMULATED_PRODUCTION_CASE
http://w3id.org/protys/fixture#Load00197_Op2_Subload1,http://w3id.org/protys/fixture#Load00197_Op2,http://w3id.org/protys/fixture#Load00197,50,L,5.000000,1970600,1970900.000000,COMMON_ARBITRARY_ORIGIN_SECONDS,SIMULATED_PRODUCTION_CASE
http://w3id.org/protys/fixture#Load00197_Op2_Subload2,http://w3id.org/protys/fixture#Load00197_Op2,http://w3id.org/protys/fixture#Load00197,50,L,5.000000,1970900.000000,1971200.000000,COMMON_ARBITRARY_ORIGIN_SECONDS,SIMULATED_PRODUCTION_CASE
http://w3id.org/protys/fixture#Load00197_Op2_Subload3,http://w3id.org/protys/fixture#Load00197_Op2,http://w3id.org/protys/fixture#Load00197,50,L,5.000000,1971200.000000,1971500.000000,COMMON_ARBITRARY_ORIGIN_SECONDS,SIMULATED_PRODUCTION_CASE
http://w3id.org/protys/fixture#Load00197_Op2_Subload4,http://w3id.org/protys/fixture#Load00197_Op2,http://w3id.org/protys/fixture#Load00197,7.6,L,5.000000,1971500.000000,1971800.000000,COMMON_ARBITRARY_ORIGIN_SECONDS,SIMULATED_PRODUCTION_CASE
http://w3id.org/protys/fixture#Load00198_Op2_Subload1,http://w3id.org/protys/fixture#Load00198_Op2,http://w3id.org/protys/fixture#Load00198,50,L,10.000000,1980600,1981200.000000,COMMON_ARBITRARY_ORIGIN_SECONDS,SIMULATED_PRODUCTION_CASE
http://w3id.org/protys/fixture#Load00198_Op2_Subload2,http://w3id.org/protys/fixture#Load00198_Op2,http://w3id.org/protys/fixture#Load00198,46,L,10.000000,1981200.000000,1981800.000000,COMMON_ARBITRARY_ORIGIN_SECONDS,SIMULATED_PRODUCTION_CASE
http://w3id.org/protys/fixture#Load00199_Op2_Subload1,http://w3id.org/protys/fixture#Load00199_Op2,http://w3id.org/protys/fixture#Load00199,50,L,6.666667,1990600,1991000.000020,COMMON_ARBITRARY_ORIGIN_SECONDS,SIMULATED_PRODUCTION_CASE
http://w3id.org/protys/fixture#Load00199_Op2_Subload2,http://w3id.org/protys/fixture#Load00199_Op2,http://w3id.org/protys/fixture#Load00199,50,L,6.666667,1991000.000020,1991400.000040,COMMON_ARBITRARY_ORIGIN_SECONDS,SIMULATED_PRODUCTION_CASE
http://w3id.org/protys/fixture#Load00199_Op2_Subload3,http://w3id.org/protys/fixture#Load00199_Op2,http://w3id.org/protys/fixture#Load00199,35.2,L,6.666666,1991400.000040,1991800.000000,COMMON_ARBITRARY_ORIGIN_SECONDS,SIMULATED_PRODUCTION_CASE
